"sample_id","ind","plane","temp","file","date_obj","cluster","cluster_log","cluster_shape"
"1-18-202510-dev-seq-A","1","OA","18","202510-dev-tif/lm/18C/A/1/OA/1022-OA-2.csv",2025-10-22,"1","1","1"
"1-18-202510-dev-seq-A","1","OA","18","202510-dev-tif/lm/18C/A/1/OA/1022-OA-2.csv",2025-10-22,"1","1","1"
"1-18-202510-dev-seq-A","1","OA","18","202510-dev-tif/lm/18C/A/1/OA/1022-OA-2.csv",2025-10-22,"1","1","1"
"1-18-202510-dev-seq-A","1","OA","18","202510-dev-tif/lm/18C/A/1/OA/1022-OA-2.csv",2025-10-22,"1","1","1"
"1-18-202510-dev-seq-A","1","OA","18","202510-dev-tif/lm/18C/A/1/OA/1024-OA.csv",2025-10-24,"1","1","1"
"1-18-202510-dev-seq-A","1","OA","18","202510-dev-tif/lm/18C/A/1/OA/1024-OA.csv",2025-10-24,"1","1","1"
"1-18-202510-dev-seq-A","1","OA","18","202510-dev-tif/lm/18C/A/1/OA/1024-OA.csv",2025-10-24,"1","1","1"
"1-18-202510-dev-seq-A","1","OA","18","202510-dev-tif/lm/18C/A/1/OA/1024-OA.csv",2025-10-24,"1","1","1"
"1-18-202510-dev-seq-A","1","OA","18","202510-dev-tif/lm/18C/A/1/OA/1026-OA-2.csv",2025-10-26,"2","2","2"
"1-18-202510-dev-seq-A","1","OA","18","202510-dev-tif/lm/18C/A/1/OA/1026-OA-2.csv",2025-10-26,"2","2","2"
"1-18-202510-dev-seq-A","1","OA","18","202510-dev-tif/lm/18C/A/1/OA/1026-OA-2.csv",2025-10-26,"2","2","2"
"1-18-202510-dev-seq-A","1","OA","18","202510-dev-tif/lm/18C/A/1/OA/1026-OA-2.csv",2025-10-26,"2","2","2"
"1-18-202510-dev-seq-A","1","OA","18","202510-dev-tif/lm/18C/A/1/OA/1027-OA-2.csv",2025-10-27,"2","2","2"
"1-18-202510-dev-seq-A","1","OA","18","202510-dev-tif/lm/18C/A/1/OA/1027-OA-2.csv",2025-10-27,"2","2","2"
"1-18-202510-dev-seq-A","1","OA","18","202510-dev-tif/lm/18C/A/1/OA/1027-OA-2.csv",2025-10-27,"2","2","2"
"1-18-202510-dev-seq-A","1","OA","18","202510-dev-tif/lm/18C/A/1/OA/1027-OA-2.csv",2025-10-27,"2","2","2"
"1-18-202510-dev-seq-A","1","OA","18","202510-dev-tif/lm/18C/A/1/OA/1028-OA-2.csv",2025-10-28,"2","2","2"
"1-18-202510-dev-seq-A","1","OA","18","202510-dev-tif/lm/18C/A/1/OA/1028-OA-2.csv",2025-10-28,"2","2","2"
"1-18-202510-dev-seq-A","1","OA","18","202510-dev-tif/lm/18C/A/1/OA/1028-OA-2.csv",2025-10-28,"2","2","2"
"1-18-202510-dev-seq-A","1","OA","18","202510-dev-tif/lm/18C/A/1/OA/1028-OA-2.csv",2025-10-28,"2","2","2"
"1-18-202510-dev-seq-A","1","OA","18","202510-dev-tif/lm/18C/A/1/OA/1030-OA-2.csv",2025-10-30,"3","2","2"
"1-18-202510-dev-seq-A","1","OA","18","202510-dev-tif/lm/18C/A/1/OA/1030-OA-2.csv",2025-10-30,"3","2","2"
"1-18-202510-dev-seq-A","1","OA","18","202510-dev-tif/lm/18C/A/1/OA/1030-OA-2.csv",2025-10-30,"3","2","2"
"1-18-202510-dev-seq-A","1","OA","18","202510-dev-tif/lm/18C/A/1/OA/1030-OA-2.csv",2025-10-30,"3","2","2"
"1-18-202510-dev-seq-A","1","OA","18","202510-dev-tif/lm/18C/A/1/OA/1101-OA-2.csv",2025-11-01,"3","2","2"
"1-18-202510-dev-seq-A","1","OA","18","202510-dev-tif/lm/18C/A/1/OA/1101-OA-2.csv",2025-11-01,"3","2","2"
"1-18-202510-dev-seq-A","1","OA","18","202510-dev-tif/lm/18C/A/1/OA/1101-OA-2.csv",2025-11-01,"3","2","2"
"1-18-202510-dev-seq-A","1","OA","18","202510-dev-tif/lm/18C/A/1/OA/1101-OA-2.csv",2025-11-01,"3","2","2"
"1-18-202510-dev-seq-A","1","OA","18","202510-dev-tif/lm/18C/A/1/OA/1103-OA.csv",2025-11-03,"4","2","2"
"1-18-202510-dev-seq-A","1","OA","18","202510-dev-tif/lm/18C/A/1/OA/1103-OA.csv",2025-11-03,"4","2","2"
"1-18-202510-dev-seq-A","1","OA","18","202510-dev-tif/lm/18C/A/1/OA/1103-OA.csv",2025-11-03,"4","2","2"
"1-18-202510-dev-seq-A","1","OA","18","202510-dev-tif/lm/18C/A/1/OA/1103-OA.csv",2025-11-03,"4","2","2"
"1-18-202510-dev-seq-A","1","OA","18","202510-dev-tif/lm/18C/A/1/OA/1105-OA.csv",2025-11-05,"4","3","2"
"1-18-202510-dev-seq-A","1","OA","18","202510-dev-tif/lm/18C/A/1/OA/1105-OA.csv",2025-11-05,"4","3","2"
"1-18-202510-dev-seq-A","1","OA","18","202510-dev-tif/lm/18C/A/1/OA/1105-OA.csv",2025-11-05,"4","3","2"
"1-18-202510-dev-seq-A","1","OA","18","202510-dev-tif/lm/18C/A/1/OA/1105-OA.csv",2025-11-05,"4","3","2"
"1-18-202510-dev-seq-A","1","OA","18","202510-dev-tif/lm/18C/A/1/OA/1107-OA.csv",2025-11-07,"4","3","2"
"1-18-202510-dev-seq-A","1","OA","18","202510-dev-tif/lm/18C/A/1/OA/1107-OA.csv",2025-11-07,"4","3","2"
"1-18-202510-dev-seq-A","1","OA","18","202510-dev-tif/lm/18C/A/1/OA/1107-OA.csv",2025-11-07,"4","3","2"
"1-18-202510-dev-seq-A","1","OA","18","202510-dev-tif/lm/18C/A/1/OA/1107-OA.csv",2025-11-07,"4","3","2"
"1-18-202510-dev-seq-A","1","OA","18","202510-dev-tif/lm/18C/A/1/OA/1110-OA-2.csv",2025-11-10,"4","3","2"
"1-18-202510-dev-seq-A","1","OA","18","202510-dev-tif/lm/18C/A/1/OA/1110-OA-2.csv",2025-11-10,"4","3","2"
"1-18-202510-dev-seq-A","1","OA","18","202510-dev-tif/lm/18C/A/1/OA/1110-OA-2.csv",2025-11-10,"4","3","2"
"1-18-202510-dev-seq-A","1","OA","18","202510-dev-tif/lm/18C/A/1/OA/1110-OA-2.csv",2025-11-10,"4","3","2"
"1-18-202510-dev-seq-A","1","OA","18","202510-dev-tif/lm/18C/A/1/OA/1111-OA-2.csv",2025-11-11,"4","3","2"
"1-18-202510-dev-seq-A","1","OA","18","202510-dev-tif/lm/18C/A/1/OA/1111-OA-2.csv",2025-11-11,"4","3","2"
"1-18-202510-dev-seq-A","1","OA","18","202510-dev-tif/lm/18C/A/1/OA/1111-OA-2.csv",2025-11-11,"4","3","2"
"1-18-202510-dev-seq-A","1","OA","18","202510-dev-tif/lm/18C/A/1/OA/1111-OA-2.csv",2025-11-11,"4","3","2"
"1-18-202510-dev-seq-A","1","OA","18","202510-dev-tif/lm/18C/A/1/OA/1113-OA.csv",2025-11-13,"4","3","2"
"1-18-202510-dev-seq-A","1","OA","18","202510-dev-tif/lm/18C/A/1/OA/1113-OA.csv",2025-11-13,"4","3","2"
"1-18-202510-dev-seq-A","1","OA","18","202510-dev-tif/lm/18C/A/1/OA/1113-OA.csv",2025-11-13,"4","3","2"
"1-18-202510-dev-seq-A","1","OA","18","202510-dev-tif/lm/18C/A/1/OA/1113-OA.csv",2025-11-13,"4","3","2"
"1-18-202510-dev-seq-A","1","OA","18","202510-dev-tif/lm/18C/A/1/OA/1115-OA.csv",2025-11-15,"6","3","2"
"1-18-202510-dev-seq-A","1","OA","18","202510-dev-tif/lm/18C/A/1/OA/1115-OA.csv",2025-11-15,"6","3","2"
"1-18-202510-dev-seq-A","1","OA","18","202510-dev-tif/lm/18C/A/1/OA/1115-OA.csv",2025-11-15,"6","3","2"
"1-18-202510-dev-seq-A","1","OA","18","202510-dev-tif/lm/18C/A/1/OA/1115-OA.csv",2025-11-15,"6","3","2"
"1-18-202510-dev-seq-A","1","OA","18","202510-dev-tif/lm/18C/A/1/OA/1117-OA-2.csv",2025-11-17,"6","3","2"
"1-18-202510-dev-seq-A","1","OA","18","202510-dev-tif/lm/18C/A/1/OA/1117-OA-2.csv",2025-11-17,"6","3","2"
"1-18-202510-dev-seq-A","1","OA","18","202510-dev-tif/lm/18C/A/1/OA/1117-OA-2.csv",2025-11-17,"6","3","2"
"1-18-202510-dev-seq-A","1","OA","18","202510-dev-tif/lm/18C/A/1/OA/1117-OA-2.csv",2025-11-17,"6","3","2"
"1-18-202510-dev-seq-A","1","OA","18","202510-dev-tif/lm/18C/A/1/OA/1119-OA-3.csv",2025-11-19,"6","3","2"
"1-18-202510-dev-seq-A","1","OA","18","202510-dev-tif/lm/18C/A/1/OA/1119-OA-3.csv",2025-11-19,"6","3","2"
"1-18-202510-dev-seq-A","1","OA","18","202510-dev-tif/lm/18C/A/1/OA/1119-OA-3.csv",2025-11-19,"6","3","2"
"1-18-202510-dev-seq-A","1","OA","18","202510-dev-tif/lm/18C/A/1/OA/1119-OA-3.csv",2025-11-19,"6","3","2"
"1-18-202510-dev-seq-A","1","OA","18","202510-dev-tif/lm/18C/A/1/OA/1123-OA-2.csv",2025-11-23,"8","4","3"
"1-18-202510-dev-seq-A","1","OA","18","202510-dev-tif/lm/18C/A/1/OA/1123-OA-2.csv",2025-11-23,"8","4","3"
"1-18-202510-dev-seq-A","1","OA","18","202510-dev-tif/lm/18C/A/1/OA/1123-OA-2.csv",2025-11-23,"8","4","3"
"1-18-202510-dev-seq-A","1","OA","18","202510-dev-tif/lm/18C/A/1/OA/1123-OA-2.csv",2025-11-23,"8","4","3"
"1-18-202510-dev-seq-A","1","PA","18","202510-dev-tif/lm/18C/A/1/PA/1022-PA.csv",2025-10-22,"1","1","1"
"1-18-202510-dev-seq-A","1","PA","18","202510-dev-tif/lm/18C/A/1/PA/1022-PA.csv",2025-10-22,"1","1","1"
"1-18-202510-dev-seq-A","1","PA","18","202510-dev-tif/lm/18C/A/1/PA/1022-PA.csv",2025-10-22,"1","1","1"
"1-18-202510-dev-seq-A","1","PA","18","202510-dev-tif/lm/18C/A/1/PA/1022-PA.csv",2025-10-22,"1","1","1"
"1-18-202510-dev-seq-A","1","PA","18","202510-dev-tif/lm/18C/A/1/PA/1022-PA.csv",2025-10-22,"1","1","1"
"1-18-202510-dev-seq-A","1","PA","18","202510-dev-tif/lm/18C/A/1/PA/1024-PA.csv",2025-10-24,"1","1","1"
"1-18-202510-dev-seq-A","1","PA","18","202510-dev-tif/lm/18C/A/1/PA/1024-PA.csv",2025-10-24,"1","1","1"
"1-18-202510-dev-seq-A","1","PA","18","202510-dev-tif/lm/18C/A/1/PA/1024-PA.csv",2025-10-24,"1","1","1"
"1-18-202510-dev-seq-A","1","PA","18","202510-dev-tif/lm/18C/A/1/PA/1024-PA.csv",2025-10-24,"1","1","1"
"1-18-202510-dev-seq-A","1","PA","18","202510-dev-tif/lm/18C/A/1/PA/1024-PA.csv",2025-10-24,"1","1","1"
"1-18-202510-dev-seq-A","1","PA","18","202510-dev-tif/lm/18C/A/1/PA/1026-PA-2.csv",2025-10-26,"2","2","2"
"1-18-202510-dev-seq-A","1","PA","18","202510-dev-tif/lm/18C/A/1/PA/1026-PA-2.csv",2025-10-26,"2","2","2"
"1-18-202510-dev-seq-A","1","PA","18","202510-dev-tif/lm/18C/A/1/PA/1026-PA-2.csv",2025-10-26,"2","2","2"
"1-18-202510-dev-seq-A","1","PA","18","202510-dev-tif/lm/18C/A/1/PA/1026-PA-2.csv",2025-10-26,"2","2","2"
"1-18-202510-dev-seq-A","1","PA","18","202510-dev-tif/lm/18C/A/1/PA/1026-PA-2.csv",2025-10-26,"2","2","2"
"1-18-202510-dev-seq-A","1","PA","18","202510-dev-tif/lm/18C/A/1/PA/1027-PA.csv",2025-10-27,"2","2","2"
"1-18-202510-dev-seq-A","1","PA","18","202510-dev-tif/lm/18C/A/1/PA/1027-PA.csv",2025-10-27,"2","2","2"
"1-18-202510-dev-seq-A","1","PA","18","202510-dev-tif/lm/18C/A/1/PA/1027-PA.csv",2025-10-27,"2","2","2"
"1-18-202510-dev-seq-A","1","PA","18","202510-dev-tif/lm/18C/A/1/PA/1027-PA.csv",2025-10-27,"2","2","2"
"1-18-202510-dev-seq-A","1","PA","18","202510-dev-tif/lm/18C/A/1/PA/1027-PA.csv",2025-10-27,"2","2","2"
"1-18-202510-dev-seq-A","1","PA","18","202510-dev-tif/lm/18C/A/1/PA/1028-PA.csv",2025-10-28,"2","2","2"
"1-18-202510-dev-seq-A","1","PA","18","202510-dev-tif/lm/18C/A/1/PA/1028-PA.csv",2025-10-28,"2","2","2"
"1-18-202510-dev-seq-A","1","PA","18","202510-dev-tif/lm/18C/A/1/PA/1028-PA.csv",2025-10-28,"2","2","2"
"1-18-202510-dev-seq-A","1","PA","18","202510-dev-tif/lm/18C/A/1/PA/1028-PA.csv",2025-10-28,"2","2","2"
"1-18-202510-dev-seq-A","1","PA","18","202510-dev-tif/lm/18C/A/1/PA/1028-PA.csv",2025-10-28,"2","2","2"
"1-18-202510-dev-seq-A","1","PA","18","202510-dev-tif/lm/18C/A/1/PA/1030-PA-3.csv",2025-10-30,"3","2","2"
"1-18-202510-dev-seq-A","1","PA","18","202510-dev-tif/lm/18C/A/1/PA/1030-PA-3.csv",2025-10-30,"3","2","2"
"1-18-202510-dev-seq-A","1","PA","18","202510-dev-tif/lm/18C/A/1/PA/1030-PA-3.csv",2025-10-30,"3","2","2"
"1-18-202510-dev-seq-A","1","PA","18","202510-dev-tif/lm/18C/A/1/PA/1030-PA-3.csv",2025-10-30,"3","2","2"
"1-18-202510-dev-seq-A","1","PA","18","202510-dev-tif/lm/18C/A/1/PA/1030-PA-3.csv",2025-10-30,"3","2","2"
"1-18-202510-dev-seq-A","1","PA","18","202510-dev-tif/lm/18C/A/1/PA/1101-PA.csv",2025-11-01,"3","2","2"
"1-18-202510-dev-seq-A","1","PA","18","202510-dev-tif/lm/18C/A/1/PA/1101-PA.csv",2025-11-01,"3","2","2"
"1-18-202510-dev-seq-A","1","PA","18","202510-dev-tif/lm/18C/A/1/PA/1101-PA.csv",2025-11-01,"3","2","2"
"1-18-202510-dev-seq-A","1","PA","18","202510-dev-tif/lm/18C/A/1/PA/1101-PA.csv",2025-11-01,"3","2","2"
"1-18-202510-dev-seq-A","1","PA","18","202510-dev-tif/lm/18C/A/1/PA/1101-PA.csv",2025-11-01,"3","2","2"
"1-18-202510-dev-seq-A","1","PA","18","202510-dev-tif/lm/18C/A/1/PA/1103-PA-3.csv",2025-11-03,"4","2","2"
"1-18-202510-dev-seq-A","1","PA","18","202510-dev-tif/lm/18C/A/1/PA/1103-PA-3.csv",2025-11-03,"4","2","2"
"1-18-202510-dev-seq-A","1","PA","18","202510-dev-tif/lm/18C/A/1/PA/1103-PA-3.csv",2025-11-03,"4","2","2"
"1-18-202510-dev-seq-A","1","PA","18","202510-dev-tif/lm/18C/A/1/PA/1103-PA-3.csv",2025-11-03,"4","2","2"
"1-18-202510-dev-seq-A","1","PA","18","202510-dev-tif/lm/18C/A/1/PA/1103-PA-3.csv",2025-11-03,"4","2","2"
"1-18-202510-dev-seq-A","1","PA","18","202510-dev-tif/lm/18C/A/1/PA/1105-PA-2.csv",2025-11-05,"4","3","2"
"1-18-202510-dev-seq-A","1","PA","18","202510-dev-tif/lm/18C/A/1/PA/1105-PA-2.csv",2025-11-05,"4","3","2"
"1-18-202510-dev-seq-A","1","PA","18","202510-dev-tif/lm/18C/A/1/PA/1105-PA-2.csv",2025-11-05,"4","3","2"
"1-18-202510-dev-seq-A","1","PA","18","202510-dev-tif/lm/18C/A/1/PA/1105-PA-2.csv",2025-11-05,"4","3","2"
"1-18-202510-dev-seq-A","1","PA","18","202510-dev-tif/lm/18C/A/1/PA/1105-PA-2.csv",2025-11-05,"4","3","2"
"1-18-202510-dev-seq-A","1","PA","18","202510-dev-tif/lm/18C/A/1/PA/1107-PA.csv",2025-11-07,"4","3","2"
"1-18-202510-dev-seq-A","1","PA","18","202510-dev-tif/lm/18C/A/1/PA/1107-PA.csv",2025-11-07,"4","3","2"
"1-18-202510-dev-seq-A","1","PA","18","202510-dev-tif/lm/18C/A/1/PA/1107-PA.csv",2025-11-07,"4","3","2"
"1-18-202510-dev-seq-A","1","PA","18","202510-dev-tif/lm/18C/A/1/PA/1107-PA.csv",2025-11-07,"4","3","2"
"1-18-202510-dev-seq-A","1","PA","18","202510-dev-tif/lm/18C/A/1/PA/1107-PA.csv",2025-11-07,"4","3","2"
"1-18-202510-dev-seq-A","1","PA","18","202510-dev-tif/lm/18C/A/1/PA/1110-PA-3.csv",2025-11-10,"4","3","2"
"1-18-202510-dev-seq-A","1","PA","18","202510-dev-tif/lm/18C/A/1/PA/1110-PA-3.csv",2025-11-10,"4","3","2"
"1-18-202510-dev-seq-A","1","PA","18","202510-dev-tif/lm/18C/A/1/PA/1110-PA-3.csv",2025-11-10,"4","3","2"
"1-18-202510-dev-seq-A","1","PA","18","202510-dev-tif/lm/18C/A/1/PA/1110-PA-3.csv",2025-11-10,"4","3","2"
"1-18-202510-dev-seq-A","1","PA","18","202510-dev-tif/lm/18C/A/1/PA/1110-PA-3.csv",2025-11-10,"4","3","2"
"1-18-202510-dev-seq-A","1","PA","18","202510-dev-tif/lm/18C/A/1/PA/1111-PA-3.csv",2025-11-11,"4","3","2"
"1-18-202510-dev-seq-A","1","PA","18","202510-dev-tif/lm/18C/A/1/PA/1111-PA-3.csv",2025-11-11,"4","3","2"
"1-18-202510-dev-seq-A","1","PA","18","202510-dev-tif/lm/18C/A/1/PA/1111-PA-3.csv",2025-11-11,"4","3","2"
"1-18-202510-dev-seq-A","1","PA","18","202510-dev-tif/lm/18C/A/1/PA/1111-PA-3.csv",2025-11-11,"4","3","2"
"1-18-202510-dev-seq-A","1","PA","18","202510-dev-tif/lm/18C/A/1/PA/1111-PA-3.csv",2025-11-11,"4","3","2"
"1-18-202510-dev-seq-A","1","PA","18","202510-dev-tif/lm/18C/A/1/PA/1113-PA-2.csv",2025-11-13,"4","3","2"
"1-18-202510-dev-seq-A","1","PA","18","202510-dev-tif/lm/18C/A/1/PA/1113-PA-2.csv",2025-11-13,"4","3","2"
"1-18-202510-dev-seq-A","1","PA","18","202510-dev-tif/lm/18C/A/1/PA/1113-PA-2.csv",2025-11-13,"4","3","2"
"1-18-202510-dev-seq-A","1","PA","18","202510-dev-tif/lm/18C/A/1/PA/1113-PA-2.csv",2025-11-13,"4","3","2"
"1-18-202510-dev-seq-A","1","PA","18","202510-dev-tif/lm/18C/A/1/PA/1113-PA-2.csv",2025-11-13,"4","3","2"
"1-18-202510-dev-seq-A","1","PA","18","202510-dev-tif/lm/18C/A/1/PA/1115-PA-2.csv",2025-11-15,"6","3","2"
"1-18-202510-dev-seq-A","1","PA","18","202510-dev-tif/lm/18C/A/1/PA/1115-PA-2.csv",2025-11-15,"6","3","2"
"1-18-202510-dev-seq-A","1","PA","18","202510-dev-tif/lm/18C/A/1/PA/1115-PA-2.csv",2025-11-15,"6","3","2"
"1-18-202510-dev-seq-A","1","PA","18","202510-dev-tif/lm/18C/A/1/PA/1115-PA-2.csv",2025-11-15,"6","3","2"
"1-18-202510-dev-seq-A","1","PA","18","202510-dev-tif/lm/18C/A/1/PA/1115-PA-2.csv",2025-11-15,"6","3","2"
"1-18-202510-dev-seq-A","1","PA","18","202510-dev-tif/lm/18C/A/1/PA/1117-PA-2.csv",2025-11-17,"6","3","2"
"1-18-202510-dev-seq-A","1","PA","18","202510-dev-tif/lm/18C/A/1/PA/1117-PA-2.csv",2025-11-17,"6","3","2"
"1-18-202510-dev-seq-A","1","PA","18","202510-dev-tif/lm/18C/A/1/PA/1117-PA-2.csv",2025-11-17,"6","3","2"
"1-18-202510-dev-seq-A","1","PA","18","202510-dev-tif/lm/18C/A/1/PA/1117-PA-2.csv",2025-11-17,"6","3","2"
"1-18-202510-dev-seq-A","1","PA","18","202510-dev-tif/lm/18C/A/1/PA/1117-PA-2.csv",2025-11-17,"6","3","2"
"1-18-202510-dev-seq-A","1","PA","18","202510-dev-tif/lm/18C/A/1/PA/1119-PA-4.csv",2025-11-19,"6","3","2"
"1-18-202510-dev-seq-A","1","PA","18","202510-dev-tif/lm/18C/A/1/PA/1119-PA-4.csv",2025-11-19,"6","3","2"
"1-18-202510-dev-seq-A","1","PA","18","202510-dev-tif/lm/18C/A/1/PA/1119-PA-4.csv",2025-11-19,"6","3","2"
"1-18-202510-dev-seq-A","1","PA","18","202510-dev-tif/lm/18C/A/1/PA/1119-PA-4.csv",2025-11-19,"6","3","2"
"1-18-202510-dev-seq-A","1","PA","18","202510-dev-tif/lm/18C/A/1/PA/1119-PA-4.csv",2025-11-19,"6","3","2"
"1-18-202510-dev-seq-A","1","PA","18","202510-dev-tif/lm/18C/A/1/PA/1123-PA-2.csv",2025-11-23,"8","4","3"
"1-18-202510-dev-seq-A","1","PA","18","202510-dev-tif/lm/18C/A/1/PA/1123-PA-2.csv",2025-11-23,"8","4","3"
"1-18-202510-dev-seq-A","1","PA","18","202510-dev-tif/lm/18C/A/1/PA/1123-PA-2.csv",2025-11-23,"8","4","3"
"1-18-202510-dev-seq-A","1","PA","18","202510-dev-tif/lm/18C/A/1/PA/1123-PA-2.csv",2025-11-23,"8","4","3"
"1-18-202510-dev-seq-A","1","PA","18","202510-dev-tif/lm/18C/A/1/PA/1123-PA-2.csv",2025-11-23,"8","4","3"
"1-18-202510-dev-seq-A","1","TA","18","202510-dev-tif/lm/18C/A/1/TA/1022-TA.csv",2025-10-22,"1","1","1"
"1-18-202510-dev-seq-A","1","TA","18","202510-dev-tif/lm/18C/A/1/TA/1022-TA.csv",2025-10-22,"1","1","1"
"1-18-202510-dev-seq-A","1","TA","18","202510-dev-tif/lm/18C/A/1/TA/1022-TA.csv",2025-10-22,"1","1","1"
"1-18-202510-dev-seq-A","1","TA","18","202510-dev-tif/lm/18C/A/1/TA/1022-TA.csv",2025-10-22,"1","1","1"
"1-18-202510-dev-seq-A","1","TA","18","202510-dev-tif/lm/18C/A/1/TA/1022-TA.csv",2025-10-22,"1","1","1"
"1-18-202510-dev-seq-A","1","TA","18","202510-dev-tif/lm/18C/A/1/TA/1022-TA.csv",2025-10-22,"1","1","1"
"1-18-202510-dev-seq-A","1","TA","18","202510-dev-tif/lm/18C/A/1/TA/1022-TA.csv",2025-10-22,"1","1","1"
"1-18-202510-dev-seq-A","1","TA","18","202510-dev-tif/lm/18C/A/1/TA/1022-TA.csv",2025-10-22,"1","1","1"
"1-18-202510-dev-seq-A","1","TA","18","202510-dev-tif/lm/18C/A/1/TA/1024-TA-2.csv",2025-10-24,"1","1","1"
"1-18-202510-dev-seq-A","1","TA","18","202510-dev-tif/lm/18C/A/1/TA/1024-TA-2.csv",2025-10-24,"1","1","1"
"1-18-202510-dev-seq-A","1","TA","18","202510-dev-tif/lm/18C/A/1/TA/1024-TA-2.csv",2025-10-24,"1","1","1"
"1-18-202510-dev-seq-A","1","TA","18","202510-dev-tif/lm/18C/A/1/TA/1024-TA-2.csv",2025-10-24,"1","1","1"
"1-18-202510-dev-seq-A","1","TA","18","202510-dev-tif/lm/18C/A/1/TA/1024-TA-2.csv",2025-10-24,"1","1","1"
"1-18-202510-dev-seq-A","1","TA","18","202510-dev-tif/lm/18C/A/1/TA/1024-TA-2.csv",2025-10-24,"1","1","1"
"1-18-202510-dev-seq-A","1","TA","18","202510-dev-tif/lm/18C/A/1/TA/1024-TA-2.csv",2025-10-24,"1","1","1"
"1-18-202510-dev-seq-A","1","TA","18","202510-dev-tif/lm/18C/A/1/TA/1024-TA-2.csv",2025-10-24,"1","1","1"
"1-18-202510-dev-seq-A","1","TA","18","202510-dev-tif/lm/18C/A/1/TA/1026-TA.csv",2025-10-26,"2","2","2"
"1-18-202510-dev-seq-A","1","TA","18","202510-dev-tif/lm/18C/A/1/TA/1026-TA.csv",2025-10-26,"2","2","2"
"1-18-202510-dev-seq-A","1","TA","18","202510-dev-tif/lm/18C/A/1/TA/1026-TA.csv",2025-10-26,"2","2","2"
"1-18-202510-dev-seq-A","1","TA","18","202510-dev-tif/lm/18C/A/1/TA/1026-TA.csv",2025-10-26,"2","2","2"
"1-18-202510-dev-seq-A","1","TA","18","202510-dev-tif/lm/18C/A/1/TA/1026-TA.csv",2025-10-26,"2","2","2"
"1-18-202510-dev-seq-A","1","TA","18","202510-dev-tif/lm/18C/A/1/TA/1026-TA.csv",2025-10-26,"2","2","2"
"1-18-202510-dev-seq-A","1","TA","18","202510-dev-tif/lm/18C/A/1/TA/1026-TA.csv",2025-10-26,"2","2","2"
"1-18-202510-dev-seq-A","1","TA","18","202510-dev-tif/lm/18C/A/1/TA/1026-TA.csv",2025-10-26,"2","2","2"
"1-18-202510-dev-seq-A","1","TA","18","202510-dev-tif/lm/18C/A/1/TA/1027-TA-3.csv",2025-10-27,"2","2","2"
"1-18-202510-dev-seq-A","1","TA","18","202510-dev-tif/lm/18C/A/1/TA/1027-TA-3.csv",2025-10-27,"2","2","2"
"1-18-202510-dev-seq-A","1","TA","18","202510-dev-tif/lm/18C/A/1/TA/1027-TA-3.csv",2025-10-27,"2","2","2"
"1-18-202510-dev-seq-A","1","TA","18","202510-dev-tif/lm/18C/A/1/TA/1027-TA-3.csv",2025-10-27,"2","2","2"
"1-18-202510-dev-seq-A","1","TA","18","202510-dev-tif/lm/18C/A/1/TA/1027-TA-3.csv",2025-10-27,"2","2","2"
"1-18-202510-dev-seq-A","1","TA","18","202510-dev-tif/lm/18C/A/1/TA/1027-TA-3.csv",2025-10-27,"2","2","2"
"1-18-202510-dev-seq-A","1","TA","18","202510-dev-tif/lm/18C/A/1/TA/1027-TA-3.csv",2025-10-27,"2","2","2"
"1-18-202510-dev-seq-A","1","TA","18","202510-dev-tif/lm/18C/A/1/TA/1027-TA-3.csv",2025-10-27,"2","2","2"
"1-18-202510-dev-seq-A","1","TA","18","202510-dev-tif/lm/18C/A/1/TA/1028-TA-3.csv",2025-10-28,"2","2","2"
"1-18-202510-dev-seq-A","1","TA","18","202510-dev-tif/lm/18C/A/1/TA/1028-TA-3.csv",2025-10-28,"2","2","2"
"1-18-202510-dev-seq-A","1","TA","18","202510-dev-tif/lm/18C/A/1/TA/1028-TA-3.csv",2025-10-28,"2","2","2"
"1-18-202510-dev-seq-A","1","TA","18","202510-dev-tif/lm/18C/A/1/TA/1028-TA-3.csv",2025-10-28,"2","2","2"
"1-18-202510-dev-seq-A","1","TA","18","202510-dev-tif/lm/18C/A/1/TA/1028-TA-3.csv",2025-10-28,"2","2","2"
"1-18-202510-dev-seq-A","1","TA","18","202510-dev-tif/lm/18C/A/1/TA/1028-TA-3.csv",2025-10-28,"2","2","2"
"1-18-202510-dev-seq-A","1","TA","18","202510-dev-tif/lm/18C/A/1/TA/1028-TA-3.csv",2025-10-28,"2","2","2"
"1-18-202510-dev-seq-A","1","TA","18","202510-dev-tif/lm/18C/A/1/TA/1028-TA-3.csv",2025-10-28,"2","2","2"
"1-18-202510-dev-seq-A","1","TA","18","202510-dev-tif/lm/18C/A/1/TA/1030-TA-3.csv",2025-10-30,"3","2","2"
"1-18-202510-dev-seq-A","1","TA","18","202510-dev-tif/lm/18C/A/1/TA/1030-TA-3.csv",2025-10-30,"3","2","2"
"1-18-202510-dev-seq-A","1","TA","18","202510-dev-tif/lm/18C/A/1/TA/1030-TA-3.csv",2025-10-30,"3","2","2"
"1-18-202510-dev-seq-A","1","TA","18","202510-dev-tif/lm/18C/A/1/TA/1030-TA-3.csv",2025-10-30,"3","2","2"
"1-18-202510-dev-seq-A","1","TA","18","202510-dev-tif/lm/18C/A/1/TA/1030-TA-3.csv",2025-10-30,"3","2","2"
"1-18-202510-dev-seq-A","1","TA","18","202510-dev-tif/lm/18C/A/1/TA/1030-TA-3.csv",2025-10-30,"3","2","2"
"1-18-202510-dev-seq-A","1","TA","18","202510-dev-tif/lm/18C/A/1/TA/1030-TA-3.csv",2025-10-30,"3","2","2"
"1-18-202510-dev-seq-A","1","TA","18","202510-dev-tif/lm/18C/A/1/TA/1030-TA-3.csv",2025-10-30,"3","2","2"
"1-18-202510-dev-seq-A","1","TA","18","202510-dev-tif/lm/18C/A/1/TA/1101-TA.csv",2025-11-01,"3","2","2"
"1-18-202510-dev-seq-A","1","TA","18","202510-dev-tif/lm/18C/A/1/TA/1101-TA.csv",2025-11-01,"3","2","2"
"1-18-202510-dev-seq-A","1","TA","18","202510-dev-tif/lm/18C/A/1/TA/1101-TA.csv",2025-11-01,"3","2","2"
"1-18-202510-dev-seq-A","1","TA","18","202510-dev-tif/lm/18C/A/1/TA/1101-TA.csv",2025-11-01,"3","2","2"
"1-18-202510-dev-seq-A","1","TA","18","202510-dev-tif/lm/18C/A/1/TA/1101-TA.csv",2025-11-01,"3","2","2"
"1-18-202510-dev-seq-A","1","TA","18","202510-dev-tif/lm/18C/A/1/TA/1101-TA.csv",2025-11-01,"3","2","2"
"1-18-202510-dev-seq-A","1","TA","18","202510-dev-tif/lm/18C/A/1/TA/1101-TA.csv",2025-11-01,"3","2","2"
"1-18-202510-dev-seq-A","1","TA","18","202510-dev-tif/lm/18C/A/1/TA/1101-TA.csv",2025-11-01,"3","2","2"
"1-18-202510-dev-seq-A","1","TA","18","202510-dev-tif/lm/18C/A/1/TA/1103-TA-2.csv",2025-11-03,"4","2","2"
"1-18-202510-dev-seq-A","1","TA","18","202510-dev-tif/lm/18C/A/1/TA/1103-TA-2.csv",2025-11-03,"4","2","2"
"1-18-202510-dev-seq-A","1","TA","18","202510-dev-tif/lm/18C/A/1/TA/1103-TA-2.csv",2025-11-03,"4","2","2"
"1-18-202510-dev-seq-A","1","TA","18","202510-dev-tif/lm/18C/A/1/TA/1103-TA-2.csv",2025-11-03,"4","2","2"
"1-18-202510-dev-seq-A","1","TA","18","202510-dev-tif/lm/18C/A/1/TA/1103-TA-2.csv",2025-11-03,"4","2","2"
"1-18-202510-dev-seq-A","1","TA","18","202510-dev-tif/lm/18C/A/1/TA/1103-TA-2.csv",2025-11-03,"4","2","2"
"1-18-202510-dev-seq-A","1","TA","18","202510-dev-tif/lm/18C/A/1/TA/1103-TA-2.csv",2025-11-03,"4","2","2"
"1-18-202510-dev-seq-A","1","TA","18","202510-dev-tif/lm/18C/A/1/TA/1103-TA-2.csv",2025-11-03,"4","2","2"
"1-18-202510-dev-seq-A","1","TA","18","202510-dev-tif/lm/18C/A/1/TA/1105-TA-4.csv",2025-11-05,"4","3","2"
"1-18-202510-dev-seq-A","1","TA","18","202510-dev-tif/lm/18C/A/1/TA/1105-TA-4.csv",2025-11-05,"4","3","2"
"1-18-202510-dev-seq-A","1","TA","18","202510-dev-tif/lm/18C/A/1/TA/1105-TA-4.csv",2025-11-05,"4","3","2"
"1-18-202510-dev-seq-A","1","TA","18","202510-dev-tif/lm/18C/A/1/TA/1105-TA-4.csv",2025-11-05,"4","3","2"
"1-18-202510-dev-seq-A","1","TA","18","202510-dev-tif/lm/18C/A/1/TA/1105-TA-4.csv",2025-11-05,"4","3","2"
"1-18-202510-dev-seq-A","1","TA","18","202510-dev-tif/lm/18C/A/1/TA/1105-TA-4.csv",2025-11-05,"4","3","2"
"1-18-202510-dev-seq-A","1","TA","18","202510-dev-tif/lm/18C/A/1/TA/1105-TA-4.csv",2025-11-05,"4","3","2"
"1-18-202510-dev-seq-A","1","TA","18","202510-dev-tif/lm/18C/A/1/TA/1105-TA-4.csv",2025-11-05,"4","3","2"
"1-18-202510-dev-seq-A","1","TA","18","202510-dev-tif/lm/18C/A/1/TA/1107-TA-3.csv",2025-11-07,"4","3","2"
"1-18-202510-dev-seq-A","1","TA","18","202510-dev-tif/lm/18C/A/1/TA/1107-TA-3.csv",2025-11-07,"4","3","2"
"1-18-202510-dev-seq-A","1","TA","18","202510-dev-tif/lm/18C/A/1/TA/1107-TA-3.csv",2025-11-07,"4","3","2"
"1-18-202510-dev-seq-A","1","TA","18","202510-dev-tif/lm/18C/A/1/TA/1107-TA-3.csv",2025-11-07,"4","3","2"
"1-18-202510-dev-seq-A","1","TA","18","202510-dev-tif/lm/18C/A/1/TA/1107-TA-3.csv",2025-11-07,"4","3","2"
"1-18-202510-dev-seq-A","1","TA","18","202510-dev-tif/lm/18C/A/1/TA/1107-TA-3.csv",2025-11-07,"4","3","2"
"1-18-202510-dev-seq-A","1","TA","18","202510-dev-tif/lm/18C/A/1/TA/1107-TA-3.csv",2025-11-07,"4","3","2"
"1-18-202510-dev-seq-A","1","TA","18","202510-dev-tif/lm/18C/A/1/TA/1107-TA-3.csv",2025-11-07,"4","3","2"
"1-18-202510-dev-seq-A","1","TA","18","202510-dev-tif/lm/18C/A/1/TA/1110-TA.csv",2025-11-10,"4","3","2"
"1-18-202510-dev-seq-A","1","TA","18","202510-dev-tif/lm/18C/A/1/TA/1110-TA.csv",2025-11-10,"4","3","2"
"1-18-202510-dev-seq-A","1","TA","18","202510-dev-tif/lm/18C/A/1/TA/1110-TA.csv",2025-11-10,"4","3","2"
"1-18-202510-dev-seq-A","1","TA","18","202510-dev-tif/lm/18C/A/1/TA/1110-TA.csv",2025-11-10,"4","3","2"
"1-18-202510-dev-seq-A","1","TA","18","202510-dev-tif/lm/18C/A/1/TA/1110-TA.csv",2025-11-10,"4","3","2"
"1-18-202510-dev-seq-A","1","TA","18","202510-dev-tif/lm/18C/A/1/TA/1110-TA.csv",2025-11-10,"4","3","2"
"1-18-202510-dev-seq-A","1","TA","18","202510-dev-tif/lm/18C/A/1/TA/1110-TA.csv",2025-11-10,"4","3","2"
"1-18-202510-dev-seq-A","1","TA","18","202510-dev-tif/lm/18C/A/1/TA/1110-TA.csv",2025-11-10,"4","3","2"
"1-18-202510-dev-seq-A","1","TA","18","202510-dev-tif/lm/18C/A/1/TA/1111-TA-2.csv",2025-11-11,"4","3","2"
"1-18-202510-dev-seq-A","1","TA","18","202510-dev-tif/lm/18C/A/1/TA/1111-TA-2.csv",2025-11-11,"4","3","2"
"1-18-202510-dev-seq-A","1","TA","18","202510-dev-tif/lm/18C/A/1/TA/1111-TA-2.csv",2025-11-11,"4","3","2"
"1-18-202510-dev-seq-A","1","TA","18","202510-dev-tif/lm/18C/A/1/TA/1111-TA-2.csv",2025-11-11,"4","3","2"
"1-18-202510-dev-seq-A","1","TA","18","202510-dev-tif/lm/18C/A/1/TA/1111-TA-2.csv",2025-11-11,"4","3","2"
"1-18-202510-dev-seq-A","1","TA","18","202510-dev-tif/lm/18C/A/1/TA/1111-TA-2.csv",2025-11-11,"4","3","2"
"1-18-202510-dev-seq-A","1","TA","18","202510-dev-tif/lm/18C/A/1/TA/1111-TA-2.csv",2025-11-11,"4","3","2"
"1-18-202510-dev-seq-A","1","TA","18","202510-dev-tif/lm/18C/A/1/TA/1111-TA-2.csv",2025-11-11,"4","3","2"
"1-18-202510-dev-seq-A","1","TA","18","202510-dev-tif/lm/18C/A/1/TA/1113-TA.csv",2025-11-13,"4","3","2"
"1-18-202510-dev-seq-A","1","TA","18","202510-dev-tif/lm/18C/A/1/TA/1113-TA.csv",2025-11-13,"4","3","2"
"1-18-202510-dev-seq-A","1","TA","18","202510-dev-tif/lm/18C/A/1/TA/1113-TA.csv",2025-11-13,"4","3","2"
"1-18-202510-dev-seq-A","1","TA","18","202510-dev-tif/lm/18C/A/1/TA/1113-TA.csv",2025-11-13,"4","3","2"
"1-18-202510-dev-seq-A","1","TA","18","202510-dev-tif/lm/18C/A/1/TA/1113-TA.csv",2025-11-13,"4","3","2"
"1-18-202510-dev-seq-A","1","TA","18","202510-dev-tif/lm/18C/A/1/TA/1113-TA.csv",2025-11-13,"4","3","2"
"1-18-202510-dev-seq-A","1","TA","18","202510-dev-tif/lm/18C/A/1/TA/1113-TA.csv",2025-11-13,"4","3","2"
"1-18-202510-dev-seq-A","1","TA","18","202510-dev-tif/lm/18C/A/1/TA/1113-TA.csv",2025-11-13,"4","3","2"
"1-18-202510-dev-seq-A","1","TA","18","202510-dev-tif/lm/18C/A/1/TA/1115-TA.csv",2025-11-15,"6","3","2"
"1-18-202510-dev-seq-A","1","TA","18","202510-dev-tif/lm/18C/A/1/TA/1115-TA.csv",2025-11-15,"6","3","2"
"1-18-202510-dev-seq-A","1","TA","18","202510-dev-tif/lm/18C/A/1/TA/1115-TA.csv",2025-11-15,"6","3","2"
"1-18-202510-dev-seq-A","1","TA","18","202510-dev-tif/lm/18C/A/1/TA/1115-TA.csv",2025-11-15,"6","3","2"
"1-18-202510-dev-seq-A","1","TA","18","202510-dev-tif/lm/18C/A/1/TA/1115-TA.csv",2025-11-15,"6","3","2"
"1-18-202510-dev-seq-A","1","TA","18","202510-dev-tif/lm/18C/A/1/TA/1115-TA.csv",2025-11-15,"6","3","2"
"1-18-202510-dev-seq-A","1","TA","18","202510-dev-tif/lm/18C/A/1/TA/1115-TA.csv",2025-11-15,"6","3","2"
"1-18-202510-dev-seq-A","1","TA","18","202510-dev-tif/lm/18C/A/1/TA/1115-TA.csv",2025-11-15,"6","3","2"
"1-18-202510-dev-seq-A","1","TA","18","202510-dev-tif/lm/18C/A/1/TA/1117-TA-2.csv",2025-11-17,"6","3","2"
"1-18-202510-dev-seq-A","1","TA","18","202510-dev-tif/lm/18C/A/1/TA/1117-TA-2.csv",2025-11-17,"6","3","2"
"1-18-202510-dev-seq-A","1","TA","18","202510-dev-tif/lm/18C/A/1/TA/1117-TA-2.csv",2025-11-17,"6","3","2"
"1-18-202510-dev-seq-A","1","TA","18","202510-dev-tif/lm/18C/A/1/TA/1117-TA-2.csv",2025-11-17,"6","3","2"
"1-18-202510-dev-seq-A","1","TA","18","202510-dev-tif/lm/18C/A/1/TA/1117-TA-2.csv",2025-11-17,"6","3","2"
"1-18-202510-dev-seq-A","1","TA","18","202510-dev-tif/lm/18C/A/1/TA/1117-TA-2.csv",2025-11-17,"6","3","2"
"1-18-202510-dev-seq-A","1","TA","18","202510-dev-tif/lm/18C/A/1/TA/1117-TA-2.csv",2025-11-17,"6","3","2"
"1-18-202510-dev-seq-A","1","TA","18","202510-dev-tif/lm/18C/A/1/TA/1117-TA-2.csv",2025-11-17,"6","3","2"
"1-18-202510-dev-seq-A","1","TA","18","202510-dev-tif/lm/18C/A/1/TA/1119-TA-2.csv",2025-11-19,"6","3","2"
"1-18-202510-dev-seq-A","1","TA","18","202510-dev-tif/lm/18C/A/1/TA/1119-TA-2.csv",2025-11-19,"6","3","2"
"1-18-202510-dev-seq-A","1","TA","18","202510-dev-tif/lm/18C/A/1/TA/1119-TA-2.csv",2025-11-19,"6","3","2"
"1-18-202510-dev-seq-A","1","TA","18","202510-dev-tif/lm/18C/A/1/TA/1119-TA-2.csv",2025-11-19,"6","3","2"
"1-18-202510-dev-seq-A","1","TA","18","202510-dev-tif/lm/18C/A/1/TA/1119-TA-2.csv",2025-11-19,"6","3","2"
"1-18-202510-dev-seq-A","1","TA","18","202510-dev-tif/lm/18C/A/1/TA/1119-TA-2.csv",2025-11-19,"6","3","2"
"1-18-202510-dev-seq-A","1","TA","18","202510-dev-tif/lm/18C/A/1/TA/1119-TA-2.csv",2025-11-19,"6","3","2"
"1-18-202510-dev-seq-A","1","TA","18","202510-dev-tif/lm/18C/A/1/TA/1119-TA-2.csv",2025-11-19,"6","3","2"
"1-18-202510-dev-seq-A","1","TA","18","202510-dev-tif/lm/18C/A/1/TA/1123-TA.csv",2025-11-23,"8","4","3"
"1-18-202510-dev-seq-A","1","TA","18","202510-dev-tif/lm/18C/A/1/TA/1123-TA.csv",2025-11-23,"8","4","3"
"1-18-202510-dev-seq-A","1","TA","18","202510-dev-tif/lm/18C/A/1/TA/1123-TA.csv",2025-11-23,"8","4","3"
"1-18-202510-dev-seq-A","1","TA","18","202510-dev-tif/lm/18C/A/1/TA/1123-TA.csv",2025-11-23,"8","4","3"
"1-18-202510-dev-seq-A","1","TA","18","202510-dev-tif/lm/18C/A/1/TA/1123-TA.csv",2025-11-23,"8","4","3"
"1-18-202510-dev-seq-A","1","TA","18","202510-dev-tif/lm/18C/A/1/TA/1123-TA.csv",2025-11-23,"8","4","3"
"1-18-202510-dev-seq-A","1","TA","18","202510-dev-tif/lm/18C/A/1/TA/1123-TA.csv",2025-11-23,"8","4","3"
"1-18-202510-dev-seq-A","1","TA","18","202510-dev-tif/lm/18C/A/1/TA/1123-TA.csv",2025-11-23,"8","4","3"
"19-18-202510-dev-seq-A","19","OA","18","202510-dev-tif/lm/18C/A/19/OA/1023-OA-3.csv",2025-10-23,"1","1","1"
"19-18-202510-dev-seq-A","19","OA","18","202510-dev-tif/lm/18C/A/19/OA/1023-OA-3.csv",2025-10-23,"1","1","1"
"19-18-202510-dev-seq-A","19","OA","18","202510-dev-tif/lm/18C/A/19/OA/1023-OA-3.csv",2025-10-23,"1","1","1"
"19-18-202510-dev-seq-A","19","OA","18","202510-dev-tif/lm/18C/A/19/OA/1023-OA-3.csv",2025-10-23,"1","1","1"
"19-18-202510-dev-seq-A","19","OA","18","202510-dev-tif/lm/18C/A/19/OA/1025-OA.csv",2025-10-25,"1","1","1"
"19-18-202510-dev-seq-A","19","OA","18","202510-dev-tif/lm/18C/A/19/OA/1025-OA.csv",2025-10-25,"1","1","1"
"19-18-202510-dev-seq-A","19","OA","18","202510-dev-tif/lm/18C/A/19/OA/1025-OA.csv",2025-10-25,"1","1","1"
"19-18-202510-dev-seq-A","19","OA","18","202510-dev-tif/lm/18C/A/19/OA/1025-OA.csv",2025-10-25,"1","1","1"
"19-18-202510-dev-seq-A","19","OA","18","202510-dev-tif/lm/18C/A/19/OA/1027-OA-2.csv",2025-10-27,"2","1","1"
"19-18-202510-dev-seq-A","19","OA","18","202510-dev-tif/lm/18C/A/19/OA/1027-OA-2.csv",2025-10-27,"2","1","1"
"19-18-202510-dev-seq-A","19","OA","18","202510-dev-tif/lm/18C/A/19/OA/1027-OA-2.csv",2025-10-27,"2","1","1"
"19-18-202510-dev-seq-A","19","OA","18","202510-dev-tif/lm/18C/A/19/OA/1027-OA-2.csv",2025-10-27,"2","1","1"
"19-18-202510-dev-seq-A","19","OA","18","202510-dev-tif/lm/18C/A/19/OA/1029-OA-2.csv",2025-10-29,"2","2","2"
"19-18-202510-dev-seq-A","19","OA","18","202510-dev-tif/lm/18C/A/19/OA/1029-OA-2.csv",2025-10-29,"2","2","2"
"19-18-202510-dev-seq-A","19","OA","18","202510-dev-tif/lm/18C/A/19/OA/1029-OA-2.csv",2025-10-29,"2","2","2"
"19-18-202510-dev-seq-A","19","OA","18","202510-dev-tif/lm/18C/A/19/OA/1029-OA-2.csv",2025-10-29,"2","2","2"
"19-18-202510-dev-seq-A","19","OA","18","202510-dev-tif/lm/18C/A/19/OA/1031-OA.csv",2025-10-31,"3","2","2"
"19-18-202510-dev-seq-A","19","OA","18","202510-dev-tif/lm/18C/A/19/OA/1031-OA.csv",2025-10-31,"3","2","2"
"19-18-202510-dev-seq-A","19","OA","18","202510-dev-tif/lm/18C/A/19/OA/1031-OA.csv",2025-10-31,"3","2","2"
"19-18-202510-dev-seq-A","19","OA","18","202510-dev-tif/lm/18C/A/19/OA/1031-OA.csv",2025-10-31,"3","2","2"
"19-18-202510-dev-seq-A","19","OA","18","202510-dev-tif/lm/18C/A/19/OA/1102-OA.csv",2025-11-02,"4","3","2"
"19-18-202510-dev-seq-A","19","OA","18","202510-dev-tif/lm/18C/A/19/OA/1102-OA.csv",2025-11-02,"4","3","2"
"19-18-202510-dev-seq-A","19","OA","18","202510-dev-tif/lm/18C/A/19/OA/1102-OA.csv",2025-11-02,"4","3","2"
"19-18-202510-dev-seq-A","19","OA","18","202510-dev-tif/lm/18C/A/19/OA/1102-OA.csv",2025-11-02,"4","3","2"
"19-18-202510-dev-seq-A","19","OA","18","202510-dev-tif/lm/18C/A/19/OA/1104-OA.csv",2025-11-04,"4","3","2"
"19-18-202510-dev-seq-A","19","OA","18","202510-dev-tif/lm/18C/A/19/OA/1104-OA.csv",2025-11-04,"4","3","2"
"19-18-202510-dev-seq-A","19","OA","18","202510-dev-tif/lm/18C/A/19/OA/1104-OA.csv",2025-11-04,"4","3","2"
"19-18-202510-dev-seq-A","19","OA","18","202510-dev-tif/lm/18C/A/19/OA/1104-OA.csv",2025-11-04,"4","3","2"
"19-18-202510-dev-seq-A","19","OA","18","202510-dev-tif/lm/18C/A/19/OA/1106-OA-2.csv",2025-11-06,"6","3","3"
"19-18-202510-dev-seq-A","19","OA","18","202510-dev-tif/lm/18C/A/19/OA/1106-OA-2.csv",2025-11-06,"6","3","3"
"19-18-202510-dev-seq-A","19","OA","18","202510-dev-tif/lm/18C/A/19/OA/1106-OA-2.csv",2025-11-06,"6","3","3"
"19-18-202510-dev-seq-A","19","OA","18","202510-dev-tif/lm/18C/A/19/OA/1106-OA-2.csv",2025-11-06,"6","3","3"
"19-18-202510-dev-seq-A","19","OA","18","202510-dev-tif/lm/18C/A/19/OA/1108-OA.csv",2025-11-08,"6","3","2"
"19-18-202510-dev-seq-A","19","OA","18","202510-dev-tif/lm/18C/A/19/OA/1108-OA.csv",2025-11-08,"6","3","2"
"19-18-202510-dev-seq-A","19","OA","18","202510-dev-tif/lm/18C/A/19/OA/1108-OA.csv",2025-11-08,"6","3","2"
"19-18-202510-dev-seq-A","19","OA","18","202510-dev-tif/lm/18C/A/19/OA/1108-OA.csv",2025-11-08,"6","3","2"
"19-18-202510-dev-seq-A","19","OA","18","202510-dev-tif/lm/18C/A/19/OA/1110-OA.csv",2025-11-10,"6","4","3"
"19-18-202510-dev-seq-A","19","OA","18","202510-dev-tif/lm/18C/A/19/OA/1110-OA.csv",2025-11-10,"6","4","3"
"19-18-202510-dev-seq-A","19","OA","18","202510-dev-tif/lm/18C/A/19/OA/1110-OA.csv",2025-11-10,"6","4","3"
"19-18-202510-dev-seq-A","19","OA","18","202510-dev-tif/lm/18C/A/19/OA/1110-OA.csv",2025-11-10,"6","4","3"
"19-18-202510-dev-seq-A","19","OA","18","202510-dev-tif/lm/18C/A/19/OA/1112-OA-2.csv",2025-11-12,"6","4","3"
"19-18-202510-dev-seq-A","19","OA","18","202510-dev-tif/lm/18C/A/19/OA/1112-OA-2.csv",2025-11-12,"6","4","3"
"19-18-202510-dev-seq-A","19","OA","18","202510-dev-tif/lm/18C/A/19/OA/1112-OA-2.csv",2025-11-12,"6","4","3"
"19-18-202510-dev-seq-A","19","OA","18","202510-dev-tif/lm/18C/A/19/OA/1112-OA-2.csv",2025-11-12,"6","4","3"
"19-18-202510-dev-seq-A","19","OA","18","202510-dev-tif/lm/18C/A/19/OA/1114-OA-3.csv",2025-11-14,"8","5","4"
"19-18-202510-dev-seq-A","19","OA","18","202510-dev-tif/lm/18C/A/19/OA/1114-OA-3.csv",2025-11-14,"8","5","4"
"19-18-202510-dev-seq-A","19","OA","18","202510-dev-tif/lm/18C/A/19/OA/1114-OA-3.csv",2025-11-14,"8","5","4"
"19-18-202510-dev-seq-A","19","OA","18","202510-dev-tif/lm/18C/A/19/OA/1114-OA-3.csv",2025-11-14,"8","5","4"
"19-18-202510-dev-seq-A","19","OA","18","202510-dev-tif/lm/18C/A/19/OA/1116-OA-2.csv",2025-11-16,"9","5","4"
"19-18-202510-dev-seq-A","19","OA","18","202510-dev-tif/lm/18C/A/19/OA/1116-OA-2.csv",2025-11-16,"9","5","4"
"19-18-202510-dev-seq-A","19","OA","18","202510-dev-tif/lm/18C/A/19/OA/1116-OA-2.csv",2025-11-16,"9","5","4"
"19-18-202510-dev-seq-A","19","OA","18","202510-dev-tif/lm/18C/A/19/OA/1116-OA-2.csv",2025-11-16,"9","5","4"
"19-18-202510-dev-seq-A","19","OA","18","202510-dev-tif/lm/18C/A/19/OA/1118-OA-3.csv",2025-11-18,"9","5","4"
"19-18-202510-dev-seq-A","19","OA","18","202510-dev-tif/lm/18C/A/19/OA/1118-OA-3.csv",2025-11-18,"9","5","4"
"19-18-202510-dev-seq-A","19","OA","18","202510-dev-tif/lm/18C/A/19/OA/1118-OA-3.csv",2025-11-18,"9","5","4"
"19-18-202510-dev-seq-A","19","OA","18","202510-dev-tif/lm/18C/A/19/OA/1118-OA-3.csv",2025-11-18,"9","5","4"
"19-18-202510-dev-seq-A","19","OA","18","202510-dev-tif/lm/18C/A/19/OA/1120-OA-2.csv",2025-11-20,"9","5","4"
"19-18-202510-dev-seq-A","19","OA","18","202510-dev-tif/lm/18C/A/19/OA/1120-OA-2.csv",2025-11-20,"9","5","4"
"19-18-202510-dev-seq-A","19","OA","18","202510-dev-tif/lm/18C/A/19/OA/1120-OA-2.csv",2025-11-20,"9","5","4"
"19-18-202510-dev-seq-A","19","OA","18","202510-dev-tif/lm/18C/A/19/OA/1120-OA-2.csv",2025-11-20,"9","5","4"
"19-18-202510-dev-seq-A","19","OA","18","202510-dev-tif/lm/18C/A/19/OA/1121-OA-3.csv",2025-11-21,"9","5","4"
"19-18-202510-dev-seq-A","19","OA","18","202510-dev-tif/lm/18C/A/19/OA/1121-OA-3.csv",2025-11-21,"9","5","4"
"19-18-202510-dev-seq-A","19","OA","18","202510-dev-tif/lm/18C/A/19/OA/1121-OA-3.csv",2025-11-21,"9","5","4"
"19-18-202510-dev-seq-A","19","OA","18","202510-dev-tif/lm/18C/A/19/OA/1121-OA-3.csv",2025-11-21,"9","5","4"
"19-18-202510-dev-seq-A","19","OA","18","202510-dev-tif/lm/18C/A/19/OA/1122-OA-4.csv",2025-11-22,"9","6","4"
"19-18-202510-dev-seq-A","19","OA","18","202510-dev-tif/lm/18C/A/19/OA/1122-OA-4.csv",2025-11-22,"9","6","4"
"19-18-202510-dev-seq-A","19","OA","18","202510-dev-tif/lm/18C/A/19/OA/1122-OA-4.csv",2025-11-22,"9","6","4"
"19-18-202510-dev-seq-A","19","OA","18","202510-dev-tif/lm/18C/A/19/OA/1122-OA-4.csv",2025-11-22,"9","6","4"
"19-18-202510-dev-seq-A","19","OA","18","202510-dev-tif/lm/18C/A/19/OA/1124-OA-2.csv",2025-11-24,"8","4","4"
"19-18-202510-dev-seq-A","19","OA","18","202510-dev-tif/lm/18C/A/19/OA/1124-OA-2.csv",2025-11-24,"8","4","4"
"19-18-202510-dev-seq-A","19","OA","18","202510-dev-tif/lm/18C/A/19/OA/1124-OA-2.csv",2025-11-24,"8","4","4"
"19-18-202510-dev-seq-A","19","OA","18","202510-dev-tif/lm/18C/A/19/OA/1124-OA-2.csv",2025-11-24,"8","4","4"
"19-18-202510-dev-seq-A","19","PA","18","202510-dev-tif/lm/18C/A/19/PA/1023-PA.csv",2025-10-23,"1","1","1"
"19-18-202510-dev-seq-A","19","PA","18","202510-dev-tif/lm/18C/A/19/PA/1023-PA.csv",2025-10-23,"1","1","1"
"19-18-202510-dev-seq-A","19","PA","18","202510-dev-tif/lm/18C/A/19/PA/1023-PA.csv",2025-10-23,"1","1","1"
"19-18-202510-dev-seq-A","19","PA","18","202510-dev-tif/lm/18C/A/19/PA/1023-PA.csv",2025-10-23,"1","1","1"
"19-18-202510-dev-seq-A","19","PA","18","202510-dev-tif/lm/18C/A/19/PA/1023-PA.csv",2025-10-23,"1","1","1"
"19-18-202510-dev-seq-A","19","PA","18","202510-dev-tif/lm/18C/A/19/PA/1025-PA-2.csv",2025-10-25,"1","1","1"
"19-18-202510-dev-seq-A","19","PA","18","202510-dev-tif/lm/18C/A/19/PA/1025-PA-2.csv",2025-10-25,"1","1","1"
"19-18-202510-dev-seq-A","19","PA","18","202510-dev-tif/lm/18C/A/19/PA/1025-PA-2.csv",2025-10-25,"1","1","1"
"19-18-202510-dev-seq-A","19","PA","18","202510-dev-tif/lm/18C/A/19/PA/1025-PA-2.csv",2025-10-25,"1","1","1"
"19-18-202510-dev-seq-A","19","PA","18","202510-dev-tif/lm/18C/A/19/PA/1025-PA-2.csv",2025-10-25,"1","1","1"
"19-18-202510-dev-seq-A","19","PA","18","202510-dev-tif/lm/18C/A/19/PA/1027-PA-2.csv",2025-10-27,"2","1","1"
"19-18-202510-dev-seq-A","19","PA","18","202510-dev-tif/lm/18C/A/19/PA/1027-PA-2.csv",2025-10-27,"2","1","1"
"19-18-202510-dev-seq-A","19","PA","18","202510-dev-tif/lm/18C/A/19/PA/1027-PA-2.csv",2025-10-27,"2","1","1"
"19-18-202510-dev-seq-A","19","PA","18","202510-dev-tif/lm/18C/A/19/PA/1027-PA-2.csv",2025-10-27,"2","1","1"
"19-18-202510-dev-seq-A","19","PA","18","202510-dev-tif/lm/18C/A/19/PA/1027-PA-2.csv",2025-10-27,"2","1","1"
"19-18-202510-dev-seq-A","19","PA","18","202510-dev-tif/lm/18C/A/19/PA/1029-PA-4.csv",2025-10-29,"2","2","2"
"19-18-202510-dev-seq-A","19","PA","18","202510-dev-tif/lm/18C/A/19/PA/1029-PA-4.csv",2025-10-29,"2","2","2"
"19-18-202510-dev-seq-A","19","PA","18","202510-dev-tif/lm/18C/A/19/PA/1029-PA-4.csv",2025-10-29,"2","2","2"
"19-18-202510-dev-seq-A","19","PA","18","202510-dev-tif/lm/18C/A/19/PA/1029-PA-4.csv",2025-10-29,"2","2","2"
"19-18-202510-dev-seq-A","19","PA","18","202510-dev-tif/lm/18C/A/19/PA/1029-PA-4.csv",2025-10-29,"2","2","2"
"19-18-202510-dev-seq-A","19","PA","18","202510-dev-tif/lm/18C/A/19/PA/1031-PA-2.csv",2025-10-31,"3","2","2"
"19-18-202510-dev-seq-A","19","PA","18","202510-dev-tif/lm/18C/A/19/PA/1031-PA-2.csv",2025-10-31,"3","2","2"
"19-18-202510-dev-seq-A","19","PA","18","202510-dev-tif/lm/18C/A/19/PA/1031-PA-2.csv",2025-10-31,"3","2","2"
"19-18-202510-dev-seq-A","19","PA","18","202510-dev-tif/lm/18C/A/19/PA/1031-PA-2.csv",2025-10-31,"3","2","2"
"19-18-202510-dev-seq-A","19","PA","18","202510-dev-tif/lm/18C/A/19/PA/1031-PA-2.csv",2025-10-31,"3","2","2"
"19-18-202510-dev-seq-A","19","PA","18","202510-dev-tif/lm/18C/A/19/PA/1102-PA-4.csv",2025-11-02,"4","3","2"
"19-18-202510-dev-seq-A","19","PA","18","202510-dev-tif/lm/18C/A/19/PA/1102-PA-4.csv",2025-11-02,"4","3","2"
"19-18-202510-dev-seq-A","19","PA","18","202510-dev-tif/lm/18C/A/19/PA/1102-PA-4.csv",2025-11-02,"4","3","2"
"19-18-202510-dev-seq-A","19","PA","18","202510-dev-tif/lm/18C/A/19/PA/1102-PA-4.csv",2025-11-02,"4","3","2"
"19-18-202510-dev-seq-A","19","PA","18","202510-dev-tif/lm/18C/A/19/PA/1102-PA-4.csv",2025-11-02,"4","3","2"
"19-18-202510-dev-seq-A","19","PA","18","202510-dev-tif/lm/18C/A/19/PA/1104-PA-2.csv",2025-11-04,"4","3","2"
"19-18-202510-dev-seq-A","19","PA","18","202510-dev-tif/lm/18C/A/19/PA/1104-PA-2.csv",2025-11-04,"4","3","2"
"19-18-202510-dev-seq-A","19","PA","18","202510-dev-tif/lm/18C/A/19/PA/1104-PA-2.csv",2025-11-04,"4","3","2"
"19-18-202510-dev-seq-A","19","PA","18","202510-dev-tif/lm/18C/A/19/PA/1104-PA-2.csv",2025-11-04,"4","3","2"
"19-18-202510-dev-seq-A","19","PA","18","202510-dev-tif/lm/18C/A/19/PA/1104-PA-2.csv",2025-11-04,"4","3","2"
"19-18-202510-dev-seq-A","19","PA","18","202510-dev-tif/lm/18C/A/19/PA/1106-PA-2.csv",2025-11-06,"6","3","3"
"19-18-202510-dev-seq-A","19","PA","18","202510-dev-tif/lm/18C/A/19/PA/1106-PA-2.csv",2025-11-06,"6","3","3"
"19-18-202510-dev-seq-A","19","PA","18","202510-dev-tif/lm/18C/A/19/PA/1106-PA-2.csv",2025-11-06,"6","3","3"
"19-18-202510-dev-seq-A","19","PA","18","202510-dev-tif/lm/18C/A/19/PA/1106-PA-2.csv",2025-11-06,"6","3","3"
"19-18-202510-dev-seq-A","19","PA","18","202510-dev-tif/lm/18C/A/19/PA/1106-PA-2.csv",2025-11-06,"6","3","3"
"19-18-202510-dev-seq-A","19","PA","18","202510-dev-tif/lm/18C/A/19/PA/1108-PA-2.csv",2025-11-08,"6","3","2"
"19-18-202510-dev-seq-A","19","PA","18","202510-dev-tif/lm/18C/A/19/PA/1108-PA-2.csv",2025-11-08,"6","3","2"
"19-18-202510-dev-seq-A","19","PA","18","202510-dev-tif/lm/18C/A/19/PA/1108-PA-2.csv",2025-11-08,"6","3","2"
"19-18-202510-dev-seq-A","19","PA","18","202510-dev-tif/lm/18C/A/19/PA/1108-PA-2.csv",2025-11-08,"6","3","2"
"19-18-202510-dev-seq-A","19","PA","18","202510-dev-tif/lm/18C/A/19/PA/1108-PA-2.csv",2025-11-08,"6","3","2"
"19-18-202510-dev-seq-A","19","PA","18","202510-dev-tif/lm/18C/A/19/PA/1110-PA-3.csv",2025-11-10,"6","4","3"
"19-18-202510-dev-seq-A","19","PA","18","202510-dev-tif/lm/18C/A/19/PA/1110-PA-3.csv",2025-11-10,"6","4","3"
"19-18-202510-dev-seq-A","19","PA","18","202510-dev-tif/lm/18C/A/19/PA/1110-PA-3.csv",2025-11-10,"6","4","3"
"19-18-202510-dev-seq-A","19","PA","18","202510-dev-tif/lm/18C/A/19/PA/1110-PA-3.csv",2025-11-10,"6","4","3"
"19-18-202510-dev-seq-A","19","PA","18","202510-dev-tif/lm/18C/A/19/PA/1110-PA-3.csv",2025-11-10,"6","4","3"
"19-18-202510-dev-seq-A","19","PA","18","202510-dev-tif/lm/18C/A/19/PA/1112-PA-3.csv",2025-11-12,"6","4","3"
"19-18-202510-dev-seq-A","19","PA","18","202510-dev-tif/lm/18C/A/19/PA/1112-PA-3.csv",2025-11-12,"6","4","3"
"19-18-202510-dev-seq-A","19","PA","18","202510-dev-tif/lm/18C/A/19/PA/1112-PA-3.csv",2025-11-12,"6","4","3"
"19-18-202510-dev-seq-A","19","PA","18","202510-dev-tif/lm/18C/A/19/PA/1112-PA-3.csv",2025-11-12,"6","4","3"
"19-18-202510-dev-seq-A","19","PA","18","202510-dev-tif/lm/18C/A/19/PA/1112-PA-3.csv",2025-11-12,"6","4","3"
"19-18-202510-dev-seq-A","19","PA","18","202510-dev-tif/lm/18C/A/19/PA/1114-PA-3.csv",2025-11-14,"8","5","4"
"19-18-202510-dev-seq-A","19","PA","18","202510-dev-tif/lm/18C/A/19/PA/1114-PA-3.csv",2025-11-14,"8","5","4"
"19-18-202510-dev-seq-A","19","PA","18","202510-dev-tif/lm/18C/A/19/PA/1114-PA-3.csv",2025-11-14,"8","5","4"
"19-18-202510-dev-seq-A","19","PA","18","202510-dev-tif/lm/18C/A/19/PA/1114-PA-3.csv",2025-11-14,"8","5","4"
"19-18-202510-dev-seq-A","19","PA","18","202510-dev-tif/lm/18C/A/19/PA/1114-PA-3.csv",2025-11-14,"8","5","4"
"19-18-202510-dev-seq-A","19","PA","18","202510-dev-tif/lm/18C/A/19/PA/1116-PA.csv",2025-11-16,"9","5","4"
"19-18-202510-dev-seq-A","19","PA","18","202510-dev-tif/lm/18C/A/19/PA/1116-PA.csv",2025-11-16,"9","5","4"
"19-18-202510-dev-seq-A","19","PA","18","202510-dev-tif/lm/18C/A/19/PA/1116-PA.csv",2025-11-16,"9","5","4"
"19-18-202510-dev-seq-A","19","PA","18","202510-dev-tif/lm/18C/A/19/PA/1116-PA.csv",2025-11-16,"9","5","4"
"19-18-202510-dev-seq-A","19","PA","18","202510-dev-tif/lm/18C/A/19/PA/1116-PA.csv",2025-11-16,"9","5","4"
"19-18-202510-dev-seq-A","19","PA","18","202510-dev-tif/lm/18C/A/19/PA/1118-PA-3.csv",2025-11-18,"9","5","4"
"19-18-202510-dev-seq-A","19","PA","18","202510-dev-tif/lm/18C/A/19/PA/1118-PA-3.csv",2025-11-18,"9","5","4"
"19-18-202510-dev-seq-A","19","PA","18","202510-dev-tif/lm/18C/A/19/PA/1118-PA-3.csv",2025-11-18,"9","5","4"
"19-18-202510-dev-seq-A","19","PA","18","202510-dev-tif/lm/18C/A/19/PA/1118-PA-3.csv",2025-11-18,"9","5","4"
"19-18-202510-dev-seq-A","19","PA","18","202510-dev-tif/lm/18C/A/19/PA/1118-PA-3.csv",2025-11-18,"9","5","4"
"19-18-202510-dev-seq-A","19","PA","18","202510-dev-tif/lm/18C/A/19/PA/1120-PA-5.csv",2025-11-20,"9","5","4"
"19-18-202510-dev-seq-A","19","PA","18","202510-dev-tif/lm/18C/A/19/PA/1120-PA-5.csv",2025-11-20,"9","5","4"
"19-18-202510-dev-seq-A","19","PA","18","202510-dev-tif/lm/18C/A/19/PA/1120-PA-5.csv",2025-11-20,"9","5","4"
"19-18-202510-dev-seq-A","19","PA","18","202510-dev-tif/lm/18C/A/19/PA/1120-PA-5.csv",2025-11-20,"9","5","4"
"19-18-202510-dev-seq-A","19","PA","18","202510-dev-tif/lm/18C/A/19/PA/1120-PA-5.csv",2025-11-20,"9","5","4"
"19-18-202510-dev-seq-A","19","PA","18","202510-dev-tif/lm/18C/A/19/PA/1121-PA-3.csv",2025-11-21,"9","5","4"
"19-18-202510-dev-seq-A","19","PA","18","202510-dev-tif/lm/18C/A/19/PA/1121-PA-3.csv",2025-11-21,"9","5","4"
"19-18-202510-dev-seq-A","19","PA","18","202510-dev-tif/lm/18C/A/19/PA/1121-PA-3.csv",2025-11-21,"9","5","4"
"19-18-202510-dev-seq-A","19","PA","18","202510-dev-tif/lm/18C/A/19/PA/1121-PA-3.csv",2025-11-21,"9","5","4"
"19-18-202510-dev-seq-A","19","PA","18","202510-dev-tif/lm/18C/A/19/PA/1121-PA-3.csv",2025-11-21,"9","5","4"
"19-18-202510-dev-seq-A","19","PA","18","202510-dev-tif/lm/18C/A/19/PA/1122-PA-3.csv",2025-11-22,"9","6","4"
"19-18-202510-dev-seq-A","19","PA","18","202510-dev-tif/lm/18C/A/19/PA/1122-PA-3.csv",2025-11-22,"9","6","4"
"19-18-202510-dev-seq-A","19","PA","18","202510-dev-tif/lm/18C/A/19/PA/1122-PA-3.csv",2025-11-22,"9","6","4"
"19-18-202510-dev-seq-A","19","PA","18","202510-dev-tif/lm/18C/A/19/PA/1122-PA-3.csv",2025-11-22,"9","6","4"
"19-18-202510-dev-seq-A","19","PA","18","202510-dev-tif/lm/18C/A/19/PA/1122-PA-3.csv",2025-11-22,"9","6","4"
"19-18-202510-dev-seq-A","19","PA","18","202510-dev-tif/lm/18C/A/19/PA/1124-PA-3.csv",2025-11-24,"8","4","4"
"19-18-202510-dev-seq-A","19","PA","18","202510-dev-tif/lm/18C/A/19/PA/1124-PA-3.csv",2025-11-24,"8","4","4"
"19-18-202510-dev-seq-A","19","PA","18","202510-dev-tif/lm/18C/A/19/PA/1124-PA-3.csv",2025-11-24,"8","4","4"
"19-18-202510-dev-seq-A","19","PA","18","202510-dev-tif/lm/18C/A/19/PA/1124-PA-3.csv",2025-11-24,"8","4","4"
"19-18-202510-dev-seq-A","19","PA","18","202510-dev-tif/lm/18C/A/19/PA/1124-PA-3.csv",2025-11-24,"8","4","4"
"19-18-202510-dev-seq-A","19","TA","18","202510-dev-tif/lm/18C/A/19/TA/1023-TA.csv",2025-10-23,"1","1","1"
"19-18-202510-dev-seq-A","19","TA","18","202510-dev-tif/lm/18C/A/19/TA/1023-TA.csv",2025-10-23,"1","1","1"
"19-18-202510-dev-seq-A","19","TA","18","202510-dev-tif/lm/18C/A/19/TA/1023-TA.csv",2025-10-23,"1","1","1"
"19-18-202510-dev-seq-A","19","TA","18","202510-dev-tif/lm/18C/A/19/TA/1023-TA.csv",2025-10-23,"1","1","1"
"19-18-202510-dev-seq-A","19","TA","18","202510-dev-tif/lm/18C/A/19/TA/1023-TA.csv",2025-10-23,"1","1","1"
"19-18-202510-dev-seq-A","19","TA","18","202510-dev-tif/lm/18C/A/19/TA/1023-TA.csv",2025-10-23,"1","1","1"
"19-18-202510-dev-seq-A","19","TA","18","202510-dev-tif/lm/18C/A/19/TA/1023-TA.csv",2025-10-23,"1","1","1"
"19-18-202510-dev-seq-A","19","TA","18","202510-dev-tif/lm/18C/A/19/TA/1023-TA.csv",2025-10-23,"1","1","1"
"19-18-202510-dev-seq-A","19","TA","18","202510-dev-tif/lm/18C/A/19/TA/1025-TA.csv",2025-10-25,"1","1","1"
"19-18-202510-dev-seq-A","19","TA","18","202510-dev-tif/lm/18C/A/19/TA/1025-TA.csv",2025-10-25,"1","1","1"
"19-18-202510-dev-seq-A","19","TA","18","202510-dev-tif/lm/18C/A/19/TA/1025-TA.csv",2025-10-25,"1","1","1"
"19-18-202510-dev-seq-A","19","TA","18","202510-dev-tif/lm/18C/A/19/TA/1025-TA.csv",2025-10-25,"1","1","1"
"19-18-202510-dev-seq-A","19","TA","18","202510-dev-tif/lm/18C/A/19/TA/1025-TA.csv",2025-10-25,"1","1","1"
"19-18-202510-dev-seq-A","19","TA","18","202510-dev-tif/lm/18C/A/19/TA/1025-TA.csv",2025-10-25,"1","1","1"
"19-18-202510-dev-seq-A","19","TA","18","202510-dev-tif/lm/18C/A/19/TA/1025-TA.csv",2025-10-25,"1","1","1"
"19-18-202510-dev-seq-A","19","TA","18","202510-dev-tif/lm/18C/A/19/TA/1025-TA.csv",2025-10-25,"1","1","1"
"19-18-202510-dev-seq-A","19","TA","18","202510-dev-tif/lm/18C/A/19/TA/1027-TA.csv",2025-10-27,"2","1","1"
"19-18-202510-dev-seq-A","19","TA","18","202510-dev-tif/lm/18C/A/19/TA/1027-TA.csv",2025-10-27,"2","1","1"
"19-18-202510-dev-seq-A","19","TA","18","202510-dev-tif/lm/18C/A/19/TA/1027-TA.csv",2025-10-27,"2","1","1"
"19-18-202510-dev-seq-A","19","TA","18","202510-dev-tif/lm/18C/A/19/TA/1027-TA.csv",2025-10-27,"2","1","1"
"19-18-202510-dev-seq-A","19","TA","18","202510-dev-tif/lm/18C/A/19/TA/1027-TA.csv",2025-10-27,"2","1","1"
"19-18-202510-dev-seq-A","19","TA","18","202510-dev-tif/lm/18C/A/19/TA/1027-TA.csv",2025-10-27,"2","1","1"
"19-18-202510-dev-seq-A","19","TA","18","202510-dev-tif/lm/18C/A/19/TA/1027-TA.csv",2025-10-27,"2","1","1"
"19-18-202510-dev-seq-A","19","TA","18","202510-dev-tif/lm/18C/A/19/TA/1027-TA.csv",2025-10-27,"2","1","1"
"19-18-202510-dev-seq-A","19","TA","18","202510-dev-tif/lm/18C/A/19/TA/1029-TA.csv",2025-10-29,"2","2","2"
"19-18-202510-dev-seq-A","19","TA","18","202510-dev-tif/lm/18C/A/19/TA/1029-TA.csv",2025-10-29,"2","2","2"
"19-18-202510-dev-seq-A","19","TA","18","202510-dev-tif/lm/18C/A/19/TA/1029-TA.csv",2025-10-29,"2","2","2"
"19-18-202510-dev-seq-A","19","TA","18","202510-dev-tif/lm/18C/A/19/TA/1029-TA.csv",2025-10-29,"2","2","2"
"19-18-202510-dev-seq-A","19","TA","18","202510-dev-tif/lm/18C/A/19/TA/1029-TA.csv",2025-10-29,"2","2","2"
"19-18-202510-dev-seq-A","19","TA","18","202510-dev-tif/lm/18C/A/19/TA/1029-TA.csv",2025-10-29,"2","2","2"
"19-18-202510-dev-seq-A","19","TA","18","202510-dev-tif/lm/18C/A/19/TA/1029-TA.csv",2025-10-29,"2","2","2"
"19-18-202510-dev-seq-A","19","TA","18","202510-dev-tif/lm/18C/A/19/TA/1029-TA.csv",2025-10-29,"2","2","2"
"19-18-202510-dev-seq-A","19","TA","18","202510-dev-tif/lm/18C/A/19/TA/1031-TA-3.csv",2025-10-31,"3","2","2"
"19-18-202510-dev-seq-A","19","TA","18","202510-dev-tif/lm/18C/A/19/TA/1031-TA-3.csv",2025-10-31,"3","2","2"
"19-18-202510-dev-seq-A","19","TA","18","202510-dev-tif/lm/18C/A/19/TA/1031-TA-3.csv",2025-10-31,"3","2","2"
"19-18-202510-dev-seq-A","19","TA","18","202510-dev-tif/lm/18C/A/19/TA/1031-TA-3.csv",2025-10-31,"3","2","2"
"19-18-202510-dev-seq-A","19","TA","18","202510-dev-tif/lm/18C/A/19/TA/1031-TA-3.csv",2025-10-31,"3","2","2"
"19-18-202510-dev-seq-A","19","TA","18","202510-dev-tif/lm/18C/A/19/TA/1031-TA-3.csv",2025-10-31,"3","2","2"
"19-18-202510-dev-seq-A","19","TA","18","202510-dev-tif/lm/18C/A/19/TA/1031-TA-3.csv",2025-10-31,"3","2","2"
"19-18-202510-dev-seq-A","19","TA","18","202510-dev-tif/lm/18C/A/19/TA/1031-TA-3.csv",2025-10-31,"3","2","2"
"19-18-202510-dev-seq-A","19","TA","18","202510-dev-tif/lm/18C/A/19/TA/1102-TA-3.csv",2025-11-02,"4","3","2"
"19-18-202510-dev-seq-A","19","TA","18","202510-dev-tif/lm/18C/A/19/TA/1102-TA-3.csv",2025-11-02,"4","3","2"
"19-18-202510-dev-seq-A","19","TA","18","202510-dev-tif/lm/18C/A/19/TA/1102-TA-3.csv",2025-11-02,"4","3","2"
"19-18-202510-dev-seq-A","19","TA","18","202510-dev-tif/lm/18C/A/19/TA/1102-TA-3.csv",2025-11-02,"4","3","2"
"19-18-202510-dev-seq-A","19","TA","18","202510-dev-tif/lm/18C/A/19/TA/1102-TA-3.csv",2025-11-02,"4","3","2"
"19-18-202510-dev-seq-A","19","TA","18","202510-dev-tif/lm/18C/A/19/TA/1102-TA-3.csv",2025-11-02,"4","3","2"
"19-18-202510-dev-seq-A","19","TA","18","202510-dev-tif/lm/18C/A/19/TA/1102-TA-3.csv",2025-11-02,"4","3","2"
"19-18-202510-dev-seq-A","19","TA","18","202510-dev-tif/lm/18C/A/19/TA/1102-TA-3.csv",2025-11-02,"4","3","2"
"19-18-202510-dev-seq-A","19","TA","18","202510-dev-tif/lm/18C/A/19/TA/1104-TA.csv",2025-11-04,"4","3","2"
"19-18-202510-dev-seq-A","19","TA","18","202510-dev-tif/lm/18C/A/19/TA/1104-TA.csv",2025-11-04,"4","3","2"
"19-18-202510-dev-seq-A","19","TA","18","202510-dev-tif/lm/18C/A/19/TA/1104-TA.csv",2025-11-04,"4","3","2"
"19-18-202510-dev-seq-A","19","TA","18","202510-dev-tif/lm/18C/A/19/TA/1104-TA.csv",2025-11-04,"4","3","2"
"19-18-202510-dev-seq-A","19","TA","18","202510-dev-tif/lm/18C/A/19/TA/1104-TA.csv",2025-11-04,"4","3","2"
"19-18-202510-dev-seq-A","19","TA","18","202510-dev-tif/lm/18C/A/19/TA/1104-TA.csv",2025-11-04,"4","3","2"
"19-18-202510-dev-seq-A","19","TA","18","202510-dev-tif/lm/18C/A/19/TA/1104-TA.csv",2025-11-04,"4","3","2"
"19-18-202510-dev-seq-A","19","TA","18","202510-dev-tif/lm/18C/A/19/TA/1104-TA.csv",2025-11-04,"4","3","2"
"19-18-202510-dev-seq-A","19","TA","18","202510-dev-tif/lm/18C/A/19/TA/1106-TA-3.csv",2025-11-06,"6","3","3"
"19-18-202510-dev-seq-A","19","TA","18","202510-dev-tif/lm/18C/A/19/TA/1106-TA-3.csv",2025-11-06,"6","3","3"
"19-18-202510-dev-seq-A","19","TA","18","202510-dev-tif/lm/18C/A/19/TA/1106-TA-3.csv",2025-11-06,"6","3","3"
"19-18-202510-dev-seq-A","19","TA","18","202510-dev-tif/lm/18C/A/19/TA/1106-TA-3.csv",2025-11-06,"6","3","3"
"19-18-202510-dev-seq-A","19","TA","18","202510-dev-tif/lm/18C/A/19/TA/1106-TA-3.csv",2025-11-06,"6","3","3"
"19-18-202510-dev-seq-A","19","TA","18","202510-dev-tif/lm/18C/A/19/TA/1106-TA-3.csv",2025-11-06,"6","3","3"
"19-18-202510-dev-seq-A","19","TA","18","202510-dev-tif/lm/18C/A/19/TA/1106-TA-3.csv",2025-11-06,"6","3","3"
"19-18-202510-dev-seq-A","19","TA","18","202510-dev-tif/lm/18C/A/19/TA/1106-TA-3.csv",2025-11-06,"6","3","3"
"19-18-202510-dev-seq-A","19","TA","18","202510-dev-tif/lm/18C/A/19/TA/1108-TA-3.csv",2025-11-08,"6","3","2"
"19-18-202510-dev-seq-A","19","TA","18","202510-dev-tif/lm/18C/A/19/TA/1108-TA-3.csv",2025-11-08,"6","3","2"
"19-18-202510-dev-seq-A","19","TA","18","202510-dev-tif/lm/18C/A/19/TA/1108-TA-3.csv",2025-11-08,"6","3","2"
"19-18-202510-dev-seq-A","19","TA","18","202510-dev-tif/lm/18C/A/19/TA/1108-TA-3.csv",2025-11-08,"6","3","2"
"19-18-202510-dev-seq-A","19","TA","18","202510-dev-tif/lm/18C/A/19/TA/1108-TA-3.csv",2025-11-08,"6","3","2"
"19-18-202510-dev-seq-A","19","TA","18","202510-dev-tif/lm/18C/A/19/TA/1108-TA-3.csv",2025-11-08,"6","3","2"
"19-18-202510-dev-seq-A","19","TA","18","202510-dev-tif/lm/18C/A/19/TA/1108-TA-3.csv",2025-11-08,"6","3","2"
"19-18-202510-dev-seq-A","19","TA","18","202510-dev-tif/lm/18C/A/19/TA/1108-TA-3.csv",2025-11-08,"6","3","2"
"19-18-202510-dev-seq-A","19","TA","18","202510-dev-tif/lm/18C/A/19/TA/1110-TA-3.csv",2025-11-10,"6","4","3"
"19-18-202510-dev-seq-A","19","TA","18","202510-dev-tif/lm/18C/A/19/TA/1110-TA-3.csv",2025-11-10,"6","4","3"
"19-18-202510-dev-seq-A","19","TA","18","202510-dev-tif/lm/18C/A/19/TA/1110-TA-3.csv",2025-11-10,"6","4","3"
"19-18-202510-dev-seq-A","19","TA","18","202510-dev-tif/lm/18C/A/19/TA/1110-TA-3.csv",2025-11-10,"6","4","3"
"19-18-202510-dev-seq-A","19","TA","18","202510-dev-tif/lm/18C/A/19/TA/1110-TA-3.csv",2025-11-10,"6","4","3"
"19-18-202510-dev-seq-A","19","TA","18","202510-dev-tif/lm/18C/A/19/TA/1110-TA-3.csv",2025-11-10,"6","4","3"
"19-18-202510-dev-seq-A","19","TA","18","202510-dev-tif/lm/18C/A/19/TA/1110-TA-3.csv",2025-11-10,"6","4","3"
"19-18-202510-dev-seq-A","19","TA","18","202510-dev-tif/lm/18C/A/19/TA/1110-TA-3.csv",2025-11-10,"6","4","3"
"19-18-202510-dev-seq-A","19","TA","18","202510-dev-tif/lm/18C/A/19/TA/1112-TA-2.csv",2025-11-12,"6","4","3"
"19-18-202510-dev-seq-A","19","TA","18","202510-dev-tif/lm/18C/A/19/TA/1112-TA-2.csv",2025-11-12,"6","4","3"
"19-18-202510-dev-seq-A","19","TA","18","202510-dev-tif/lm/18C/A/19/TA/1112-TA-2.csv",2025-11-12,"6","4","3"
"19-18-202510-dev-seq-A","19","TA","18","202510-dev-tif/lm/18C/A/19/TA/1112-TA-2.csv",2025-11-12,"6","4","3"
"19-18-202510-dev-seq-A","19","TA","18","202510-dev-tif/lm/18C/A/19/TA/1112-TA-2.csv",2025-11-12,"6","4","3"
"19-18-202510-dev-seq-A","19","TA","18","202510-dev-tif/lm/18C/A/19/TA/1112-TA-2.csv",2025-11-12,"6","4","3"
"19-18-202510-dev-seq-A","19","TA","18","202510-dev-tif/lm/18C/A/19/TA/1112-TA-2.csv",2025-11-12,"6","4","3"
"19-18-202510-dev-seq-A","19","TA","18","202510-dev-tif/lm/18C/A/19/TA/1112-TA-2.csv",2025-11-12,"6","4","3"
"19-18-202510-dev-seq-A","19","TA","18","202510-dev-tif/lm/18C/A/19/TA/1114-TA-4.csv",2025-11-14,"8","5","4"
"19-18-202510-dev-seq-A","19","TA","18","202510-dev-tif/lm/18C/A/19/TA/1114-TA-4.csv",2025-11-14,"8","5","4"
"19-18-202510-dev-seq-A","19","TA","18","202510-dev-tif/lm/18C/A/19/TA/1114-TA-4.csv",2025-11-14,"8","5","4"
"19-18-202510-dev-seq-A","19","TA","18","202510-dev-tif/lm/18C/A/19/TA/1114-TA-4.csv",2025-11-14,"8","5","4"
"19-18-202510-dev-seq-A","19","TA","18","202510-dev-tif/lm/18C/A/19/TA/1114-TA-4.csv",2025-11-14,"8","5","4"
"19-18-202510-dev-seq-A","19","TA","18","202510-dev-tif/lm/18C/A/19/TA/1114-TA-4.csv",2025-11-14,"8","5","4"
"19-18-202510-dev-seq-A","19","TA","18","202510-dev-tif/lm/18C/A/19/TA/1114-TA-4.csv",2025-11-14,"8","5","4"
"19-18-202510-dev-seq-A","19","TA","18","202510-dev-tif/lm/18C/A/19/TA/1114-TA-4.csv",2025-11-14,"8","5","4"
"19-18-202510-dev-seq-A","19","TA","18","202510-dev-tif/lm/18C/A/19/TA/1116-TA-4.csv",2025-11-16,"9","5","4"
"19-18-202510-dev-seq-A","19","TA","18","202510-dev-tif/lm/18C/A/19/TA/1116-TA-4.csv",2025-11-16,"9","5","4"
"19-18-202510-dev-seq-A","19","TA","18","202510-dev-tif/lm/18C/A/19/TA/1116-TA-4.csv",2025-11-16,"9","5","4"
"19-18-202510-dev-seq-A","19","TA","18","202510-dev-tif/lm/18C/A/19/TA/1116-TA-4.csv",2025-11-16,"9","5","4"
"19-18-202510-dev-seq-A","19","TA","18","202510-dev-tif/lm/18C/A/19/TA/1116-TA-4.csv",2025-11-16,"9","5","4"
"19-18-202510-dev-seq-A","19","TA","18","202510-dev-tif/lm/18C/A/19/TA/1116-TA-4.csv",2025-11-16,"9","5","4"
"19-18-202510-dev-seq-A","19","TA","18","202510-dev-tif/lm/18C/A/19/TA/1116-TA-4.csv",2025-11-16,"9","5","4"
"19-18-202510-dev-seq-A","19","TA","18","202510-dev-tif/lm/18C/A/19/TA/1116-TA-4.csv",2025-11-16,"9","5","4"
"19-18-202510-dev-seq-A","19","TA","18","202510-dev-tif/lm/18C/A/19/TA/1118-TA-4.csv",2025-11-18,"9","5","4"
"19-18-202510-dev-seq-A","19","TA","18","202510-dev-tif/lm/18C/A/19/TA/1118-TA-4.csv",2025-11-18,"9","5","4"
"19-18-202510-dev-seq-A","19","TA","18","202510-dev-tif/lm/18C/A/19/TA/1118-TA-4.csv",2025-11-18,"9","5","4"
"19-18-202510-dev-seq-A","19","TA","18","202510-dev-tif/lm/18C/A/19/TA/1118-TA-4.csv",2025-11-18,"9","5","4"
"19-18-202510-dev-seq-A","19","TA","18","202510-dev-tif/lm/18C/A/19/TA/1118-TA-4.csv",2025-11-18,"9","5","4"
"19-18-202510-dev-seq-A","19","TA","18","202510-dev-tif/lm/18C/A/19/TA/1118-TA-4.csv",2025-11-18,"9","5","4"
"19-18-202510-dev-seq-A","19","TA","18","202510-dev-tif/lm/18C/A/19/TA/1118-TA-4.csv",2025-11-18,"9","5","4"
"19-18-202510-dev-seq-A","19","TA","18","202510-dev-tif/lm/18C/A/19/TA/1118-TA-4.csv",2025-11-18,"9","5","4"
"19-18-202510-dev-seq-A","19","TA","18","202510-dev-tif/lm/18C/A/19/TA/1120-TA-4.csv",2025-11-20,"9","5","4"
"19-18-202510-dev-seq-A","19","TA","18","202510-dev-tif/lm/18C/A/19/TA/1120-TA-4.csv",2025-11-20,"9","5","4"
"19-18-202510-dev-seq-A","19","TA","18","202510-dev-tif/lm/18C/A/19/TA/1120-TA-4.csv",2025-11-20,"9","5","4"
"19-18-202510-dev-seq-A","19","TA","18","202510-dev-tif/lm/18C/A/19/TA/1120-TA-4.csv",2025-11-20,"9","5","4"
"19-18-202510-dev-seq-A","19","TA","18","202510-dev-tif/lm/18C/A/19/TA/1120-TA-4.csv",2025-11-20,"9","5","4"
"19-18-202510-dev-seq-A","19","TA","18","202510-dev-tif/lm/18C/A/19/TA/1120-TA-4.csv",2025-11-20,"9","5","4"
"19-18-202510-dev-seq-A","19","TA","18","202510-dev-tif/lm/18C/A/19/TA/1120-TA-4.csv",2025-11-20,"9","5","4"
"19-18-202510-dev-seq-A","19","TA","18","202510-dev-tif/lm/18C/A/19/TA/1120-TA-4.csv",2025-11-20,"9","5","4"
"19-18-202510-dev-seq-A","19","TA","18","202510-dev-tif/lm/18C/A/19/TA/1121-TA-4.csv",2025-11-21,"9","5","4"
"19-18-202510-dev-seq-A","19","TA","18","202510-dev-tif/lm/18C/A/19/TA/1121-TA-4.csv",2025-11-21,"9","5","4"
"19-18-202510-dev-seq-A","19","TA","18","202510-dev-tif/lm/18C/A/19/TA/1121-TA-4.csv",2025-11-21,"9","5","4"
"19-18-202510-dev-seq-A","19","TA","18","202510-dev-tif/lm/18C/A/19/TA/1121-TA-4.csv",2025-11-21,"9","5","4"
"19-18-202510-dev-seq-A","19","TA","18","202510-dev-tif/lm/18C/A/19/TA/1121-TA-4.csv",2025-11-21,"9","5","4"
"19-18-202510-dev-seq-A","19","TA","18","202510-dev-tif/lm/18C/A/19/TA/1121-TA-4.csv",2025-11-21,"9","5","4"
"19-18-202510-dev-seq-A","19","TA","18","202510-dev-tif/lm/18C/A/19/TA/1121-TA-4.csv",2025-11-21,"9","5","4"
"19-18-202510-dev-seq-A","19","TA","18","202510-dev-tif/lm/18C/A/19/TA/1121-TA-4.csv",2025-11-21,"9","5","4"
"19-18-202510-dev-seq-A","19","TA","18","202510-dev-tif/lm/18C/A/19/TA/1122-TA-4.csv",2025-11-22,"9","6","4"
"19-18-202510-dev-seq-A","19","TA","18","202510-dev-tif/lm/18C/A/19/TA/1122-TA-4.csv",2025-11-22,"9","6","4"
"19-18-202510-dev-seq-A","19","TA","18","202510-dev-tif/lm/18C/A/19/TA/1122-TA-4.csv",2025-11-22,"9","6","4"
"19-18-202510-dev-seq-A","19","TA","18","202510-dev-tif/lm/18C/A/19/TA/1122-TA-4.csv",2025-11-22,"9","6","4"
"19-18-202510-dev-seq-A","19","TA","18","202510-dev-tif/lm/18C/A/19/TA/1122-TA-4.csv",2025-11-22,"9","6","4"
"19-18-202510-dev-seq-A","19","TA","18","202510-dev-tif/lm/18C/A/19/TA/1122-TA-4.csv",2025-11-22,"9","6","4"
"19-18-202510-dev-seq-A","19","TA","18","202510-dev-tif/lm/18C/A/19/TA/1122-TA-4.csv",2025-11-22,"9","6","4"
"19-18-202510-dev-seq-A","19","TA","18","202510-dev-tif/lm/18C/A/19/TA/1122-TA-4.csv",2025-11-22,"9","6","4"
"19-18-202510-dev-seq-A","19","TA","18","202510-dev-tif/lm/18C/A/19/TA/1124-TA-2.csv",2025-11-24,"8","4","4"
"19-18-202510-dev-seq-A","19","TA","18","202510-dev-tif/lm/18C/A/19/TA/1124-TA-2.csv",2025-11-24,"8","4","4"
"19-18-202510-dev-seq-A","19","TA","18","202510-dev-tif/lm/18C/A/19/TA/1124-TA-2.csv",2025-11-24,"8","4","4"
"19-18-202510-dev-seq-A","19","TA","18","202510-dev-tif/lm/18C/A/19/TA/1124-TA-2.csv",2025-11-24,"8","4","4"
"19-18-202510-dev-seq-A","19","TA","18","202510-dev-tif/lm/18C/A/19/TA/1124-TA-2.csv",2025-11-24,"8","4","4"
"19-18-202510-dev-seq-A","19","TA","18","202510-dev-tif/lm/18C/A/19/TA/1124-TA-2.csv",2025-11-24,"8","4","4"
"19-18-202510-dev-seq-A","19","TA","18","202510-dev-tif/lm/18C/A/19/TA/1124-TA-2.csv",2025-11-24,"8","4","4"
"19-18-202510-dev-seq-A","19","TA","18","202510-dev-tif/lm/18C/A/19/TA/1124-TA-2.csv",2025-11-24,"8","4","4"
"22-18-202510-dev-seq-A","22","OA","18","202510-dev-tif/lm/18C/A/22/OA/1025-OA.csv",2025-10-25,"1","1","1"
"22-18-202510-dev-seq-A","22","OA","18","202510-dev-tif/lm/18C/A/22/OA/1025-OA.csv",2025-10-25,"1","1","1"
"22-18-202510-dev-seq-A","22","OA","18","202510-dev-tif/lm/18C/A/22/OA/1025-OA.csv",2025-10-25,"1","1","1"
"22-18-202510-dev-seq-A","22","OA","18","202510-dev-tif/lm/18C/A/22/OA/1025-OA.csv",2025-10-25,"1","1","1"
"22-18-202510-dev-seq-A","22","OA","18","202510-dev-tif/lm/18C/A/22/OA/1027-OA-2.csv",2025-10-27,"1","1","1"
"22-18-202510-dev-seq-A","22","OA","18","202510-dev-tif/lm/18C/A/22/OA/1027-OA-2.csv",2025-10-27,"1","1","1"
"22-18-202510-dev-seq-A","22","OA","18","202510-dev-tif/lm/18C/A/22/OA/1027-OA-2.csv",2025-10-27,"1","1","1"
"22-18-202510-dev-seq-A","22","OA","18","202510-dev-tif/lm/18C/A/22/OA/1027-OA-2.csv",2025-10-27,"1","1","1"
"22-18-202510-dev-seq-A","22","OA","18","202510-dev-tif/lm/18C/A/22/OA/1029-OA-2.csv",2025-10-29,"2","2","1"
"22-18-202510-dev-seq-A","22","OA","18","202510-dev-tif/lm/18C/A/22/OA/1029-OA-2.csv",2025-10-29,"2","2","1"
"22-18-202510-dev-seq-A","22","OA","18","202510-dev-tif/lm/18C/A/22/OA/1029-OA-2.csv",2025-10-29,"2","2","1"
"22-18-202510-dev-seq-A","22","OA","18","202510-dev-tif/lm/18C/A/22/OA/1029-OA-2.csv",2025-10-29,"2","2","1"
"22-18-202510-dev-seq-A","22","OA","18","202510-dev-tif/lm/18C/A/22/OA/1031-OA.csv",2025-10-31,"3","2","2"
"22-18-202510-dev-seq-A","22","OA","18","202510-dev-tif/lm/18C/A/22/OA/1031-OA.csv",2025-10-31,"3","2","2"
"22-18-202510-dev-seq-A","22","OA","18","202510-dev-tif/lm/18C/A/22/OA/1031-OA.csv",2025-10-31,"3","2","2"
"22-18-202510-dev-seq-A","22","OA","18","202510-dev-tif/lm/18C/A/22/OA/1031-OA.csv",2025-10-31,"3","2","2"
"22-18-202510-dev-seq-A","22","OA","18","202510-dev-tif/lm/18C/A/22/OA/1102-OA.csv",2025-11-02,"4","2","2"
"22-18-202510-dev-seq-A","22","OA","18","202510-dev-tif/lm/18C/A/22/OA/1102-OA.csv",2025-11-02,"4","2","2"
"22-18-202510-dev-seq-A","22","OA","18","202510-dev-tif/lm/18C/A/22/OA/1102-OA.csv",2025-11-02,"4","2","2"
"22-18-202510-dev-seq-A","22","OA","18","202510-dev-tif/lm/18C/A/22/OA/1102-OA.csv",2025-11-02,"4","2","2"
"22-18-202510-dev-seq-A","22","OA","18","202510-dev-tif/lm/18C/A/22/OA/1104-OA-2.csv",2025-11-04,"4","2","2"
"22-18-202510-dev-seq-A","22","OA","18","202510-dev-tif/lm/18C/A/22/OA/1104-OA-2.csv",2025-11-04,"4","2","2"
"22-18-202510-dev-seq-A","22","OA","18","202510-dev-tif/lm/18C/A/22/OA/1104-OA-2.csv",2025-11-04,"4","2","2"
"22-18-202510-dev-seq-A","22","OA","18","202510-dev-tif/lm/18C/A/22/OA/1104-OA-2.csv",2025-11-04,"4","2","2"
"22-18-202510-dev-seq-A","22","OA","18","202510-dev-tif/lm/18C/A/22/OA/1106-OA.csv",2025-11-06,"6","3","2"
"22-18-202510-dev-seq-A","22","OA","18","202510-dev-tif/lm/18C/A/22/OA/1106-OA.csv",2025-11-06,"6","3","2"
"22-18-202510-dev-seq-A","22","OA","18","202510-dev-tif/lm/18C/A/22/OA/1106-OA.csv",2025-11-06,"6","3","2"
"22-18-202510-dev-seq-A","22","OA","18","202510-dev-tif/lm/18C/A/22/OA/1106-OA.csv",2025-11-06,"6","3","2"
"22-18-202510-dev-seq-A","22","OA","18","202510-dev-tif/lm/18C/A/22/OA/1108-OA.csv",2025-11-08,"6","3","3"
"22-18-202510-dev-seq-A","22","OA","18","202510-dev-tif/lm/18C/A/22/OA/1108-OA.csv",2025-11-08,"6","3","3"
"22-18-202510-dev-seq-A","22","OA","18","202510-dev-tif/lm/18C/A/22/OA/1108-OA.csv",2025-11-08,"6","3","3"
"22-18-202510-dev-seq-A","22","OA","18","202510-dev-tif/lm/18C/A/22/OA/1108-OA.csv",2025-11-08,"6","3","3"
"22-18-202510-dev-seq-A","22","OA","18","202510-dev-tif/lm/18C/A/22/OA/1110-OA.csv",2025-11-10,"8","3","3"
"22-18-202510-dev-seq-A","22","OA","18","202510-dev-tif/lm/18C/A/22/OA/1110-OA.csv",2025-11-10,"8","3","3"
"22-18-202510-dev-seq-A","22","OA","18","202510-dev-tif/lm/18C/A/22/OA/1110-OA.csv",2025-11-10,"8","3","3"
"22-18-202510-dev-seq-A","22","OA","18","202510-dev-tif/lm/18C/A/22/OA/1110-OA.csv",2025-11-10,"8","3","3"
"22-18-202510-dev-seq-A","22","OA","18","202510-dev-tif/lm/18C/A/22/OA/1112-OA-2.csv",2025-11-12,"9","5","4"
"22-18-202510-dev-seq-A","22","OA","18","202510-dev-tif/lm/18C/A/22/OA/1112-OA-2.csv",2025-11-12,"9","5","4"
"22-18-202510-dev-seq-A","22","OA","18","202510-dev-tif/lm/18C/A/22/OA/1112-OA-2.csv",2025-11-12,"9","5","4"
"22-18-202510-dev-seq-A","22","OA","18","202510-dev-tif/lm/18C/A/22/OA/1112-OA-2.csv",2025-11-12,"9","5","4"
"22-18-202510-dev-seq-A","22","OA","18","202510-dev-tif/lm/18C/A/22/OA/1114-OA-6.csv",2025-11-14,"9","5","4"
"22-18-202510-dev-seq-A","22","OA","18","202510-dev-tif/lm/18C/A/22/OA/1114-OA-6.csv",2025-11-14,"9","5","4"
"22-18-202510-dev-seq-A","22","OA","18","202510-dev-tif/lm/18C/A/22/OA/1114-OA-6.csv",2025-11-14,"9","5","4"
"22-18-202510-dev-seq-A","22","OA","18","202510-dev-tif/lm/18C/A/22/OA/1114-OA-6.csv",2025-11-14,"9","5","4"
"22-18-202510-dev-seq-A","22","OA","18","202510-dev-tif/lm/18C/A/22/OA/1116-OA.csv",2025-11-16,"9","5","4"
"22-18-202510-dev-seq-A","22","OA","18","202510-dev-tif/lm/18C/A/22/OA/1116-OA.csv",2025-11-16,"9","5","4"
"22-18-202510-dev-seq-A","22","OA","18","202510-dev-tif/lm/18C/A/22/OA/1116-OA.csv",2025-11-16,"9","5","4"
"22-18-202510-dev-seq-A","22","OA","18","202510-dev-tif/lm/18C/A/22/OA/1116-OA.csv",2025-11-16,"9","5","4"
"22-18-202510-dev-seq-A","22","OA","18","202510-dev-tif/lm/18C/A/22/OA/1118-OA-5.csv",2025-11-18,"9","5","4"
"22-18-202510-dev-seq-A","22","OA","18","202510-dev-tif/lm/18C/A/22/OA/1118-OA-5.csv",2025-11-18,"9","5","4"
"22-18-202510-dev-seq-A","22","OA","18","202510-dev-tif/lm/18C/A/22/OA/1118-OA-5.csv",2025-11-18,"9","5","4"
"22-18-202510-dev-seq-A","22","OA","18","202510-dev-tif/lm/18C/A/22/OA/1118-OA-5.csv",2025-11-18,"9","5","4"
"22-18-202510-dev-seq-A","22","OA","18","202510-dev-tif/lm/18C/A/22/OA/1120-OA-3.csv",2025-11-20,"9","5","4"
"22-18-202510-dev-seq-A","22","OA","18","202510-dev-tif/lm/18C/A/22/OA/1120-OA-3.csv",2025-11-20,"9","5","4"
"22-18-202510-dev-seq-A","22","OA","18","202510-dev-tif/lm/18C/A/22/OA/1120-OA-3.csv",2025-11-20,"9","5","4"
"22-18-202510-dev-seq-A","22","OA","18","202510-dev-tif/lm/18C/A/22/OA/1120-OA-3.csv",2025-11-20,"9","5","4"
"22-18-202510-dev-seq-A","22","OA","18","202510-dev-tif/lm/18C/A/22/OA/1121-OA-4.csv",2025-11-21,"9","5","4"
"22-18-202510-dev-seq-A","22","OA","18","202510-dev-tif/lm/18C/A/22/OA/1121-OA-4.csv",2025-11-21,"9","5","4"
"22-18-202510-dev-seq-A","22","OA","18","202510-dev-tif/lm/18C/A/22/OA/1121-OA-4.csv",2025-11-21,"9","5","4"
"22-18-202510-dev-seq-A","22","OA","18","202510-dev-tif/lm/18C/A/22/OA/1121-OA-4.csv",2025-11-21,"9","5","4"
"22-18-202510-dev-seq-A","22","OA","18","202510-dev-tif/lm/18C/A/22/OA/1122-OA-3.csv",2025-11-22,"9","5","4"
"22-18-202510-dev-seq-A","22","OA","18","202510-dev-tif/lm/18C/A/22/OA/1122-OA-3.csv",2025-11-22,"9","5","4"
"22-18-202510-dev-seq-A","22","OA","18","202510-dev-tif/lm/18C/A/22/OA/1122-OA-3.csv",2025-11-22,"9","5","4"
"22-18-202510-dev-seq-A","22","OA","18","202510-dev-tif/lm/18C/A/22/OA/1122-OA-3.csv",2025-11-22,"9","5","4"
"22-18-202510-dev-seq-A","22","OA","18","202510-dev-tif/lm/18C/A/22/OA/1124-OA-2.csv",2025-11-24,"9","5","4"
"22-18-202510-dev-seq-A","22","OA","18","202510-dev-tif/lm/18C/A/22/OA/1124-OA-2.csv",2025-11-24,"9","5","4"
"22-18-202510-dev-seq-A","22","OA","18","202510-dev-tif/lm/18C/A/22/OA/1124-OA-2.csv",2025-11-24,"9","5","4"
"22-18-202510-dev-seq-A","22","OA","18","202510-dev-tif/lm/18C/A/22/OA/1124-OA-2.csv",2025-11-24,"9","5","4"
"22-18-202510-dev-seq-A","22","PA","18","202510-dev-tif/lm/18C/A/22/PA/1025-PA.csv",2025-10-25,"1","1","1"
"22-18-202510-dev-seq-A","22","PA","18","202510-dev-tif/lm/18C/A/22/PA/1025-PA.csv",2025-10-25,"1","1","1"
"22-18-202510-dev-seq-A","22","PA","18","202510-dev-tif/lm/18C/A/22/PA/1025-PA.csv",2025-10-25,"1","1","1"
"22-18-202510-dev-seq-A","22","PA","18","202510-dev-tif/lm/18C/A/22/PA/1025-PA.csv",2025-10-25,"1","1","1"
"22-18-202510-dev-seq-A","22","PA","18","202510-dev-tif/lm/18C/A/22/PA/1025-PA.csv",2025-10-25,"1","1","1"
"22-18-202510-dev-seq-A","22","PA","18","202510-dev-tif/lm/18C/A/22/PA/1027-PA-3.csv",2025-10-27,"1","1","1"
"22-18-202510-dev-seq-A","22","PA","18","202510-dev-tif/lm/18C/A/22/PA/1027-PA-3.csv",2025-10-27,"1","1","1"
"22-18-202510-dev-seq-A","22","PA","18","202510-dev-tif/lm/18C/A/22/PA/1027-PA-3.csv",2025-10-27,"1","1","1"
"22-18-202510-dev-seq-A","22","PA","18","202510-dev-tif/lm/18C/A/22/PA/1027-PA-3.csv",2025-10-27,"1","1","1"
"22-18-202510-dev-seq-A","22","PA","18","202510-dev-tif/lm/18C/A/22/PA/1027-PA-3.csv",2025-10-27,"1","1","1"
"22-18-202510-dev-seq-A","22","PA","18","202510-dev-tif/lm/18C/A/22/PA/1029-PA.csv",2025-10-29,"2","2","1"
"22-18-202510-dev-seq-A","22","PA","18","202510-dev-tif/lm/18C/A/22/PA/1029-PA.csv",2025-10-29,"2","2","1"
"22-18-202510-dev-seq-A","22","PA","18","202510-dev-tif/lm/18C/A/22/PA/1029-PA.csv",2025-10-29,"2","2","1"
"22-18-202510-dev-seq-A","22","PA","18","202510-dev-tif/lm/18C/A/22/PA/1029-PA.csv",2025-10-29,"2","2","1"
"22-18-202510-dev-seq-A","22","PA","18","202510-dev-tif/lm/18C/A/22/PA/1029-PA.csv",2025-10-29,"2","2","1"
"22-18-202510-dev-seq-A","22","PA","18","202510-dev-tif/lm/18C/A/22/PA/1031-PA-4.csv",2025-10-31,"3","2","2"
"22-18-202510-dev-seq-A","22","PA","18","202510-dev-tif/lm/18C/A/22/PA/1031-PA-4.csv",2025-10-31,"3","2","2"
"22-18-202510-dev-seq-A","22","PA","18","202510-dev-tif/lm/18C/A/22/PA/1031-PA-4.csv",2025-10-31,"3","2","2"
"22-18-202510-dev-seq-A","22","PA","18","202510-dev-tif/lm/18C/A/22/PA/1031-PA-4.csv",2025-10-31,"3","2","2"
"22-18-202510-dev-seq-A","22","PA","18","202510-dev-tif/lm/18C/A/22/PA/1031-PA-4.csv",2025-10-31,"3","2","2"
"22-18-202510-dev-seq-A","22","PA","18","202510-dev-tif/lm/18C/A/22/PA/1102-PA-3.csv",2025-11-02,"4","2","2"
"22-18-202510-dev-seq-A","22","PA","18","202510-dev-tif/lm/18C/A/22/PA/1102-PA-3.csv",2025-11-02,"4","2","2"
"22-18-202510-dev-seq-A","22","PA","18","202510-dev-tif/lm/18C/A/22/PA/1102-PA-3.csv",2025-11-02,"4","2","2"
"22-18-202510-dev-seq-A","22","PA","18","202510-dev-tif/lm/18C/A/22/PA/1102-PA-3.csv",2025-11-02,"4","2","2"
"22-18-202510-dev-seq-A","22","PA","18","202510-dev-tif/lm/18C/A/22/PA/1102-PA-3.csv",2025-11-02,"4","2","2"
"22-18-202510-dev-seq-A","22","PA","18","202510-dev-tif/lm/18C/A/22/PA/1104-PA-2.csv",2025-11-04,"4","2","2"
"22-18-202510-dev-seq-A","22","PA","18","202510-dev-tif/lm/18C/A/22/PA/1104-PA-2.csv",2025-11-04,"4","2","2"
"22-18-202510-dev-seq-A","22","PA","18","202510-dev-tif/lm/18C/A/22/PA/1104-PA-2.csv",2025-11-04,"4","2","2"
"22-18-202510-dev-seq-A","22","PA","18","202510-dev-tif/lm/18C/A/22/PA/1104-PA-2.csv",2025-11-04,"4","2","2"
"22-18-202510-dev-seq-A","22","PA","18","202510-dev-tif/lm/18C/A/22/PA/1104-PA-2.csv",2025-11-04,"4","2","2"
"22-18-202510-dev-seq-A","22","PA","18","202510-dev-tif/lm/18C/A/22/PA/1106-PA-4.csv",2025-11-06,"6","3","2"
"22-18-202510-dev-seq-A","22","PA","18","202510-dev-tif/lm/18C/A/22/PA/1106-PA-4.csv",2025-11-06,"6","3","2"
"22-18-202510-dev-seq-A","22","PA","18","202510-dev-tif/lm/18C/A/22/PA/1106-PA-4.csv",2025-11-06,"6","3","2"
"22-18-202510-dev-seq-A","22","PA","18","202510-dev-tif/lm/18C/A/22/PA/1106-PA-4.csv",2025-11-06,"6","3","2"
"22-18-202510-dev-seq-A","22","PA","18","202510-dev-tif/lm/18C/A/22/PA/1106-PA-4.csv",2025-11-06,"6","3","2"
"22-18-202510-dev-seq-A","22","PA","18","202510-dev-tif/lm/18C/A/22/PA/1108-PA-3.csv",2025-11-08,"6","3","3"
"22-18-202510-dev-seq-A","22","PA","18","202510-dev-tif/lm/18C/A/22/PA/1108-PA-3.csv",2025-11-08,"6","3","3"
"22-18-202510-dev-seq-A","22","PA","18","202510-dev-tif/lm/18C/A/22/PA/1108-PA-3.csv",2025-11-08,"6","3","3"
"22-18-202510-dev-seq-A","22","PA","18","202510-dev-tif/lm/18C/A/22/PA/1108-PA-3.csv",2025-11-08,"6","3","3"
"22-18-202510-dev-seq-A","22","PA","18","202510-dev-tif/lm/18C/A/22/PA/1108-PA-3.csv",2025-11-08,"6","3","3"
"22-18-202510-dev-seq-A","22","PA","18","202510-dev-tif/lm/18C/A/22/PA/1110-PA-2.csv",2025-11-10,"8","3","3"
"22-18-202510-dev-seq-A","22","PA","18","202510-dev-tif/lm/18C/A/22/PA/1110-PA-2.csv",2025-11-10,"8","3","3"
"22-18-202510-dev-seq-A","22","PA","18","202510-dev-tif/lm/18C/A/22/PA/1110-PA-2.csv",2025-11-10,"8","3","3"
"22-18-202510-dev-seq-A","22","PA","18","202510-dev-tif/lm/18C/A/22/PA/1110-PA-2.csv",2025-11-10,"8","3","3"
"22-18-202510-dev-seq-A","22","PA","18","202510-dev-tif/lm/18C/A/22/PA/1110-PA-2.csv",2025-11-10,"8","3","3"
"22-18-202510-dev-seq-A","22","PA","18","202510-dev-tif/lm/18C/A/22/PA/1112-PA-4.csv",2025-11-12,"9","5","4"
"22-18-202510-dev-seq-A","22","PA","18","202510-dev-tif/lm/18C/A/22/PA/1112-PA-4.csv",2025-11-12,"9","5","4"
"22-18-202510-dev-seq-A","22","PA","18","202510-dev-tif/lm/18C/A/22/PA/1112-PA-4.csv",2025-11-12,"9","5","4"
"22-18-202510-dev-seq-A","22","PA","18","202510-dev-tif/lm/18C/A/22/PA/1112-PA-4.csv",2025-11-12,"9","5","4"
"22-18-202510-dev-seq-A","22","PA","18","202510-dev-tif/lm/18C/A/22/PA/1112-PA-4.csv",2025-11-12,"9","5","4"
"22-18-202510-dev-seq-A","22","PA","18","202510-dev-tif/lm/18C/A/22/PA/1114-PA.csv",2025-11-14,"9","5","4"
"22-18-202510-dev-seq-A","22","PA","18","202510-dev-tif/lm/18C/A/22/PA/1114-PA.csv",2025-11-14,"9","5","4"
"22-18-202510-dev-seq-A","22","PA","18","202510-dev-tif/lm/18C/A/22/PA/1114-PA.csv",2025-11-14,"9","5","4"
"22-18-202510-dev-seq-A","22","PA","18","202510-dev-tif/lm/18C/A/22/PA/1114-PA.csv",2025-11-14,"9","5","4"
"22-18-202510-dev-seq-A","22","PA","18","202510-dev-tif/lm/18C/A/22/PA/1114-PA.csv",2025-11-14,"9","5","4"
"22-18-202510-dev-seq-A","22","PA","18","202510-dev-tif/lm/18C/A/22/PA/1116-PA-4.csv",2025-11-16,"9","5","4"
"22-18-202510-dev-seq-A","22","PA","18","202510-dev-tif/lm/18C/A/22/PA/1116-PA-4.csv",2025-11-16,"9","5","4"
"22-18-202510-dev-seq-A","22","PA","18","202510-dev-tif/lm/18C/A/22/PA/1116-PA-4.csv",2025-11-16,"9","5","4"
"22-18-202510-dev-seq-A","22","PA","18","202510-dev-tif/lm/18C/A/22/PA/1116-PA-4.csv",2025-11-16,"9","5","4"
"22-18-202510-dev-seq-A","22","PA","18","202510-dev-tif/lm/18C/A/22/PA/1116-PA-4.csv",2025-11-16,"9","5","4"
"22-18-202510-dev-seq-A","22","PA","18","202510-dev-tif/lm/18C/A/22/PA/1118-PA-2.csv",2025-11-18,"9","5","4"
"22-18-202510-dev-seq-A","22","PA","18","202510-dev-tif/lm/18C/A/22/PA/1118-PA-2.csv",2025-11-18,"9","5","4"
"22-18-202510-dev-seq-A","22","PA","18","202510-dev-tif/lm/18C/A/22/PA/1118-PA-2.csv",2025-11-18,"9","5","4"
"22-18-202510-dev-seq-A","22","PA","18","202510-dev-tif/lm/18C/A/22/PA/1118-PA-2.csv",2025-11-18,"9","5","4"
"22-18-202510-dev-seq-A","22","PA","18","202510-dev-tif/lm/18C/A/22/PA/1118-PA-2.csv",2025-11-18,"9","5","4"
"22-18-202510-dev-seq-A","22","PA","18","202510-dev-tif/lm/18C/A/22/PA/1120-PA-2.csv",2025-11-20,"9","5","4"
"22-18-202510-dev-seq-A","22","PA","18","202510-dev-tif/lm/18C/A/22/PA/1120-PA-2.csv",2025-11-20,"9","5","4"
"22-18-202510-dev-seq-A","22","PA","18","202510-dev-tif/lm/18C/A/22/PA/1120-PA-2.csv",2025-11-20,"9","5","4"
"22-18-202510-dev-seq-A","22","PA","18","202510-dev-tif/lm/18C/A/22/PA/1120-PA-2.csv",2025-11-20,"9","5","4"
"22-18-202510-dev-seq-A","22","PA","18","202510-dev-tif/lm/18C/A/22/PA/1120-PA-2.csv",2025-11-20,"9","5","4"
"22-18-202510-dev-seq-A","22","PA","18","202510-dev-tif/lm/18C/A/22/PA/1121-PA-3.csv",2025-11-21,"9","5","4"
"22-18-202510-dev-seq-A","22","PA","18","202510-dev-tif/lm/18C/A/22/PA/1121-PA-3.csv",2025-11-21,"9","5","4"
"22-18-202510-dev-seq-A","22","PA","18","202510-dev-tif/lm/18C/A/22/PA/1121-PA-3.csv",2025-11-21,"9","5","4"
"22-18-202510-dev-seq-A","22","PA","18","202510-dev-tif/lm/18C/A/22/PA/1121-PA-3.csv",2025-11-21,"9","5","4"
"22-18-202510-dev-seq-A","22","PA","18","202510-dev-tif/lm/18C/A/22/PA/1121-PA-3.csv",2025-11-21,"9","5","4"
"22-18-202510-dev-seq-A","22","PA","18","202510-dev-tif/lm/18C/A/22/PA/1122-PA-3.csv",2025-11-22,"9","5","4"
"22-18-202510-dev-seq-A","22","PA","18","202510-dev-tif/lm/18C/A/22/PA/1122-PA-3.csv",2025-11-22,"9","5","4"
"22-18-202510-dev-seq-A","22","PA","18","202510-dev-tif/lm/18C/A/22/PA/1122-PA-3.csv",2025-11-22,"9","5","4"
"22-18-202510-dev-seq-A","22","PA","18","202510-dev-tif/lm/18C/A/22/PA/1122-PA-3.csv",2025-11-22,"9","5","4"
"22-18-202510-dev-seq-A","22","PA","18","202510-dev-tif/lm/18C/A/22/PA/1122-PA-3.csv",2025-11-22,"9","5","4"
"22-18-202510-dev-seq-A","22","PA","18","202510-dev-tif/lm/18C/A/22/PA/1124-PA-3.csv",2025-11-24,"9","5","4"
"22-18-202510-dev-seq-A","22","PA","18","202510-dev-tif/lm/18C/A/22/PA/1124-PA-3.csv",2025-11-24,"9","5","4"
"22-18-202510-dev-seq-A","22","PA","18","202510-dev-tif/lm/18C/A/22/PA/1124-PA-3.csv",2025-11-24,"9","5","4"
"22-18-202510-dev-seq-A","22","PA","18","202510-dev-tif/lm/18C/A/22/PA/1124-PA-3.csv",2025-11-24,"9","5","4"
"22-18-202510-dev-seq-A","22","PA","18","202510-dev-tif/lm/18C/A/22/PA/1124-PA-3.csv",2025-11-24,"9","5","4"
"22-18-202510-dev-seq-A","22","TA","18","202510-dev-tif/lm/18C/A/22/TA/1025-TA-2.csv",2025-10-25,"1","1","1"
"22-18-202510-dev-seq-A","22","TA","18","202510-dev-tif/lm/18C/A/22/TA/1025-TA-2.csv",2025-10-25,"1","1","1"
"22-18-202510-dev-seq-A","22","TA","18","202510-dev-tif/lm/18C/A/22/TA/1025-TA-2.csv",2025-10-25,"1","1","1"
"22-18-202510-dev-seq-A","22","TA","18","202510-dev-tif/lm/18C/A/22/TA/1025-TA-2.csv",2025-10-25,"1","1","1"
"22-18-202510-dev-seq-A","22","TA","18","202510-dev-tif/lm/18C/A/22/TA/1025-TA-2.csv",2025-10-25,"1","1","1"
"22-18-202510-dev-seq-A","22","TA","18","202510-dev-tif/lm/18C/A/22/TA/1025-TA-2.csv",2025-10-25,"1","1","1"
"22-18-202510-dev-seq-A","22","TA","18","202510-dev-tif/lm/18C/A/22/TA/1025-TA-2.csv",2025-10-25,"1","1","1"
"22-18-202510-dev-seq-A","22","TA","18","202510-dev-tif/lm/18C/A/22/TA/1025-TA-2.csv",2025-10-25,"1","1","1"
"22-18-202510-dev-seq-A","22","TA","18","202510-dev-tif/lm/18C/A/22/TA/1027-TA-2.csv",2025-10-27,"1","1","1"
"22-18-202510-dev-seq-A","22","TA","18","202510-dev-tif/lm/18C/A/22/TA/1027-TA-2.csv",2025-10-27,"1","1","1"
"22-18-202510-dev-seq-A","22","TA","18","202510-dev-tif/lm/18C/A/22/TA/1027-TA-2.csv",2025-10-27,"1","1","1"
"22-18-202510-dev-seq-A","22","TA","18","202510-dev-tif/lm/18C/A/22/TA/1027-TA-2.csv",2025-10-27,"1","1","1"
"22-18-202510-dev-seq-A","22","TA","18","202510-dev-tif/lm/18C/A/22/TA/1027-TA-2.csv",2025-10-27,"1","1","1"
"22-18-202510-dev-seq-A","22","TA","18","202510-dev-tif/lm/18C/A/22/TA/1027-TA-2.csv",2025-10-27,"1","1","1"
"22-18-202510-dev-seq-A","22","TA","18","202510-dev-tif/lm/18C/A/22/TA/1027-TA-2.csv",2025-10-27,"1","1","1"
"22-18-202510-dev-seq-A","22","TA","18","202510-dev-tif/lm/18C/A/22/TA/1027-TA-2.csv",2025-10-27,"1","1","1"
"22-18-202510-dev-seq-A","22","TA","18","202510-dev-tif/lm/18C/A/22/TA/1029-TA.csv",2025-10-29,"2","2","1"
"22-18-202510-dev-seq-A","22","TA","18","202510-dev-tif/lm/18C/A/22/TA/1029-TA.csv",2025-10-29,"2","2","1"
"22-18-202510-dev-seq-A","22","TA","18","202510-dev-tif/lm/18C/A/22/TA/1029-TA.csv",2025-10-29,"2","2","1"
"22-18-202510-dev-seq-A","22","TA","18","202510-dev-tif/lm/18C/A/22/TA/1029-TA.csv",2025-10-29,"2","2","1"
"22-18-202510-dev-seq-A","22","TA","18","202510-dev-tif/lm/18C/A/22/TA/1029-TA.csv",2025-10-29,"2","2","1"
"22-18-202510-dev-seq-A","22","TA","18","202510-dev-tif/lm/18C/A/22/TA/1029-TA.csv",2025-10-29,"2","2","1"
"22-18-202510-dev-seq-A","22","TA","18","202510-dev-tif/lm/18C/A/22/TA/1029-TA.csv",2025-10-29,"2","2","1"
"22-18-202510-dev-seq-A","22","TA","18","202510-dev-tif/lm/18C/A/22/TA/1029-TA.csv",2025-10-29,"2","2","1"
"22-18-202510-dev-seq-A","22","TA","18","202510-dev-tif/lm/18C/A/22/TA/1031-TA-2.csv",2025-10-31,"3","2","2"
"22-18-202510-dev-seq-A","22","TA","18","202510-dev-tif/lm/18C/A/22/TA/1031-TA-2.csv",2025-10-31,"3","2","2"
"22-18-202510-dev-seq-A","22","TA","18","202510-dev-tif/lm/18C/A/22/TA/1031-TA-2.csv",2025-10-31,"3","2","2"
"22-18-202510-dev-seq-A","22","TA","18","202510-dev-tif/lm/18C/A/22/TA/1031-TA-2.csv",2025-10-31,"3","2","2"
"22-18-202510-dev-seq-A","22","TA","18","202510-dev-tif/lm/18C/A/22/TA/1031-TA-2.csv",2025-10-31,"3","2","2"
"22-18-202510-dev-seq-A","22","TA","18","202510-dev-tif/lm/18C/A/22/TA/1031-TA-2.csv",2025-10-31,"3","2","2"
"22-18-202510-dev-seq-A","22","TA","18","202510-dev-tif/lm/18C/A/22/TA/1031-TA-2.csv",2025-10-31,"3","2","2"
"22-18-202510-dev-seq-A","22","TA","18","202510-dev-tif/lm/18C/A/22/TA/1031-TA-2.csv",2025-10-31,"3","2","2"
"22-18-202510-dev-seq-A","22","TA","18","202510-dev-tif/lm/18C/A/22/TA/1102-TA-2.csv",2025-11-02,"4","2","2"
"22-18-202510-dev-seq-A","22","TA","18","202510-dev-tif/lm/18C/A/22/TA/1102-TA-2.csv",2025-11-02,"4","2","2"
"22-18-202510-dev-seq-A","22","TA","18","202510-dev-tif/lm/18C/A/22/TA/1102-TA-2.csv",2025-11-02,"4","2","2"
"22-18-202510-dev-seq-A","22","TA","18","202510-dev-tif/lm/18C/A/22/TA/1102-TA-2.csv",2025-11-02,"4","2","2"
"22-18-202510-dev-seq-A","22","TA","18","202510-dev-tif/lm/18C/A/22/TA/1102-TA-2.csv",2025-11-02,"4","2","2"
"22-18-202510-dev-seq-A","22","TA","18","202510-dev-tif/lm/18C/A/22/TA/1102-TA-2.csv",2025-11-02,"4","2","2"
"22-18-202510-dev-seq-A","22","TA","18","202510-dev-tif/lm/18C/A/22/TA/1102-TA-2.csv",2025-11-02,"4","2","2"
"22-18-202510-dev-seq-A","22","TA","18","202510-dev-tif/lm/18C/A/22/TA/1102-TA-2.csv",2025-11-02,"4","2","2"
"22-18-202510-dev-seq-A","22","TA","18","202510-dev-tif/lm/18C/A/22/TA/1104-TA-2.csv",2025-11-04,"4","2","2"
"22-18-202510-dev-seq-A","22","TA","18","202510-dev-tif/lm/18C/A/22/TA/1104-TA-2.csv",2025-11-04,"4","2","2"
"22-18-202510-dev-seq-A","22","TA","18","202510-dev-tif/lm/18C/A/22/TA/1104-TA-2.csv",2025-11-04,"4","2","2"
"22-18-202510-dev-seq-A","22","TA","18","202510-dev-tif/lm/18C/A/22/TA/1104-TA-2.csv",2025-11-04,"4","2","2"
"22-18-202510-dev-seq-A","22","TA","18","202510-dev-tif/lm/18C/A/22/TA/1104-TA-2.csv",2025-11-04,"4","2","2"
"22-18-202510-dev-seq-A","22","TA","18","202510-dev-tif/lm/18C/A/22/TA/1104-TA-2.csv",2025-11-04,"4","2","2"
"22-18-202510-dev-seq-A","22","TA","18","202510-dev-tif/lm/18C/A/22/TA/1104-TA-2.csv",2025-11-04,"4","2","2"
"22-18-202510-dev-seq-A","22","TA","18","202510-dev-tif/lm/18C/A/22/TA/1104-TA-2.csv",2025-11-04,"4","2","2"
"22-18-202510-dev-seq-A","22","TA","18","202510-dev-tif/lm/18C/A/22/TA/1106-TA-2.csv",2025-11-06,"6","3","2"
"22-18-202510-dev-seq-A","22","TA","18","202510-dev-tif/lm/18C/A/22/TA/1106-TA-2.csv",2025-11-06,"6","3","2"
"22-18-202510-dev-seq-A","22","TA","18","202510-dev-tif/lm/18C/A/22/TA/1106-TA-2.csv",2025-11-06,"6","3","2"
"22-18-202510-dev-seq-A","22","TA","18","202510-dev-tif/lm/18C/A/22/TA/1106-TA-2.csv",2025-11-06,"6","3","2"
"22-18-202510-dev-seq-A","22","TA","18","202510-dev-tif/lm/18C/A/22/TA/1106-TA-2.csv",2025-11-06,"6","3","2"
"22-18-202510-dev-seq-A","22","TA","18","202510-dev-tif/lm/18C/A/22/TA/1106-TA-2.csv",2025-11-06,"6","3","2"
"22-18-202510-dev-seq-A","22","TA","18","202510-dev-tif/lm/18C/A/22/TA/1106-TA-2.csv",2025-11-06,"6","3","2"
"22-18-202510-dev-seq-A","22","TA","18","202510-dev-tif/lm/18C/A/22/TA/1106-TA-2.csv",2025-11-06,"6","3","2"
"22-18-202510-dev-seq-A","22","TA","18","202510-dev-tif/lm/18C/A/22/TA/1108-TA.csv",2025-11-08,"6","3","3"
"22-18-202510-dev-seq-A","22","TA","18","202510-dev-tif/lm/18C/A/22/TA/1108-TA.csv",2025-11-08,"6","3","3"
"22-18-202510-dev-seq-A","22","TA","18","202510-dev-tif/lm/18C/A/22/TA/1108-TA.csv",2025-11-08,"6","3","3"
"22-18-202510-dev-seq-A","22","TA","18","202510-dev-tif/lm/18C/A/22/TA/1108-TA.csv",2025-11-08,"6","3","3"
"22-18-202510-dev-seq-A","22","TA","18","202510-dev-tif/lm/18C/A/22/TA/1108-TA.csv",2025-11-08,"6","3","3"
"22-18-202510-dev-seq-A","22","TA","18","202510-dev-tif/lm/18C/A/22/TA/1108-TA.csv",2025-11-08,"6","3","3"
"22-18-202510-dev-seq-A","22","TA","18","202510-dev-tif/lm/18C/A/22/TA/1108-TA.csv",2025-11-08,"6","3","3"
"22-18-202510-dev-seq-A","22","TA","18","202510-dev-tif/lm/18C/A/22/TA/1108-TA.csv",2025-11-08,"6","3","3"
"22-18-202510-dev-seq-A","22","TA","18","202510-dev-tif/lm/18C/A/22/TA/1110-TA-2.csv",2025-11-10,"8","3","3"
"22-18-202510-dev-seq-A","22","TA","18","202510-dev-tif/lm/18C/A/22/TA/1110-TA-2.csv",2025-11-10,"8","3","3"
"22-18-202510-dev-seq-A","22","TA","18","202510-dev-tif/lm/18C/A/22/TA/1110-TA-2.csv",2025-11-10,"8","3","3"
"22-18-202510-dev-seq-A","22","TA","18","202510-dev-tif/lm/18C/A/22/TA/1110-TA-2.csv",2025-11-10,"8","3","3"
"22-18-202510-dev-seq-A","22","TA","18","202510-dev-tif/lm/18C/A/22/TA/1110-TA-2.csv",2025-11-10,"8","3","3"
"22-18-202510-dev-seq-A","22","TA","18","202510-dev-tif/lm/18C/A/22/TA/1110-TA-2.csv",2025-11-10,"8","3","3"
"22-18-202510-dev-seq-A","22","TA","18","202510-dev-tif/lm/18C/A/22/TA/1110-TA-2.csv",2025-11-10,"8","3","3"
"22-18-202510-dev-seq-A","22","TA","18","202510-dev-tif/lm/18C/A/22/TA/1110-TA-2.csv",2025-11-10,"8","3","3"
"22-18-202510-dev-seq-A","22","TA","18","202510-dev-tif/lm/18C/A/22/TA/1112-TA-2.csv",2025-11-12,"9","5","4"
"22-18-202510-dev-seq-A","22","TA","18","202510-dev-tif/lm/18C/A/22/TA/1112-TA-2.csv",2025-11-12,"9","5","4"
"22-18-202510-dev-seq-A","22","TA","18","202510-dev-tif/lm/18C/A/22/TA/1112-TA-2.csv",2025-11-12,"9","5","4"
"22-18-202510-dev-seq-A","22","TA","18","202510-dev-tif/lm/18C/A/22/TA/1112-TA-2.csv",2025-11-12,"9","5","4"
"22-18-202510-dev-seq-A","22","TA","18","202510-dev-tif/lm/18C/A/22/TA/1112-TA-2.csv",2025-11-12,"9","5","4"
"22-18-202510-dev-seq-A","22","TA","18","202510-dev-tif/lm/18C/A/22/TA/1112-TA-2.csv",2025-11-12,"9","5","4"
"22-18-202510-dev-seq-A","22","TA","18","202510-dev-tif/lm/18C/A/22/TA/1112-TA-2.csv",2025-11-12,"9","5","4"
"22-18-202510-dev-seq-A","22","TA","18","202510-dev-tif/lm/18C/A/22/TA/1112-TA-2.csv",2025-11-12,"9","5","4"
"22-18-202510-dev-seq-A","22","TA","18","202510-dev-tif/lm/18C/A/22/TA/1114-TA-2.csv",2025-11-14,"9","5","4"
"22-18-202510-dev-seq-A","22","TA","18","202510-dev-tif/lm/18C/A/22/TA/1114-TA-2.csv",2025-11-14,"9","5","4"
"22-18-202510-dev-seq-A","22","TA","18","202510-dev-tif/lm/18C/A/22/TA/1114-TA-2.csv",2025-11-14,"9","5","4"
"22-18-202510-dev-seq-A","22","TA","18","202510-dev-tif/lm/18C/A/22/TA/1114-TA-2.csv",2025-11-14,"9","5","4"
"22-18-202510-dev-seq-A","22","TA","18","202510-dev-tif/lm/18C/A/22/TA/1114-TA-2.csv",2025-11-14,"9","5","4"
"22-18-202510-dev-seq-A","22","TA","18","202510-dev-tif/lm/18C/A/22/TA/1114-TA-2.csv",2025-11-14,"9","5","4"
"22-18-202510-dev-seq-A","22","TA","18","202510-dev-tif/lm/18C/A/22/TA/1114-TA-2.csv",2025-11-14,"9","5","4"
"22-18-202510-dev-seq-A","22","TA","18","202510-dev-tif/lm/18C/A/22/TA/1114-TA-2.csv",2025-11-14,"9","5","4"
"22-18-202510-dev-seq-A","22","TA","18","202510-dev-tif/lm/18C/A/22/TA/1116-TA-2.csv",2025-11-16,"9","5","4"
"22-18-202510-dev-seq-A","22","TA","18","202510-dev-tif/lm/18C/A/22/TA/1116-TA-2.csv",2025-11-16,"9","5","4"
"22-18-202510-dev-seq-A","22","TA","18","202510-dev-tif/lm/18C/A/22/TA/1116-TA-2.csv",2025-11-16,"9","5","4"
"22-18-202510-dev-seq-A","22","TA","18","202510-dev-tif/lm/18C/A/22/TA/1116-TA-2.csv",2025-11-16,"9","5","4"
"22-18-202510-dev-seq-A","22","TA","18","202510-dev-tif/lm/18C/A/22/TA/1116-TA-2.csv",2025-11-16,"9","5","4"
"22-18-202510-dev-seq-A","22","TA","18","202510-dev-tif/lm/18C/A/22/TA/1116-TA-2.csv",2025-11-16,"9","5","4"
"22-18-202510-dev-seq-A","22","TA","18","202510-dev-tif/lm/18C/A/22/TA/1116-TA-2.csv",2025-11-16,"9","5","4"
"22-18-202510-dev-seq-A","22","TA","18","202510-dev-tif/lm/18C/A/22/TA/1116-TA-2.csv",2025-11-16,"9","5","4"
"22-18-202510-dev-seq-A","22","TA","18","202510-dev-tif/lm/18C/A/22/TA/1118-TA-3.csv",2025-11-18,"9","5","4"
"22-18-202510-dev-seq-A","22","TA","18","202510-dev-tif/lm/18C/A/22/TA/1118-TA-3.csv",2025-11-18,"9","5","4"
"22-18-202510-dev-seq-A","22","TA","18","202510-dev-tif/lm/18C/A/22/TA/1118-TA-3.csv",2025-11-18,"9","5","4"
"22-18-202510-dev-seq-A","22","TA","18","202510-dev-tif/lm/18C/A/22/TA/1118-TA-3.csv",2025-11-18,"9","5","4"
"22-18-202510-dev-seq-A","22","TA","18","202510-dev-tif/lm/18C/A/22/TA/1118-TA-3.csv",2025-11-18,"9","5","4"
"22-18-202510-dev-seq-A","22","TA","18","202510-dev-tif/lm/18C/A/22/TA/1118-TA-3.csv",2025-11-18,"9","5","4"
"22-18-202510-dev-seq-A","22","TA","18","202510-dev-tif/lm/18C/A/22/TA/1118-TA-3.csv",2025-11-18,"9","5","4"
"22-18-202510-dev-seq-A","22","TA","18","202510-dev-tif/lm/18C/A/22/TA/1118-TA-3.csv",2025-11-18,"9","5","4"
"22-18-202510-dev-seq-A","22","TA","18","202510-dev-tif/lm/18C/A/22/TA/1120-TA-5.csv",2025-11-20,"9","5","4"
"22-18-202510-dev-seq-A","22","TA","18","202510-dev-tif/lm/18C/A/22/TA/1120-TA-5.csv",2025-11-20,"9","5","4"
"22-18-202510-dev-seq-A","22","TA","18","202510-dev-tif/lm/18C/A/22/TA/1120-TA-5.csv",2025-11-20,"9","5","4"
"22-18-202510-dev-seq-A","22","TA","18","202510-dev-tif/lm/18C/A/22/TA/1120-TA-5.csv",2025-11-20,"9","5","4"
"22-18-202510-dev-seq-A","22","TA","18","202510-dev-tif/lm/18C/A/22/TA/1120-TA-5.csv",2025-11-20,"9","5","4"
"22-18-202510-dev-seq-A","22","TA","18","202510-dev-tif/lm/18C/A/22/TA/1120-TA-5.csv",2025-11-20,"9","5","4"
"22-18-202510-dev-seq-A","22","TA","18","202510-dev-tif/lm/18C/A/22/TA/1120-TA-5.csv",2025-11-20,"9","5","4"
"22-18-202510-dev-seq-A","22","TA","18","202510-dev-tif/lm/18C/A/22/TA/1120-TA-5.csv",2025-11-20,"9","5","4"
"22-18-202510-dev-seq-A","22","TA","18","202510-dev-tif/lm/18C/A/22/TA/1121-TA.csv",2025-11-21,"9","5","4"
"22-18-202510-dev-seq-A","22","TA","18","202510-dev-tif/lm/18C/A/22/TA/1121-TA.csv",2025-11-21,"9","5","4"
"22-18-202510-dev-seq-A","22","TA","18","202510-dev-tif/lm/18C/A/22/TA/1121-TA.csv",2025-11-21,"9","5","4"
"22-18-202510-dev-seq-A","22","TA","18","202510-dev-tif/lm/18C/A/22/TA/1121-TA.csv",2025-11-21,"9","5","4"
"22-18-202510-dev-seq-A","22","TA","18","202510-dev-tif/lm/18C/A/22/TA/1121-TA.csv",2025-11-21,"9","5","4"
"22-18-202510-dev-seq-A","22","TA","18","202510-dev-tif/lm/18C/A/22/TA/1121-TA.csv",2025-11-21,"9","5","4"
"22-18-202510-dev-seq-A","22","TA","18","202510-dev-tif/lm/18C/A/22/TA/1121-TA.csv",2025-11-21,"9","5","4"
"22-18-202510-dev-seq-A","22","TA","18","202510-dev-tif/lm/18C/A/22/TA/1121-TA.csv",2025-11-21,"9","5","4"
"22-18-202510-dev-seq-A","22","TA","18","202510-dev-tif/lm/18C/A/22/TA/1122-TA.csv",2025-11-22,"9","5","4"
"22-18-202510-dev-seq-A","22","TA","18","202510-dev-tif/lm/18C/A/22/TA/1122-TA.csv",2025-11-22,"9","5","4"
"22-18-202510-dev-seq-A","22","TA","18","202510-dev-tif/lm/18C/A/22/TA/1122-TA.csv",2025-11-22,"9","5","4"
"22-18-202510-dev-seq-A","22","TA","18","202510-dev-tif/lm/18C/A/22/TA/1122-TA.csv",2025-11-22,"9","5","4"
"22-18-202510-dev-seq-A","22","TA","18","202510-dev-tif/lm/18C/A/22/TA/1122-TA.csv",2025-11-22,"9","5","4"
"22-18-202510-dev-seq-A","22","TA","18","202510-dev-tif/lm/18C/A/22/TA/1122-TA.csv",2025-11-22,"9","5","4"
"22-18-202510-dev-seq-A","22","TA","18","202510-dev-tif/lm/18C/A/22/TA/1122-TA.csv",2025-11-22,"9","5","4"
"22-18-202510-dev-seq-A","22","TA","18","202510-dev-tif/lm/18C/A/22/TA/1122-TA.csv",2025-11-22,"9","5","4"
"22-18-202510-dev-seq-A","22","TA","18","202510-dev-tif/lm/18C/A/22/TA/1124-TA.csv",2025-11-24,"9","5","4"
"22-18-202510-dev-seq-A","22","TA","18","202510-dev-tif/lm/18C/A/22/TA/1124-TA.csv",2025-11-24,"9","5","4"
"22-18-202510-dev-seq-A","22","TA","18","202510-dev-tif/lm/18C/A/22/TA/1124-TA.csv",2025-11-24,"9","5","4"
"22-18-202510-dev-seq-A","22","TA","18","202510-dev-tif/lm/18C/A/22/TA/1124-TA.csv",2025-11-24,"9","5","4"
"22-18-202510-dev-seq-A","22","TA","18","202510-dev-tif/lm/18C/A/22/TA/1124-TA.csv",2025-11-24,"9","5","4"
"22-18-202510-dev-seq-A","22","TA","18","202510-dev-tif/lm/18C/A/22/TA/1124-TA.csv",2025-11-24,"9","5","4"
"22-18-202510-dev-seq-A","22","TA","18","202510-dev-tif/lm/18C/A/22/TA/1124-TA.csv",2025-11-24,"9","5","4"
"22-18-202510-dev-seq-A","22","TA","18","202510-dev-tif/lm/18C/A/22/TA/1124-TA.csv",2025-11-24,"9","5","4"
"25-18-202510-dev-seq-A","25","OA","18","202510-dev-tif/lm/18C/A/25/OA/1029-OA.csv",2025-10-29,"2","2","1"
"25-18-202510-dev-seq-A","25","OA","18","202510-dev-tif/lm/18C/A/25/OA/1029-OA.csv",2025-10-29,"2","2","1"
"25-18-202510-dev-seq-A","25","OA","18","202510-dev-tif/lm/18C/A/25/OA/1029-OA.csv",2025-10-29,"2","2","1"
"25-18-202510-dev-seq-A","25","OA","18","202510-dev-tif/lm/18C/A/25/OA/1029-OA.csv",2025-10-29,"2","2","1"
"25-18-202510-dev-seq-A","25","OA","18","202510-dev-tif/lm/18C/A/25/OA/1031-OA-2.csv",2025-10-31,"3","2","2"
"25-18-202510-dev-seq-A","25","OA","18","202510-dev-tif/lm/18C/A/25/OA/1031-OA-2.csv",2025-10-31,"3","2","2"
"25-18-202510-dev-seq-A","25","OA","18","202510-dev-tif/lm/18C/A/25/OA/1031-OA-2.csv",2025-10-31,"3","2","2"
"25-18-202510-dev-seq-A","25","OA","18","202510-dev-tif/lm/18C/A/25/OA/1031-OA-2.csv",2025-10-31,"3","2","2"
"25-18-202510-dev-seq-A","25","OA","18","202510-dev-tif/lm/18C/A/25/OA/1102-OA.csv",2025-11-02,"3","2","2"
"25-18-202510-dev-seq-A","25","OA","18","202510-dev-tif/lm/18C/A/25/OA/1102-OA.csv",2025-11-02,"3","2","2"
"25-18-202510-dev-seq-A","25","OA","18","202510-dev-tif/lm/18C/A/25/OA/1102-OA.csv",2025-11-02,"3","2","2"
"25-18-202510-dev-seq-A","25","OA","18","202510-dev-tif/lm/18C/A/25/OA/1102-OA.csv",2025-11-02,"3","2","2"
"25-18-202510-dev-seq-A","25","OA","18","202510-dev-tif/lm/18C/A/25/OA/1104-OA-2.csv",2025-11-04,"4","3","2"
"25-18-202510-dev-seq-A","25","OA","18","202510-dev-tif/lm/18C/A/25/OA/1104-OA-2.csv",2025-11-04,"4","3","2"
"25-18-202510-dev-seq-A","25","OA","18","202510-dev-tif/lm/18C/A/25/OA/1104-OA-2.csv",2025-11-04,"4","3","2"
"25-18-202510-dev-seq-A","25","OA","18","202510-dev-tif/lm/18C/A/25/OA/1104-OA-2.csv",2025-11-04,"4","3","2"
"25-18-202510-dev-seq-A","25","OA","18","202510-dev-tif/lm/18C/A/25/OA/1106-OA-2.csv",2025-11-06,"4","3","2"
"25-18-202510-dev-seq-A","25","OA","18","202510-dev-tif/lm/18C/A/25/OA/1106-OA-2.csv",2025-11-06,"4","3","2"
"25-18-202510-dev-seq-A","25","OA","18","202510-dev-tif/lm/18C/A/25/OA/1106-OA-2.csv",2025-11-06,"4","3","2"
"25-18-202510-dev-seq-A","25","OA","18","202510-dev-tif/lm/18C/A/25/OA/1106-OA-2.csv",2025-11-06,"4","3","2"
"25-18-202510-dev-seq-A","25","OA","18","202510-dev-tif/lm/18C/A/25/OA/1108-OA-2.csv",2025-11-08,"4","4","3"
"25-18-202510-dev-seq-A","25","OA","18","202510-dev-tif/lm/18C/A/25/OA/1108-OA-2.csv",2025-11-08,"4","4","3"
"25-18-202510-dev-seq-A","25","OA","18","202510-dev-tif/lm/18C/A/25/OA/1108-OA-2.csv",2025-11-08,"4","4","3"
"25-18-202510-dev-seq-A","25","OA","18","202510-dev-tif/lm/18C/A/25/OA/1108-OA-2.csv",2025-11-08,"4","4","3"
"25-18-202510-dev-seq-A","25","OA","18","202510-dev-tif/lm/18C/A/25/OA/1110-OA-3.csv",2025-11-10,"5","4","3"
"25-18-202510-dev-seq-A","25","OA","18","202510-dev-tif/lm/18C/A/25/OA/1110-OA-3.csv",2025-11-10,"5","4","3"
"25-18-202510-dev-seq-A","25","OA","18","202510-dev-tif/lm/18C/A/25/OA/1110-OA-3.csv",2025-11-10,"5","4","3"
"25-18-202510-dev-seq-A","25","OA","18","202510-dev-tif/lm/18C/A/25/OA/1110-OA-3.csv",2025-11-10,"5","4","3"
"25-18-202510-dev-seq-A","25","OA","18","202510-dev-tif/lm/18C/A/25/OA/1112-OA-3.csv",2025-11-12,"5","4","3"
"25-18-202510-dev-seq-A","25","OA","18","202510-dev-tif/lm/18C/A/25/OA/1112-OA-3.csv",2025-11-12,"5","4","3"
"25-18-202510-dev-seq-A","25","OA","18","202510-dev-tif/lm/18C/A/25/OA/1112-OA-3.csv",2025-11-12,"5","4","3"
"25-18-202510-dev-seq-A","25","OA","18","202510-dev-tif/lm/18C/A/25/OA/1112-OA-3.csv",2025-11-12,"5","4","3"
"25-18-202510-dev-seq-A","25","OA","18","202510-dev-tif/lm/18C/A/25/OA/1114-OA.csv",2025-11-14,"6","4","3"
"25-18-202510-dev-seq-A","25","OA","18","202510-dev-tif/lm/18C/A/25/OA/1114-OA.csv",2025-11-14,"6","4","3"
"25-18-202510-dev-seq-A","25","OA","18","202510-dev-tif/lm/18C/A/25/OA/1114-OA.csv",2025-11-14,"6","4","3"
"25-18-202510-dev-seq-A","25","OA","18","202510-dev-tif/lm/18C/A/25/OA/1114-OA.csv",2025-11-14,"6","4","3"
"25-18-202510-dev-seq-A","25","OA","18","202510-dev-tif/lm/18C/A/25/OA/1116-OA-3.csv",2025-11-16,"5","4","3"
"25-18-202510-dev-seq-A","25","OA","18","202510-dev-tif/lm/18C/A/25/OA/1116-OA-3.csv",2025-11-16,"5","4","3"
"25-18-202510-dev-seq-A","25","OA","18","202510-dev-tif/lm/18C/A/25/OA/1116-OA-3.csv",2025-11-16,"5","4","3"
"25-18-202510-dev-seq-A","25","OA","18","202510-dev-tif/lm/18C/A/25/OA/1116-OA-3.csv",2025-11-16,"5","4","3"
"25-18-202510-dev-seq-A","25","OA","18","202510-dev-tif/lm/18C/A/25/OA/1118-OA-3.csv",2025-11-18,"8","4","3"
"25-18-202510-dev-seq-A","25","OA","18","202510-dev-tif/lm/18C/A/25/OA/1118-OA-3.csv",2025-11-18,"8","4","3"
"25-18-202510-dev-seq-A","25","OA","18","202510-dev-tif/lm/18C/A/25/OA/1118-OA-3.csv",2025-11-18,"8","4","3"
"25-18-202510-dev-seq-A","25","OA","18","202510-dev-tif/lm/18C/A/25/OA/1118-OA-3.csv",2025-11-18,"8","4","3"
"25-18-202510-dev-seq-A","25","OA","18","202510-dev-tif/lm/18C/A/25/OA/1120-OA-4.csv",2025-11-20,"8","6","4"
"25-18-202510-dev-seq-A","25","OA","18","202510-dev-tif/lm/18C/A/25/OA/1120-OA-4.csv",2025-11-20,"8","6","4"
"25-18-202510-dev-seq-A","25","OA","18","202510-dev-tif/lm/18C/A/25/OA/1120-OA-4.csv",2025-11-20,"8","6","4"
"25-18-202510-dev-seq-A","25","OA","18","202510-dev-tif/lm/18C/A/25/OA/1120-OA-4.csv",2025-11-20,"8","6","4"
"25-18-202510-dev-seq-A","25","OA","18","202510-dev-tif/lm/18C/A/25/OA/1121-OA-3.csv",2025-11-21,"8","6","4"
"25-18-202510-dev-seq-A","25","OA","18","202510-dev-tif/lm/18C/A/25/OA/1121-OA-3.csv",2025-11-21,"8","6","4"
"25-18-202510-dev-seq-A","25","OA","18","202510-dev-tif/lm/18C/A/25/OA/1121-OA-3.csv",2025-11-21,"8","6","4"
"25-18-202510-dev-seq-A","25","OA","18","202510-dev-tif/lm/18C/A/25/OA/1121-OA-3.csv",2025-11-21,"8","6","4"
"25-18-202510-dev-seq-A","25","OA","18","202510-dev-tif/lm/18C/A/25/OA/1122-OA.csv",2025-11-22,"8","6","4"
"25-18-202510-dev-seq-A","25","OA","18","202510-dev-tif/lm/18C/A/25/OA/1122-OA.csv",2025-11-22,"8","6","4"
"25-18-202510-dev-seq-A","25","OA","18","202510-dev-tif/lm/18C/A/25/OA/1122-OA.csv",2025-11-22,"8","6","4"
"25-18-202510-dev-seq-A","25","OA","18","202510-dev-tif/lm/18C/A/25/OA/1122-OA.csv",2025-11-22,"8","6","4"
"25-18-202510-dev-seq-A","25","OA","18","202510-dev-tif/lm/18C/A/25/OA/1124-OA.csv",2025-11-24,"9","6","4"
"25-18-202510-dev-seq-A","25","OA","18","202510-dev-tif/lm/18C/A/25/OA/1124-OA.csv",2025-11-24,"9","6","4"
"25-18-202510-dev-seq-A","25","OA","18","202510-dev-tif/lm/18C/A/25/OA/1124-OA.csv",2025-11-24,"9","6","4"
"25-18-202510-dev-seq-A","25","OA","18","202510-dev-tif/lm/18C/A/25/OA/1124-OA.csv",2025-11-24,"9","6","4"
"25-18-202510-dev-seq-A","25","PA","18","202510-dev-tif/lm/18C/A/25/PA/1029-PA-3.csv",2025-10-29,"2","2","1"
"25-18-202510-dev-seq-A","25","PA","18","202510-dev-tif/lm/18C/A/25/PA/1029-PA-3.csv",2025-10-29,"2","2","1"
"25-18-202510-dev-seq-A","25","PA","18","202510-dev-tif/lm/18C/A/25/PA/1029-PA-3.csv",2025-10-29,"2","2","1"
"25-18-202510-dev-seq-A","25","PA","18","202510-dev-tif/lm/18C/A/25/PA/1029-PA-3.csv",2025-10-29,"2","2","1"
"25-18-202510-dev-seq-A","25","PA","18","202510-dev-tif/lm/18C/A/25/PA/1029-PA-3.csv",2025-10-29,"2","2","1"
"25-18-202510-dev-seq-A","25","PA","18","202510-dev-tif/lm/18C/A/25/PA/1031-PA-3.csv",2025-10-31,"3","2","2"
"25-18-202510-dev-seq-A","25","PA","18","202510-dev-tif/lm/18C/A/25/PA/1031-PA-3.csv",2025-10-31,"3","2","2"
"25-18-202510-dev-seq-A","25","PA","18","202510-dev-tif/lm/18C/A/25/PA/1031-PA-3.csv",2025-10-31,"3","2","2"
"25-18-202510-dev-seq-A","25","PA","18","202510-dev-tif/lm/18C/A/25/PA/1031-PA-3.csv",2025-10-31,"3","2","2"
"25-18-202510-dev-seq-A","25","PA","18","202510-dev-tif/lm/18C/A/25/PA/1031-PA-3.csv",2025-10-31,"3","2","2"
"25-18-202510-dev-seq-A","25","PA","18","202510-dev-tif/lm/18C/A/25/PA/1102-PA.csv",2025-11-02,"3","2","2"
"25-18-202510-dev-seq-A","25","PA","18","202510-dev-tif/lm/18C/A/25/PA/1102-PA.csv",2025-11-02,"3","2","2"
"25-18-202510-dev-seq-A","25","PA","18","202510-dev-tif/lm/18C/A/25/PA/1102-PA.csv",2025-11-02,"3","2","2"
"25-18-202510-dev-seq-A","25","PA","18","202510-dev-tif/lm/18C/A/25/PA/1102-PA.csv",2025-11-02,"3","2","2"
"25-18-202510-dev-seq-A","25","PA","18","202510-dev-tif/lm/18C/A/25/PA/1102-PA.csv",2025-11-02,"3","2","2"
"25-18-202510-dev-seq-A","25","PA","18","202510-dev-tif/lm/18C/A/25/PA/1104-PA.csv",2025-11-04,"4","3","2"
"25-18-202510-dev-seq-A","25","PA","18","202510-dev-tif/lm/18C/A/25/PA/1104-PA.csv",2025-11-04,"4","3","2"
"25-18-202510-dev-seq-A","25","PA","18","202510-dev-tif/lm/18C/A/25/PA/1104-PA.csv",2025-11-04,"4","3","2"
"25-18-202510-dev-seq-A","25","PA","18","202510-dev-tif/lm/18C/A/25/PA/1104-PA.csv",2025-11-04,"4","3","2"
"25-18-202510-dev-seq-A","25","PA","18","202510-dev-tif/lm/18C/A/25/PA/1104-PA.csv",2025-11-04,"4","3","2"
"25-18-202510-dev-seq-A","25","PA","18","202510-dev-tif/lm/18C/A/25/PA/1106-PA-2.csv",2025-11-06,"4","3","2"
"25-18-202510-dev-seq-A","25","PA","18","202510-dev-tif/lm/18C/A/25/PA/1106-PA-2.csv",2025-11-06,"4","3","2"
"25-18-202510-dev-seq-A","25","PA","18","202510-dev-tif/lm/18C/A/25/PA/1106-PA-2.csv",2025-11-06,"4","3","2"
"25-18-202510-dev-seq-A","25","PA","18","202510-dev-tif/lm/18C/A/25/PA/1106-PA-2.csv",2025-11-06,"4","3","2"
"25-18-202510-dev-seq-A","25","PA","18","202510-dev-tif/lm/18C/A/25/PA/1106-PA-2.csv",2025-11-06,"4","3","2"
"25-18-202510-dev-seq-A","25","PA","18","202510-dev-tif/lm/18C/A/25/PA/1108-PA.csv",2025-11-08,"4","4","3"
"25-18-202510-dev-seq-A","25","PA","18","202510-dev-tif/lm/18C/A/25/PA/1108-PA.csv",2025-11-08,"4","4","3"
"25-18-202510-dev-seq-A","25","PA","18","202510-dev-tif/lm/18C/A/25/PA/1108-PA.csv",2025-11-08,"4","4","3"
"25-18-202510-dev-seq-A","25","PA","18","202510-dev-tif/lm/18C/A/25/PA/1108-PA.csv",2025-11-08,"4","4","3"
"25-18-202510-dev-seq-A","25","PA","18","202510-dev-tif/lm/18C/A/25/PA/1108-PA.csv",2025-11-08,"4","4","3"
"25-18-202510-dev-seq-A","25","PA","18","202510-dev-tif/lm/18C/A/25/PA/1110-PA-2.csv",2025-11-10,"5","4","3"
"25-18-202510-dev-seq-A","25","PA","18","202510-dev-tif/lm/18C/A/25/PA/1110-PA-2.csv",2025-11-10,"5","4","3"
"25-18-202510-dev-seq-A","25","PA","18","202510-dev-tif/lm/18C/A/25/PA/1110-PA-2.csv",2025-11-10,"5","4","3"
"25-18-202510-dev-seq-A","25","PA","18","202510-dev-tif/lm/18C/A/25/PA/1110-PA-2.csv",2025-11-10,"5","4","3"
"25-18-202510-dev-seq-A","25","PA","18","202510-dev-tif/lm/18C/A/25/PA/1110-PA-2.csv",2025-11-10,"5","4","3"
"25-18-202510-dev-seq-A","25","PA","18","202510-dev-tif/lm/18C/A/25/PA/1112-PA.csv",2025-11-12,"5","4","3"
"25-18-202510-dev-seq-A","25","PA","18","202510-dev-tif/lm/18C/A/25/PA/1112-PA.csv",2025-11-12,"5","4","3"
"25-18-202510-dev-seq-A","25","PA","18","202510-dev-tif/lm/18C/A/25/PA/1112-PA.csv",2025-11-12,"5","4","3"
"25-18-202510-dev-seq-A","25","PA","18","202510-dev-tif/lm/18C/A/25/PA/1112-PA.csv",2025-11-12,"5","4","3"
"25-18-202510-dev-seq-A","25","PA","18","202510-dev-tif/lm/18C/A/25/PA/1112-PA.csv",2025-11-12,"5","4","3"
"25-18-202510-dev-seq-A","25","PA","18","202510-dev-tif/lm/18C/A/25/PA/1114-PA-2.csv",2025-11-14,"6","4","3"
"25-18-202510-dev-seq-A","25","PA","18","202510-dev-tif/lm/18C/A/25/PA/1114-PA-2.csv",2025-11-14,"6","4","3"
"25-18-202510-dev-seq-A","25","PA","18","202510-dev-tif/lm/18C/A/25/PA/1114-PA-2.csv",2025-11-14,"6","4","3"
"25-18-202510-dev-seq-A","25","PA","18","202510-dev-tif/lm/18C/A/25/PA/1114-PA-2.csv",2025-11-14,"6","4","3"
"25-18-202510-dev-seq-A","25","PA","18","202510-dev-tif/lm/18C/A/25/PA/1114-PA-2.csv",2025-11-14,"6","4","3"
"25-18-202510-dev-seq-A","25","PA","18","202510-dev-tif/lm/18C/A/25/PA/1116-PA.csv",2025-11-16,"5","4","3"
"25-18-202510-dev-seq-A","25","PA","18","202510-dev-tif/lm/18C/A/25/PA/1116-PA.csv",2025-11-16,"5","4","3"
"25-18-202510-dev-seq-A","25","PA","18","202510-dev-tif/lm/18C/A/25/PA/1116-PA.csv",2025-11-16,"5","4","3"
"25-18-202510-dev-seq-A","25","PA","18","202510-dev-tif/lm/18C/A/25/PA/1116-PA.csv",2025-11-16,"5","4","3"
"25-18-202510-dev-seq-A","25","PA","18","202510-dev-tif/lm/18C/A/25/PA/1116-PA.csv",2025-11-16,"5","4","3"
"25-18-202510-dev-seq-A","25","PA","18","202510-dev-tif/lm/18C/A/25/PA/1118-PA-3.csv",2025-11-18,"8","4","3"
"25-18-202510-dev-seq-A","25","PA","18","202510-dev-tif/lm/18C/A/25/PA/1118-PA-3.csv",2025-11-18,"8","4","3"
"25-18-202510-dev-seq-A","25","PA","18","202510-dev-tif/lm/18C/A/25/PA/1118-PA-3.csv",2025-11-18,"8","4","3"
"25-18-202510-dev-seq-A","25","PA","18","202510-dev-tif/lm/18C/A/25/PA/1118-PA-3.csv",2025-11-18,"8","4","3"
"25-18-202510-dev-seq-A","25","PA","18","202510-dev-tif/lm/18C/A/25/PA/1118-PA-3.csv",2025-11-18,"8","4","3"
"25-18-202510-dev-seq-A","25","PA","18","202510-dev-tif/lm/18C/A/25/PA/1120-PA-4.csv",2025-11-20,"8","6","4"
"25-18-202510-dev-seq-A","25","PA","18","202510-dev-tif/lm/18C/A/25/PA/1120-PA-4.csv",2025-11-20,"8","6","4"
"25-18-202510-dev-seq-A","25","PA","18","202510-dev-tif/lm/18C/A/25/PA/1120-PA-4.csv",2025-11-20,"8","6","4"
"25-18-202510-dev-seq-A","25","PA","18","202510-dev-tif/lm/18C/A/25/PA/1120-PA-4.csv",2025-11-20,"8","6","4"
"25-18-202510-dev-seq-A","25","PA","18","202510-dev-tif/lm/18C/A/25/PA/1120-PA-4.csv",2025-11-20,"8","6","4"
"25-18-202510-dev-seq-A","25","PA","18","202510-dev-tif/lm/18C/A/25/PA/1121-PA-5.csv",2025-11-21,"8","6","4"
"25-18-202510-dev-seq-A","25","PA","18","202510-dev-tif/lm/18C/A/25/PA/1121-PA-5.csv",2025-11-21,"8","6","4"
"25-18-202510-dev-seq-A","25","PA","18","202510-dev-tif/lm/18C/A/25/PA/1121-PA-5.csv",2025-11-21,"8","6","4"
"25-18-202510-dev-seq-A","25","PA","18","202510-dev-tif/lm/18C/A/25/PA/1121-PA-5.csv",2025-11-21,"8","6","4"
"25-18-202510-dev-seq-A","25","PA","18","202510-dev-tif/lm/18C/A/25/PA/1121-PA-5.csv",2025-11-21,"8","6","4"
"25-18-202510-dev-seq-A","25","PA","18","202510-dev-tif/lm/18C/A/25/PA/1122-PA.csv",2025-11-22,"8","6","4"
"25-18-202510-dev-seq-A","25","PA","18","202510-dev-tif/lm/18C/A/25/PA/1122-PA.csv",2025-11-22,"8","6","4"
"25-18-202510-dev-seq-A","25","PA","18","202510-dev-tif/lm/18C/A/25/PA/1122-PA.csv",2025-11-22,"8","6","4"
"25-18-202510-dev-seq-A","25","PA","18","202510-dev-tif/lm/18C/A/25/PA/1122-PA.csv",2025-11-22,"8","6","4"
"25-18-202510-dev-seq-A","25","PA","18","202510-dev-tif/lm/18C/A/25/PA/1122-PA.csv",2025-11-22,"8","6","4"
"25-18-202510-dev-seq-A","25","PA","18","202510-dev-tif/lm/18C/A/25/PA/1124-PA-3.csv",2025-11-24,"9","6","4"
"25-18-202510-dev-seq-A","25","PA","18","202510-dev-tif/lm/18C/A/25/PA/1124-PA-3.csv",2025-11-24,"9","6","4"
"25-18-202510-dev-seq-A","25","PA","18","202510-dev-tif/lm/18C/A/25/PA/1124-PA-3.csv",2025-11-24,"9","6","4"
"25-18-202510-dev-seq-A","25","PA","18","202510-dev-tif/lm/18C/A/25/PA/1124-PA-3.csv",2025-11-24,"9","6","4"
"25-18-202510-dev-seq-A","25","PA","18","202510-dev-tif/lm/18C/A/25/PA/1124-PA-3.csv",2025-11-24,"9","6","4"
"25-18-202510-dev-seq-A","25","TA","18","202510-dev-tif/lm/18C/A/25/TA/1029-TA-3.csv",2025-10-29,"2","2","1"
"25-18-202510-dev-seq-A","25","TA","18","202510-dev-tif/lm/18C/A/25/TA/1029-TA-3.csv",2025-10-29,"2","2","1"
"25-18-202510-dev-seq-A","25","TA","18","202510-dev-tif/lm/18C/A/25/TA/1029-TA-3.csv",2025-10-29,"2","2","1"
"25-18-202510-dev-seq-A","25","TA","18","202510-dev-tif/lm/18C/A/25/TA/1029-TA-3.csv",2025-10-29,"2","2","1"
"25-18-202510-dev-seq-A","25","TA","18","202510-dev-tif/lm/18C/A/25/TA/1029-TA-3.csv",2025-10-29,"2","2","1"
"25-18-202510-dev-seq-A","25","TA","18","202510-dev-tif/lm/18C/A/25/TA/1029-TA-3.csv",2025-10-29,"2","2","1"
"25-18-202510-dev-seq-A","25","TA","18","202510-dev-tif/lm/18C/A/25/TA/1029-TA-3.csv",2025-10-29,"2","2","1"
"25-18-202510-dev-seq-A","25","TA","18","202510-dev-tif/lm/18C/A/25/TA/1029-TA-3.csv",2025-10-29,"2","2","1"
"25-18-202510-dev-seq-A","25","TA","18","202510-dev-tif/lm/18C/A/25/TA/1031-TA.csv",2025-10-31,"3","2","2"
"25-18-202510-dev-seq-A","25","TA","18","202510-dev-tif/lm/18C/A/25/TA/1031-TA.csv",2025-10-31,"3","2","2"
"25-18-202510-dev-seq-A","25","TA","18","202510-dev-tif/lm/18C/A/25/TA/1031-TA.csv",2025-10-31,"3","2","2"
"25-18-202510-dev-seq-A","25","TA","18","202510-dev-tif/lm/18C/A/25/TA/1031-TA.csv",2025-10-31,"3","2","2"
"25-18-202510-dev-seq-A","25","TA","18","202510-dev-tif/lm/18C/A/25/TA/1031-TA.csv",2025-10-31,"3","2","2"
"25-18-202510-dev-seq-A","25","TA","18","202510-dev-tif/lm/18C/A/25/TA/1031-TA.csv",2025-10-31,"3","2","2"
"25-18-202510-dev-seq-A","25","TA","18","202510-dev-tif/lm/18C/A/25/TA/1031-TA.csv",2025-10-31,"3","2","2"
"25-18-202510-dev-seq-A","25","TA","18","202510-dev-tif/lm/18C/A/25/TA/1031-TA.csv",2025-10-31,"3","2","2"
"25-18-202510-dev-seq-A","25","TA","18","202510-dev-tif/lm/18C/A/25/TA/1102-TA-4.csv",2025-11-02,"3","2","2"
"25-18-202510-dev-seq-A","25","TA","18","202510-dev-tif/lm/18C/A/25/TA/1102-TA-4.csv",2025-11-02,"3","2","2"
"25-18-202510-dev-seq-A","25","TA","18","202510-dev-tif/lm/18C/A/25/TA/1102-TA-4.csv",2025-11-02,"3","2","2"
"25-18-202510-dev-seq-A","25","TA","18","202510-dev-tif/lm/18C/A/25/TA/1102-TA-4.csv",2025-11-02,"3","2","2"
"25-18-202510-dev-seq-A","25","TA","18","202510-dev-tif/lm/18C/A/25/TA/1102-TA-4.csv",2025-11-02,"3","2","2"
"25-18-202510-dev-seq-A","25","TA","18","202510-dev-tif/lm/18C/A/25/TA/1102-TA-4.csv",2025-11-02,"3","2","2"
"25-18-202510-dev-seq-A","25","TA","18","202510-dev-tif/lm/18C/A/25/TA/1102-TA-4.csv",2025-11-02,"3","2","2"
"25-18-202510-dev-seq-A","25","TA","18","202510-dev-tif/lm/18C/A/25/TA/1102-TA-4.csv",2025-11-02,"3","2","2"
"25-18-202510-dev-seq-A","25","TA","18","202510-dev-tif/lm/18C/A/25/TA/1104-TA-2.csv",2025-11-04,"4","3","2"
"25-18-202510-dev-seq-A","25","TA","18","202510-dev-tif/lm/18C/A/25/TA/1104-TA-2.csv",2025-11-04,"4","3","2"
"25-18-202510-dev-seq-A","25","TA","18","202510-dev-tif/lm/18C/A/25/TA/1104-TA-2.csv",2025-11-04,"4","3","2"
"25-18-202510-dev-seq-A","25","TA","18","202510-dev-tif/lm/18C/A/25/TA/1104-TA-2.csv",2025-11-04,"4","3","2"
"25-18-202510-dev-seq-A","25","TA","18","202510-dev-tif/lm/18C/A/25/TA/1104-TA-2.csv",2025-11-04,"4","3","2"
"25-18-202510-dev-seq-A","25","TA","18","202510-dev-tif/lm/18C/A/25/TA/1104-TA-2.csv",2025-11-04,"4","3","2"
"25-18-202510-dev-seq-A","25","TA","18","202510-dev-tif/lm/18C/A/25/TA/1104-TA-2.csv",2025-11-04,"4","3","2"
"25-18-202510-dev-seq-A","25","TA","18","202510-dev-tif/lm/18C/A/25/TA/1104-TA-2.csv",2025-11-04,"4","3","2"
"25-18-202510-dev-seq-A","25","TA","18","202510-dev-tif/lm/18C/A/25/TA/1106-TA-3.csv",2025-11-06,"4","3","2"
"25-18-202510-dev-seq-A","25","TA","18","202510-dev-tif/lm/18C/A/25/TA/1106-TA-3.csv",2025-11-06,"4","3","2"
"25-18-202510-dev-seq-A","25","TA","18","202510-dev-tif/lm/18C/A/25/TA/1106-TA-3.csv",2025-11-06,"4","3","2"
"25-18-202510-dev-seq-A","25","TA","18","202510-dev-tif/lm/18C/A/25/TA/1106-TA-3.csv",2025-11-06,"4","3","2"
"25-18-202510-dev-seq-A","25","TA","18","202510-dev-tif/lm/18C/A/25/TA/1106-TA-3.csv",2025-11-06,"4","3","2"
"25-18-202510-dev-seq-A","25","TA","18","202510-dev-tif/lm/18C/A/25/TA/1106-TA-3.csv",2025-11-06,"4","3","2"
"25-18-202510-dev-seq-A","25","TA","18","202510-dev-tif/lm/18C/A/25/TA/1106-TA-3.csv",2025-11-06,"4","3","2"
"25-18-202510-dev-seq-A","25","TA","18","202510-dev-tif/lm/18C/A/25/TA/1106-TA-3.csv",2025-11-06,"4","3","2"
"25-18-202510-dev-seq-A","25","TA","18","202510-dev-tif/lm/18C/A/25/TA/1108-TA.csv",2025-11-08,"4","4","3"
"25-18-202510-dev-seq-A","25","TA","18","202510-dev-tif/lm/18C/A/25/TA/1108-TA.csv",2025-11-08,"4","4","3"
"25-18-202510-dev-seq-A","25","TA","18","202510-dev-tif/lm/18C/A/25/TA/1108-TA.csv",2025-11-08,"4","4","3"
"25-18-202510-dev-seq-A","25","TA","18","202510-dev-tif/lm/18C/A/25/TA/1108-TA.csv",2025-11-08,"4","4","3"
"25-18-202510-dev-seq-A","25","TA","18","202510-dev-tif/lm/18C/A/25/TA/1108-TA.csv",2025-11-08,"4","4","3"
"25-18-202510-dev-seq-A","25","TA","18","202510-dev-tif/lm/18C/A/25/TA/1108-TA.csv",2025-11-08,"4","4","3"
"25-18-202510-dev-seq-A","25","TA","18","202510-dev-tif/lm/18C/A/25/TA/1108-TA.csv",2025-11-08,"4","4","3"
"25-18-202510-dev-seq-A","25","TA","18","202510-dev-tif/lm/18C/A/25/TA/1108-TA.csv",2025-11-08,"4","4","3"
"25-18-202510-dev-seq-A","25","TA","18","202510-dev-tif/lm/18C/A/25/TA/1110-TA-4.csv",2025-11-10,"5","4","3"
"25-18-202510-dev-seq-A","25","TA","18","202510-dev-tif/lm/18C/A/25/TA/1110-TA-4.csv",2025-11-10,"5","4","3"
"25-18-202510-dev-seq-A","25","TA","18","202510-dev-tif/lm/18C/A/25/TA/1110-TA-4.csv",2025-11-10,"5","4","3"
"25-18-202510-dev-seq-A","25","TA","18","202510-dev-tif/lm/18C/A/25/TA/1110-TA-4.csv",2025-11-10,"5","4","3"
"25-18-202510-dev-seq-A","25","TA","18","202510-dev-tif/lm/18C/A/25/TA/1110-TA-4.csv",2025-11-10,"5","4","3"
"25-18-202510-dev-seq-A","25","TA","18","202510-dev-tif/lm/18C/A/25/TA/1110-TA-4.csv",2025-11-10,"5","4","3"
"25-18-202510-dev-seq-A","25","TA","18","202510-dev-tif/lm/18C/A/25/TA/1110-TA-4.csv",2025-11-10,"5","4","3"
"25-18-202510-dev-seq-A","25","TA","18","202510-dev-tif/lm/18C/A/25/TA/1110-TA-4.csv",2025-11-10,"5","4","3"
"25-18-202510-dev-seq-A","25","TA","18","202510-dev-tif/lm/18C/A/25/TA/1112-TA-2.csv",2025-11-12,"5","4","3"
"25-18-202510-dev-seq-A","25","TA","18","202510-dev-tif/lm/18C/A/25/TA/1112-TA-2.csv",2025-11-12,"5","4","3"
"25-18-202510-dev-seq-A","25","TA","18","202510-dev-tif/lm/18C/A/25/TA/1112-TA-2.csv",2025-11-12,"5","4","3"
"25-18-202510-dev-seq-A","25","TA","18","202510-dev-tif/lm/18C/A/25/TA/1112-TA-2.csv",2025-11-12,"5","4","3"
"25-18-202510-dev-seq-A","25","TA","18","202510-dev-tif/lm/18C/A/25/TA/1112-TA-2.csv",2025-11-12,"5","4","3"
"25-18-202510-dev-seq-A","25","TA","18","202510-dev-tif/lm/18C/A/25/TA/1112-TA-2.csv",2025-11-12,"5","4","3"
"25-18-202510-dev-seq-A","25","TA","18","202510-dev-tif/lm/18C/A/25/TA/1112-TA-2.csv",2025-11-12,"5","4","3"
"25-18-202510-dev-seq-A","25","TA","18","202510-dev-tif/lm/18C/A/25/TA/1112-TA-2.csv",2025-11-12,"5","4","3"
"25-18-202510-dev-seq-A","25","TA","18","202510-dev-tif/lm/18C/A/25/TA/1114-TA.csv",2025-11-14,"6","4","3"
"25-18-202510-dev-seq-A","25","TA","18","202510-dev-tif/lm/18C/A/25/TA/1114-TA.csv",2025-11-14,"6","4","3"
"25-18-202510-dev-seq-A","25","TA","18","202510-dev-tif/lm/18C/A/25/TA/1114-TA.csv",2025-11-14,"6","4","3"
"25-18-202510-dev-seq-A","25","TA","18","202510-dev-tif/lm/18C/A/25/TA/1114-TA.csv",2025-11-14,"6","4","3"
"25-18-202510-dev-seq-A","25","TA","18","202510-dev-tif/lm/18C/A/25/TA/1114-TA.csv",2025-11-14,"6","4","3"
"25-18-202510-dev-seq-A","25","TA","18","202510-dev-tif/lm/18C/A/25/TA/1114-TA.csv",2025-11-14,"6","4","3"
"25-18-202510-dev-seq-A","25","TA","18","202510-dev-tif/lm/18C/A/25/TA/1114-TA.csv",2025-11-14,"6","4","3"
"25-18-202510-dev-seq-A","25","TA","18","202510-dev-tif/lm/18C/A/25/TA/1114-TA.csv",2025-11-14,"6","4","3"
"25-18-202510-dev-seq-A","25","TA","18","202510-dev-tif/lm/18C/A/25/TA/1116-TA-4.csv",2025-11-16,"5","4","3"
"25-18-202510-dev-seq-A","25","TA","18","202510-dev-tif/lm/18C/A/25/TA/1116-TA-4.csv",2025-11-16,"5","4","3"
"25-18-202510-dev-seq-A","25","TA","18","202510-dev-tif/lm/18C/A/25/TA/1116-TA-4.csv",2025-11-16,"5","4","3"
"25-18-202510-dev-seq-A","25","TA","18","202510-dev-tif/lm/18C/A/25/TA/1116-TA-4.csv",2025-11-16,"5","4","3"
"25-18-202510-dev-seq-A","25","TA","18","202510-dev-tif/lm/18C/A/25/TA/1116-TA-4.csv",2025-11-16,"5","4","3"
"25-18-202510-dev-seq-A","25","TA","18","202510-dev-tif/lm/18C/A/25/TA/1116-TA-4.csv",2025-11-16,"5","4","3"
"25-18-202510-dev-seq-A","25","TA","18","202510-dev-tif/lm/18C/A/25/TA/1116-TA-4.csv",2025-11-16,"5","4","3"
"25-18-202510-dev-seq-A","25","TA","18","202510-dev-tif/lm/18C/A/25/TA/1116-TA-4.csv",2025-11-16,"5","4","3"
"25-18-202510-dev-seq-A","25","TA","18","202510-dev-tif/lm/18C/A/25/TA/1118-TA-4.csv",2025-11-18,"8","4","3"
"25-18-202510-dev-seq-A","25","TA","18","202510-dev-tif/lm/18C/A/25/TA/1118-TA-4.csv",2025-11-18,"8","4","3"
"25-18-202510-dev-seq-A","25","TA","18","202510-dev-tif/lm/18C/A/25/TA/1118-TA-4.csv",2025-11-18,"8","4","3"
"25-18-202510-dev-seq-A","25","TA","18","202510-dev-tif/lm/18C/A/25/TA/1118-TA-4.csv",2025-11-18,"8","4","3"
"25-18-202510-dev-seq-A","25","TA","18","202510-dev-tif/lm/18C/A/25/TA/1118-TA-4.csv",2025-11-18,"8","4","3"
"25-18-202510-dev-seq-A","25","TA","18","202510-dev-tif/lm/18C/A/25/TA/1118-TA-4.csv",2025-11-18,"8","4","3"
"25-18-202510-dev-seq-A","25","TA","18","202510-dev-tif/lm/18C/A/25/TA/1118-TA-4.csv",2025-11-18,"8","4","3"
"25-18-202510-dev-seq-A","25","TA","18","202510-dev-tif/lm/18C/A/25/TA/1118-TA-4.csv",2025-11-18,"8","4","3"
"25-18-202510-dev-seq-A","25","TA","18","202510-dev-tif/lm/18C/A/25/TA/1120-TA.csv",2025-11-20,"8","6","4"
"25-18-202510-dev-seq-A","25","TA","18","202510-dev-tif/lm/18C/A/25/TA/1120-TA.csv",2025-11-20,"8","6","4"
"25-18-202510-dev-seq-A","25","TA","18","202510-dev-tif/lm/18C/A/25/TA/1120-TA.csv",2025-11-20,"8","6","4"
"25-18-202510-dev-seq-A","25","TA","18","202510-dev-tif/lm/18C/A/25/TA/1120-TA.csv",2025-11-20,"8","6","4"
"25-18-202510-dev-seq-A","25","TA","18","202510-dev-tif/lm/18C/A/25/TA/1120-TA.csv",2025-11-20,"8","6","4"
"25-18-202510-dev-seq-A","25","TA","18","202510-dev-tif/lm/18C/A/25/TA/1120-TA.csv",2025-11-20,"8","6","4"
"25-18-202510-dev-seq-A","25","TA","18","202510-dev-tif/lm/18C/A/25/TA/1120-TA.csv",2025-11-20,"8","6","4"
"25-18-202510-dev-seq-A","25","TA","18","202510-dev-tif/lm/18C/A/25/TA/1120-TA.csv",2025-11-20,"8","6","4"
"25-18-202510-dev-seq-A","25","TA","18","202510-dev-tif/lm/18C/A/25/TA/1121-TA-2.csv",2025-11-21,"8","6","4"
"25-18-202510-dev-seq-A","25","TA","18","202510-dev-tif/lm/18C/A/25/TA/1121-TA-2.csv",2025-11-21,"8","6","4"
"25-18-202510-dev-seq-A","25","TA","18","202510-dev-tif/lm/18C/A/25/TA/1121-TA-2.csv",2025-11-21,"8","6","4"
"25-18-202510-dev-seq-A","25","TA","18","202510-dev-tif/lm/18C/A/25/TA/1121-TA-2.csv",2025-11-21,"8","6","4"
"25-18-202510-dev-seq-A","25","TA","18","202510-dev-tif/lm/18C/A/25/TA/1121-TA-2.csv",2025-11-21,"8","6","4"
"25-18-202510-dev-seq-A","25","TA","18","202510-dev-tif/lm/18C/A/25/TA/1121-TA-2.csv",2025-11-21,"8","6","4"
"25-18-202510-dev-seq-A","25","TA","18","202510-dev-tif/lm/18C/A/25/TA/1121-TA-2.csv",2025-11-21,"8","6","4"
"25-18-202510-dev-seq-A","25","TA","18","202510-dev-tif/lm/18C/A/25/TA/1121-TA-2.csv",2025-11-21,"8","6","4"
"25-18-202510-dev-seq-A","25","TA","18","202510-dev-tif/lm/18C/A/25/TA/1122-TA-4.csv",2025-11-22,"8","6","4"
"25-18-202510-dev-seq-A","25","TA","18","202510-dev-tif/lm/18C/A/25/TA/1122-TA-4.csv",2025-11-22,"8","6","4"
"25-18-202510-dev-seq-A","25","TA","18","202510-dev-tif/lm/18C/A/25/TA/1122-TA-4.csv",2025-11-22,"8","6","4"
"25-18-202510-dev-seq-A","25","TA","18","202510-dev-tif/lm/18C/A/25/TA/1122-TA-4.csv",2025-11-22,"8","6","4"
"25-18-202510-dev-seq-A","25","TA","18","202510-dev-tif/lm/18C/A/25/TA/1122-TA-4.csv",2025-11-22,"8","6","4"
"25-18-202510-dev-seq-A","25","TA","18","202510-dev-tif/lm/18C/A/25/TA/1122-TA-4.csv",2025-11-22,"8","6","4"
"25-18-202510-dev-seq-A","25","TA","18","202510-dev-tif/lm/18C/A/25/TA/1122-TA-4.csv",2025-11-22,"8","6","4"
"25-18-202510-dev-seq-A","25","TA","18","202510-dev-tif/lm/18C/A/25/TA/1122-TA-4.csv",2025-11-22,"8","6","4"
"25-18-202510-dev-seq-A","25","TA","18","202510-dev-tif/lm/18C/A/25/TA/1124-TA-3.csv",2025-11-24,"9","6","4"
"25-18-202510-dev-seq-A","25","TA","18","202510-dev-tif/lm/18C/A/25/TA/1124-TA-3.csv",2025-11-24,"9","6","4"
"25-18-202510-dev-seq-A","25","TA","18","202510-dev-tif/lm/18C/A/25/TA/1124-TA-3.csv",2025-11-24,"9","6","4"
"25-18-202510-dev-seq-A","25","TA","18","202510-dev-tif/lm/18C/A/25/TA/1124-TA-3.csv",2025-11-24,"9","6","4"
"25-18-202510-dev-seq-A","25","TA","18","202510-dev-tif/lm/18C/A/25/TA/1124-TA-3.csv",2025-11-24,"9","6","4"
"25-18-202510-dev-seq-A","25","TA","18","202510-dev-tif/lm/18C/A/25/TA/1124-TA-3.csv",2025-11-24,"9","6","4"
"25-18-202510-dev-seq-A","25","TA","18","202510-dev-tif/lm/18C/A/25/TA/1124-TA-3.csv",2025-11-24,"9","6","4"
"25-18-202510-dev-seq-A","25","TA","18","202510-dev-tif/lm/18C/A/25/TA/1124-TA-3.csv",2025-11-24,"9","6","4"
"3-18-202510-dev-seq-A","3","OA","18","202510-dev-tif/lm/18C/A/3/OA/1022-OA.csv",2025-10-22,"1","1","1"
"3-18-202510-dev-seq-A","3","OA","18","202510-dev-tif/lm/18C/A/3/OA/1022-OA.csv",2025-10-22,"1","1","1"
"3-18-202510-dev-seq-A","3","OA","18","202510-dev-tif/lm/18C/A/3/OA/1022-OA.csv",2025-10-22,"1","1","1"
"3-18-202510-dev-seq-A","3","OA","18","202510-dev-tif/lm/18C/A/3/OA/1022-OA.csv",2025-10-22,"1","1","1"
"3-18-202510-dev-seq-A","3","OA","18","202510-dev-tif/lm/18C/A/3/OA/1024-OA.csv",2025-10-24,"1","1","1"
"3-18-202510-dev-seq-A","3","OA","18","202510-dev-tif/lm/18C/A/3/OA/1024-OA.csv",2025-10-24,"1","1","1"
"3-18-202510-dev-seq-A","3","OA","18","202510-dev-tif/lm/18C/A/3/OA/1024-OA.csv",2025-10-24,"1","1","1"
"3-18-202510-dev-seq-A","3","OA","18","202510-dev-tif/lm/18C/A/3/OA/1024-OA.csv",2025-10-24,"1","1","1"
"3-18-202510-dev-seq-A","3","OA","18","202510-dev-tif/lm/18C/A/3/OA/1026-OA.csv",2025-10-26,"4","1","1"
"3-18-202510-dev-seq-A","3","OA","18","202510-dev-tif/lm/18C/A/3/OA/1026-OA.csv",2025-10-26,"4","1","1"
"3-18-202510-dev-seq-A","3","OA","18","202510-dev-tif/lm/18C/A/3/OA/1026-OA.csv",2025-10-26,"4","1","1"
"3-18-202510-dev-seq-A","3","OA","18","202510-dev-tif/lm/18C/A/3/OA/1026-OA.csv",2025-10-26,"4","1","1"
"3-18-202510-dev-seq-A","3","OA","18","202510-dev-tif/lm/18C/A/3/OA/1027-OA-3.csv",2025-10-27,"3","2","2"
"3-18-202510-dev-seq-A","3","OA","18","202510-dev-tif/lm/18C/A/3/OA/1027-OA-3.csv",2025-10-27,"3","2","2"
"3-18-202510-dev-seq-A","3","OA","18","202510-dev-tif/lm/18C/A/3/OA/1027-OA-3.csv",2025-10-27,"3","2","2"
"3-18-202510-dev-seq-A","3","OA","18","202510-dev-tif/lm/18C/A/3/OA/1027-OA-3.csv",2025-10-27,"3","2","2"
"3-18-202510-dev-seq-A","3","OA","18","202510-dev-tif/lm/18C/A/3/OA/1028-OA.csv",2025-10-28,"3","2","2"
"3-18-202510-dev-seq-A","3","OA","18","202510-dev-tif/lm/18C/A/3/OA/1028-OA.csv",2025-10-28,"3","2","2"
"3-18-202510-dev-seq-A","3","OA","18","202510-dev-tif/lm/18C/A/3/OA/1028-OA.csv",2025-10-28,"3","2","2"
"3-18-202510-dev-seq-A","3","OA","18","202510-dev-tif/lm/18C/A/3/OA/1028-OA.csv",2025-10-28,"3","2","2"
"3-18-202510-dev-seq-A","3","OA","18","202510-dev-tif/lm/18C/A/3/OA/1030-OA-2.csv",2025-10-30,"4","2","2"
"3-18-202510-dev-seq-A","3","OA","18","202510-dev-tif/lm/18C/A/3/OA/1030-OA-2.csv",2025-10-30,"4","2","2"
"3-18-202510-dev-seq-A","3","OA","18","202510-dev-tif/lm/18C/A/3/OA/1030-OA-2.csv",2025-10-30,"4","2","2"
"3-18-202510-dev-seq-A","3","OA","18","202510-dev-tif/lm/18C/A/3/OA/1030-OA-2.csv",2025-10-30,"4","2","2"
"3-18-202510-dev-seq-A","3","OA","18","202510-dev-tif/lm/18C/A/3/OA/1101-OA-2.csv",2025-11-01,"4","2","2"
"3-18-202510-dev-seq-A","3","OA","18","202510-dev-tif/lm/18C/A/3/OA/1101-OA-2.csv",2025-11-01,"4","2","2"
"3-18-202510-dev-seq-A","3","OA","18","202510-dev-tif/lm/18C/A/3/OA/1101-OA-2.csv",2025-11-01,"4","2","2"
"3-18-202510-dev-seq-A","3","OA","18","202510-dev-tif/lm/18C/A/3/OA/1101-OA-2.csv",2025-11-01,"4","2","2"
"3-18-202510-dev-seq-A","3","OA","18","202510-dev-tif/lm/18C/A/3/OA/1103-OA-2.csv",2025-11-03,"4","3","2"
"3-18-202510-dev-seq-A","3","OA","18","202510-dev-tif/lm/18C/A/3/OA/1103-OA-2.csv",2025-11-03,"4","3","2"
"3-18-202510-dev-seq-A","3","OA","18","202510-dev-tif/lm/18C/A/3/OA/1103-OA-2.csv",2025-11-03,"4","3","2"
"3-18-202510-dev-seq-A","3","OA","18","202510-dev-tif/lm/18C/A/3/OA/1103-OA-2.csv",2025-11-03,"4","3","2"
"3-18-202510-dev-seq-A","3","OA","18","202510-dev-tif/lm/18C/A/3/OA/1105-OA-2.csv",2025-11-05,"6","3","2"
"3-18-202510-dev-seq-A","3","OA","18","202510-dev-tif/lm/18C/A/3/OA/1105-OA-2.csv",2025-11-05,"6","3","2"
"3-18-202510-dev-seq-A","3","OA","18","202510-dev-tif/lm/18C/A/3/OA/1105-OA-2.csv",2025-11-05,"6","3","2"
"3-18-202510-dev-seq-A","3","OA","18","202510-dev-tif/lm/18C/A/3/OA/1105-OA-2.csv",2025-11-05,"6","3","2"
"3-18-202510-dev-seq-A","3","OA","18","202510-dev-tif/lm/18C/A/3/OA/1107-OA-2.csv",2025-11-07,"6","3","3"
"3-18-202510-dev-seq-A","3","OA","18","202510-dev-tif/lm/18C/A/3/OA/1107-OA-2.csv",2025-11-07,"6","3","3"
"3-18-202510-dev-seq-A","3","OA","18","202510-dev-tif/lm/18C/A/3/OA/1107-OA-2.csv",2025-11-07,"6","3","3"
"3-18-202510-dev-seq-A","3","OA","18","202510-dev-tif/lm/18C/A/3/OA/1107-OA-2.csv",2025-11-07,"6","3","3"
"3-18-202510-dev-seq-A","3","OA","18","202510-dev-tif/lm/18C/A/3/OA/1110-OA-4.csv",2025-11-10,"8","3","3"
"3-18-202510-dev-seq-A","3","OA","18","202510-dev-tif/lm/18C/A/3/OA/1110-OA-4.csv",2025-11-10,"8","3","3"
"3-18-202510-dev-seq-A","3","OA","18","202510-dev-tif/lm/18C/A/3/OA/1110-OA-4.csv",2025-11-10,"8","3","3"
"3-18-202510-dev-seq-A","3","OA","18","202510-dev-tif/lm/18C/A/3/OA/1110-OA-4.csv",2025-11-10,"8","3","3"
"3-18-202510-dev-seq-A","3","OA","18","202510-dev-tif/lm/18C/A/3/OA/1111-OA.csv",2025-11-11,"8","3","3"
"3-18-202510-dev-seq-A","3","OA","18","202510-dev-tif/lm/18C/A/3/OA/1111-OA.csv",2025-11-11,"8","3","3"
"3-18-202510-dev-seq-A","3","OA","18","202510-dev-tif/lm/18C/A/3/OA/1111-OA.csv",2025-11-11,"8","3","3"
"3-18-202510-dev-seq-A","3","OA","18","202510-dev-tif/lm/18C/A/3/OA/1111-OA.csv",2025-11-11,"8","3","3"
"3-18-202510-dev-seq-A","3","OA","18","202510-dev-tif/lm/18C/A/3/OA/1113-OA-4.csv",2025-11-13,"8","4","3"
"3-18-202510-dev-seq-A","3","OA","18","202510-dev-tif/lm/18C/A/3/OA/1113-OA-4.csv",2025-11-13,"8","4","3"
"3-18-202510-dev-seq-A","3","OA","18","202510-dev-tif/lm/18C/A/3/OA/1113-OA-4.csv",2025-11-13,"8","4","3"
"3-18-202510-dev-seq-A","3","OA","18","202510-dev-tif/lm/18C/A/3/OA/1113-OA-4.csv",2025-11-13,"8","4","3"
"3-18-202510-dev-seq-A","3","OA","18","202510-dev-tif/lm/18C/A/3/OA/1115-OA-2.csv",2025-11-15,"8","4","3"
"3-18-202510-dev-seq-A","3","OA","18","202510-dev-tif/lm/18C/A/3/OA/1115-OA-2.csv",2025-11-15,"8","4","3"
"3-18-202510-dev-seq-A","3","OA","18","202510-dev-tif/lm/18C/A/3/OA/1115-OA-2.csv",2025-11-15,"8","4","3"
"3-18-202510-dev-seq-A","3","OA","18","202510-dev-tif/lm/18C/A/3/OA/1115-OA-2.csv",2025-11-15,"8","4","3"
"3-18-202510-dev-seq-A","3","OA","18","202510-dev-tif/lm/18C/A/3/OA/1117-OA-2.csv",2025-11-17,"9","5","4"
"3-18-202510-dev-seq-A","3","OA","18","202510-dev-tif/lm/18C/A/3/OA/1117-OA-2.csv",2025-11-17,"9","5","4"
"3-18-202510-dev-seq-A","3","OA","18","202510-dev-tif/lm/18C/A/3/OA/1117-OA-2.csv",2025-11-17,"9","5","4"
"3-18-202510-dev-seq-A","3","OA","18","202510-dev-tif/lm/18C/A/3/OA/1117-OA-2.csv",2025-11-17,"9","5","4"
"3-18-202510-dev-seq-A","3","OA","18","202510-dev-tif/lm/18C/A/3/OA/1119-OA-2.csv",2025-11-19,"9","5","4"
"3-18-202510-dev-seq-A","3","OA","18","202510-dev-tif/lm/18C/A/3/OA/1119-OA-2.csv",2025-11-19,"9","5","4"
"3-18-202510-dev-seq-A","3","OA","18","202510-dev-tif/lm/18C/A/3/OA/1119-OA-2.csv",2025-11-19,"9","5","4"
"3-18-202510-dev-seq-A","3","OA","18","202510-dev-tif/lm/18C/A/3/OA/1119-OA-2.csv",2025-11-19,"9","5","4"
"3-18-202510-dev-seq-A","3","OA","18","202510-dev-tif/lm/18C/A/3/OA/1123-OA-3.csv",2025-11-23,"9","5","4"
"3-18-202510-dev-seq-A","3","OA","18","202510-dev-tif/lm/18C/A/3/OA/1123-OA-3.csv",2025-11-23,"9","5","4"
"3-18-202510-dev-seq-A","3","OA","18","202510-dev-tif/lm/18C/A/3/OA/1123-OA-3.csv",2025-11-23,"9","5","4"
"3-18-202510-dev-seq-A","3","OA","18","202510-dev-tif/lm/18C/A/3/OA/1123-OA-3.csv",2025-11-23,"9","5","4"
"3-18-202510-dev-seq-A","3","PA","18","202510-dev-tif/lm/18C/A/3/PA/1022-PA-3.csv",2025-10-22,"1","1","1"
"3-18-202510-dev-seq-A","3","PA","18","202510-dev-tif/lm/18C/A/3/PA/1022-PA-3.csv",2025-10-22,"1","1","1"
"3-18-202510-dev-seq-A","3","PA","18","202510-dev-tif/lm/18C/A/3/PA/1022-PA-3.csv",2025-10-22,"1","1","1"
"3-18-202510-dev-seq-A","3","PA","18","202510-dev-tif/lm/18C/A/3/PA/1022-PA-3.csv",2025-10-22,"1","1","1"
"3-18-202510-dev-seq-A","3","PA","18","202510-dev-tif/lm/18C/A/3/PA/1022-PA-3.csv",2025-10-22,"1","1","1"
"3-18-202510-dev-seq-A","3","PA","18","202510-dev-tif/lm/18C/A/3/PA/1024-PA-3.csv",2025-10-24,"1","1","1"
"3-18-202510-dev-seq-A","3","PA","18","202510-dev-tif/lm/18C/A/3/PA/1024-PA-3.csv",2025-10-24,"1","1","1"
"3-18-202510-dev-seq-A","3","PA","18","202510-dev-tif/lm/18C/A/3/PA/1024-PA-3.csv",2025-10-24,"1","1","1"
"3-18-202510-dev-seq-A","3","PA","18","202510-dev-tif/lm/18C/A/3/PA/1024-PA-3.csv",2025-10-24,"1","1","1"
"3-18-202510-dev-seq-A","3","PA","18","202510-dev-tif/lm/18C/A/3/PA/1024-PA-3.csv",2025-10-24,"1","1","1"
"3-18-202510-dev-seq-A","3","PA","18","202510-dev-tif/lm/18C/A/3/PA/1026-PA-2.csv",2025-10-26,"4","1","1"
"3-18-202510-dev-seq-A","3","PA","18","202510-dev-tif/lm/18C/A/3/PA/1026-PA-2.csv",2025-10-26,"4","1","1"
"3-18-202510-dev-seq-A","3","PA","18","202510-dev-tif/lm/18C/A/3/PA/1026-PA-2.csv",2025-10-26,"4","1","1"
"3-18-202510-dev-seq-A","3","PA","18","202510-dev-tif/lm/18C/A/3/PA/1026-PA-2.csv",2025-10-26,"4","1","1"
"3-18-202510-dev-seq-A","3","PA","18","202510-dev-tif/lm/18C/A/3/PA/1026-PA-2.csv",2025-10-26,"4","1","1"
"3-18-202510-dev-seq-A","3","PA","18","202510-dev-tif/lm/18C/A/3/PA/1027-PA-3.csv",2025-10-27,"3","2","2"
"3-18-202510-dev-seq-A","3","PA","18","202510-dev-tif/lm/18C/A/3/PA/1027-PA-3.csv",2025-10-27,"3","2","2"
"3-18-202510-dev-seq-A","3","PA","18","202510-dev-tif/lm/18C/A/3/PA/1027-PA-3.csv",2025-10-27,"3","2","2"
"3-18-202510-dev-seq-A","3","PA","18","202510-dev-tif/lm/18C/A/3/PA/1027-PA-3.csv",2025-10-27,"3","2","2"
"3-18-202510-dev-seq-A","3","PA","18","202510-dev-tif/lm/18C/A/3/PA/1027-PA-3.csv",2025-10-27,"3","2","2"
"3-18-202510-dev-seq-A","3","PA","18","202510-dev-tif/lm/18C/A/3/PA/1028-PA.csv",2025-10-28,"3","2","2"
"3-18-202510-dev-seq-A","3","PA","18","202510-dev-tif/lm/18C/A/3/PA/1028-PA.csv",2025-10-28,"3","2","2"
"3-18-202510-dev-seq-A","3","PA","18","202510-dev-tif/lm/18C/A/3/PA/1028-PA.csv",2025-10-28,"3","2","2"
"3-18-202510-dev-seq-A","3","PA","18","202510-dev-tif/lm/18C/A/3/PA/1028-PA.csv",2025-10-28,"3","2","2"
"3-18-202510-dev-seq-A","3","PA","18","202510-dev-tif/lm/18C/A/3/PA/1028-PA.csv",2025-10-28,"3","2","2"
"3-18-202510-dev-seq-A","3","PA","18","202510-dev-tif/lm/18C/A/3/PA/1030-PA.csv",2025-10-30,"4","2","2"
"3-18-202510-dev-seq-A","3","PA","18","202510-dev-tif/lm/18C/A/3/PA/1030-PA.csv",2025-10-30,"4","2","2"
"3-18-202510-dev-seq-A","3","PA","18","202510-dev-tif/lm/18C/A/3/PA/1030-PA.csv",2025-10-30,"4","2","2"
"3-18-202510-dev-seq-A","3","PA","18","202510-dev-tif/lm/18C/A/3/PA/1030-PA.csv",2025-10-30,"4","2","2"
"3-18-202510-dev-seq-A","3","PA","18","202510-dev-tif/lm/18C/A/3/PA/1030-PA.csv",2025-10-30,"4","2","2"
"3-18-202510-dev-seq-A","3","PA","18","202510-dev-tif/lm/18C/A/3/PA/1101-PA-4.csv",2025-11-01,"4","2","2"
"3-18-202510-dev-seq-A","3","PA","18","202510-dev-tif/lm/18C/A/3/PA/1101-PA-4.csv",2025-11-01,"4","2","2"
"3-18-202510-dev-seq-A","3","PA","18","202510-dev-tif/lm/18C/A/3/PA/1101-PA-4.csv",2025-11-01,"4","2","2"
"3-18-202510-dev-seq-A","3","PA","18","202510-dev-tif/lm/18C/A/3/PA/1101-PA-4.csv",2025-11-01,"4","2","2"
"3-18-202510-dev-seq-A","3","PA","18","202510-dev-tif/lm/18C/A/3/PA/1101-PA-4.csv",2025-11-01,"4","2","2"
"3-18-202510-dev-seq-A","3","PA","18","202510-dev-tif/lm/18C/A/3/PA/1103-PA-2.csv",2025-11-03,"4","3","2"
"3-18-202510-dev-seq-A","3","PA","18","202510-dev-tif/lm/18C/A/3/PA/1103-PA-2.csv",2025-11-03,"4","3","2"
"3-18-202510-dev-seq-A","3","PA","18","202510-dev-tif/lm/18C/A/3/PA/1103-PA-2.csv",2025-11-03,"4","3","2"
"3-18-202510-dev-seq-A","3","PA","18","202510-dev-tif/lm/18C/A/3/PA/1103-PA-2.csv",2025-11-03,"4","3","2"
"3-18-202510-dev-seq-A","3","PA","18","202510-dev-tif/lm/18C/A/3/PA/1103-PA-2.csv",2025-11-03,"4","3","2"
"3-18-202510-dev-seq-A","3","PA","18","202510-dev-tif/lm/18C/A/3/PA/1105-PA-4.csv",2025-11-05,"6","3","2"
"3-18-202510-dev-seq-A","3","PA","18","202510-dev-tif/lm/18C/A/3/PA/1105-PA-4.csv",2025-11-05,"6","3","2"
"3-18-202510-dev-seq-A","3","PA","18","202510-dev-tif/lm/18C/A/3/PA/1105-PA-4.csv",2025-11-05,"6","3","2"
"3-18-202510-dev-seq-A","3","PA","18","202510-dev-tif/lm/18C/A/3/PA/1105-PA-4.csv",2025-11-05,"6","3","2"
"3-18-202510-dev-seq-A","3","PA","18","202510-dev-tif/lm/18C/A/3/PA/1105-PA-4.csv",2025-11-05,"6","3","2"
"3-18-202510-dev-seq-A","3","PA","18","202510-dev-tif/lm/18C/A/3/PA/1107-PA-3.csv",2025-11-07,"6","3","3"
"3-18-202510-dev-seq-A","3","PA","18","202510-dev-tif/lm/18C/A/3/PA/1107-PA-3.csv",2025-11-07,"6","3","3"
"3-18-202510-dev-seq-A","3","PA","18","202510-dev-tif/lm/18C/A/3/PA/1107-PA-3.csv",2025-11-07,"6","3","3"
"3-18-202510-dev-seq-A","3","PA","18","202510-dev-tif/lm/18C/A/3/PA/1107-PA-3.csv",2025-11-07,"6","3","3"
"3-18-202510-dev-seq-A","3","PA","18","202510-dev-tif/lm/18C/A/3/PA/1107-PA-3.csv",2025-11-07,"6","3","3"
"3-18-202510-dev-seq-A","3","PA","18","202510-dev-tif/lm/18C/A/3/PA/1110-PA-2.csv",2025-11-10,"8","3","3"
"3-18-202510-dev-seq-A","3","PA","18","202510-dev-tif/lm/18C/A/3/PA/1110-PA-2.csv",2025-11-10,"8","3","3"
"3-18-202510-dev-seq-A","3","PA","18","202510-dev-tif/lm/18C/A/3/PA/1110-PA-2.csv",2025-11-10,"8","3","3"
"3-18-202510-dev-seq-A","3","PA","18","202510-dev-tif/lm/18C/A/3/PA/1110-PA-2.csv",2025-11-10,"8","3","3"
"3-18-202510-dev-seq-A","3","PA","18","202510-dev-tif/lm/18C/A/3/PA/1110-PA-2.csv",2025-11-10,"8","3","3"
"3-18-202510-dev-seq-A","3","PA","18","202510-dev-tif/lm/18C/A/3/PA/1111-PA-2.csv",2025-11-11,"8","3","3"
"3-18-202510-dev-seq-A","3","PA","18","202510-dev-tif/lm/18C/A/3/PA/1111-PA-2.csv",2025-11-11,"8","3","3"
"3-18-202510-dev-seq-A","3","PA","18","202510-dev-tif/lm/18C/A/3/PA/1111-PA-2.csv",2025-11-11,"8","3","3"
"3-18-202510-dev-seq-A","3","PA","18","202510-dev-tif/lm/18C/A/3/PA/1111-PA-2.csv",2025-11-11,"8","3","3"
"3-18-202510-dev-seq-A","3","PA","18","202510-dev-tif/lm/18C/A/3/PA/1111-PA-2.csv",2025-11-11,"8","3","3"
"3-18-202510-dev-seq-A","3","PA","18","202510-dev-tif/lm/18C/A/3/PA/1113-PA-4.csv",2025-11-13,"8","4","3"
"3-18-202510-dev-seq-A","3","PA","18","202510-dev-tif/lm/18C/A/3/PA/1113-PA-4.csv",2025-11-13,"8","4","3"
"3-18-202510-dev-seq-A","3","PA","18","202510-dev-tif/lm/18C/A/3/PA/1113-PA-4.csv",2025-11-13,"8","4","3"
"3-18-202510-dev-seq-A","3","PA","18","202510-dev-tif/lm/18C/A/3/PA/1113-PA-4.csv",2025-11-13,"8","4","3"
"3-18-202510-dev-seq-A","3","PA","18","202510-dev-tif/lm/18C/A/3/PA/1113-PA-4.csv",2025-11-13,"8","4","3"
"3-18-202510-dev-seq-A","3","PA","18","202510-dev-tif/lm/18C/A/3/PA/1115-PA-2.csv",2025-11-15,"8","4","3"
"3-18-202510-dev-seq-A","3","PA","18","202510-dev-tif/lm/18C/A/3/PA/1115-PA-2.csv",2025-11-15,"8","4","3"
"3-18-202510-dev-seq-A","3","PA","18","202510-dev-tif/lm/18C/A/3/PA/1115-PA-2.csv",2025-11-15,"8","4","3"
"3-18-202510-dev-seq-A","3","PA","18","202510-dev-tif/lm/18C/A/3/PA/1115-PA-2.csv",2025-11-15,"8","4","3"
"3-18-202510-dev-seq-A","3","PA","18","202510-dev-tif/lm/18C/A/3/PA/1115-PA-2.csv",2025-11-15,"8","4","3"
"3-18-202510-dev-seq-A","3","PA","18","202510-dev-tif/lm/18C/A/3/PA/1117-PA-2.csv",2025-11-17,"9","5","4"
"3-18-202510-dev-seq-A","3","PA","18","202510-dev-tif/lm/18C/A/3/PA/1117-PA-2.csv",2025-11-17,"9","5","4"
"3-18-202510-dev-seq-A","3","PA","18","202510-dev-tif/lm/18C/A/3/PA/1117-PA-2.csv",2025-11-17,"9","5","4"
"3-18-202510-dev-seq-A","3","PA","18","202510-dev-tif/lm/18C/A/3/PA/1117-PA-2.csv",2025-11-17,"9","5","4"
"3-18-202510-dev-seq-A","3","PA","18","202510-dev-tif/lm/18C/A/3/PA/1117-PA-2.csv",2025-11-17,"9","5","4"
"3-18-202510-dev-seq-A","3","PA","18","202510-dev-tif/lm/18C/A/3/PA/1119-PA-3.csv",2025-11-19,"9","5","4"
"3-18-202510-dev-seq-A","3","PA","18","202510-dev-tif/lm/18C/A/3/PA/1119-PA-3.csv",2025-11-19,"9","5","4"
"3-18-202510-dev-seq-A","3","PA","18","202510-dev-tif/lm/18C/A/3/PA/1119-PA-3.csv",2025-11-19,"9","5","4"
"3-18-202510-dev-seq-A","3","PA","18","202510-dev-tif/lm/18C/A/3/PA/1119-PA-3.csv",2025-11-19,"9","5","4"
"3-18-202510-dev-seq-A","3","PA","18","202510-dev-tif/lm/18C/A/3/PA/1119-PA-3.csv",2025-11-19,"9","5","4"
"3-18-202510-dev-seq-A","3","PA","18","202510-dev-tif/lm/18C/A/3/PA/1123-PA-4.csv",2025-11-23,"9","5","4"
"3-18-202510-dev-seq-A","3","PA","18","202510-dev-tif/lm/18C/A/3/PA/1123-PA-4.csv",2025-11-23,"9","5","4"
"3-18-202510-dev-seq-A","3","PA","18","202510-dev-tif/lm/18C/A/3/PA/1123-PA-4.csv",2025-11-23,"9","5","4"
"3-18-202510-dev-seq-A","3","PA","18","202510-dev-tif/lm/18C/A/3/PA/1123-PA-4.csv",2025-11-23,"9","5","4"
"3-18-202510-dev-seq-A","3","PA","18","202510-dev-tif/lm/18C/A/3/PA/1123-PA-4.csv",2025-11-23,"9","5","4"
"3-18-202510-dev-seq-A","3","TA","18","202510-dev-tif/lm/18C/A/3/TA/1022-TA-2.csv",2025-10-22,"1","1","1"
"3-18-202510-dev-seq-A","3","TA","18","202510-dev-tif/lm/18C/A/3/TA/1022-TA-2.csv",2025-10-22,"1","1","1"
"3-18-202510-dev-seq-A","3","TA","18","202510-dev-tif/lm/18C/A/3/TA/1022-TA-2.csv",2025-10-22,"1","1","1"
"3-18-202510-dev-seq-A","3","TA","18","202510-dev-tif/lm/18C/A/3/TA/1022-TA-2.csv",2025-10-22,"1","1","1"
"3-18-202510-dev-seq-A","3","TA","18","202510-dev-tif/lm/18C/A/3/TA/1022-TA-2.csv",2025-10-22,"1","1","1"
"3-18-202510-dev-seq-A","3","TA","18","202510-dev-tif/lm/18C/A/3/TA/1022-TA-2.csv",2025-10-22,"1","1","1"
"3-18-202510-dev-seq-A","3","TA","18","202510-dev-tif/lm/18C/A/3/TA/1022-TA-2.csv",2025-10-22,"1","1","1"
"3-18-202510-dev-seq-A","3","TA","18","202510-dev-tif/lm/18C/A/3/TA/1022-TA-2.csv",2025-10-22,"1","1","1"
"3-18-202510-dev-seq-A","3","TA","18","202510-dev-tif/lm/18C/A/3/TA/1024-TA-3.csv",2025-10-24,"1","1","1"
"3-18-202510-dev-seq-A","3","TA","18","202510-dev-tif/lm/18C/A/3/TA/1024-TA-3.csv",2025-10-24,"1","1","1"
"3-18-202510-dev-seq-A","3","TA","18","202510-dev-tif/lm/18C/A/3/TA/1024-TA-3.csv",2025-10-24,"1","1","1"
"3-18-202510-dev-seq-A","3","TA","18","202510-dev-tif/lm/18C/A/3/TA/1024-TA-3.csv",2025-10-24,"1","1","1"
"3-18-202510-dev-seq-A","3","TA","18","202510-dev-tif/lm/18C/A/3/TA/1024-TA-3.csv",2025-10-24,"1","1","1"
"3-18-202510-dev-seq-A","3","TA","18","202510-dev-tif/lm/18C/A/3/TA/1024-TA-3.csv",2025-10-24,"1","1","1"
"3-18-202510-dev-seq-A","3","TA","18","202510-dev-tif/lm/18C/A/3/TA/1024-TA-3.csv",2025-10-24,"1","1","1"
"3-18-202510-dev-seq-A","3","TA","18","202510-dev-tif/lm/18C/A/3/TA/1024-TA-3.csv",2025-10-24,"1","1","1"
"3-18-202510-dev-seq-A","3","TA","18","202510-dev-tif/lm/18C/A/3/TA/1026-TA-2.csv",2025-10-26,"4","1","1"
"3-18-202510-dev-seq-A","3","TA","18","202510-dev-tif/lm/18C/A/3/TA/1026-TA-2.csv",2025-10-26,"4","1","1"
"3-18-202510-dev-seq-A","3","TA","18","202510-dev-tif/lm/18C/A/3/TA/1026-TA-2.csv",2025-10-26,"4","1","1"
"3-18-202510-dev-seq-A","3","TA","18","202510-dev-tif/lm/18C/A/3/TA/1026-TA-2.csv",2025-10-26,"4","1","1"
"3-18-202510-dev-seq-A","3","TA","18","202510-dev-tif/lm/18C/A/3/TA/1026-TA-2.csv",2025-10-26,"4","1","1"
"3-18-202510-dev-seq-A","3","TA","18","202510-dev-tif/lm/18C/A/3/TA/1026-TA-2.csv",2025-10-26,"4","1","1"
"3-18-202510-dev-seq-A","3","TA","18","202510-dev-tif/lm/18C/A/3/TA/1026-TA-2.csv",2025-10-26,"4","1","1"
"3-18-202510-dev-seq-A","3","TA","18","202510-dev-tif/lm/18C/A/3/TA/1026-TA-2.csv",2025-10-26,"4","1","1"
"3-18-202510-dev-seq-A","3","TA","18","202510-dev-tif/lm/18C/A/3/TA/1027-TA.csv",2025-10-27,"3","2","2"
"3-18-202510-dev-seq-A","3","TA","18","202510-dev-tif/lm/18C/A/3/TA/1027-TA.csv",2025-10-27,"3","2","2"
"3-18-202510-dev-seq-A","3","TA","18","202510-dev-tif/lm/18C/A/3/TA/1027-TA.csv",2025-10-27,"3","2","2"
"3-18-202510-dev-seq-A","3","TA","18","202510-dev-tif/lm/18C/A/3/TA/1027-TA.csv",2025-10-27,"3","2","2"
"3-18-202510-dev-seq-A","3","TA","18","202510-dev-tif/lm/18C/A/3/TA/1027-TA.csv",2025-10-27,"3","2","2"
"3-18-202510-dev-seq-A","3","TA","18","202510-dev-tif/lm/18C/A/3/TA/1027-TA.csv",2025-10-27,"3","2","2"
"3-18-202510-dev-seq-A","3","TA","18","202510-dev-tif/lm/18C/A/3/TA/1027-TA.csv",2025-10-27,"3","2","2"
"3-18-202510-dev-seq-A","3","TA","18","202510-dev-tif/lm/18C/A/3/TA/1027-TA.csv",2025-10-27,"3","2","2"
"3-18-202510-dev-seq-A","3","TA","18","202510-dev-tif/lm/18C/A/3/TA/1028-TA.csv",2025-10-28,"3","2","2"
"3-18-202510-dev-seq-A","3","TA","18","202510-dev-tif/lm/18C/A/3/TA/1028-TA.csv",2025-10-28,"3","2","2"
"3-18-202510-dev-seq-A","3","TA","18","202510-dev-tif/lm/18C/A/3/TA/1028-TA.csv",2025-10-28,"3","2","2"
"3-18-202510-dev-seq-A","3","TA","18","202510-dev-tif/lm/18C/A/3/TA/1028-TA.csv",2025-10-28,"3","2","2"
"3-18-202510-dev-seq-A","3","TA","18","202510-dev-tif/lm/18C/A/3/TA/1028-TA.csv",2025-10-28,"3","2","2"
"3-18-202510-dev-seq-A","3","TA","18","202510-dev-tif/lm/18C/A/3/TA/1028-TA.csv",2025-10-28,"3","2","2"
"3-18-202510-dev-seq-A","3","TA","18","202510-dev-tif/lm/18C/A/3/TA/1028-TA.csv",2025-10-28,"3","2","2"
"3-18-202510-dev-seq-A","3","TA","18","202510-dev-tif/lm/18C/A/3/TA/1028-TA.csv",2025-10-28,"3","2","2"
"3-18-202510-dev-seq-A","3","TA","18","202510-dev-tif/lm/18C/A/3/TA/1030-TA-2.csv",2025-10-30,"4","2","2"
"3-18-202510-dev-seq-A","3","TA","18","202510-dev-tif/lm/18C/A/3/TA/1030-TA-2.csv",2025-10-30,"4","2","2"
"3-18-202510-dev-seq-A","3","TA","18","202510-dev-tif/lm/18C/A/3/TA/1030-TA-2.csv",2025-10-30,"4","2","2"
"3-18-202510-dev-seq-A","3","TA","18","202510-dev-tif/lm/18C/A/3/TA/1030-TA-2.csv",2025-10-30,"4","2","2"
"3-18-202510-dev-seq-A","3","TA","18","202510-dev-tif/lm/18C/A/3/TA/1030-TA-2.csv",2025-10-30,"4","2","2"
"3-18-202510-dev-seq-A","3","TA","18","202510-dev-tif/lm/18C/A/3/TA/1030-TA-2.csv",2025-10-30,"4","2","2"
"3-18-202510-dev-seq-A","3","TA","18","202510-dev-tif/lm/18C/A/3/TA/1030-TA-2.csv",2025-10-30,"4","2","2"
"3-18-202510-dev-seq-A","3","TA","18","202510-dev-tif/lm/18C/A/3/TA/1030-TA-2.csv",2025-10-30,"4","2","2"
"3-18-202510-dev-seq-A","3","TA","18","202510-dev-tif/lm/18C/A/3/TA/1101-TA-3.csv",2025-11-01,"4","2","2"
"3-18-202510-dev-seq-A","3","TA","18","202510-dev-tif/lm/18C/A/3/TA/1101-TA-3.csv",2025-11-01,"4","2","2"
"3-18-202510-dev-seq-A","3","TA","18","202510-dev-tif/lm/18C/A/3/TA/1101-TA-3.csv",2025-11-01,"4","2","2"
"3-18-202510-dev-seq-A","3","TA","18","202510-dev-tif/lm/18C/A/3/TA/1101-TA-3.csv",2025-11-01,"4","2","2"
"3-18-202510-dev-seq-A","3","TA","18","202510-dev-tif/lm/18C/A/3/TA/1101-TA-3.csv",2025-11-01,"4","2","2"
"3-18-202510-dev-seq-A","3","TA","18","202510-dev-tif/lm/18C/A/3/TA/1101-TA-3.csv",2025-11-01,"4","2","2"
"3-18-202510-dev-seq-A","3","TA","18","202510-dev-tif/lm/18C/A/3/TA/1101-TA-3.csv",2025-11-01,"4","2","2"
"3-18-202510-dev-seq-A","3","TA","18","202510-dev-tif/lm/18C/A/3/TA/1101-TA-3.csv",2025-11-01,"4","2","2"
"3-18-202510-dev-seq-A","3","TA","18","202510-dev-tif/lm/18C/A/3/TA/1103-TA-3.csv",2025-11-03,"4","3","2"
"3-18-202510-dev-seq-A","3","TA","18","202510-dev-tif/lm/18C/A/3/TA/1103-TA-3.csv",2025-11-03,"4","3","2"
"3-18-202510-dev-seq-A","3","TA","18","202510-dev-tif/lm/18C/A/3/TA/1103-TA-3.csv",2025-11-03,"4","3","2"
"3-18-202510-dev-seq-A","3","TA","18","202510-dev-tif/lm/18C/A/3/TA/1103-TA-3.csv",2025-11-03,"4","3","2"
"3-18-202510-dev-seq-A","3","TA","18","202510-dev-tif/lm/18C/A/3/TA/1103-TA-3.csv",2025-11-03,"4","3","2"
"3-18-202510-dev-seq-A","3","TA","18","202510-dev-tif/lm/18C/A/3/TA/1103-TA-3.csv",2025-11-03,"4","3","2"
"3-18-202510-dev-seq-A","3","TA","18","202510-dev-tif/lm/18C/A/3/TA/1103-TA-3.csv",2025-11-03,"4","3","2"
"3-18-202510-dev-seq-A","3","TA","18","202510-dev-tif/lm/18C/A/3/TA/1103-TA-3.csv",2025-11-03,"4","3","2"
"3-18-202510-dev-seq-A","3","TA","18","202510-dev-tif/lm/18C/A/3/TA/1105-TA-2.csv",2025-11-05,"6","3","2"
"3-18-202510-dev-seq-A","3","TA","18","202510-dev-tif/lm/18C/A/3/TA/1105-TA-2.csv",2025-11-05,"6","3","2"
"3-18-202510-dev-seq-A","3","TA","18","202510-dev-tif/lm/18C/A/3/TA/1105-TA-2.csv",2025-11-05,"6","3","2"
"3-18-202510-dev-seq-A","3","TA","18","202510-dev-tif/lm/18C/A/3/TA/1105-TA-2.csv",2025-11-05,"6","3","2"
"3-18-202510-dev-seq-A","3","TA","18","202510-dev-tif/lm/18C/A/3/TA/1105-TA-2.csv",2025-11-05,"6","3","2"
"3-18-202510-dev-seq-A","3","TA","18","202510-dev-tif/lm/18C/A/3/TA/1105-TA-2.csv",2025-11-05,"6","3","2"
"3-18-202510-dev-seq-A","3","TA","18","202510-dev-tif/lm/18C/A/3/TA/1105-TA-2.csv",2025-11-05,"6","3","2"
"3-18-202510-dev-seq-A","3","TA","18","202510-dev-tif/lm/18C/A/3/TA/1105-TA-2.csv",2025-11-05,"6","3","2"
"3-18-202510-dev-seq-A","3","TA","18","202510-dev-tif/lm/18C/A/3/TA/1107-TA-2.csv",2025-11-07,"6","3","3"
"3-18-202510-dev-seq-A","3","TA","18","202510-dev-tif/lm/18C/A/3/TA/1107-TA-2.csv",2025-11-07,"6","3","3"
"3-18-202510-dev-seq-A","3","TA","18","202510-dev-tif/lm/18C/A/3/TA/1107-TA-2.csv",2025-11-07,"6","3","3"
"3-18-202510-dev-seq-A","3","TA","18","202510-dev-tif/lm/18C/A/3/TA/1107-TA-2.csv",2025-11-07,"6","3","3"
"3-18-202510-dev-seq-A","3","TA","18","202510-dev-tif/lm/18C/A/3/TA/1107-TA-2.csv",2025-11-07,"6","3","3"
"3-18-202510-dev-seq-A","3","TA","18","202510-dev-tif/lm/18C/A/3/TA/1107-TA-2.csv",2025-11-07,"6","3","3"
"3-18-202510-dev-seq-A","3","TA","18","202510-dev-tif/lm/18C/A/3/TA/1107-TA-2.csv",2025-11-07,"6","3","3"
"3-18-202510-dev-seq-A","3","TA","18","202510-dev-tif/lm/18C/A/3/TA/1107-TA-2.csv",2025-11-07,"6","3","3"
"3-18-202510-dev-seq-A","3","TA","18","202510-dev-tif/lm/18C/A/3/TA/1110-TA-2.csv",2025-11-10,"8","3","3"
"3-18-202510-dev-seq-A","3","TA","18","202510-dev-tif/lm/18C/A/3/TA/1110-TA-2.csv",2025-11-10,"8","3","3"
"3-18-202510-dev-seq-A","3","TA","18","202510-dev-tif/lm/18C/A/3/TA/1110-TA-2.csv",2025-11-10,"8","3","3"
"3-18-202510-dev-seq-A","3","TA","18","202510-dev-tif/lm/18C/A/3/TA/1110-TA-2.csv",2025-11-10,"8","3","3"
"3-18-202510-dev-seq-A","3","TA","18","202510-dev-tif/lm/18C/A/3/TA/1110-TA-2.csv",2025-11-10,"8","3","3"
"3-18-202510-dev-seq-A","3","TA","18","202510-dev-tif/lm/18C/A/3/TA/1110-TA-2.csv",2025-11-10,"8","3","3"
"3-18-202510-dev-seq-A","3","TA","18","202510-dev-tif/lm/18C/A/3/TA/1110-TA-2.csv",2025-11-10,"8","3","3"
"3-18-202510-dev-seq-A","3","TA","18","202510-dev-tif/lm/18C/A/3/TA/1110-TA-2.csv",2025-11-10,"8","3","3"
"3-18-202510-dev-seq-A","3","TA","18","202510-dev-tif/lm/18C/A/3/TA/1111-TA-3.csv",2025-11-11,"8","3","3"
"3-18-202510-dev-seq-A","3","TA","18","202510-dev-tif/lm/18C/A/3/TA/1111-TA-3.csv",2025-11-11,"8","3","3"
"3-18-202510-dev-seq-A","3","TA","18","202510-dev-tif/lm/18C/A/3/TA/1111-TA-3.csv",2025-11-11,"8","3","3"
"3-18-202510-dev-seq-A","3","TA","18","202510-dev-tif/lm/18C/A/3/TA/1111-TA-3.csv",2025-11-11,"8","3","3"
"3-18-202510-dev-seq-A","3","TA","18","202510-dev-tif/lm/18C/A/3/TA/1111-TA-3.csv",2025-11-11,"8","3","3"
"3-18-202510-dev-seq-A","3","TA","18","202510-dev-tif/lm/18C/A/3/TA/1111-TA-3.csv",2025-11-11,"8","3","3"
"3-18-202510-dev-seq-A","3","TA","18","202510-dev-tif/lm/18C/A/3/TA/1111-TA-3.csv",2025-11-11,"8","3","3"
"3-18-202510-dev-seq-A","3","TA","18","202510-dev-tif/lm/18C/A/3/TA/1111-TA-3.csv",2025-11-11,"8","3","3"
"3-18-202510-dev-seq-A","3","TA","18","202510-dev-tif/lm/18C/A/3/TA/1113-TA-2.csv",2025-11-13,"8","4","3"
"3-18-202510-dev-seq-A","3","TA","18","202510-dev-tif/lm/18C/A/3/TA/1113-TA-2.csv",2025-11-13,"8","4","3"
"3-18-202510-dev-seq-A","3","TA","18","202510-dev-tif/lm/18C/A/3/TA/1113-TA-2.csv",2025-11-13,"8","4","3"
"3-18-202510-dev-seq-A","3","TA","18","202510-dev-tif/lm/18C/A/3/TA/1113-TA-2.csv",2025-11-13,"8","4","3"
"3-18-202510-dev-seq-A","3","TA","18","202510-dev-tif/lm/18C/A/3/TA/1113-TA-2.csv",2025-11-13,"8","4","3"
"3-18-202510-dev-seq-A","3","TA","18","202510-dev-tif/lm/18C/A/3/TA/1113-TA-2.csv",2025-11-13,"8","4","3"
"3-18-202510-dev-seq-A","3","TA","18","202510-dev-tif/lm/18C/A/3/TA/1113-TA-2.csv",2025-11-13,"8","4","3"
"3-18-202510-dev-seq-A","3","TA","18","202510-dev-tif/lm/18C/A/3/TA/1113-TA-2.csv",2025-11-13,"8","4","3"
"3-18-202510-dev-seq-A","3","TA","18","202510-dev-tif/lm/18C/A/3/TA/1115-TA-4.csv",2025-11-15,"8","4","3"
"3-18-202510-dev-seq-A","3","TA","18","202510-dev-tif/lm/18C/A/3/TA/1115-TA-4.csv",2025-11-15,"8","4","3"
"3-18-202510-dev-seq-A","3","TA","18","202510-dev-tif/lm/18C/A/3/TA/1115-TA-4.csv",2025-11-15,"8","4","3"
"3-18-202510-dev-seq-A","3","TA","18","202510-dev-tif/lm/18C/A/3/TA/1115-TA-4.csv",2025-11-15,"8","4","3"
"3-18-202510-dev-seq-A","3","TA","18","202510-dev-tif/lm/18C/A/3/TA/1115-TA-4.csv",2025-11-15,"8","4","3"
"3-18-202510-dev-seq-A","3","TA","18","202510-dev-tif/lm/18C/A/3/TA/1115-TA-4.csv",2025-11-15,"8","4","3"
"3-18-202510-dev-seq-A","3","TA","18","202510-dev-tif/lm/18C/A/3/TA/1115-TA-4.csv",2025-11-15,"8","4","3"
"3-18-202510-dev-seq-A","3","TA","18","202510-dev-tif/lm/18C/A/3/TA/1115-TA-4.csv",2025-11-15,"8","4","3"
"3-18-202510-dev-seq-A","3","TA","18","202510-dev-tif/lm/18C/A/3/TA/1117-TA-4.csv",2025-11-17,"9","5","4"
"3-18-202510-dev-seq-A","3","TA","18","202510-dev-tif/lm/18C/A/3/TA/1117-TA-4.csv",2025-11-17,"9","5","4"
"3-18-202510-dev-seq-A","3","TA","18","202510-dev-tif/lm/18C/A/3/TA/1117-TA-4.csv",2025-11-17,"9","5","4"
"3-18-202510-dev-seq-A","3","TA","18","202510-dev-tif/lm/18C/A/3/TA/1117-TA-4.csv",2025-11-17,"9","5","4"
"3-18-202510-dev-seq-A","3","TA","18","202510-dev-tif/lm/18C/A/3/TA/1117-TA-4.csv",2025-11-17,"9","5","4"
"3-18-202510-dev-seq-A","3","TA","18","202510-dev-tif/lm/18C/A/3/TA/1117-TA-4.csv",2025-11-17,"9","5","4"
"3-18-202510-dev-seq-A","3","TA","18","202510-dev-tif/lm/18C/A/3/TA/1117-TA-4.csv",2025-11-17,"9","5","4"
"3-18-202510-dev-seq-A","3","TA","18","202510-dev-tif/lm/18C/A/3/TA/1117-TA-4.csv",2025-11-17,"9","5","4"
"3-18-202510-dev-seq-A","3","TA","18","202510-dev-tif/lm/18C/A/3/TA/1119-TA-2.csv",2025-11-19,"9","5","4"
"3-18-202510-dev-seq-A","3","TA","18","202510-dev-tif/lm/18C/A/3/TA/1119-TA-2.csv",2025-11-19,"9","5","4"
"3-18-202510-dev-seq-A","3","TA","18","202510-dev-tif/lm/18C/A/3/TA/1119-TA-2.csv",2025-11-19,"9","5","4"
"3-18-202510-dev-seq-A","3","TA","18","202510-dev-tif/lm/18C/A/3/TA/1119-TA-2.csv",2025-11-19,"9","5","4"
"3-18-202510-dev-seq-A","3","TA","18","202510-dev-tif/lm/18C/A/3/TA/1119-TA-2.csv",2025-11-19,"9","5","4"
"3-18-202510-dev-seq-A","3","TA","18","202510-dev-tif/lm/18C/A/3/TA/1119-TA-2.csv",2025-11-19,"9","5","4"
"3-18-202510-dev-seq-A","3","TA","18","202510-dev-tif/lm/18C/A/3/TA/1119-TA-2.csv",2025-11-19,"9","5","4"
"3-18-202510-dev-seq-A","3","TA","18","202510-dev-tif/lm/18C/A/3/TA/1119-TA-2.csv",2025-11-19,"9","5","4"
"3-18-202510-dev-seq-A","3","TA","18","202510-dev-tif/lm/18C/A/3/TA/1123-TA.csv",2025-11-23,"9","5","4"
"3-18-202510-dev-seq-A","3","TA","18","202510-dev-tif/lm/18C/A/3/TA/1123-TA.csv",2025-11-23,"9","5","4"
"3-18-202510-dev-seq-A","3","TA","18","202510-dev-tif/lm/18C/A/3/TA/1123-TA.csv",2025-11-23,"9","5","4"
"3-18-202510-dev-seq-A","3","TA","18","202510-dev-tif/lm/18C/A/3/TA/1123-TA.csv",2025-11-23,"9","5","4"
"3-18-202510-dev-seq-A","3","TA","18","202510-dev-tif/lm/18C/A/3/TA/1123-TA.csv",2025-11-23,"9","5","4"
"3-18-202510-dev-seq-A","3","TA","18","202510-dev-tif/lm/18C/A/3/TA/1123-TA.csv",2025-11-23,"9","5","4"
"3-18-202510-dev-seq-A","3","TA","18","202510-dev-tif/lm/18C/A/3/TA/1123-TA.csv",2025-11-23,"9","5","4"
"3-18-202510-dev-seq-A","3","TA","18","202510-dev-tif/lm/18C/A/3/TA/1123-TA.csv",2025-11-23,"9","5","4"
"5-18-202510-dev-seq-A","5","OA","18","202510-dev-tif/lm/18C/A/5/OA/1026-OA-4.csv",2025-10-26,"2","2","2"
"5-18-202510-dev-seq-A","5","OA","18","202510-dev-tif/lm/18C/A/5/OA/1026-OA-4.csv",2025-10-26,"2","2","2"
"5-18-202510-dev-seq-A","5","OA","18","202510-dev-tif/lm/18C/A/5/OA/1026-OA-4.csv",2025-10-26,"2","2","2"
"5-18-202510-dev-seq-A","5","OA","18","202510-dev-tif/lm/18C/A/5/OA/1026-OA-4.csv",2025-10-26,"2","2","2"
"5-18-202510-dev-seq-A","5","OA","18","202510-dev-tif/lm/18C/A/5/OA/1028-OA-2.csv",2025-10-28,"3","2","2"
"5-18-202510-dev-seq-A","5","OA","18","202510-dev-tif/lm/18C/A/5/OA/1028-OA-2.csv",2025-10-28,"3","2","2"
"5-18-202510-dev-seq-A","5","OA","18","202510-dev-tif/lm/18C/A/5/OA/1028-OA-2.csv",2025-10-28,"3","2","2"
"5-18-202510-dev-seq-A","5","OA","18","202510-dev-tif/lm/18C/A/5/OA/1028-OA-2.csv",2025-10-28,"3","2","2"
"5-18-202510-dev-seq-A","5","OA","18","202510-dev-tif/lm/18C/A/5/OA/1101-OA-2.csv",2025-11-01,"3","2","2"
"5-18-202510-dev-seq-A","5","OA","18","202510-dev-tif/lm/18C/A/5/OA/1101-OA-2.csv",2025-11-01,"3","2","2"
"5-18-202510-dev-seq-A","5","OA","18","202510-dev-tif/lm/18C/A/5/OA/1101-OA-2.csv",2025-11-01,"3","2","2"
"5-18-202510-dev-seq-A","5","OA","18","202510-dev-tif/lm/18C/A/5/OA/1101-OA-2.csv",2025-11-01,"3","2","2"
"5-18-202510-dev-seq-A","5","OA","18","202510-dev-tif/lm/18C/A/5/OA/1103-OA.csv",2025-11-03,"4","3","2"
"5-18-202510-dev-seq-A","5","OA","18","202510-dev-tif/lm/18C/A/5/OA/1103-OA.csv",2025-11-03,"4","3","2"
"5-18-202510-dev-seq-A","5","OA","18","202510-dev-tif/lm/18C/A/5/OA/1103-OA.csv",2025-11-03,"4","3","2"
"5-18-202510-dev-seq-A","5","OA","18","202510-dev-tif/lm/18C/A/5/OA/1103-OA.csv",2025-11-03,"4","3","2"
"5-18-202510-dev-seq-A","5","OA","18","202510-dev-tif/lm/18C/A/5/OA/1105-OA-2.csv",2025-11-05,"4","3","2"
"5-18-202510-dev-seq-A","5","OA","18","202510-dev-tif/lm/18C/A/5/OA/1105-OA-2.csv",2025-11-05,"4","3","2"
"5-18-202510-dev-seq-A","5","OA","18","202510-dev-tif/lm/18C/A/5/OA/1105-OA-2.csv",2025-11-05,"4","3","2"
"5-18-202510-dev-seq-A","5","OA","18","202510-dev-tif/lm/18C/A/5/OA/1105-OA-2.csv",2025-11-05,"4","3","2"
"5-18-202510-dev-seq-A","5","OA","18","202510-dev-tif/lm/18C/A/5/OA/1107-OA.csv",2025-11-07,"6","3","2"
"5-18-202510-dev-seq-A","5","OA","18","202510-dev-tif/lm/18C/A/5/OA/1107-OA.csv",2025-11-07,"6","3","2"
"5-18-202510-dev-seq-A","5","OA","18","202510-dev-tif/lm/18C/A/5/OA/1107-OA.csv",2025-11-07,"6","3","2"
"5-18-202510-dev-seq-A","5","OA","18","202510-dev-tif/lm/18C/A/5/OA/1107-OA.csv",2025-11-07,"6","3","2"
"5-18-202510-dev-seq-A","5","OA","18","202510-dev-tif/lm/18C/A/5/OA/1110-OA-2.csv",2025-11-10,"5","4","3"
"5-18-202510-dev-seq-A","5","OA","18","202510-dev-tif/lm/18C/A/5/OA/1110-OA-2.csv",2025-11-10,"5","4","3"
"5-18-202510-dev-seq-A","5","OA","18","202510-dev-tif/lm/18C/A/5/OA/1110-OA-2.csv",2025-11-10,"5","4","3"
"5-18-202510-dev-seq-A","5","OA","18","202510-dev-tif/lm/18C/A/5/OA/1110-OA-2.csv",2025-11-10,"5","4","3"
"5-18-202510-dev-seq-A","5","OA","18","202510-dev-tif/lm/18C/A/5/OA/1111-OA-4.csv",2025-11-11,"8","3","2"
"5-18-202510-dev-seq-A","5","OA","18","202510-dev-tif/lm/18C/A/5/OA/1111-OA-4.csv",2025-11-11,"8","3","2"
"5-18-202510-dev-seq-A","5","OA","18","202510-dev-tif/lm/18C/A/5/OA/1111-OA-4.csv",2025-11-11,"8","3","2"
"5-18-202510-dev-seq-A","5","OA","18","202510-dev-tif/lm/18C/A/5/OA/1111-OA-4.csv",2025-11-11,"8","3","2"
"5-18-202510-dev-seq-A","5","OA","18","202510-dev-tif/lm/18C/A/5/OA/1113-OA.csv",2025-11-13,"8","3","3"
"5-18-202510-dev-seq-A","5","OA","18","202510-dev-tif/lm/18C/A/5/OA/1113-OA.csv",2025-11-13,"8","3","3"
"5-18-202510-dev-seq-A","5","OA","18","202510-dev-tif/lm/18C/A/5/OA/1113-OA.csv",2025-11-13,"8","3","3"
"5-18-202510-dev-seq-A","5","OA","18","202510-dev-tif/lm/18C/A/5/OA/1113-OA.csv",2025-11-13,"8","3","3"
"5-18-202510-dev-seq-A","5","OA","18","202510-dev-tif/lm/18C/A/5/OA/1115-OA-3.csv",2025-11-15,"8","3","3"
"5-18-202510-dev-seq-A","5","OA","18","202510-dev-tif/lm/18C/A/5/OA/1115-OA-3.csv",2025-11-15,"8","3","3"
"5-18-202510-dev-seq-A","5","OA","18","202510-dev-tif/lm/18C/A/5/OA/1115-OA-3.csv",2025-11-15,"8","3","3"
"5-18-202510-dev-seq-A","5","OA","18","202510-dev-tif/lm/18C/A/5/OA/1115-OA-3.csv",2025-11-15,"8","3","3"
"5-18-202510-dev-seq-A","5","OA","18","202510-dev-tif/lm/18C/A/5/OA/1117-OA-3.csv",2025-11-17,"8","4","3"
"5-18-202510-dev-seq-A","5","OA","18","202510-dev-tif/lm/18C/A/5/OA/1117-OA-3.csv",2025-11-17,"8","4","3"
"5-18-202510-dev-seq-A","5","OA","18","202510-dev-tif/lm/18C/A/5/OA/1117-OA-3.csv",2025-11-17,"8","4","3"
"5-18-202510-dev-seq-A","5","OA","18","202510-dev-tif/lm/18C/A/5/OA/1117-OA-3.csv",2025-11-17,"8","4","3"
"5-18-202510-dev-seq-A","5","OA","18","202510-dev-tif/lm/18C/A/5/OA/1119-OA-5.csv",2025-11-19,"8","4","3"
"5-18-202510-dev-seq-A","5","OA","18","202510-dev-tif/lm/18C/A/5/OA/1119-OA-5.csv",2025-11-19,"8","4","3"
"5-18-202510-dev-seq-A","5","OA","18","202510-dev-tif/lm/18C/A/5/OA/1119-OA-5.csv",2025-11-19,"8","4","3"
"5-18-202510-dev-seq-A","5","OA","18","202510-dev-tif/lm/18C/A/5/OA/1119-OA-5.csv",2025-11-19,"8","4","3"
"5-18-202510-dev-seq-A","5","OA","18","202510-dev-tif/lm/18C/A/5/OA/1123-OA-4.csv",2025-11-23,"9","6","4"
"5-18-202510-dev-seq-A","5","OA","18","202510-dev-tif/lm/18C/A/5/OA/1123-OA-4.csv",2025-11-23,"9","6","4"
"5-18-202510-dev-seq-A","5","OA","18","202510-dev-tif/lm/18C/A/5/OA/1123-OA-4.csv",2025-11-23,"9","6","4"
"5-18-202510-dev-seq-A","5","OA","18","202510-dev-tif/lm/18C/A/5/OA/1123-OA-4.csv",2025-11-23,"9","6","4"
"5-18-202510-dev-seq-A","5","PA","18","202510-dev-tif/lm/18C/A/5/PA/1026-PA.csv",2025-10-26,"2","2","2"
"5-18-202510-dev-seq-A","5","PA","18","202510-dev-tif/lm/18C/A/5/PA/1026-PA.csv",2025-10-26,"2","2","2"
"5-18-202510-dev-seq-A","5","PA","18","202510-dev-tif/lm/18C/A/5/PA/1026-PA.csv",2025-10-26,"2","2","2"
"5-18-202510-dev-seq-A","5","PA","18","202510-dev-tif/lm/18C/A/5/PA/1026-PA.csv",2025-10-26,"2","2","2"
"5-18-202510-dev-seq-A","5","PA","18","202510-dev-tif/lm/18C/A/5/PA/1026-PA.csv",2025-10-26,"2","2","2"
"5-18-202510-dev-seq-A","5","PA","18","202510-dev-tif/lm/18C/A/5/PA/1028-PA-2.csv",2025-10-28,"3","2","2"
"5-18-202510-dev-seq-A","5","PA","18","202510-dev-tif/lm/18C/A/5/PA/1028-PA-2.csv",2025-10-28,"3","2","2"
"5-18-202510-dev-seq-A","5","PA","18","202510-dev-tif/lm/18C/A/5/PA/1028-PA-2.csv",2025-10-28,"3","2","2"
"5-18-202510-dev-seq-A","5","PA","18","202510-dev-tif/lm/18C/A/5/PA/1028-PA-2.csv",2025-10-28,"3","2","2"
"5-18-202510-dev-seq-A","5","PA","18","202510-dev-tif/lm/18C/A/5/PA/1028-PA-2.csv",2025-10-28,"3","2","2"
"5-18-202510-dev-seq-A","5","PA","18","202510-dev-tif/lm/18C/A/5/PA/1030-PA-4.csv",2025-10-30,NA,NA,NA
"5-18-202510-dev-seq-A","5","PA","18","202510-dev-tif/lm/18C/A/5/PA/1030-PA-4.csv",2025-10-30,NA,NA,NA
"5-18-202510-dev-seq-A","5","PA","18","202510-dev-tif/lm/18C/A/5/PA/1030-PA-4.csv",2025-10-30,NA,NA,NA
"5-18-202510-dev-seq-A","5","PA","18","202510-dev-tif/lm/18C/A/5/PA/1030-PA-4.csv",2025-10-30,NA,NA,NA
"5-18-202510-dev-seq-A","5","PA","18","202510-dev-tif/lm/18C/A/5/PA/1030-PA-4.csv",2025-10-30,NA,NA,NA
"5-18-202510-dev-seq-A","5","PA","18","202510-dev-tif/lm/18C/A/5/PA/1101-PA-3.csv",2025-11-01,"3","2","2"
"5-18-202510-dev-seq-A","5","PA","18","202510-dev-tif/lm/18C/A/5/PA/1101-PA-3.csv",2025-11-01,"3","2","2"
"5-18-202510-dev-seq-A","5","PA","18","202510-dev-tif/lm/18C/A/5/PA/1101-PA-3.csv",2025-11-01,"3","2","2"
"5-18-202510-dev-seq-A","5","PA","18","202510-dev-tif/lm/18C/A/5/PA/1101-PA-3.csv",2025-11-01,"3","2","2"
"5-18-202510-dev-seq-A","5","PA","18","202510-dev-tif/lm/18C/A/5/PA/1101-PA-3.csv",2025-11-01,"3","2","2"
"5-18-202510-dev-seq-A","5","PA","18","202510-dev-tif/lm/18C/A/5/PA/1103-PA-2.csv",2025-11-03,"4","3","2"
"5-18-202510-dev-seq-A","5","PA","18","202510-dev-tif/lm/18C/A/5/PA/1103-PA-2.csv",2025-11-03,"4","3","2"
"5-18-202510-dev-seq-A","5","PA","18","202510-dev-tif/lm/18C/A/5/PA/1103-PA-2.csv",2025-11-03,"4","3","2"
"5-18-202510-dev-seq-A","5","PA","18","202510-dev-tif/lm/18C/A/5/PA/1103-PA-2.csv",2025-11-03,"4","3","2"
"5-18-202510-dev-seq-A","5","PA","18","202510-dev-tif/lm/18C/A/5/PA/1103-PA-2.csv",2025-11-03,"4","3","2"
"5-18-202510-dev-seq-A","5","PA","18","202510-dev-tif/lm/18C/A/5/PA/1105-PA-2.csv",2025-11-05,"4","3","2"
"5-18-202510-dev-seq-A","5","PA","18","202510-dev-tif/lm/18C/A/5/PA/1105-PA-2.csv",2025-11-05,"4","3","2"
"5-18-202510-dev-seq-A","5","PA","18","202510-dev-tif/lm/18C/A/5/PA/1105-PA-2.csv",2025-11-05,"4","3","2"
"5-18-202510-dev-seq-A","5","PA","18","202510-dev-tif/lm/18C/A/5/PA/1105-PA-2.csv",2025-11-05,"4","3","2"
"5-18-202510-dev-seq-A","5","PA","18","202510-dev-tif/lm/18C/A/5/PA/1105-PA-2.csv",2025-11-05,"4","3","2"
"5-18-202510-dev-seq-A","5","PA","18","202510-dev-tif/lm/18C/A/5/PA/1107-PA.csv",2025-11-07,"6","3","2"
"5-18-202510-dev-seq-A","5","PA","18","202510-dev-tif/lm/18C/A/5/PA/1107-PA.csv",2025-11-07,"6","3","2"
"5-18-202510-dev-seq-A","5","PA","18","202510-dev-tif/lm/18C/A/5/PA/1107-PA.csv",2025-11-07,"6","3","2"
"5-18-202510-dev-seq-A","5","PA","18","202510-dev-tif/lm/18C/A/5/PA/1107-PA.csv",2025-11-07,"6","3","2"
"5-18-202510-dev-seq-A","5","PA","18","202510-dev-tif/lm/18C/A/5/PA/1107-PA.csv",2025-11-07,"6","3","2"
"5-18-202510-dev-seq-A","5","PA","18","202510-dev-tif/lm/18C/A/5/PA/1110-PA-4.csv",2025-11-10,"5","4","3"
"5-18-202510-dev-seq-A","5","PA","18","202510-dev-tif/lm/18C/A/5/PA/1110-PA-4.csv",2025-11-10,"5","4","3"
"5-18-202510-dev-seq-A","5","PA","18","202510-dev-tif/lm/18C/A/5/PA/1110-PA-4.csv",2025-11-10,"5","4","3"
"5-18-202510-dev-seq-A","5","PA","18","202510-dev-tif/lm/18C/A/5/PA/1110-PA-4.csv",2025-11-10,"5","4","3"
"5-18-202510-dev-seq-A","5","PA","18","202510-dev-tif/lm/18C/A/5/PA/1110-PA-4.csv",2025-11-10,"5","4","3"
"5-18-202510-dev-seq-A","5","PA","18","202510-dev-tif/lm/18C/A/5/PA/1111-PA-2.csv",2025-11-11,"8","3","2"
"5-18-202510-dev-seq-A","5","PA","18","202510-dev-tif/lm/18C/A/5/PA/1111-PA-2.csv",2025-11-11,"8","3","2"
"5-18-202510-dev-seq-A","5","PA","18","202510-dev-tif/lm/18C/A/5/PA/1111-PA-2.csv",2025-11-11,"8","3","2"
"5-18-202510-dev-seq-A","5","PA","18","202510-dev-tif/lm/18C/A/5/PA/1111-PA-2.csv",2025-11-11,"8","3","2"
"5-18-202510-dev-seq-A","5","PA","18","202510-dev-tif/lm/18C/A/5/PA/1111-PA-2.csv",2025-11-11,"8","3","2"
"5-18-202510-dev-seq-A","5","PA","18","202510-dev-tif/lm/18C/A/5/PA/1113-PA-3.csv",2025-11-13,"8","3","3"
"5-18-202510-dev-seq-A","5","PA","18","202510-dev-tif/lm/18C/A/5/PA/1113-PA-3.csv",2025-11-13,"8","3","3"
"5-18-202510-dev-seq-A","5","PA","18","202510-dev-tif/lm/18C/A/5/PA/1113-PA-3.csv",2025-11-13,"8","3","3"
"5-18-202510-dev-seq-A","5","PA","18","202510-dev-tif/lm/18C/A/5/PA/1113-PA-3.csv",2025-11-13,"8","3","3"
"5-18-202510-dev-seq-A","5","PA","18","202510-dev-tif/lm/18C/A/5/PA/1113-PA-3.csv",2025-11-13,"8","3","3"
"5-18-202510-dev-seq-A","5","PA","18","202510-dev-tif/lm/18C/A/5/PA/1115-PA-4.csv",2025-11-15,"8","3","3"
"5-18-202510-dev-seq-A","5","PA","18","202510-dev-tif/lm/18C/A/5/PA/1115-PA-4.csv",2025-11-15,"8","3","3"
"5-18-202510-dev-seq-A","5","PA","18","202510-dev-tif/lm/18C/A/5/PA/1115-PA-4.csv",2025-11-15,"8","3","3"
"5-18-202510-dev-seq-A","5","PA","18","202510-dev-tif/lm/18C/A/5/PA/1115-PA-4.csv",2025-11-15,"8","3","3"
"5-18-202510-dev-seq-A","5","PA","18","202510-dev-tif/lm/18C/A/5/PA/1115-PA-4.csv",2025-11-15,"8","3","3"
"5-18-202510-dev-seq-A","5","PA","18","202510-dev-tif/lm/18C/A/5/PA/1117-PA-4.csv",2025-11-17,"8","4","3"
"5-18-202510-dev-seq-A","5","PA","18","202510-dev-tif/lm/18C/A/5/PA/1117-PA-4.csv",2025-11-17,"8","4","3"
"5-18-202510-dev-seq-A","5","PA","18","202510-dev-tif/lm/18C/A/5/PA/1117-PA-4.csv",2025-11-17,"8","4","3"
"5-18-202510-dev-seq-A","5","PA","18","202510-dev-tif/lm/18C/A/5/PA/1117-PA-4.csv",2025-11-17,"8","4","3"
"5-18-202510-dev-seq-A","5","PA","18","202510-dev-tif/lm/18C/A/5/PA/1117-PA-4.csv",2025-11-17,"8","4","3"
"5-18-202510-dev-seq-A","5","PA","18","202510-dev-tif/lm/18C/A/5/PA/1119-PA-3.csv",2025-11-19,"8","4","3"
"5-18-202510-dev-seq-A","5","PA","18","202510-dev-tif/lm/18C/A/5/PA/1119-PA-3.csv",2025-11-19,"8","4","3"
"5-18-202510-dev-seq-A","5","PA","18","202510-dev-tif/lm/18C/A/5/PA/1119-PA-3.csv",2025-11-19,"8","4","3"
"5-18-202510-dev-seq-A","5","PA","18","202510-dev-tif/lm/18C/A/5/PA/1119-PA-3.csv",2025-11-19,"8","4","3"
"5-18-202510-dev-seq-A","5","PA","18","202510-dev-tif/lm/18C/A/5/PA/1119-PA-3.csv",2025-11-19,"8","4","3"
"5-18-202510-dev-seq-A","5","PA","18","202510-dev-tif/lm/18C/A/5/PA/1123-PA-2.csv",2025-11-23,"9","6","4"
"5-18-202510-dev-seq-A","5","PA","18","202510-dev-tif/lm/18C/A/5/PA/1123-PA-2.csv",2025-11-23,"9","6","4"
"5-18-202510-dev-seq-A","5","PA","18","202510-dev-tif/lm/18C/A/5/PA/1123-PA-2.csv",2025-11-23,"9","6","4"
"5-18-202510-dev-seq-A","5","PA","18","202510-dev-tif/lm/18C/A/5/PA/1123-PA-2.csv",2025-11-23,"9","6","4"
"5-18-202510-dev-seq-A","5","PA","18","202510-dev-tif/lm/18C/A/5/PA/1123-PA-2.csv",2025-11-23,"9","6","4"
"5-18-202510-dev-seq-A","5","TA","18","202510-dev-tif/lm/18C/A/5/TA/1026-TA-3.csv",2025-10-26,"2","2","2"
"5-18-202510-dev-seq-A","5","TA","18","202510-dev-tif/lm/18C/A/5/TA/1026-TA-3.csv",2025-10-26,"2","2","2"
"5-18-202510-dev-seq-A","5","TA","18","202510-dev-tif/lm/18C/A/5/TA/1026-TA-3.csv",2025-10-26,"2","2","2"
"5-18-202510-dev-seq-A","5","TA","18","202510-dev-tif/lm/18C/A/5/TA/1026-TA-3.csv",2025-10-26,"2","2","2"
"5-18-202510-dev-seq-A","5","TA","18","202510-dev-tif/lm/18C/A/5/TA/1026-TA-3.csv",2025-10-26,"2","2","2"
"5-18-202510-dev-seq-A","5","TA","18","202510-dev-tif/lm/18C/A/5/TA/1026-TA-3.csv",2025-10-26,"2","2","2"
"5-18-202510-dev-seq-A","5","TA","18","202510-dev-tif/lm/18C/A/5/TA/1026-TA-3.csv",2025-10-26,"2","2","2"
"5-18-202510-dev-seq-A","5","TA","18","202510-dev-tif/lm/18C/A/5/TA/1026-TA-3.csv",2025-10-26,"2","2","2"
"5-18-202510-dev-seq-A","5","TA","18","202510-dev-tif/lm/18C/A/5/TA/1028-TA-3.csv",2025-10-28,"3","2","2"
"5-18-202510-dev-seq-A","5","TA","18","202510-dev-tif/lm/18C/A/5/TA/1028-TA-3.csv",2025-10-28,"3","2","2"
"5-18-202510-dev-seq-A","5","TA","18","202510-dev-tif/lm/18C/A/5/TA/1028-TA-3.csv",2025-10-28,"3","2","2"
"5-18-202510-dev-seq-A","5","TA","18","202510-dev-tif/lm/18C/A/5/TA/1028-TA-3.csv",2025-10-28,"3","2","2"
"5-18-202510-dev-seq-A","5","TA","18","202510-dev-tif/lm/18C/A/5/TA/1028-TA-3.csv",2025-10-28,"3","2","2"
"5-18-202510-dev-seq-A","5","TA","18","202510-dev-tif/lm/18C/A/5/TA/1028-TA-3.csv",2025-10-28,"3","2","2"
"5-18-202510-dev-seq-A","5","TA","18","202510-dev-tif/lm/18C/A/5/TA/1028-TA-3.csv",2025-10-28,"3","2","2"
"5-18-202510-dev-seq-A","5","TA","18","202510-dev-tif/lm/18C/A/5/TA/1028-TA-3.csv",2025-10-28,"3","2","2"
"5-18-202510-dev-seq-A","5","TA","18","202510-dev-tif/lm/18C/A/5/TA/1030-TA-2.csv",2025-10-30,NA,NA,NA
"5-18-202510-dev-seq-A","5","TA","18","202510-dev-tif/lm/18C/A/5/TA/1030-TA-2.csv",2025-10-30,NA,NA,NA
"5-18-202510-dev-seq-A","5","TA","18","202510-dev-tif/lm/18C/A/5/TA/1030-TA-2.csv",2025-10-30,NA,NA,NA
"5-18-202510-dev-seq-A","5","TA","18","202510-dev-tif/lm/18C/A/5/TA/1030-TA-2.csv",2025-10-30,NA,NA,NA
"5-18-202510-dev-seq-A","5","TA","18","202510-dev-tif/lm/18C/A/5/TA/1030-TA-2.csv",2025-10-30,NA,NA,NA
"5-18-202510-dev-seq-A","5","TA","18","202510-dev-tif/lm/18C/A/5/TA/1030-TA-2.csv",2025-10-30,NA,NA,NA
"5-18-202510-dev-seq-A","5","TA","18","202510-dev-tif/lm/18C/A/5/TA/1030-TA-2.csv",2025-10-30,NA,NA,NA
"5-18-202510-dev-seq-A","5","TA","18","202510-dev-tif/lm/18C/A/5/TA/1030-TA-2.csv",2025-10-30,NA,NA,NA
"5-18-202510-dev-seq-A","5","TA","18","202510-dev-tif/lm/18C/A/5/TA/1101-TA-2.csv",2025-11-01,"3","2","2"
"5-18-202510-dev-seq-A","5","TA","18","202510-dev-tif/lm/18C/A/5/TA/1101-TA-2.csv",2025-11-01,"3","2","2"
"5-18-202510-dev-seq-A","5","TA","18","202510-dev-tif/lm/18C/A/5/TA/1101-TA-2.csv",2025-11-01,"3","2","2"
"5-18-202510-dev-seq-A","5","TA","18","202510-dev-tif/lm/18C/A/5/TA/1101-TA-2.csv",2025-11-01,"3","2","2"
"5-18-202510-dev-seq-A","5","TA","18","202510-dev-tif/lm/18C/A/5/TA/1101-TA-2.csv",2025-11-01,"3","2","2"
"5-18-202510-dev-seq-A","5","TA","18","202510-dev-tif/lm/18C/A/5/TA/1101-TA-2.csv",2025-11-01,"3","2","2"
"5-18-202510-dev-seq-A","5","TA","18","202510-dev-tif/lm/18C/A/5/TA/1101-TA-2.csv",2025-11-01,"3","2","2"
"5-18-202510-dev-seq-A","5","TA","18","202510-dev-tif/lm/18C/A/5/TA/1101-TA-2.csv",2025-11-01,"3","2","2"
"5-18-202510-dev-seq-A","5","TA","18","202510-dev-tif/lm/18C/A/5/TA/1103-TA-3.csv",2025-11-03,"4","3","2"
"5-18-202510-dev-seq-A","5","TA","18","202510-dev-tif/lm/18C/A/5/TA/1103-TA-3.csv",2025-11-03,"4","3","2"
"5-18-202510-dev-seq-A","5","TA","18","202510-dev-tif/lm/18C/A/5/TA/1103-TA-3.csv",2025-11-03,"4","3","2"
"5-18-202510-dev-seq-A","5","TA","18","202510-dev-tif/lm/18C/A/5/TA/1103-TA-3.csv",2025-11-03,"4","3","2"
"5-18-202510-dev-seq-A","5","TA","18","202510-dev-tif/lm/18C/A/5/TA/1103-TA-3.csv",2025-11-03,"4","3","2"
"5-18-202510-dev-seq-A","5","TA","18","202510-dev-tif/lm/18C/A/5/TA/1103-TA-3.csv",2025-11-03,"4","3","2"
"5-18-202510-dev-seq-A","5","TA","18","202510-dev-tif/lm/18C/A/5/TA/1103-TA-3.csv",2025-11-03,"4","3","2"
"5-18-202510-dev-seq-A","5","TA","18","202510-dev-tif/lm/18C/A/5/TA/1103-TA-3.csv",2025-11-03,"4","3","2"
"5-18-202510-dev-seq-A","5","TA","18","202510-dev-tif/lm/18C/A/5/TA/1105-TA-3.csv",2025-11-05,"4","3","2"
"5-18-202510-dev-seq-A","5","TA","18","202510-dev-tif/lm/18C/A/5/TA/1105-TA-3.csv",2025-11-05,"4","3","2"
"5-18-202510-dev-seq-A","5","TA","18","202510-dev-tif/lm/18C/A/5/TA/1105-TA-3.csv",2025-11-05,"4","3","2"
"5-18-202510-dev-seq-A","5","TA","18","202510-dev-tif/lm/18C/A/5/TA/1105-TA-3.csv",2025-11-05,"4","3","2"
"5-18-202510-dev-seq-A","5","TA","18","202510-dev-tif/lm/18C/A/5/TA/1105-TA-3.csv",2025-11-05,"4","3","2"
"5-18-202510-dev-seq-A","5","TA","18","202510-dev-tif/lm/18C/A/5/TA/1105-TA-3.csv",2025-11-05,"4","3","2"
"5-18-202510-dev-seq-A","5","TA","18","202510-dev-tif/lm/18C/A/5/TA/1105-TA-3.csv",2025-11-05,"4","3","2"
"5-18-202510-dev-seq-A","5","TA","18","202510-dev-tif/lm/18C/A/5/TA/1105-TA-3.csv",2025-11-05,"4","3","2"
"5-18-202510-dev-seq-A","5","TA","18","202510-dev-tif/lm/18C/A/5/TA/1107-TA-2.csv",2025-11-07,"6","3","2"
"5-18-202510-dev-seq-A","5","TA","18","202510-dev-tif/lm/18C/A/5/TA/1107-TA-2.csv",2025-11-07,"6","3","2"
"5-18-202510-dev-seq-A","5","TA","18","202510-dev-tif/lm/18C/A/5/TA/1107-TA-2.csv",2025-11-07,"6","3","2"
"5-18-202510-dev-seq-A","5","TA","18","202510-dev-tif/lm/18C/A/5/TA/1107-TA-2.csv",2025-11-07,"6","3","2"
"5-18-202510-dev-seq-A","5","TA","18","202510-dev-tif/lm/18C/A/5/TA/1107-TA-2.csv",2025-11-07,"6","3","2"
"5-18-202510-dev-seq-A","5","TA","18","202510-dev-tif/lm/18C/A/5/TA/1107-TA-2.csv",2025-11-07,"6","3","2"
"5-18-202510-dev-seq-A","5","TA","18","202510-dev-tif/lm/18C/A/5/TA/1107-TA-2.csv",2025-11-07,"6","3","2"
"5-18-202510-dev-seq-A","5","TA","18","202510-dev-tif/lm/18C/A/5/TA/1107-TA-2.csv",2025-11-07,"6","3","2"
"5-18-202510-dev-seq-A","5","TA","18","202510-dev-tif/lm/18C/A/5/TA/1110-TA-3.csv",2025-11-10,"5","4","3"
"5-18-202510-dev-seq-A","5","TA","18","202510-dev-tif/lm/18C/A/5/TA/1110-TA-3.csv",2025-11-10,"5","4","3"
"5-18-202510-dev-seq-A","5","TA","18","202510-dev-tif/lm/18C/A/5/TA/1110-TA-3.csv",2025-11-10,"5","4","3"
"5-18-202510-dev-seq-A","5","TA","18","202510-dev-tif/lm/18C/A/5/TA/1110-TA-3.csv",2025-11-10,"5","4","3"
"5-18-202510-dev-seq-A","5","TA","18","202510-dev-tif/lm/18C/A/5/TA/1110-TA-3.csv",2025-11-10,"5","4","3"
"5-18-202510-dev-seq-A","5","TA","18","202510-dev-tif/lm/18C/A/5/TA/1110-TA-3.csv",2025-11-10,"5","4","3"
"5-18-202510-dev-seq-A","5","TA","18","202510-dev-tif/lm/18C/A/5/TA/1110-TA-3.csv",2025-11-10,"5","4","3"
"5-18-202510-dev-seq-A","5","TA","18","202510-dev-tif/lm/18C/A/5/TA/1110-TA-3.csv",2025-11-10,"5","4","3"
"5-18-202510-dev-seq-A","5","TA","18","202510-dev-tif/lm/18C/A/5/TA/1111-TA-2.csv",2025-11-11,"8","3","2"
"5-18-202510-dev-seq-A","5","TA","18","202510-dev-tif/lm/18C/A/5/TA/1111-TA-2.csv",2025-11-11,"8","3","2"
"5-18-202510-dev-seq-A","5","TA","18","202510-dev-tif/lm/18C/A/5/TA/1111-TA-2.csv",2025-11-11,"8","3","2"
"5-18-202510-dev-seq-A","5","TA","18","202510-dev-tif/lm/18C/A/5/TA/1111-TA-2.csv",2025-11-11,"8","3","2"
"5-18-202510-dev-seq-A","5","TA","18","202510-dev-tif/lm/18C/A/5/TA/1111-TA-2.csv",2025-11-11,"8","3","2"
"5-18-202510-dev-seq-A","5","TA","18","202510-dev-tif/lm/18C/A/5/TA/1111-TA-2.csv",2025-11-11,"8","3","2"
"5-18-202510-dev-seq-A","5","TA","18","202510-dev-tif/lm/18C/A/5/TA/1111-TA-2.csv",2025-11-11,"8","3","2"
"5-18-202510-dev-seq-A","5","TA","18","202510-dev-tif/lm/18C/A/5/TA/1111-TA-2.csv",2025-11-11,"8","3","2"
"5-18-202510-dev-seq-A","5","TA","18","202510-dev-tif/lm/18C/A/5/TA/1113-TA-5.csv",2025-11-13,"8","3","3"
"5-18-202510-dev-seq-A","5","TA","18","202510-dev-tif/lm/18C/A/5/TA/1113-TA-5.csv",2025-11-13,"8","3","3"
"5-18-202510-dev-seq-A","5","TA","18","202510-dev-tif/lm/18C/A/5/TA/1113-TA-5.csv",2025-11-13,"8","3","3"
"5-18-202510-dev-seq-A","5","TA","18","202510-dev-tif/lm/18C/A/5/TA/1113-TA-5.csv",2025-11-13,"8","3","3"
"5-18-202510-dev-seq-A","5","TA","18","202510-dev-tif/lm/18C/A/5/TA/1113-TA-5.csv",2025-11-13,"8","3","3"
"5-18-202510-dev-seq-A","5","TA","18","202510-dev-tif/lm/18C/A/5/TA/1113-TA-5.csv",2025-11-13,"8","3","3"
"5-18-202510-dev-seq-A","5","TA","18","202510-dev-tif/lm/18C/A/5/TA/1113-TA-5.csv",2025-11-13,"8","3","3"
"5-18-202510-dev-seq-A","5","TA","18","202510-dev-tif/lm/18C/A/5/TA/1113-TA-5.csv",2025-11-13,"8","3","3"
"5-18-202510-dev-seq-A","5","TA","18","202510-dev-tif/lm/18C/A/5/TA/1115-TA-4.csv",2025-11-15,"8","3","3"
"5-18-202510-dev-seq-A","5","TA","18","202510-dev-tif/lm/18C/A/5/TA/1115-TA-4.csv",2025-11-15,"8","3","3"
"5-18-202510-dev-seq-A","5","TA","18","202510-dev-tif/lm/18C/A/5/TA/1115-TA-4.csv",2025-11-15,"8","3","3"
"5-18-202510-dev-seq-A","5","TA","18","202510-dev-tif/lm/18C/A/5/TA/1115-TA-4.csv",2025-11-15,"8","3","3"
"5-18-202510-dev-seq-A","5","TA","18","202510-dev-tif/lm/18C/A/5/TA/1115-TA-4.csv",2025-11-15,"8","3","3"
"5-18-202510-dev-seq-A","5","TA","18","202510-dev-tif/lm/18C/A/5/TA/1115-TA-4.csv",2025-11-15,"8","3","3"
"5-18-202510-dev-seq-A","5","TA","18","202510-dev-tif/lm/18C/A/5/TA/1115-TA-4.csv",2025-11-15,"8","3","3"
"5-18-202510-dev-seq-A","5","TA","18","202510-dev-tif/lm/18C/A/5/TA/1115-TA-4.csv",2025-11-15,"8","3","3"
"5-18-202510-dev-seq-A","5","TA","18","202510-dev-tif/lm/18C/A/5/TA/1117-TA-3.csv",2025-11-17,"8","4","3"
"5-18-202510-dev-seq-A","5","TA","18","202510-dev-tif/lm/18C/A/5/TA/1117-TA-3.csv",2025-11-17,"8","4","3"
"5-18-202510-dev-seq-A","5","TA","18","202510-dev-tif/lm/18C/A/5/TA/1117-TA-3.csv",2025-11-17,"8","4","3"
"5-18-202510-dev-seq-A","5","TA","18","202510-dev-tif/lm/18C/A/5/TA/1117-TA-3.csv",2025-11-17,"8","4","3"
"5-18-202510-dev-seq-A","5","TA","18","202510-dev-tif/lm/18C/A/5/TA/1117-TA-3.csv",2025-11-17,"8","4","3"
"5-18-202510-dev-seq-A","5","TA","18","202510-dev-tif/lm/18C/A/5/TA/1117-TA-3.csv",2025-11-17,"8","4","3"
"5-18-202510-dev-seq-A","5","TA","18","202510-dev-tif/lm/18C/A/5/TA/1117-TA-3.csv",2025-11-17,"8","4","3"
"5-18-202510-dev-seq-A","5","TA","18","202510-dev-tif/lm/18C/A/5/TA/1117-TA-3.csv",2025-11-17,"8","4","3"
"5-18-202510-dev-seq-A","5","TA","18","202510-dev-tif/lm/18C/A/5/TA/1119-TA-4.csv",2025-11-19,"8","4","3"
"5-18-202510-dev-seq-A","5","TA","18","202510-dev-tif/lm/18C/A/5/TA/1119-TA-4.csv",2025-11-19,"8","4","3"
"5-18-202510-dev-seq-A","5","TA","18","202510-dev-tif/lm/18C/A/5/TA/1119-TA-4.csv",2025-11-19,"8","4","3"
"5-18-202510-dev-seq-A","5","TA","18","202510-dev-tif/lm/18C/A/5/TA/1119-TA-4.csv",2025-11-19,"8","4","3"
"5-18-202510-dev-seq-A","5","TA","18","202510-dev-tif/lm/18C/A/5/TA/1119-TA-4.csv",2025-11-19,"8","4","3"
"5-18-202510-dev-seq-A","5","TA","18","202510-dev-tif/lm/18C/A/5/TA/1119-TA-4.csv",2025-11-19,"8","4","3"
"5-18-202510-dev-seq-A","5","TA","18","202510-dev-tif/lm/18C/A/5/TA/1119-TA-4.csv",2025-11-19,"8","4","3"
"5-18-202510-dev-seq-A","5","TA","18","202510-dev-tif/lm/18C/A/5/TA/1119-TA-4.csv",2025-11-19,"8","4","3"
"5-18-202510-dev-seq-A","5","TA","18","202510-dev-tif/lm/18C/A/5/TA/1123-TA-3.csv",2025-11-23,"9","6","4"
"5-18-202510-dev-seq-A","5","TA","18","202510-dev-tif/lm/18C/A/5/TA/1123-TA-3.csv",2025-11-23,"9","6","4"
"5-18-202510-dev-seq-A","5","TA","18","202510-dev-tif/lm/18C/A/5/TA/1123-TA-3.csv",2025-11-23,"9","6","4"
"5-18-202510-dev-seq-A","5","TA","18","202510-dev-tif/lm/18C/A/5/TA/1123-TA-3.csv",2025-11-23,"9","6","4"
"5-18-202510-dev-seq-A","5","TA","18","202510-dev-tif/lm/18C/A/5/TA/1123-TA-3.csv",2025-11-23,"9","6","4"
"5-18-202510-dev-seq-A","5","TA","18","202510-dev-tif/lm/18C/A/5/TA/1123-TA-3.csv",2025-11-23,"9","6","4"
"5-18-202510-dev-seq-A","5","TA","18","202510-dev-tif/lm/18C/A/5/TA/1123-TA-3.csv",2025-11-23,"9","6","4"
"5-18-202510-dev-seq-A","5","TA","18","202510-dev-tif/lm/18C/A/5/TA/1123-TA-3.csv",2025-11-23,"9","6","4"
"1-18-202510-dev-seq-B","1","OA","18","202510-dev-tif/lm/18C/B/1/OA/1022-OA-2.csv",2025-10-22,"1","1","1"
"1-18-202510-dev-seq-B","1","OA","18","202510-dev-tif/lm/18C/B/1/OA/1022-OA-2.csv",2025-10-22,"1","1","1"
"1-18-202510-dev-seq-B","1","OA","18","202510-dev-tif/lm/18C/B/1/OA/1022-OA-2.csv",2025-10-22,"1","1","1"
"1-18-202510-dev-seq-B","1","OA","18","202510-dev-tif/lm/18C/B/1/OA/1022-OA-2.csv",2025-10-22,"1","1","1"
"1-18-202510-dev-seq-B","1","OA","18","202510-dev-tif/lm/18C/B/1/OA/1024-OA.csv",2025-10-24,"2","1","1"
"1-18-202510-dev-seq-B","1","OA","18","202510-dev-tif/lm/18C/B/1/OA/1024-OA.csv",2025-10-24,"2","1","1"
"1-18-202510-dev-seq-B","1","OA","18","202510-dev-tif/lm/18C/B/1/OA/1024-OA.csv",2025-10-24,"2","1","1"
"1-18-202510-dev-seq-B","1","OA","18","202510-dev-tif/lm/18C/B/1/OA/1024-OA.csv",2025-10-24,"2","1","1"
"1-18-202510-dev-seq-B","1","OA","18","202510-dev-tif/lm/18C/B/1/OA/1026-OA-2.csv",2025-10-26,"2","2","1"
"1-18-202510-dev-seq-B","1","OA","18","202510-dev-tif/lm/18C/B/1/OA/1026-OA-2.csv",2025-10-26,"2","2","1"
"1-18-202510-dev-seq-B","1","OA","18","202510-dev-tif/lm/18C/B/1/OA/1026-OA-2.csv",2025-10-26,"2","2","1"
"1-18-202510-dev-seq-B","1","OA","18","202510-dev-tif/lm/18C/B/1/OA/1026-OA-2.csv",2025-10-26,"2","2","1"
"1-18-202510-dev-seq-B","1","OA","18","202510-dev-tif/lm/18C/B/1/OA/1028-OA.csv",2025-10-28,"3","2","2"
"1-18-202510-dev-seq-B","1","OA","18","202510-dev-tif/lm/18C/B/1/OA/1028-OA.csv",2025-10-28,"3","2","2"
"1-18-202510-dev-seq-B","1","OA","18","202510-dev-tif/lm/18C/B/1/OA/1028-OA.csv",2025-10-28,"3","2","2"
"1-18-202510-dev-seq-B","1","OA","18","202510-dev-tif/lm/18C/B/1/OA/1028-OA.csv",2025-10-28,"3","2","2"
"1-18-202510-dev-seq-B","1","OA","18","202510-dev-tif/lm/18C/B/1/OA/1030-OA-3.csv",2025-10-30,"4","2","2"
"1-18-202510-dev-seq-B","1","OA","18","202510-dev-tif/lm/18C/B/1/OA/1030-OA-3.csv",2025-10-30,"4","2","2"
"1-18-202510-dev-seq-B","1","OA","18","202510-dev-tif/lm/18C/B/1/OA/1030-OA-3.csv",2025-10-30,"4","2","2"
"1-18-202510-dev-seq-B","1","OA","18","202510-dev-tif/lm/18C/B/1/OA/1030-OA-3.csv",2025-10-30,"4","2","2"
"1-18-202510-dev-seq-B","1","OA","18","202510-dev-tif/lm/18C/B/1/OA/1101-OA-2.csv",2025-11-01,"4","3","2"
"1-18-202510-dev-seq-B","1","OA","18","202510-dev-tif/lm/18C/B/1/OA/1101-OA-2.csv",2025-11-01,"4","3","2"
"1-18-202510-dev-seq-B","1","OA","18","202510-dev-tif/lm/18C/B/1/OA/1101-OA-2.csv",2025-11-01,"4","3","2"
"1-18-202510-dev-seq-B","1","OA","18","202510-dev-tif/lm/18C/B/1/OA/1101-OA-2.csv",2025-11-01,"4","3","2"
"1-18-202510-dev-seq-B","1","OA","18","202510-dev-tif/lm/18C/B/1/OA/1103-OA-1.csv",2025-11-03,"4","2","2"
"1-18-202510-dev-seq-B","1","OA","18","202510-dev-tif/lm/18C/B/1/OA/1103-OA-1.csv",2025-11-03,"4","2","2"
"1-18-202510-dev-seq-B","1","OA","18","202510-dev-tif/lm/18C/B/1/OA/1103-OA-1.csv",2025-11-03,"4","2","2"
"1-18-202510-dev-seq-B","1","OA","18","202510-dev-tif/lm/18C/B/1/OA/1103-OA-1.csv",2025-11-03,"4","2","2"
"1-18-202510-dev-seq-B","1","OA","18","202510-dev-tif/lm/18C/B/1/OA/1105-OA-2.csv",2025-11-05,"4","3","2"
"1-18-202510-dev-seq-B","1","OA","18","202510-dev-tif/lm/18C/B/1/OA/1105-OA-2.csv",2025-11-05,"4","3","2"
"1-18-202510-dev-seq-B","1","OA","18","202510-dev-tif/lm/18C/B/1/OA/1105-OA-2.csv",2025-11-05,"4","3","2"
"1-18-202510-dev-seq-B","1","OA","18","202510-dev-tif/lm/18C/B/1/OA/1105-OA-2.csv",2025-11-05,"4","3","2"
"1-18-202510-dev-seq-B","1","OA","18","202510-dev-tif/lm/18C/B/1/OA/1107-OA-2.csv",2025-11-07,"6","4","3"
"1-18-202510-dev-seq-B","1","OA","18","202510-dev-tif/lm/18C/B/1/OA/1107-OA-2.csv",2025-11-07,"6","4","3"
"1-18-202510-dev-seq-B","1","OA","18","202510-dev-tif/lm/18C/B/1/OA/1107-OA-2.csv",2025-11-07,"6","4","3"
"1-18-202510-dev-seq-B","1","OA","18","202510-dev-tif/lm/18C/B/1/OA/1107-OA-2.csv",2025-11-07,"6","4","3"
"1-18-202510-dev-seq-B","1","OA","18","202510-dev-tif/lm/18C/B/1/OA/1110-OA-2.csv",2025-11-10,"5","4","3"
"1-18-202510-dev-seq-B","1","OA","18","202510-dev-tif/lm/18C/B/1/OA/1110-OA-2.csv",2025-11-10,"5","4","3"
"1-18-202510-dev-seq-B","1","OA","18","202510-dev-tif/lm/18C/B/1/OA/1110-OA-2.csv",2025-11-10,"5","4","3"
"1-18-202510-dev-seq-B","1","OA","18","202510-dev-tif/lm/18C/B/1/OA/1110-OA-2.csv",2025-11-10,"5","4","3"
"1-18-202510-dev-seq-B","1","OA","18","202510-dev-tif/lm/18C/B/1/OA/1111-OA-2.csv",2025-11-11,"5","4","3"
"1-18-202510-dev-seq-B","1","OA","18","202510-dev-tif/lm/18C/B/1/OA/1111-OA-2.csv",2025-11-11,"5","4","3"
"1-18-202510-dev-seq-B","1","OA","18","202510-dev-tif/lm/18C/B/1/OA/1111-OA-2.csv",2025-11-11,"5","4","3"
"1-18-202510-dev-seq-B","1","OA","18","202510-dev-tif/lm/18C/B/1/OA/1111-OA-2.csv",2025-11-11,"5","4","3"
"1-18-202510-dev-seq-B","1","OA","18","202510-dev-tif/lm/18C/B/1/OA/1113-OA.csv",2025-11-13,"5","4","3"
"1-18-202510-dev-seq-B","1","OA","18","202510-dev-tif/lm/18C/B/1/OA/1113-OA.csv",2025-11-13,"5","4","3"
"1-18-202510-dev-seq-B","1","OA","18","202510-dev-tif/lm/18C/B/1/OA/1113-OA.csv",2025-11-13,"5","4","3"
"1-18-202510-dev-seq-B","1","OA","18","202510-dev-tif/lm/18C/B/1/OA/1113-OA.csv",2025-11-13,"5","4","3"
"1-18-202510-dev-seq-B","1","OA","18","202510-dev-tif/lm/18C/B/1/OA/1115-OA-2.csv",2025-11-15,"5","4","3"
"1-18-202510-dev-seq-B","1","OA","18","202510-dev-tif/lm/18C/B/1/OA/1115-OA-2.csv",2025-11-15,"5","4","3"
"1-18-202510-dev-seq-B","1","OA","18","202510-dev-tif/lm/18C/B/1/OA/1115-OA-2.csv",2025-11-15,"5","4","3"
"1-18-202510-dev-seq-B","1","OA","18","202510-dev-tif/lm/18C/B/1/OA/1115-OA-2.csv",2025-11-15,"5","4","3"
"1-18-202510-dev-seq-B","1","OA","18","202510-dev-tif/lm/18C/B/1/OA/1117-OA.csv",2025-11-17,"5","4","3"
"1-18-202510-dev-seq-B","1","OA","18","202510-dev-tif/lm/18C/B/1/OA/1117-OA.csv",2025-11-17,"5","4","3"
"1-18-202510-dev-seq-B","1","OA","18","202510-dev-tif/lm/18C/B/1/OA/1117-OA.csv",2025-11-17,"5","4","3"
"1-18-202510-dev-seq-B","1","OA","18","202510-dev-tif/lm/18C/B/1/OA/1117-OA.csv",2025-11-17,"5","4","3"
"1-18-202510-dev-seq-B","1","OA","18","202510-dev-tif/lm/18C/B/1/OA/1119-OA.csv",2025-11-19,"5","4","3"
"1-18-202510-dev-seq-B","1","OA","18","202510-dev-tif/lm/18C/B/1/OA/1119-OA.csv",2025-11-19,"5","4","3"
"1-18-202510-dev-seq-B","1","OA","18","202510-dev-tif/lm/18C/B/1/OA/1119-OA.csv",2025-11-19,"5","4","3"
"1-18-202510-dev-seq-B","1","OA","18","202510-dev-tif/lm/18C/B/1/OA/1119-OA.csv",2025-11-19,"5","4","3"
"1-18-202510-dev-seq-B","1","OA","18","202510-dev-tif/lm/18C/B/1/OA/1123-OA.csv",2025-11-23,"5","4","3"
"1-18-202510-dev-seq-B","1","OA","18","202510-dev-tif/lm/18C/B/1/OA/1123-OA.csv",2025-11-23,"5","4","3"
"1-18-202510-dev-seq-B","1","OA","18","202510-dev-tif/lm/18C/B/1/OA/1123-OA.csv",2025-11-23,"5","4","3"
"1-18-202510-dev-seq-B","1","OA","18","202510-dev-tif/lm/18C/B/1/OA/1123-OA.csv",2025-11-23,"5","4","3"
"1-18-202510-dev-seq-B","1","PA","18","202510-dev-tif/lm/18C/B/1/PA/1022-PA.csv",2025-10-22,"1","1","1"
"1-18-202510-dev-seq-B","1","PA","18","202510-dev-tif/lm/18C/B/1/PA/1022-PA.csv",2025-10-22,"1","1","1"
"1-18-202510-dev-seq-B","1","PA","18","202510-dev-tif/lm/18C/B/1/PA/1022-PA.csv",2025-10-22,"1","1","1"
"1-18-202510-dev-seq-B","1","PA","18","202510-dev-tif/lm/18C/B/1/PA/1022-PA.csv",2025-10-22,"1","1","1"
"1-18-202510-dev-seq-B","1","PA","18","202510-dev-tif/lm/18C/B/1/PA/1022-PA.csv",2025-10-22,"1","1","1"
"1-18-202510-dev-seq-B","1","PA","18","202510-dev-tif/lm/18C/B/1/PA/1024-PA-3.csv",2025-10-24,"2","1","1"
"1-18-202510-dev-seq-B","1","PA","18","202510-dev-tif/lm/18C/B/1/PA/1024-PA-3.csv",2025-10-24,"2","1","1"
"1-18-202510-dev-seq-B","1","PA","18","202510-dev-tif/lm/18C/B/1/PA/1024-PA-3.csv",2025-10-24,"2","1","1"
"1-18-202510-dev-seq-B","1","PA","18","202510-dev-tif/lm/18C/B/1/PA/1024-PA-3.csv",2025-10-24,"2","1","1"
"1-18-202510-dev-seq-B","1","PA","18","202510-dev-tif/lm/18C/B/1/PA/1024-PA-3.csv",2025-10-24,"2","1","1"
"1-18-202510-dev-seq-B","1","PA","18","202510-dev-tif/lm/18C/B/1/PA/1026-PA.csv",2025-10-26,"2","2","1"
"1-18-202510-dev-seq-B","1","PA","18","202510-dev-tif/lm/18C/B/1/PA/1026-PA.csv",2025-10-26,"2","2","1"
"1-18-202510-dev-seq-B","1","PA","18","202510-dev-tif/lm/18C/B/1/PA/1026-PA.csv",2025-10-26,"2","2","1"
"1-18-202510-dev-seq-B","1","PA","18","202510-dev-tif/lm/18C/B/1/PA/1026-PA.csv",2025-10-26,"2","2","1"
"1-18-202510-dev-seq-B","1","PA","18","202510-dev-tif/lm/18C/B/1/PA/1026-PA.csv",2025-10-26,"2","2","1"
"1-18-202510-dev-seq-B","1","PA","18","202510-dev-tif/lm/18C/B/1/PA/1028-PA-3.csv",2025-10-28,"3","2","2"
"1-18-202510-dev-seq-B","1","PA","18","202510-dev-tif/lm/18C/B/1/PA/1028-PA-3.csv",2025-10-28,"3","2","2"
"1-18-202510-dev-seq-B","1","PA","18","202510-dev-tif/lm/18C/B/1/PA/1028-PA-3.csv",2025-10-28,"3","2","2"
"1-18-202510-dev-seq-B","1","PA","18","202510-dev-tif/lm/18C/B/1/PA/1028-PA-3.csv",2025-10-28,"3","2","2"
"1-18-202510-dev-seq-B","1","PA","18","202510-dev-tif/lm/18C/B/1/PA/1028-PA-3.csv",2025-10-28,"3","2","2"
"1-18-202510-dev-seq-B","1","PA","18","202510-dev-tif/lm/18C/B/1/PA/1030-PA-3.csv",2025-10-30,"4","2","2"
"1-18-202510-dev-seq-B","1","PA","18","202510-dev-tif/lm/18C/B/1/PA/1030-PA-3.csv",2025-10-30,"4","2","2"
"1-18-202510-dev-seq-B","1","PA","18","202510-dev-tif/lm/18C/B/1/PA/1030-PA-3.csv",2025-10-30,"4","2","2"
"1-18-202510-dev-seq-B","1","PA","18","202510-dev-tif/lm/18C/B/1/PA/1030-PA-3.csv",2025-10-30,"4","2","2"
"1-18-202510-dev-seq-B","1","PA","18","202510-dev-tif/lm/18C/B/1/PA/1030-PA-3.csv",2025-10-30,"4","2","2"
"1-18-202510-dev-seq-B","1","PA","18","202510-dev-tif/lm/18C/B/1/PA/1101-PA.csv",2025-11-01,"4","3","2"
"1-18-202510-dev-seq-B","1","PA","18","202510-dev-tif/lm/18C/B/1/PA/1101-PA.csv",2025-11-01,"4","3","2"
"1-18-202510-dev-seq-B","1","PA","18","202510-dev-tif/lm/18C/B/1/PA/1101-PA.csv",2025-11-01,"4","3","2"
"1-18-202510-dev-seq-B","1","PA","18","202510-dev-tif/lm/18C/B/1/PA/1101-PA.csv",2025-11-01,"4","3","2"
"1-18-202510-dev-seq-B","1","PA","18","202510-dev-tif/lm/18C/B/1/PA/1101-PA.csv",2025-11-01,"4","3","2"
"1-18-202510-dev-seq-B","1","PA","18","202510-dev-tif/lm/18C/B/1/PA/1103-PA.csv",2025-11-03,"4","2","2"
"1-18-202510-dev-seq-B","1","PA","18","202510-dev-tif/lm/18C/B/1/PA/1103-PA.csv",2025-11-03,"4","2","2"
"1-18-202510-dev-seq-B","1","PA","18","202510-dev-tif/lm/18C/B/1/PA/1103-PA.csv",2025-11-03,"4","2","2"
"1-18-202510-dev-seq-B","1","PA","18","202510-dev-tif/lm/18C/B/1/PA/1103-PA.csv",2025-11-03,"4","2","2"
"1-18-202510-dev-seq-B","1","PA","18","202510-dev-tif/lm/18C/B/1/PA/1103-PA.csv",2025-11-03,"4","2","2"
"1-18-202510-dev-seq-B","1","PA","18","202510-dev-tif/lm/18C/B/1/PA/1105-PA-3.csv",2025-11-05,"4","3","2"
"1-18-202510-dev-seq-B","1","PA","18","202510-dev-tif/lm/18C/B/1/PA/1105-PA-3.csv",2025-11-05,"4","3","2"
"1-18-202510-dev-seq-B","1","PA","18","202510-dev-tif/lm/18C/B/1/PA/1105-PA-3.csv",2025-11-05,"4","3","2"
"1-18-202510-dev-seq-B","1","PA","18","202510-dev-tif/lm/18C/B/1/PA/1105-PA-3.csv",2025-11-05,"4","3","2"
"1-18-202510-dev-seq-B","1","PA","18","202510-dev-tif/lm/18C/B/1/PA/1105-PA-3.csv",2025-11-05,"4","3","2"
"1-18-202510-dev-seq-B","1","PA","18","202510-dev-tif/lm/18C/B/1/PA/1107-PA-4.csv",2025-11-07,"6","4","3"
"1-18-202510-dev-seq-B","1","PA","18","202510-dev-tif/lm/18C/B/1/PA/1107-PA-4.csv",2025-11-07,"6","4","3"
"1-18-202510-dev-seq-B","1","PA","18","202510-dev-tif/lm/18C/B/1/PA/1107-PA-4.csv",2025-11-07,"6","4","3"
"1-18-202510-dev-seq-B","1","PA","18","202510-dev-tif/lm/18C/B/1/PA/1107-PA-4.csv",2025-11-07,"6","4","3"
"1-18-202510-dev-seq-B","1","PA","18","202510-dev-tif/lm/18C/B/1/PA/1107-PA-4.csv",2025-11-07,"6","4","3"
"1-18-202510-dev-seq-B","1","PA","18","202510-dev-tif/lm/18C/B/1/PA/1110-PA-3.csv",2025-11-10,"5","4","3"
"1-18-202510-dev-seq-B","1","PA","18","202510-dev-tif/lm/18C/B/1/PA/1110-PA-3.csv",2025-11-10,"5","4","3"
"1-18-202510-dev-seq-B","1","PA","18","202510-dev-tif/lm/18C/B/1/PA/1110-PA-3.csv",2025-11-10,"5","4","3"
"1-18-202510-dev-seq-B","1","PA","18","202510-dev-tif/lm/18C/B/1/PA/1110-PA-3.csv",2025-11-10,"5","4","3"
"1-18-202510-dev-seq-B","1","PA","18","202510-dev-tif/lm/18C/B/1/PA/1110-PA-3.csv",2025-11-10,"5","4","3"
"1-18-202510-dev-seq-B","1","PA","18","202510-dev-tif/lm/18C/B/1/PA/1111-PA-2.csv",2025-11-11,"5","4","3"
"1-18-202510-dev-seq-B","1","PA","18","202510-dev-tif/lm/18C/B/1/PA/1111-PA-2.csv",2025-11-11,"5","4","3"
"1-18-202510-dev-seq-B","1","PA","18","202510-dev-tif/lm/18C/B/1/PA/1111-PA-2.csv",2025-11-11,"5","4","3"
"1-18-202510-dev-seq-B","1","PA","18","202510-dev-tif/lm/18C/B/1/PA/1111-PA-2.csv",2025-11-11,"5","4","3"
"1-18-202510-dev-seq-B","1","PA","18","202510-dev-tif/lm/18C/B/1/PA/1111-PA-2.csv",2025-11-11,"5","4","3"
"1-18-202510-dev-seq-B","1","PA","18","202510-dev-tif/lm/18C/B/1/PA/1113-PA-3.csv",2025-11-13,"5","4","3"
"1-18-202510-dev-seq-B","1","PA","18","202510-dev-tif/lm/18C/B/1/PA/1113-PA-3.csv",2025-11-13,"5","4","3"
"1-18-202510-dev-seq-B","1","PA","18","202510-dev-tif/lm/18C/B/1/PA/1113-PA-3.csv",2025-11-13,"5","4","3"
"1-18-202510-dev-seq-B","1","PA","18","202510-dev-tif/lm/18C/B/1/PA/1113-PA-3.csv",2025-11-13,"5","4","3"
"1-18-202510-dev-seq-B","1","PA","18","202510-dev-tif/lm/18C/B/1/PA/1113-PA-3.csv",2025-11-13,"5","4","3"
"1-18-202510-dev-seq-B","1","PA","18","202510-dev-tif/lm/18C/B/1/PA/1115-PA-3.csv",2025-11-15,"5","4","3"
"1-18-202510-dev-seq-B","1","PA","18","202510-dev-tif/lm/18C/B/1/PA/1115-PA-3.csv",2025-11-15,"5","4","3"
"1-18-202510-dev-seq-B","1","PA","18","202510-dev-tif/lm/18C/B/1/PA/1115-PA-3.csv",2025-11-15,"5","4","3"
"1-18-202510-dev-seq-B","1","PA","18","202510-dev-tif/lm/18C/B/1/PA/1115-PA-3.csv",2025-11-15,"5","4","3"
"1-18-202510-dev-seq-B","1","PA","18","202510-dev-tif/lm/18C/B/1/PA/1115-PA-3.csv",2025-11-15,"5","4","3"
"1-18-202510-dev-seq-B","1","PA","18","202510-dev-tif/lm/18C/B/1/PA/1117-PA-2.csv",2025-11-17,"5","4","3"
"1-18-202510-dev-seq-B","1","PA","18","202510-dev-tif/lm/18C/B/1/PA/1117-PA-2.csv",2025-11-17,"5","4","3"
"1-18-202510-dev-seq-B","1","PA","18","202510-dev-tif/lm/18C/B/1/PA/1117-PA-2.csv",2025-11-17,"5","4","3"
"1-18-202510-dev-seq-B","1","PA","18","202510-dev-tif/lm/18C/B/1/PA/1117-PA-2.csv",2025-11-17,"5","4","3"
"1-18-202510-dev-seq-B","1","PA","18","202510-dev-tif/lm/18C/B/1/PA/1117-PA-2.csv",2025-11-17,"5","4","3"
"1-18-202510-dev-seq-B","1","PA","18","202510-dev-tif/lm/18C/B/1/PA/1119-PA-2.csv",2025-11-19,"5","4","3"
"1-18-202510-dev-seq-B","1","PA","18","202510-dev-tif/lm/18C/B/1/PA/1119-PA-2.csv",2025-11-19,"5","4","3"
"1-18-202510-dev-seq-B","1","PA","18","202510-dev-tif/lm/18C/B/1/PA/1119-PA-2.csv",2025-11-19,"5","4","3"
"1-18-202510-dev-seq-B","1","PA","18","202510-dev-tif/lm/18C/B/1/PA/1119-PA-2.csv",2025-11-19,"5","4","3"
"1-18-202510-dev-seq-B","1","PA","18","202510-dev-tif/lm/18C/B/1/PA/1119-PA-2.csv",2025-11-19,"5","4","3"
"1-18-202510-dev-seq-B","1","PA","18","202510-dev-tif/lm/18C/B/1/PA/1123-PA-3.csv",2025-11-23,"5","4","3"
"1-18-202510-dev-seq-B","1","PA","18","202510-dev-tif/lm/18C/B/1/PA/1123-PA-3.csv",2025-11-23,"5","4","3"
"1-18-202510-dev-seq-B","1","PA","18","202510-dev-tif/lm/18C/B/1/PA/1123-PA-3.csv",2025-11-23,"5","4","3"
"1-18-202510-dev-seq-B","1","PA","18","202510-dev-tif/lm/18C/B/1/PA/1123-PA-3.csv",2025-11-23,"5","4","3"
"1-18-202510-dev-seq-B","1","PA","18","202510-dev-tif/lm/18C/B/1/PA/1123-PA-3.csv",2025-11-23,"5","4","3"
"1-18-202510-dev-seq-B","1","TA","18","202510-dev-tif/lm/18C/B/1/TA/1022-TA.csv",2025-10-22,"1","1","1"
"1-18-202510-dev-seq-B","1","TA","18","202510-dev-tif/lm/18C/B/1/TA/1022-TA.csv",2025-10-22,"1","1","1"
"1-18-202510-dev-seq-B","1","TA","18","202510-dev-tif/lm/18C/B/1/TA/1022-TA.csv",2025-10-22,"1","1","1"
"1-18-202510-dev-seq-B","1","TA","18","202510-dev-tif/lm/18C/B/1/TA/1022-TA.csv",2025-10-22,"1","1","1"
"1-18-202510-dev-seq-B","1","TA","18","202510-dev-tif/lm/18C/B/1/TA/1022-TA.csv",2025-10-22,"1","1","1"
"1-18-202510-dev-seq-B","1","TA","18","202510-dev-tif/lm/18C/B/1/TA/1022-TA.csv",2025-10-22,"1","1","1"
"1-18-202510-dev-seq-B","1","TA","18","202510-dev-tif/lm/18C/B/1/TA/1022-TA.csv",2025-10-22,"1","1","1"
"1-18-202510-dev-seq-B","1","TA","18","202510-dev-tif/lm/18C/B/1/TA/1022-TA.csv",2025-10-22,"1","1","1"
"1-18-202510-dev-seq-B","1","TA","18","202510-dev-tif/lm/18C/B/1/TA/1024-TA-2.csv",2025-10-24,"2","1","1"
"1-18-202510-dev-seq-B","1","TA","18","202510-dev-tif/lm/18C/B/1/TA/1024-TA-2.csv",2025-10-24,"2","1","1"
"1-18-202510-dev-seq-B","1","TA","18","202510-dev-tif/lm/18C/B/1/TA/1024-TA-2.csv",2025-10-24,"2","1","1"
"1-18-202510-dev-seq-B","1","TA","18","202510-dev-tif/lm/18C/B/1/TA/1024-TA-2.csv",2025-10-24,"2","1","1"
"1-18-202510-dev-seq-B","1","TA","18","202510-dev-tif/lm/18C/B/1/TA/1024-TA-2.csv",2025-10-24,"2","1","1"
"1-18-202510-dev-seq-B","1","TA","18","202510-dev-tif/lm/18C/B/1/TA/1024-TA-2.csv",2025-10-24,"2","1","1"
"1-18-202510-dev-seq-B","1","TA","18","202510-dev-tif/lm/18C/B/1/TA/1024-TA-2.csv",2025-10-24,"2","1","1"
"1-18-202510-dev-seq-B","1","TA","18","202510-dev-tif/lm/18C/B/1/TA/1024-TA-2.csv",2025-10-24,"2","1","1"
"1-18-202510-dev-seq-B","1","TA","18","202510-dev-tif/lm/18C/B/1/TA/1026-TA.csv",2025-10-26,"2","2","1"
"1-18-202510-dev-seq-B","1","TA","18","202510-dev-tif/lm/18C/B/1/TA/1026-TA.csv",2025-10-26,"2","2","1"
"1-18-202510-dev-seq-B","1","TA","18","202510-dev-tif/lm/18C/B/1/TA/1026-TA.csv",2025-10-26,"2","2","1"
"1-18-202510-dev-seq-B","1","TA","18","202510-dev-tif/lm/18C/B/1/TA/1026-TA.csv",2025-10-26,"2","2","1"
"1-18-202510-dev-seq-B","1","TA","18","202510-dev-tif/lm/18C/B/1/TA/1026-TA.csv",2025-10-26,"2","2","1"
"1-18-202510-dev-seq-B","1","TA","18","202510-dev-tif/lm/18C/B/1/TA/1026-TA.csv",2025-10-26,"2","2","1"
"1-18-202510-dev-seq-B","1","TA","18","202510-dev-tif/lm/18C/B/1/TA/1026-TA.csv",2025-10-26,"2","2","1"
"1-18-202510-dev-seq-B","1","TA","18","202510-dev-tif/lm/18C/B/1/TA/1026-TA.csv",2025-10-26,"2","2","1"
"1-18-202510-dev-seq-B","1","TA","18","202510-dev-tif/lm/18C/B/1/TA/1028-TA-3.csv",2025-10-28,"3","2","2"
"1-18-202510-dev-seq-B","1","TA","18","202510-dev-tif/lm/18C/B/1/TA/1028-TA-3.csv",2025-10-28,"3","2","2"
"1-18-202510-dev-seq-B","1","TA","18","202510-dev-tif/lm/18C/B/1/TA/1028-TA-3.csv",2025-10-28,"3","2","2"
"1-18-202510-dev-seq-B","1","TA","18","202510-dev-tif/lm/18C/B/1/TA/1028-TA-3.csv",2025-10-28,"3","2","2"
"1-18-202510-dev-seq-B","1","TA","18","202510-dev-tif/lm/18C/B/1/TA/1028-TA-3.csv",2025-10-28,"3","2","2"
"1-18-202510-dev-seq-B","1","TA","18","202510-dev-tif/lm/18C/B/1/TA/1028-TA-3.csv",2025-10-28,"3","2","2"
"1-18-202510-dev-seq-B","1","TA","18","202510-dev-tif/lm/18C/B/1/TA/1028-TA-3.csv",2025-10-28,"3","2","2"
"1-18-202510-dev-seq-B","1","TA","18","202510-dev-tif/lm/18C/B/1/TA/1028-TA-3.csv",2025-10-28,"3","2","2"
"1-18-202510-dev-seq-B","1","TA","18","202510-dev-tif/lm/18C/B/1/TA/1030-TA-3.csv",2025-10-30,"4","2","2"
"1-18-202510-dev-seq-B","1","TA","18","202510-dev-tif/lm/18C/B/1/TA/1030-TA-3.csv",2025-10-30,"4","2","2"
"1-18-202510-dev-seq-B","1","TA","18","202510-dev-tif/lm/18C/B/1/TA/1030-TA-3.csv",2025-10-30,"4","2","2"
"1-18-202510-dev-seq-B","1","TA","18","202510-dev-tif/lm/18C/B/1/TA/1030-TA-3.csv",2025-10-30,"4","2","2"
"1-18-202510-dev-seq-B","1","TA","18","202510-dev-tif/lm/18C/B/1/TA/1030-TA-3.csv",2025-10-30,"4","2","2"
"1-18-202510-dev-seq-B","1","TA","18","202510-dev-tif/lm/18C/B/1/TA/1030-TA-3.csv",2025-10-30,"4","2","2"
"1-18-202510-dev-seq-B","1","TA","18","202510-dev-tif/lm/18C/B/1/TA/1030-TA-3.csv",2025-10-30,"4","2","2"
"1-18-202510-dev-seq-B","1","TA","18","202510-dev-tif/lm/18C/B/1/TA/1030-TA-3.csv",2025-10-30,"4","2","2"
"1-18-202510-dev-seq-B","1","TA","18","202510-dev-tif/lm/18C/B/1/TA/1101-TA-5.csv",2025-11-01,"4","3","2"
"1-18-202510-dev-seq-B","1","TA","18","202510-dev-tif/lm/18C/B/1/TA/1101-TA-5.csv",2025-11-01,"4","3","2"
"1-18-202510-dev-seq-B","1","TA","18","202510-dev-tif/lm/18C/B/1/TA/1101-TA-5.csv",2025-11-01,"4","3","2"
"1-18-202510-dev-seq-B","1","TA","18","202510-dev-tif/lm/18C/B/1/TA/1101-TA-5.csv",2025-11-01,"4","3","2"
"1-18-202510-dev-seq-B","1","TA","18","202510-dev-tif/lm/18C/B/1/TA/1101-TA-5.csv",2025-11-01,"4","3","2"
"1-18-202510-dev-seq-B","1","TA","18","202510-dev-tif/lm/18C/B/1/TA/1101-TA-5.csv",2025-11-01,"4","3","2"
"1-18-202510-dev-seq-B","1","TA","18","202510-dev-tif/lm/18C/B/1/TA/1101-TA-5.csv",2025-11-01,"4","3","2"
"1-18-202510-dev-seq-B","1","TA","18","202510-dev-tif/lm/18C/B/1/TA/1101-TA-5.csv",2025-11-01,"4","3","2"
"1-18-202510-dev-seq-B","1","TA","18","202510-dev-tif/lm/18C/B/1/TA/1103-TA.csv",2025-11-03,"4","2","2"
"1-18-202510-dev-seq-B","1","TA","18","202510-dev-tif/lm/18C/B/1/TA/1103-TA.csv",2025-11-03,"4","2","2"
"1-18-202510-dev-seq-B","1","TA","18","202510-dev-tif/lm/18C/B/1/TA/1103-TA.csv",2025-11-03,"4","2","2"
"1-18-202510-dev-seq-B","1","TA","18","202510-dev-tif/lm/18C/B/1/TA/1103-TA.csv",2025-11-03,"4","2","2"
"1-18-202510-dev-seq-B","1","TA","18","202510-dev-tif/lm/18C/B/1/TA/1103-TA.csv",2025-11-03,"4","2","2"
"1-18-202510-dev-seq-B","1","TA","18","202510-dev-tif/lm/18C/B/1/TA/1103-TA.csv",2025-11-03,"4","2","2"
"1-18-202510-dev-seq-B","1","TA","18","202510-dev-tif/lm/18C/B/1/TA/1103-TA.csv",2025-11-03,"4","2","2"
"1-18-202510-dev-seq-B","1","TA","18","202510-dev-tif/lm/18C/B/1/TA/1103-TA.csv",2025-11-03,"4","2","2"
"1-18-202510-dev-seq-B","1","TA","18","202510-dev-tif/lm/18C/B/1/TA/1105-TA-3.csv",2025-11-05,"4","3","2"
"1-18-202510-dev-seq-B","1","TA","18","202510-dev-tif/lm/18C/B/1/TA/1105-TA-3.csv",2025-11-05,"4","3","2"
"1-18-202510-dev-seq-B","1","TA","18","202510-dev-tif/lm/18C/B/1/TA/1105-TA-3.csv",2025-11-05,"4","3","2"
"1-18-202510-dev-seq-B","1","TA","18","202510-dev-tif/lm/18C/B/1/TA/1105-TA-3.csv",2025-11-05,"4","3","2"
"1-18-202510-dev-seq-B","1","TA","18","202510-dev-tif/lm/18C/B/1/TA/1105-TA-3.csv",2025-11-05,"4","3","2"
"1-18-202510-dev-seq-B","1","TA","18","202510-dev-tif/lm/18C/B/1/TA/1105-TA-3.csv",2025-11-05,"4","3","2"
"1-18-202510-dev-seq-B","1","TA","18","202510-dev-tif/lm/18C/B/1/TA/1105-TA-3.csv",2025-11-05,"4","3","2"
"1-18-202510-dev-seq-B","1","TA","18","202510-dev-tif/lm/18C/B/1/TA/1105-TA-3.csv",2025-11-05,"4","3","2"
"1-18-202510-dev-seq-B","1","TA","18","202510-dev-tif/lm/18C/B/1/TA/1107-TA-2.csv",2025-11-07,"6","4","3"
"1-18-202510-dev-seq-B","1","TA","18","202510-dev-tif/lm/18C/B/1/TA/1107-TA-2.csv",2025-11-07,"6","4","3"
"1-18-202510-dev-seq-B","1","TA","18","202510-dev-tif/lm/18C/B/1/TA/1107-TA-2.csv",2025-11-07,"6","4","3"
"1-18-202510-dev-seq-B","1","TA","18","202510-dev-tif/lm/18C/B/1/TA/1107-TA-2.csv",2025-11-07,"6","4","3"
"1-18-202510-dev-seq-B","1","TA","18","202510-dev-tif/lm/18C/B/1/TA/1107-TA-2.csv",2025-11-07,"6","4","3"
"1-18-202510-dev-seq-B","1","TA","18","202510-dev-tif/lm/18C/B/1/TA/1107-TA-2.csv",2025-11-07,"6","4","3"
"1-18-202510-dev-seq-B","1","TA","18","202510-dev-tif/lm/18C/B/1/TA/1107-TA-2.csv",2025-11-07,"6","4","3"
"1-18-202510-dev-seq-B","1","TA","18","202510-dev-tif/lm/18C/B/1/TA/1107-TA-2.csv",2025-11-07,"6","4","3"
"1-18-202510-dev-seq-B","1","TA","18","202510-dev-tif/lm/18C/B/1/TA/1110-TA-3.csv",2025-11-10,"5","4","3"
"1-18-202510-dev-seq-B","1","TA","18","202510-dev-tif/lm/18C/B/1/TA/1110-TA-3.csv",2025-11-10,"5","4","3"
"1-18-202510-dev-seq-B","1","TA","18","202510-dev-tif/lm/18C/B/1/TA/1110-TA-3.csv",2025-11-10,"5","4","3"
"1-18-202510-dev-seq-B","1","TA","18","202510-dev-tif/lm/18C/B/1/TA/1110-TA-3.csv",2025-11-10,"5","4","3"
"1-18-202510-dev-seq-B","1","TA","18","202510-dev-tif/lm/18C/B/1/TA/1110-TA-3.csv",2025-11-10,"5","4","3"
"1-18-202510-dev-seq-B","1","TA","18","202510-dev-tif/lm/18C/B/1/TA/1110-TA-3.csv",2025-11-10,"5","4","3"
"1-18-202510-dev-seq-B","1","TA","18","202510-dev-tif/lm/18C/B/1/TA/1110-TA-3.csv",2025-11-10,"5","4","3"
"1-18-202510-dev-seq-B","1","TA","18","202510-dev-tif/lm/18C/B/1/TA/1110-TA-3.csv",2025-11-10,"5","4","3"
"1-18-202510-dev-seq-B","1","TA","18","202510-dev-tif/lm/18C/B/1/TA/1111-TA-2.csv",2025-11-11,"5","4","3"
"1-18-202510-dev-seq-B","1","TA","18","202510-dev-tif/lm/18C/B/1/TA/1111-TA-2.csv",2025-11-11,"5","4","3"
"1-18-202510-dev-seq-B","1","TA","18","202510-dev-tif/lm/18C/B/1/TA/1111-TA-2.csv",2025-11-11,"5","4","3"
"1-18-202510-dev-seq-B","1","TA","18","202510-dev-tif/lm/18C/B/1/TA/1111-TA-2.csv",2025-11-11,"5","4","3"
"1-18-202510-dev-seq-B","1","TA","18","202510-dev-tif/lm/18C/B/1/TA/1111-TA-2.csv",2025-11-11,"5","4","3"
"1-18-202510-dev-seq-B","1","TA","18","202510-dev-tif/lm/18C/B/1/TA/1111-TA-2.csv",2025-11-11,"5","4","3"
"1-18-202510-dev-seq-B","1","TA","18","202510-dev-tif/lm/18C/B/1/TA/1111-TA-2.csv",2025-11-11,"5","4","3"
"1-18-202510-dev-seq-B","1","TA","18","202510-dev-tif/lm/18C/B/1/TA/1111-TA-2.csv",2025-11-11,"5","4","3"
"1-18-202510-dev-seq-B","1","TA","18","202510-dev-tif/lm/18C/B/1/TA/1113-TA.csv",2025-11-13,"5","4","3"
"1-18-202510-dev-seq-B","1","TA","18","202510-dev-tif/lm/18C/B/1/TA/1113-TA.csv",2025-11-13,"5","4","3"
"1-18-202510-dev-seq-B","1","TA","18","202510-dev-tif/lm/18C/B/1/TA/1113-TA.csv",2025-11-13,"5","4","3"
"1-18-202510-dev-seq-B","1","TA","18","202510-dev-tif/lm/18C/B/1/TA/1113-TA.csv",2025-11-13,"5","4","3"
"1-18-202510-dev-seq-B","1","TA","18","202510-dev-tif/lm/18C/B/1/TA/1113-TA.csv",2025-11-13,"5","4","3"
"1-18-202510-dev-seq-B","1","TA","18","202510-dev-tif/lm/18C/B/1/TA/1113-TA.csv",2025-11-13,"5","4","3"
"1-18-202510-dev-seq-B","1","TA","18","202510-dev-tif/lm/18C/B/1/TA/1113-TA.csv",2025-11-13,"5","4","3"
"1-18-202510-dev-seq-B","1","TA","18","202510-dev-tif/lm/18C/B/1/TA/1113-TA.csv",2025-11-13,"5","4","3"
"1-18-202510-dev-seq-B","1","TA","18","202510-dev-tif/lm/18C/B/1/TA/1115-TA.csv",2025-11-15,"5","4","3"
"1-18-202510-dev-seq-B","1","TA","18","202510-dev-tif/lm/18C/B/1/TA/1115-TA.csv",2025-11-15,"5","4","3"
"1-18-202510-dev-seq-B","1","TA","18","202510-dev-tif/lm/18C/B/1/TA/1115-TA.csv",2025-11-15,"5","4","3"
"1-18-202510-dev-seq-B","1","TA","18","202510-dev-tif/lm/18C/B/1/TA/1115-TA.csv",2025-11-15,"5","4","3"
"1-18-202510-dev-seq-B","1","TA","18","202510-dev-tif/lm/18C/B/1/TA/1115-TA.csv",2025-11-15,"5","4","3"
"1-18-202510-dev-seq-B","1","TA","18","202510-dev-tif/lm/18C/B/1/TA/1115-TA.csv",2025-11-15,"5","4","3"
"1-18-202510-dev-seq-B","1","TA","18","202510-dev-tif/lm/18C/B/1/TA/1115-TA.csv",2025-11-15,"5","4","3"
"1-18-202510-dev-seq-B","1","TA","18","202510-dev-tif/lm/18C/B/1/TA/1115-TA.csv",2025-11-15,"5","4","3"
"1-18-202510-dev-seq-B","1","TA","18","202510-dev-tif/lm/18C/B/1/TA/1117-TA-2.csv",2025-11-17,"5","4","3"
"1-18-202510-dev-seq-B","1","TA","18","202510-dev-tif/lm/18C/B/1/TA/1117-TA-2.csv",2025-11-17,"5","4","3"
"1-18-202510-dev-seq-B","1","TA","18","202510-dev-tif/lm/18C/B/1/TA/1117-TA-2.csv",2025-11-17,"5","4","3"
"1-18-202510-dev-seq-B","1","TA","18","202510-dev-tif/lm/18C/B/1/TA/1117-TA-2.csv",2025-11-17,"5","4","3"
"1-18-202510-dev-seq-B","1","TA","18","202510-dev-tif/lm/18C/B/1/TA/1117-TA-2.csv",2025-11-17,"5","4","3"
"1-18-202510-dev-seq-B","1","TA","18","202510-dev-tif/lm/18C/B/1/TA/1117-TA-2.csv",2025-11-17,"5","4","3"
"1-18-202510-dev-seq-B","1","TA","18","202510-dev-tif/lm/18C/B/1/TA/1117-TA-2.csv",2025-11-17,"5","4","3"
"1-18-202510-dev-seq-B","1","TA","18","202510-dev-tif/lm/18C/B/1/TA/1117-TA-2.csv",2025-11-17,"5","4","3"
"1-18-202510-dev-seq-B","1","TA","18","202510-dev-tif/lm/18C/B/1/TA/1119-TA-3.csv",2025-11-19,"5","4","3"
"1-18-202510-dev-seq-B","1","TA","18","202510-dev-tif/lm/18C/B/1/TA/1119-TA-3.csv",2025-11-19,"5","4","3"
"1-18-202510-dev-seq-B","1","TA","18","202510-dev-tif/lm/18C/B/1/TA/1119-TA-3.csv",2025-11-19,"5","4","3"
"1-18-202510-dev-seq-B","1","TA","18","202510-dev-tif/lm/18C/B/1/TA/1119-TA-3.csv",2025-11-19,"5","4","3"
"1-18-202510-dev-seq-B","1","TA","18","202510-dev-tif/lm/18C/B/1/TA/1119-TA-3.csv",2025-11-19,"5","4","3"
"1-18-202510-dev-seq-B","1","TA","18","202510-dev-tif/lm/18C/B/1/TA/1119-TA-3.csv",2025-11-19,"5","4","3"
"1-18-202510-dev-seq-B","1","TA","18","202510-dev-tif/lm/18C/B/1/TA/1119-TA-3.csv",2025-11-19,"5","4","3"
"1-18-202510-dev-seq-B","1","TA","18","202510-dev-tif/lm/18C/B/1/TA/1119-TA-3.csv",2025-11-19,"5","4","3"
"1-18-202510-dev-seq-B","1","TA","18","202510-dev-tif/lm/18C/B/1/TA/1123-TA-4.csv",2025-11-23,"5","4","3"
"1-18-202510-dev-seq-B","1","TA","18","202510-dev-tif/lm/18C/B/1/TA/1123-TA-4.csv",2025-11-23,"5","4","3"
"1-18-202510-dev-seq-B","1","TA","18","202510-dev-tif/lm/18C/B/1/TA/1123-TA-4.csv",2025-11-23,"5","4","3"
"1-18-202510-dev-seq-B","1","TA","18","202510-dev-tif/lm/18C/B/1/TA/1123-TA-4.csv",2025-11-23,"5","4","3"
"1-18-202510-dev-seq-B","1","TA","18","202510-dev-tif/lm/18C/B/1/TA/1123-TA-4.csv",2025-11-23,"5","4","3"
"1-18-202510-dev-seq-B","1","TA","18","202510-dev-tif/lm/18C/B/1/TA/1123-TA-4.csv",2025-11-23,"5","4","3"
"1-18-202510-dev-seq-B","1","TA","18","202510-dev-tif/lm/18C/B/1/TA/1123-TA-4.csv",2025-11-23,"5","4","3"
"1-18-202510-dev-seq-B","1","TA","18","202510-dev-tif/lm/18C/B/1/TA/1123-TA-4.csv",2025-11-23,"5","4","3"
"20-18-202510-dev-seq-B","20","OA","18","202510-dev-tif/lm/18C/B/20/OA/1023-OA-2.csv",2025-10-23,"1","1","1"
"20-18-202510-dev-seq-B","20","OA","18","202510-dev-tif/lm/18C/B/20/OA/1023-OA-2.csv",2025-10-23,"1","1","1"
"20-18-202510-dev-seq-B","20","OA","18","202510-dev-tif/lm/18C/B/20/OA/1023-OA-2.csv",2025-10-23,"1","1","1"
"20-18-202510-dev-seq-B","20","OA","18","202510-dev-tif/lm/18C/B/20/OA/1023-OA-2.csv",2025-10-23,"1","1","1"
"20-18-202510-dev-seq-B","20","OA","18","202510-dev-tif/lm/18C/B/20/OA/1025-OA-2.csv",2025-10-25,"2","2","1"
"20-18-202510-dev-seq-B","20","OA","18","202510-dev-tif/lm/18C/B/20/OA/1025-OA-2.csv",2025-10-25,"2","2","1"
"20-18-202510-dev-seq-B","20","OA","18","202510-dev-tif/lm/18C/B/20/OA/1025-OA-2.csv",2025-10-25,"2","2","1"
"20-18-202510-dev-seq-B","20","OA","18","202510-dev-tif/lm/18C/B/20/OA/1025-OA-2.csv",2025-10-25,"2","2","1"
"20-18-202510-dev-seq-B","20","OA","18","202510-dev-tif/lm/18C/B/20/OA/1027-OA-2.csv",2025-10-27,"2","2","2"
"20-18-202510-dev-seq-B","20","OA","18","202510-dev-tif/lm/18C/B/20/OA/1027-OA-2.csv",2025-10-27,"2","2","2"
"20-18-202510-dev-seq-B","20","OA","18","202510-dev-tif/lm/18C/B/20/OA/1027-OA-2.csv",2025-10-27,"2","2","2"
"20-18-202510-dev-seq-B","20","OA","18","202510-dev-tif/lm/18C/B/20/OA/1027-OA-2.csv",2025-10-27,"2","2","2"
"20-18-202510-dev-seq-B","20","OA","18","202510-dev-tif/lm/18C/B/20/OA/1029-OA-2.csv",2025-10-29,"3","2","2"
"20-18-202510-dev-seq-B","20","OA","18","202510-dev-tif/lm/18C/B/20/OA/1029-OA-2.csv",2025-10-29,"3","2","2"
"20-18-202510-dev-seq-B","20","OA","18","202510-dev-tif/lm/18C/B/20/OA/1029-OA-2.csv",2025-10-29,"3","2","2"
"20-18-202510-dev-seq-B","20","OA","18","202510-dev-tif/lm/18C/B/20/OA/1029-OA-2.csv",2025-10-29,"3","2","2"
"20-18-202510-dev-seq-B","20","OA","18","202510-dev-tif/lm/18C/B/20/OA/1031-OA-2.csv",2025-10-31,"4","3","2"
"20-18-202510-dev-seq-B","20","OA","18","202510-dev-tif/lm/18C/B/20/OA/1031-OA-2.csv",2025-10-31,"4","3","2"
"20-18-202510-dev-seq-B","20","OA","18","202510-dev-tif/lm/18C/B/20/OA/1031-OA-2.csv",2025-10-31,"4","3","2"
"20-18-202510-dev-seq-B","20","OA","18","202510-dev-tif/lm/18C/B/20/OA/1031-OA-2.csv",2025-10-31,"4","3","2"
"20-18-202510-dev-seq-B","20","OA","18","202510-dev-tif/lm/18C/B/20/OA/1102-OA-4.csv",2025-11-02,"6","3","2"
"20-18-202510-dev-seq-B","20","OA","18","202510-dev-tif/lm/18C/B/20/OA/1102-OA-4.csv",2025-11-02,"6","3","2"
"20-18-202510-dev-seq-B","20","OA","18","202510-dev-tif/lm/18C/B/20/OA/1102-OA-4.csv",2025-11-02,"6","3","2"
"20-18-202510-dev-seq-B","20","OA","18","202510-dev-tif/lm/18C/B/20/OA/1102-OA-4.csv",2025-11-02,"6","3","2"
"20-18-202510-dev-seq-B","20","OA","18","202510-dev-tif/lm/18C/B/20/OA/1104-OA-2.csv",2025-11-04,"6","4","3"
"20-18-202510-dev-seq-B","20","OA","18","202510-dev-tif/lm/18C/B/20/OA/1104-OA-2.csv",2025-11-04,"6","4","3"
"20-18-202510-dev-seq-B","20","OA","18","202510-dev-tif/lm/18C/B/20/OA/1104-OA-2.csv",2025-11-04,"6","4","3"
"20-18-202510-dev-seq-B","20","OA","18","202510-dev-tif/lm/18C/B/20/OA/1104-OA-2.csv",2025-11-04,"6","4","3"
"20-18-202510-dev-seq-B","20","OA","18","202510-dev-tif/lm/18C/B/20/OA/1106-OA.csv",2025-11-06,"8","4","3"
"20-18-202510-dev-seq-B","20","OA","18","202510-dev-tif/lm/18C/B/20/OA/1106-OA.csv",2025-11-06,"8","4","3"
"20-18-202510-dev-seq-B","20","OA","18","202510-dev-tif/lm/18C/B/20/OA/1106-OA.csv",2025-11-06,"8","4","3"
"20-18-202510-dev-seq-B","20","OA","18","202510-dev-tif/lm/18C/B/20/OA/1106-OA.csv",2025-11-06,"8","4","3"
"20-18-202510-dev-seq-B","20","OA","18","202510-dev-tif/lm/18C/B/20/OA/1108-OA.csv",2025-11-08,"8","4","3"
"20-18-202510-dev-seq-B","20","OA","18","202510-dev-tif/lm/18C/B/20/OA/1108-OA.csv",2025-11-08,"8","4","3"
"20-18-202510-dev-seq-B","20","OA","18","202510-dev-tif/lm/18C/B/20/OA/1108-OA.csv",2025-11-08,"8","4","3"
"20-18-202510-dev-seq-B","20","OA","18","202510-dev-tif/lm/18C/B/20/OA/1108-OA.csv",2025-11-08,"8","4","3"
"20-18-202510-dev-seq-B","20","OA","18","202510-dev-tif/lm/18C/B/20/OA/1110-OA-4.csv",2025-11-10,"8","4","3"
"20-18-202510-dev-seq-B","20","OA","18","202510-dev-tif/lm/18C/B/20/OA/1110-OA-4.csv",2025-11-10,"8","4","3"
"20-18-202510-dev-seq-B","20","OA","18","202510-dev-tif/lm/18C/B/20/OA/1110-OA-4.csv",2025-11-10,"8","4","3"
"20-18-202510-dev-seq-B","20","OA","18","202510-dev-tif/lm/18C/B/20/OA/1110-OA-4.csv",2025-11-10,"8","4","3"
"20-18-202510-dev-seq-B","20","OA","18","202510-dev-tif/lm/18C/B/20/OA/1112-OA-3.csv",2025-11-12,"8","4","3"
"20-18-202510-dev-seq-B","20","OA","18","202510-dev-tif/lm/18C/B/20/OA/1112-OA-3.csv",2025-11-12,"8","4","3"
"20-18-202510-dev-seq-B","20","OA","18","202510-dev-tif/lm/18C/B/20/OA/1112-OA-3.csv",2025-11-12,"8","4","3"
"20-18-202510-dev-seq-B","20","OA","18","202510-dev-tif/lm/18C/B/20/OA/1112-OA-3.csv",2025-11-12,"8","4","3"
"20-18-202510-dev-seq-B","20","OA","18","202510-dev-tif/lm/18C/B/20/OA/1114-OA.csv",2025-11-14,"9","5","4"
"20-18-202510-dev-seq-B","20","OA","18","202510-dev-tif/lm/18C/B/20/OA/1114-OA.csv",2025-11-14,"9","5","4"
"20-18-202510-dev-seq-B","20","OA","18","202510-dev-tif/lm/18C/B/20/OA/1114-OA.csv",2025-11-14,"9","5","4"
"20-18-202510-dev-seq-B","20","OA","18","202510-dev-tif/lm/18C/B/20/OA/1114-OA.csv",2025-11-14,"9","5","4"
"20-18-202510-dev-seq-B","20","OA","18","202510-dev-tif/lm/18C/B/20/OA/1116-OA-3.csv",2025-11-16,"9","5","4"
"20-18-202510-dev-seq-B","20","OA","18","202510-dev-tif/lm/18C/B/20/OA/1116-OA-3.csv",2025-11-16,"9","5","4"
"20-18-202510-dev-seq-B","20","OA","18","202510-dev-tif/lm/18C/B/20/OA/1116-OA-3.csv",2025-11-16,"9","5","4"
"20-18-202510-dev-seq-B","20","OA","18","202510-dev-tif/lm/18C/B/20/OA/1116-OA-3.csv",2025-11-16,"9","5","4"
"20-18-202510-dev-seq-B","20","OA","18","202510-dev-tif/lm/18C/B/20/OA/1118-OA-3.csv",2025-11-18,"9","5","4"
"20-18-202510-dev-seq-B","20","OA","18","202510-dev-tif/lm/18C/B/20/OA/1118-OA-3.csv",2025-11-18,"9","5","4"
"20-18-202510-dev-seq-B","20","OA","18","202510-dev-tif/lm/18C/B/20/OA/1118-OA-3.csv",2025-11-18,"9","5","4"
"20-18-202510-dev-seq-B","20","OA","18","202510-dev-tif/lm/18C/B/20/OA/1118-OA-3.csv",2025-11-18,"9","5","4"
"20-18-202510-dev-seq-B","20","OA","18","202510-dev-tif/lm/18C/B/20/OA/1120-OA-3.csv",2025-11-20,"9","5","4"
"20-18-202510-dev-seq-B","20","OA","18","202510-dev-tif/lm/18C/B/20/OA/1120-OA-3.csv",2025-11-20,"9","5","4"
"20-18-202510-dev-seq-B","20","OA","18","202510-dev-tif/lm/18C/B/20/OA/1120-OA-3.csv",2025-11-20,"9","5","4"
"20-18-202510-dev-seq-B","20","OA","18","202510-dev-tif/lm/18C/B/20/OA/1120-OA-3.csv",2025-11-20,"9","5","4"
"20-18-202510-dev-seq-B","20","OA","18","202510-dev-tif/lm/18C/B/20/OA/1121-OA-4.csv",2025-11-21,"9","5","4"
"20-18-202510-dev-seq-B","20","OA","18","202510-dev-tif/lm/18C/B/20/OA/1121-OA-4.csv",2025-11-21,"9","5","4"
"20-18-202510-dev-seq-B","20","OA","18","202510-dev-tif/lm/18C/B/20/OA/1121-OA-4.csv",2025-11-21,"9","5","4"
"20-18-202510-dev-seq-B","20","OA","18","202510-dev-tif/lm/18C/B/20/OA/1121-OA-4.csv",2025-11-21,"9","5","4"
"20-18-202510-dev-seq-B","20","OA","18","202510-dev-tif/lm/18C/B/20/OA/1122-OA-4.csv",2025-11-22,"9","5","4"
"20-18-202510-dev-seq-B","20","OA","18","202510-dev-tif/lm/18C/B/20/OA/1122-OA-4.csv",2025-11-22,"9","5","4"
"20-18-202510-dev-seq-B","20","OA","18","202510-dev-tif/lm/18C/B/20/OA/1122-OA-4.csv",2025-11-22,"9","5","4"
"20-18-202510-dev-seq-B","20","OA","18","202510-dev-tif/lm/18C/B/20/OA/1122-OA-4.csv",2025-11-22,"9","5","4"
"20-18-202510-dev-seq-B","20","OA","18","202510-dev-tif/lm/18C/B/20/OA/1124-OA-2.csv",2025-11-24,"9","6","4"
"20-18-202510-dev-seq-B","20","OA","18","202510-dev-tif/lm/18C/B/20/OA/1124-OA-2.csv",2025-11-24,"9","6","4"
"20-18-202510-dev-seq-B","20","OA","18","202510-dev-tif/lm/18C/B/20/OA/1124-OA-2.csv",2025-11-24,"9","6","4"
"20-18-202510-dev-seq-B","20","OA","18","202510-dev-tif/lm/18C/B/20/OA/1124-OA-2.csv",2025-11-24,"9","6","4"
"20-18-202510-dev-seq-B","20","PA","18","202510-dev-tif/lm/18C/B/20/PA/1023-PA-4.csv",2025-10-23,"1","1","1"
"20-18-202510-dev-seq-B","20","PA","18","202510-dev-tif/lm/18C/B/20/PA/1023-PA-4.csv",2025-10-23,"1","1","1"
"20-18-202510-dev-seq-B","20","PA","18","202510-dev-tif/lm/18C/B/20/PA/1023-PA-4.csv",2025-10-23,"1","1","1"
"20-18-202510-dev-seq-B","20","PA","18","202510-dev-tif/lm/18C/B/20/PA/1023-PA-4.csv",2025-10-23,"1","1","1"
"20-18-202510-dev-seq-B","20","PA","18","202510-dev-tif/lm/18C/B/20/PA/1023-PA-4.csv",2025-10-23,"1","1","1"
"20-18-202510-dev-seq-B","20","PA","18","202510-dev-tif/lm/18C/B/20/PA/1025-PA-2.csv",2025-10-25,"2","2","1"
"20-18-202510-dev-seq-B","20","PA","18","202510-dev-tif/lm/18C/B/20/PA/1025-PA-2.csv",2025-10-25,"2","2","1"
"20-18-202510-dev-seq-B","20","PA","18","202510-dev-tif/lm/18C/B/20/PA/1025-PA-2.csv",2025-10-25,"2","2","1"
"20-18-202510-dev-seq-B","20","PA","18","202510-dev-tif/lm/18C/B/20/PA/1025-PA-2.csv",2025-10-25,"2","2","1"
"20-18-202510-dev-seq-B","20","PA","18","202510-dev-tif/lm/18C/B/20/PA/1025-PA-2.csv",2025-10-25,"2","2","1"
"20-18-202510-dev-seq-B","20","PA","18","202510-dev-tif/lm/18C/B/20/PA/1027-PA.csv",2025-10-27,"2","2","2"
"20-18-202510-dev-seq-B","20","PA","18","202510-dev-tif/lm/18C/B/20/PA/1027-PA.csv",2025-10-27,"2","2","2"
"20-18-202510-dev-seq-B","20","PA","18","202510-dev-tif/lm/18C/B/20/PA/1027-PA.csv",2025-10-27,"2","2","2"
"20-18-202510-dev-seq-B","20","PA","18","202510-dev-tif/lm/18C/B/20/PA/1027-PA.csv",2025-10-27,"2","2","2"
"20-18-202510-dev-seq-B","20","PA","18","202510-dev-tif/lm/18C/B/20/PA/1027-PA.csv",2025-10-27,"2","2","2"
"20-18-202510-dev-seq-B","20","PA","18","202510-dev-tif/lm/18C/B/20/PA/1029-PA-4.csv",2025-10-29,"3","2","2"
"20-18-202510-dev-seq-B","20","PA","18","202510-dev-tif/lm/18C/B/20/PA/1029-PA-4.csv",2025-10-29,"3","2","2"
"20-18-202510-dev-seq-B","20","PA","18","202510-dev-tif/lm/18C/B/20/PA/1029-PA-4.csv",2025-10-29,"3","2","2"
"20-18-202510-dev-seq-B","20","PA","18","202510-dev-tif/lm/18C/B/20/PA/1029-PA-4.csv",2025-10-29,"3","2","2"
"20-18-202510-dev-seq-B","20","PA","18","202510-dev-tif/lm/18C/B/20/PA/1029-PA-4.csv",2025-10-29,"3","2","2"
"20-18-202510-dev-seq-B","20","PA","18","202510-dev-tif/lm/18C/B/20/PA/1031-PA.csv",2025-10-31,"4","3","2"
"20-18-202510-dev-seq-B","20","PA","18","202510-dev-tif/lm/18C/B/20/PA/1031-PA.csv",2025-10-31,"4","3","2"
"20-18-202510-dev-seq-B","20","PA","18","202510-dev-tif/lm/18C/B/20/PA/1031-PA.csv",2025-10-31,"4","3","2"
"20-18-202510-dev-seq-B","20","PA","18","202510-dev-tif/lm/18C/B/20/PA/1031-PA.csv",2025-10-31,"4","3","2"
"20-18-202510-dev-seq-B","20","PA","18","202510-dev-tif/lm/18C/B/20/PA/1031-PA.csv",2025-10-31,"4","3","2"
"20-18-202510-dev-seq-B","20","PA","18","202510-dev-tif/lm/18C/B/20/PA/1102-PA.csv",2025-11-02,"6","3","2"
"20-18-202510-dev-seq-B","20","PA","18","202510-dev-tif/lm/18C/B/20/PA/1102-PA.csv",2025-11-02,"6","3","2"
"20-18-202510-dev-seq-B","20","PA","18","202510-dev-tif/lm/18C/B/20/PA/1102-PA.csv",2025-11-02,"6","3","2"
"20-18-202510-dev-seq-B","20","PA","18","202510-dev-tif/lm/18C/B/20/PA/1102-PA.csv",2025-11-02,"6","3","2"
"20-18-202510-dev-seq-B","20","PA","18","202510-dev-tif/lm/18C/B/20/PA/1102-PA.csv",2025-11-02,"6","3","2"
"20-18-202510-dev-seq-B","20","PA","18","202510-dev-tif/lm/18C/B/20/PA/1104-PA-3.csv",2025-11-04,"6","4","3"
"20-18-202510-dev-seq-B","20","PA","18","202510-dev-tif/lm/18C/B/20/PA/1104-PA-3.csv",2025-11-04,"6","4","3"
"20-18-202510-dev-seq-B","20","PA","18","202510-dev-tif/lm/18C/B/20/PA/1104-PA-3.csv",2025-11-04,"6","4","3"
"20-18-202510-dev-seq-B","20","PA","18","202510-dev-tif/lm/18C/B/20/PA/1104-PA-3.csv",2025-11-04,"6","4","3"
"20-18-202510-dev-seq-B","20","PA","18","202510-dev-tif/lm/18C/B/20/PA/1104-PA-3.csv",2025-11-04,"6","4","3"
"20-18-202510-dev-seq-B","20","PA","18","202510-dev-tif/lm/18C/B/20/PA/1106-PA-3.csv",2025-11-06,"8","4","3"
"20-18-202510-dev-seq-B","20","PA","18","202510-dev-tif/lm/18C/B/20/PA/1106-PA-3.csv",2025-11-06,"8","4","3"
"20-18-202510-dev-seq-B","20","PA","18","202510-dev-tif/lm/18C/B/20/PA/1106-PA-3.csv",2025-11-06,"8","4","3"
"20-18-202510-dev-seq-B","20","PA","18","202510-dev-tif/lm/18C/B/20/PA/1106-PA-3.csv",2025-11-06,"8","4","3"
"20-18-202510-dev-seq-B","20","PA","18","202510-dev-tif/lm/18C/B/20/PA/1106-PA-3.csv",2025-11-06,"8","4","3"
"20-18-202510-dev-seq-B","20","PA","18","202510-dev-tif/lm/18C/B/20/PA/1108-PA.csv",2025-11-08,"8","4","3"
"20-18-202510-dev-seq-B","20","PA","18","202510-dev-tif/lm/18C/B/20/PA/1108-PA.csv",2025-11-08,"8","4","3"
"20-18-202510-dev-seq-B","20","PA","18","202510-dev-tif/lm/18C/B/20/PA/1108-PA.csv",2025-11-08,"8","4","3"
"20-18-202510-dev-seq-B","20","PA","18","202510-dev-tif/lm/18C/B/20/PA/1108-PA.csv",2025-11-08,"8","4","3"
"20-18-202510-dev-seq-B","20","PA","18","202510-dev-tif/lm/18C/B/20/PA/1108-PA.csv",2025-11-08,"8","4","3"
"20-18-202510-dev-seq-B","20","PA","18","202510-dev-tif/lm/18C/B/20/PA/1110-PA-2.csv",2025-11-10,"8","4","3"
"20-18-202510-dev-seq-B","20","PA","18","202510-dev-tif/lm/18C/B/20/PA/1110-PA-2.csv",2025-11-10,"8","4","3"
"20-18-202510-dev-seq-B","20","PA","18","202510-dev-tif/lm/18C/B/20/PA/1110-PA-2.csv",2025-11-10,"8","4","3"
"20-18-202510-dev-seq-B","20","PA","18","202510-dev-tif/lm/18C/B/20/PA/1110-PA-2.csv",2025-11-10,"8","4","3"
"20-18-202510-dev-seq-B","20","PA","18","202510-dev-tif/lm/18C/B/20/PA/1110-PA-2.csv",2025-11-10,"8","4","3"
"20-18-202510-dev-seq-B","20","PA","18","202510-dev-tif/lm/18C/B/20/PA/1112-PA.csv",2025-11-12,"8","4","3"
"20-18-202510-dev-seq-B","20","PA","18","202510-dev-tif/lm/18C/B/20/PA/1112-PA.csv",2025-11-12,"8","4","3"
"20-18-202510-dev-seq-B","20","PA","18","202510-dev-tif/lm/18C/B/20/PA/1112-PA.csv",2025-11-12,"8","4","3"
"20-18-202510-dev-seq-B","20","PA","18","202510-dev-tif/lm/18C/B/20/PA/1112-PA.csv",2025-11-12,"8","4","3"
"20-18-202510-dev-seq-B","20","PA","18","202510-dev-tif/lm/18C/B/20/PA/1112-PA.csv",2025-11-12,"8","4","3"
"20-18-202510-dev-seq-B","20","PA","18","202510-dev-tif/lm/18C/B/20/PA/1114-PA.csv",2025-11-14,"9","5","4"
"20-18-202510-dev-seq-B","20","PA","18","202510-dev-tif/lm/18C/B/20/PA/1114-PA.csv",2025-11-14,"9","5","4"
"20-18-202510-dev-seq-B","20","PA","18","202510-dev-tif/lm/18C/B/20/PA/1114-PA.csv",2025-11-14,"9","5","4"
"20-18-202510-dev-seq-B","20","PA","18","202510-dev-tif/lm/18C/B/20/PA/1114-PA.csv",2025-11-14,"9","5","4"
"20-18-202510-dev-seq-B","20","PA","18","202510-dev-tif/lm/18C/B/20/PA/1114-PA.csv",2025-11-14,"9","5","4"
"20-18-202510-dev-seq-B","20","PA","18","202510-dev-tif/lm/18C/B/20/PA/1116-PA-3.csv",2025-11-16,"9","5","4"
"20-18-202510-dev-seq-B","20","PA","18","202510-dev-tif/lm/18C/B/20/PA/1116-PA-3.csv",2025-11-16,"9","5","4"
"20-18-202510-dev-seq-B","20","PA","18","202510-dev-tif/lm/18C/B/20/PA/1116-PA-3.csv",2025-11-16,"9","5","4"
"20-18-202510-dev-seq-B","20","PA","18","202510-dev-tif/lm/18C/B/20/PA/1116-PA-3.csv",2025-11-16,"9","5","4"
"20-18-202510-dev-seq-B","20","PA","18","202510-dev-tif/lm/18C/B/20/PA/1116-PA-3.csv",2025-11-16,"9","5","4"
"20-18-202510-dev-seq-B","20","PA","18","202510-dev-tif/lm/18C/B/20/PA/1118-PA-3.csv",2025-11-18,"9","5","4"
"20-18-202510-dev-seq-B","20","PA","18","202510-dev-tif/lm/18C/B/20/PA/1118-PA-3.csv",2025-11-18,"9","5","4"
"20-18-202510-dev-seq-B","20","PA","18","202510-dev-tif/lm/18C/B/20/PA/1118-PA-3.csv",2025-11-18,"9","5","4"
"20-18-202510-dev-seq-B","20","PA","18","202510-dev-tif/lm/18C/B/20/PA/1118-PA-3.csv",2025-11-18,"9","5","4"
"20-18-202510-dev-seq-B","20","PA","18","202510-dev-tif/lm/18C/B/20/PA/1118-PA-3.csv",2025-11-18,"9","5","4"
"20-18-202510-dev-seq-B","20","PA","18","202510-dev-tif/lm/18C/B/20/PA/1120-PA-4.csv",2025-11-20,"9","5","4"
"20-18-202510-dev-seq-B","20","PA","18","202510-dev-tif/lm/18C/B/20/PA/1120-PA-4.csv",2025-11-20,"9","5","4"
"20-18-202510-dev-seq-B","20","PA","18","202510-dev-tif/lm/18C/B/20/PA/1120-PA-4.csv",2025-11-20,"9","5","4"
"20-18-202510-dev-seq-B","20","PA","18","202510-dev-tif/lm/18C/B/20/PA/1120-PA-4.csv",2025-11-20,"9","5","4"
"20-18-202510-dev-seq-B","20","PA","18","202510-dev-tif/lm/18C/B/20/PA/1120-PA-4.csv",2025-11-20,"9","5","4"
"20-18-202510-dev-seq-B","20","PA","18","202510-dev-tif/lm/18C/B/20/PA/1121-PA-3.csv",2025-11-21,"9","5","4"
"20-18-202510-dev-seq-B","20","PA","18","202510-dev-tif/lm/18C/B/20/PA/1121-PA-3.csv",2025-11-21,"9","5","4"
"20-18-202510-dev-seq-B","20","PA","18","202510-dev-tif/lm/18C/B/20/PA/1121-PA-3.csv",2025-11-21,"9","5","4"
"20-18-202510-dev-seq-B","20","PA","18","202510-dev-tif/lm/18C/B/20/PA/1121-PA-3.csv",2025-11-21,"9","5","4"
"20-18-202510-dev-seq-B","20","PA","18","202510-dev-tif/lm/18C/B/20/PA/1121-PA-3.csv",2025-11-21,"9","5","4"
"20-18-202510-dev-seq-B","20","PA","18","202510-dev-tif/lm/18C/B/20/PA/1122-PA-4.csv",2025-11-22,"9","5","4"
"20-18-202510-dev-seq-B","20","PA","18","202510-dev-tif/lm/18C/B/20/PA/1122-PA-4.csv",2025-11-22,"9","5","4"
"20-18-202510-dev-seq-B","20","PA","18","202510-dev-tif/lm/18C/B/20/PA/1122-PA-4.csv",2025-11-22,"9","5","4"
"20-18-202510-dev-seq-B","20","PA","18","202510-dev-tif/lm/18C/B/20/PA/1122-PA-4.csv",2025-11-22,"9","5","4"
"20-18-202510-dev-seq-B","20","PA","18","202510-dev-tif/lm/18C/B/20/PA/1122-PA-4.csv",2025-11-22,"9","5","4"
"20-18-202510-dev-seq-B","20","PA","18","202510-dev-tif/lm/18C/B/20/PA/1124-PA-3.csv",2025-11-24,"9","6","4"
"20-18-202510-dev-seq-B","20","PA","18","202510-dev-tif/lm/18C/B/20/PA/1124-PA-3.csv",2025-11-24,"9","6","4"
"20-18-202510-dev-seq-B","20","PA","18","202510-dev-tif/lm/18C/B/20/PA/1124-PA-3.csv",2025-11-24,"9","6","4"
"20-18-202510-dev-seq-B","20","PA","18","202510-dev-tif/lm/18C/B/20/PA/1124-PA-3.csv",2025-11-24,"9","6","4"
"20-18-202510-dev-seq-B","20","PA","18","202510-dev-tif/lm/18C/B/20/PA/1124-PA-3.csv",2025-11-24,"9","6","4"
"20-18-202510-dev-seq-B","20","TA","18","202510-dev-tif/lm/18C/B/20/TA/1023-TA.csv",2025-10-23,"1","1","1"
"20-18-202510-dev-seq-B","20","TA","18","202510-dev-tif/lm/18C/B/20/TA/1023-TA.csv",2025-10-23,"1","1","1"
"20-18-202510-dev-seq-B","20","TA","18","202510-dev-tif/lm/18C/B/20/TA/1023-TA.csv",2025-10-23,"1","1","1"
"20-18-202510-dev-seq-B","20","TA","18","202510-dev-tif/lm/18C/B/20/TA/1023-TA.csv",2025-10-23,"1","1","1"
"20-18-202510-dev-seq-B","20","TA","18","202510-dev-tif/lm/18C/B/20/TA/1023-TA.csv",2025-10-23,"1","1","1"
"20-18-202510-dev-seq-B","20","TA","18","202510-dev-tif/lm/18C/B/20/TA/1023-TA.csv",2025-10-23,"1","1","1"
"20-18-202510-dev-seq-B","20","TA","18","202510-dev-tif/lm/18C/B/20/TA/1023-TA.csv",2025-10-23,"1","1","1"
"20-18-202510-dev-seq-B","20","TA","18","202510-dev-tif/lm/18C/B/20/TA/1023-TA.csv",2025-10-23,"1","1","1"
"20-18-202510-dev-seq-B","20","TA","18","202510-dev-tif/lm/18C/B/20/TA/1025-TA-4.csv",2025-10-25,"2","2","1"
"20-18-202510-dev-seq-B","20","TA","18","202510-dev-tif/lm/18C/B/20/TA/1025-TA-4.csv",2025-10-25,"2","2","1"
"20-18-202510-dev-seq-B","20","TA","18","202510-dev-tif/lm/18C/B/20/TA/1025-TA-4.csv",2025-10-25,"2","2","1"
"20-18-202510-dev-seq-B","20","TA","18","202510-dev-tif/lm/18C/B/20/TA/1025-TA-4.csv",2025-10-25,"2","2","1"
"20-18-202510-dev-seq-B","20","TA","18","202510-dev-tif/lm/18C/B/20/TA/1025-TA-4.csv",2025-10-25,"2","2","1"
"20-18-202510-dev-seq-B","20","TA","18","202510-dev-tif/lm/18C/B/20/TA/1025-TA-4.csv",2025-10-25,"2","2","1"
"20-18-202510-dev-seq-B","20","TA","18","202510-dev-tif/lm/18C/B/20/TA/1025-TA-4.csv",2025-10-25,"2","2","1"
"20-18-202510-dev-seq-B","20","TA","18","202510-dev-tif/lm/18C/B/20/TA/1025-TA-4.csv",2025-10-25,"2","2","1"
"20-18-202510-dev-seq-B","20","TA","18","202510-dev-tif/lm/18C/B/20/TA/1027-TA-3.csv",2025-10-27,"2","2","2"
"20-18-202510-dev-seq-B","20","TA","18","202510-dev-tif/lm/18C/B/20/TA/1027-TA-3.csv",2025-10-27,"2","2","2"
"20-18-202510-dev-seq-B","20","TA","18","202510-dev-tif/lm/18C/B/20/TA/1027-TA-3.csv",2025-10-27,"2","2","2"
"20-18-202510-dev-seq-B","20","TA","18","202510-dev-tif/lm/18C/B/20/TA/1027-TA-3.csv",2025-10-27,"2","2","2"
"20-18-202510-dev-seq-B","20","TA","18","202510-dev-tif/lm/18C/B/20/TA/1027-TA-3.csv",2025-10-27,"2","2","2"
"20-18-202510-dev-seq-B","20","TA","18","202510-dev-tif/lm/18C/B/20/TA/1027-TA-3.csv",2025-10-27,"2","2","2"
"20-18-202510-dev-seq-B","20","TA","18","202510-dev-tif/lm/18C/B/20/TA/1027-TA-3.csv",2025-10-27,"2","2","2"
"20-18-202510-dev-seq-B","20","TA","18","202510-dev-tif/lm/18C/B/20/TA/1027-TA-3.csv",2025-10-27,"2","2","2"
"20-18-202510-dev-seq-B","20","TA","18","202510-dev-tif/lm/18C/B/20/TA/1029-TA.csv",2025-10-29,"3","2","2"
"20-18-202510-dev-seq-B","20","TA","18","202510-dev-tif/lm/18C/B/20/TA/1029-TA.csv",2025-10-29,"3","2","2"
"20-18-202510-dev-seq-B","20","TA","18","202510-dev-tif/lm/18C/B/20/TA/1029-TA.csv",2025-10-29,"3","2","2"
"20-18-202510-dev-seq-B","20","TA","18","202510-dev-tif/lm/18C/B/20/TA/1029-TA.csv",2025-10-29,"3","2","2"
"20-18-202510-dev-seq-B","20","TA","18","202510-dev-tif/lm/18C/B/20/TA/1029-TA.csv",2025-10-29,"3","2","2"
"20-18-202510-dev-seq-B","20","TA","18","202510-dev-tif/lm/18C/B/20/TA/1029-TA.csv",2025-10-29,"3","2","2"
"20-18-202510-dev-seq-B","20","TA","18","202510-dev-tif/lm/18C/B/20/TA/1029-TA.csv",2025-10-29,"3","2","2"
"20-18-202510-dev-seq-B","20","TA","18","202510-dev-tif/lm/18C/B/20/TA/1029-TA.csv",2025-10-29,"3","2","2"
"20-18-202510-dev-seq-B","20","TA","18","202510-dev-tif/lm/18C/B/20/TA/1031-TA-4.csv",2025-10-31,"4","3","2"
"20-18-202510-dev-seq-B","20","TA","18","202510-dev-tif/lm/18C/B/20/TA/1031-TA-4.csv",2025-10-31,"4","3","2"
"20-18-202510-dev-seq-B","20","TA","18","202510-dev-tif/lm/18C/B/20/TA/1031-TA-4.csv",2025-10-31,"4","3","2"
"20-18-202510-dev-seq-B","20","TA","18","202510-dev-tif/lm/18C/B/20/TA/1031-TA-4.csv",2025-10-31,"4","3","2"
"20-18-202510-dev-seq-B","20","TA","18","202510-dev-tif/lm/18C/B/20/TA/1031-TA-4.csv",2025-10-31,"4","3","2"
"20-18-202510-dev-seq-B","20","TA","18","202510-dev-tif/lm/18C/B/20/TA/1031-TA-4.csv",2025-10-31,"4","3","2"
"20-18-202510-dev-seq-B","20","TA","18","202510-dev-tif/lm/18C/B/20/TA/1031-TA-4.csv",2025-10-31,"4","3","2"
"20-18-202510-dev-seq-B","20","TA","18","202510-dev-tif/lm/18C/B/20/TA/1031-TA-4.csv",2025-10-31,"4","3","2"
"20-18-202510-dev-seq-B","20","TA","18","202510-dev-tif/lm/18C/B/20/TA/1102-TA-2.csv",2025-11-02,"6","3","2"
"20-18-202510-dev-seq-B","20","TA","18","202510-dev-tif/lm/18C/B/20/TA/1102-TA-2.csv",2025-11-02,"6","3","2"
"20-18-202510-dev-seq-B","20","TA","18","202510-dev-tif/lm/18C/B/20/TA/1102-TA-2.csv",2025-11-02,"6","3","2"
"20-18-202510-dev-seq-B","20","TA","18","202510-dev-tif/lm/18C/B/20/TA/1102-TA-2.csv",2025-11-02,"6","3","2"
"20-18-202510-dev-seq-B","20","TA","18","202510-dev-tif/lm/18C/B/20/TA/1102-TA-2.csv",2025-11-02,"6","3","2"
"20-18-202510-dev-seq-B","20","TA","18","202510-dev-tif/lm/18C/B/20/TA/1102-TA-2.csv",2025-11-02,"6","3","2"
"20-18-202510-dev-seq-B","20","TA","18","202510-dev-tif/lm/18C/B/20/TA/1102-TA-2.csv",2025-11-02,"6","3","2"
"20-18-202510-dev-seq-B","20","TA","18","202510-dev-tif/lm/18C/B/20/TA/1102-TA-2.csv",2025-11-02,"6","3","2"
"20-18-202510-dev-seq-B","20","TA","18","202510-dev-tif/lm/18C/B/20/TA/1104-TA.csv",2025-11-04,"6","4","3"
"20-18-202510-dev-seq-B","20","TA","18","202510-dev-tif/lm/18C/B/20/TA/1104-TA.csv",2025-11-04,"6","4","3"
"20-18-202510-dev-seq-B","20","TA","18","202510-dev-tif/lm/18C/B/20/TA/1104-TA.csv",2025-11-04,"6","4","3"
"20-18-202510-dev-seq-B","20","TA","18","202510-dev-tif/lm/18C/B/20/TA/1104-TA.csv",2025-11-04,"6","4","3"
"20-18-202510-dev-seq-B","20","TA","18","202510-dev-tif/lm/18C/B/20/TA/1104-TA.csv",2025-11-04,"6","4","3"
"20-18-202510-dev-seq-B","20","TA","18","202510-dev-tif/lm/18C/B/20/TA/1104-TA.csv",2025-11-04,"6","4","3"
"20-18-202510-dev-seq-B","20","TA","18","202510-dev-tif/lm/18C/B/20/TA/1104-TA.csv",2025-11-04,"6","4","3"
"20-18-202510-dev-seq-B","20","TA","18","202510-dev-tif/lm/18C/B/20/TA/1104-TA.csv",2025-11-04,"6","4","3"
"20-18-202510-dev-seq-B","20","TA","18","202510-dev-tif/lm/18C/B/20/TA/1106-TA-2.csv",2025-11-06,"8","4","3"
"20-18-202510-dev-seq-B","20","TA","18","202510-dev-tif/lm/18C/B/20/TA/1106-TA-2.csv",2025-11-06,"8","4","3"
"20-18-202510-dev-seq-B","20","TA","18","202510-dev-tif/lm/18C/B/20/TA/1106-TA-2.csv",2025-11-06,"8","4","3"
"20-18-202510-dev-seq-B","20","TA","18","202510-dev-tif/lm/18C/B/20/TA/1106-TA-2.csv",2025-11-06,"8","4","3"
"20-18-202510-dev-seq-B","20","TA","18","202510-dev-tif/lm/18C/B/20/TA/1106-TA-2.csv",2025-11-06,"8","4","3"
"20-18-202510-dev-seq-B","20","TA","18","202510-dev-tif/lm/18C/B/20/TA/1106-TA-2.csv",2025-11-06,"8","4","3"
"20-18-202510-dev-seq-B","20","TA","18","202510-dev-tif/lm/18C/B/20/TA/1106-TA-2.csv",2025-11-06,"8","4","3"
"20-18-202510-dev-seq-B","20","TA","18","202510-dev-tif/lm/18C/B/20/TA/1106-TA-2.csv",2025-11-06,"8","4","3"
"20-18-202510-dev-seq-B","20","TA","18","202510-dev-tif/lm/18C/B/20/TA/1108-TA-3.csv",2025-11-08,"8","4","3"
"20-18-202510-dev-seq-B","20","TA","18","202510-dev-tif/lm/18C/B/20/TA/1108-TA-3.csv",2025-11-08,"8","4","3"
"20-18-202510-dev-seq-B","20","TA","18","202510-dev-tif/lm/18C/B/20/TA/1108-TA-3.csv",2025-11-08,"8","4","3"
"20-18-202510-dev-seq-B","20","TA","18","202510-dev-tif/lm/18C/B/20/TA/1108-TA-3.csv",2025-11-08,"8","4","3"
"20-18-202510-dev-seq-B","20","TA","18","202510-dev-tif/lm/18C/B/20/TA/1108-TA-3.csv",2025-11-08,"8","4","3"
"20-18-202510-dev-seq-B","20","TA","18","202510-dev-tif/lm/18C/B/20/TA/1108-TA-3.csv",2025-11-08,"8","4","3"
"20-18-202510-dev-seq-B","20","TA","18","202510-dev-tif/lm/18C/B/20/TA/1108-TA-3.csv",2025-11-08,"8","4","3"
"20-18-202510-dev-seq-B","20","TA","18","202510-dev-tif/lm/18C/B/20/TA/1108-TA-3.csv",2025-11-08,"8","4","3"
"20-18-202510-dev-seq-B","20","TA","18","202510-dev-tif/lm/18C/B/20/TA/1110-TA-2.csv",2025-11-10,"8","4","3"
"20-18-202510-dev-seq-B","20","TA","18","202510-dev-tif/lm/18C/B/20/TA/1110-TA-2.csv",2025-11-10,"8","4","3"
"20-18-202510-dev-seq-B","20","TA","18","202510-dev-tif/lm/18C/B/20/TA/1110-TA-2.csv",2025-11-10,"8","4","3"
"20-18-202510-dev-seq-B","20","TA","18","202510-dev-tif/lm/18C/B/20/TA/1110-TA-2.csv",2025-11-10,"8","4","3"
"20-18-202510-dev-seq-B","20","TA","18","202510-dev-tif/lm/18C/B/20/TA/1110-TA-2.csv",2025-11-10,"8","4","3"
"20-18-202510-dev-seq-B","20","TA","18","202510-dev-tif/lm/18C/B/20/TA/1110-TA-2.csv",2025-11-10,"8","4","3"
"20-18-202510-dev-seq-B","20","TA","18","202510-dev-tif/lm/18C/B/20/TA/1110-TA-2.csv",2025-11-10,"8","4","3"
"20-18-202510-dev-seq-B","20","TA","18","202510-dev-tif/lm/18C/B/20/TA/1110-TA-2.csv",2025-11-10,"8","4","3"
"20-18-202510-dev-seq-B","20","TA","18","202510-dev-tif/lm/18C/B/20/TA/1112-TA.csv",2025-11-12,"8","4","3"
"20-18-202510-dev-seq-B","20","TA","18","202510-dev-tif/lm/18C/B/20/TA/1112-TA.csv",2025-11-12,"8","4","3"
"20-18-202510-dev-seq-B","20","TA","18","202510-dev-tif/lm/18C/B/20/TA/1112-TA.csv",2025-11-12,"8","4","3"
"20-18-202510-dev-seq-B","20","TA","18","202510-dev-tif/lm/18C/B/20/TA/1112-TA.csv",2025-11-12,"8","4","3"
"20-18-202510-dev-seq-B","20","TA","18","202510-dev-tif/lm/18C/B/20/TA/1112-TA.csv",2025-11-12,"8","4","3"
"20-18-202510-dev-seq-B","20","TA","18","202510-dev-tif/lm/18C/B/20/TA/1112-TA.csv",2025-11-12,"8","4","3"
"20-18-202510-dev-seq-B","20","TA","18","202510-dev-tif/lm/18C/B/20/TA/1112-TA.csv",2025-11-12,"8","4","3"
"20-18-202510-dev-seq-B","20","TA","18","202510-dev-tif/lm/18C/B/20/TA/1112-TA.csv",2025-11-12,"8","4","3"
"20-18-202510-dev-seq-B","20","TA","18","202510-dev-tif/lm/18C/B/20/TA/1114-TA-3.csv",2025-11-14,"9","5","4"
"20-18-202510-dev-seq-B","20","TA","18","202510-dev-tif/lm/18C/B/20/TA/1114-TA-3.csv",2025-11-14,"9","5","4"
"20-18-202510-dev-seq-B","20","TA","18","202510-dev-tif/lm/18C/B/20/TA/1114-TA-3.csv",2025-11-14,"9","5","4"
"20-18-202510-dev-seq-B","20","TA","18","202510-dev-tif/lm/18C/B/20/TA/1114-TA-3.csv",2025-11-14,"9","5","4"
"20-18-202510-dev-seq-B","20","TA","18","202510-dev-tif/lm/18C/B/20/TA/1114-TA-3.csv",2025-11-14,"9","5","4"
"20-18-202510-dev-seq-B","20","TA","18","202510-dev-tif/lm/18C/B/20/TA/1114-TA-3.csv",2025-11-14,"9","5","4"
"20-18-202510-dev-seq-B","20","TA","18","202510-dev-tif/lm/18C/B/20/TA/1114-TA-3.csv",2025-11-14,"9","5","4"
"20-18-202510-dev-seq-B","20","TA","18","202510-dev-tif/lm/18C/B/20/TA/1114-TA-3.csv",2025-11-14,"9","5","4"
"20-18-202510-dev-seq-B","20","TA","18","202510-dev-tif/lm/18C/B/20/TA/1116-TA-2.csv",2025-11-16,"9","5","4"
"20-18-202510-dev-seq-B","20","TA","18","202510-dev-tif/lm/18C/B/20/TA/1116-TA-2.csv",2025-11-16,"9","5","4"
"20-18-202510-dev-seq-B","20","TA","18","202510-dev-tif/lm/18C/B/20/TA/1116-TA-2.csv",2025-11-16,"9","5","4"
"20-18-202510-dev-seq-B","20","TA","18","202510-dev-tif/lm/18C/B/20/TA/1116-TA-2.csv",2025-11-16,"9","5","4"
"20-18-202510-dev-seq-B","20","TA","18","202510-dev-tif/lm/18C/B/20/TA/1116-TA-2.csv",2025-11-16,"9","5","4"
"20-18-202510-dev-seq-B","20","TA","18","202510-dev-tif/lm/18C/B/20/TA/1116-TA-2.csv",2025-11-16,"9","5","4"
"20-18-202510-dev-seq-B","20","TA","18","202510-dev-tif/lm/18C/B/20/TA/1116-TA-2.csv",2025-11-16,"9","5","4"
"20-18-202510-dev-seq-B","20","TA","18","202510-dev-tif/lm/18C/B/20/TA/1116-TA-2.csv",2025-11-16,"9","5","4"
"20-18-202510-dev-seq-B","20","TA","18","202510-dev-tif/lm/18C/B/20/TA/1118-TA.csv",2025-11-18,"9","5","4"
"20-18-202510-dev-seq-B","20","TA","18","202510-dev-tif/lm/18C/B/20/TA/1118-TA.csv",2025-11-18,"9","5","4"
"20-18-202510-dev-seq-B","20","TA","18","202510-dev-tif/lm/18C/B/20/TA/1118-TA.csv",2025-11-18,"9","5","4"
"20-18-202510-dev-seq-B","20","TA","18","202510-dev-tif/lm/18C/B/20/TA/1118-TA.csv",2025-11-18,"9","5","4"
"20-18-202510-dev-seq-B","20","TA","18","202510-dev-tif/lm/18C/B/20/TA/1118-TA.csv",2025-11-18,"9","5","4"
"20-18-202510-dev-seq-B","20","TA","18","202510-dev-tif/lm/18C/B/20/TA/1118-TA.csv",2025-11-18,"9","5","4"
"20-18-202510-dev-seq-B","20","TA","18","202510-dev-tif/lm/18C/B/20/TA/1118-TA.csv",2025-11-18,"9","5","4"
"20-18-202510-dev-seq-B","20","TA","18","202510-dev-tif/lm/18C/B/20/TA/1118-TA.csv",2025-11-18,"9","5","4"
"20-18-202510-dev-seq-B","20","TA","18","202510-dev-tif/lm/18C/B/20/TA/1120-TA-2.csv",2025-11-20,"9","5","4"
"20-18-202510-dev-seq-B","20","TA","18","202510-dev-tif/lm/18C/B/20/TA/1120-TA-2.csv",2025-11-20,"9","5","4"
"20-18-202510-dev-seq-B","20","TA","18","202510-dev-tif/lm/18C/B/20/TA/1120-TA-2.csv",2025-11-20,"9","5","4"
"20-18-202510-dev-seq-B","20","TA","18","202510-dev-tif/lm/18C/B/20/TA/1120-TA-2.csv",2025-11-20,"9","5","4"
"20-18-202510-dev-seq-B","20","TA","18","202510-dev-tif/lm/18C/B/20/TA/1120-TA-2.csv",2025-11-20,"9","5","4"
"20-18-202510-dev-seq-B","20","TA","18","202510-dev-tif/lm/18C/B/20/TA/1120-TA-2.csv",2025-11-20,"9","5","4"
"20-18-202510-dev-seq-B","20","TA","18","202510-dev-tif/lm/18C/B/20/TA/1120-TA-2.csv",2025-11-20,"9","5","4"
"20-18-202510-dev-seq-B","20","TA","18","202510-dev-tif/lm/18C/B/20/TA/1120-TA-2.csv",2025-11-20,"9","5","4"
"20-18-202510-dev-seq-B","20","TA","18","202510-dev-tif/lm/18C/B/20/TA/1121-TA-2.csv",2025-11-21,"9","5","4"
"20-18-202510-dev-seq-B","20","TA","18","202510-dev-tif/lm/18C/B/20/TA/1121-TA-2.csv",2025-11-21,"9","5","4"
"20-18-202510-dev-seq-B","20","TA","18","202510-dev-tif/lm/18C/B/20/TA/1121-TA-2.csv",2025-11-21,"9","5","4"
"20-18-202510-dev-seq-B","20","TA","18","202510-dev-tif/lm/18C/B/20/TA/1121-TA-2.csv",2025-11-21,"9","5","4"
"20-18-202510-dev-seq-B","20","TA","18","202510-dev-tif/lm/18C/B/20/TA/1121-TA-2.csv",2025-11-21,"9","5","4"
"20-18-202510-dev-seq-B","20","TA","18","202510-dev-tif/lm/18C/B/20/TA/1121-TA-2.csv",2025-11-21,"9","5","4"
"20-18-202510-dev-seq-B","20","TA","18","202510-dev-tif/lm/18C/B/20/TA/1121-TA-2.csv",2025-11-21,"9","5","4"
"20-18-202510-dev-seq-B","20","TA","18","202510-dev-tif/lm/18C/B/20/TA/1121-TA-2.csv",2025-11-21,"9","5","4"
"20-18-202510-dev-seq-B","20","TA","18","202510-dev-tif/lm/18C/B/20/TA/1122-TA-2.csv",2025-11-22,"9","5","4"
"20-18-202510-dev-seq-B","20","TA","18","202510-dev-tif/lm/18C/B/20/TA/1122-TA-2.csv",2025-11-22,"9","5","4"
"20-18-202510-dev-seq-B","20","TA","18","202510-dev-tif/lm/18C/B/20/TA/1122-TA-2.csv",2025-11-22,"9","5","4"
"20-18-202510-dev-seq-B","20","TA","18","202510-dev-tif/lm/18C/B/20/TA/1122-TA-2.csv",2025-11-22,"9","5","4"
"20-18-202510-dev-seq-B","20","TA","18","202510-dev-tif/lm/18C/B/20/TA/1122-TA-2.csv",2025-11-22,"9","5","4"
"20-18-202510-dev-seq-B","20","TA","18","202510-dev-tif/lm/18C/B/20/TA/1122-TA-2.csv",2025-11-22,"9","5","4"
"20-18-202510-dev-seq-B","20","TA","18","202510-dev-tif/lm/18C/B/20/TA/1122-TA-2.csv",2025-11-22,"9","5","4"
"20-18-202510-dev-seq-B","20","TA","18","202510-dev-tif/lm/18C/B/20/TA/1122-TA-2.csv",2025-11-22,"9","5","4"
"20-18-202510-dev-seq-B","20","TA","18","202510-dev-tif/lm/18C/B/20/TA/1124-TA-3.csv",2025-11-24,"9","6","4"
"20-18-202510-dev-seq-B","20","TA","18","202510-dev-tif/lm/18C/B/20/TA/1124-TA-3.csv",2025-11-24,"9","6","4"
"20-18-202510-dev-seq-B","20","TA","18","202510-dev-tif/lm/18C/B/20/TA/1124-TA-3.csv",2025-11-24,"9","6","4"
"20-18-202510-dev-seq-B","20","TA","18","202510-dev-tif/lm/18C/B/20/TA/1124-TA-3.csv",2025-11-24,"9","6","4"
"20-18-202510-dev-seq-B","20","TA","18","202510-dev-tif/lm/18C/B/20/TA/1124-TA-3.csv",2025-11-24,"9","6","4"
"20-18-202510-dev-seq-B","20","TA","18","202510-dev-tif/lm/18C/B/20/TA/1124-TA-3.csv",2025-11-24,"9","6","4"
"20-18-202510-dev-seq-B","20","TA","18","202510-dev-tif/lm/18C/B/20/TA/1124-TA-3.csv",2025-11-24,"9","6","4"
"20-18-202510-dev-seq-B","20","TA","18","202510-dev-tif/lm/18C/B/20/TA/1124-TA-3.csv",2025-11-24,"9","6","4"
"21-18-202510-dev-seq-B","21","OA","18","202510-dev-tif/lm/18C/B/21/OA/1023-OA-2.csv",2025-10-23,"1","1","1"
"21-18-202510-dev-seq-B","21","OA","18","202510-dev-tif/lm/18C/B/21/OA/1023-OA-2.csv",2025-10-23,"1","1","1"
"21-18-202510-dev-seq-B","21","OA","18","202510-dev-tif/lm/18C/B/21/OA/1023-OA-2.csv",2025-10-23,"1","1","1"
"21-18-202510-dev-seq-B","21","OA","18","202510-dev-tif/lm/18C/B/21/OA/1023-OA-2.csv",2025-10-23,"1","1","1"
"21-18-202510-dev-seq-B","21","OA","18","202510-dev-tif/lm/18C/B/21/OA/1025-OA-2.csv",2025-10-25,"2","2","1"
"21-18-202510-dev-seq-B","21","OA","18","202510-dev-tif/lm/18C/B/21/OA/1025-OA-2.csv",2025-10-25,"2","2","1"
"21-18-202510-dev-seq-B","21","OA","18","202510-dev-tif/lm/18C/B/21/OA/1025-OA-2.csv",2025-10-25,"2","2","1"
"21-18-202510-dev-seq-B","21","OA","18","202510-dev-tif/lm/18C/B/21/OA/1025-OA-2.csv",2025-10-25,"2","2","1"
"21-18-202510-dev-seq-B","21","OA","18","202510-dev-tif/lm/18C/B/21/OA/1027-OA.csv",2025-10-27,"3","2","2"
"21-18-202510-dev-seq-B","21","OA","18","202510-dev-tif/lm/18C/B/21/OA/1027-OA.csv",2025-10-27,"3","2","2"
"21-18-202510-dev-seq-B","21","OA","18","202510-dev-tif/lm/18C/B/21/OA/1027-OA.csv",2025-10-27,"3","2","2"
"21-18-202510-dev-seq-B","21","OA","18","202510-dev-tif/lm/18C/B/21/OA/1027-OA.csv",2025-10-27,"3","2","2"
"21-18-202510-dev-seq-B","21","OA","18","202510-dev-tif/lm/18C/B/21/OA/1029-OA.csv",2025-10-29,"3","2","1"
"21-18-202510-dev-seq-B","21","OA","18","202510-dev-tif/lm/18C/B/21/OA/1029-OA.csv",2025-10-29,"3","2","1"
"21-18-202510-dev-seq-B","21","OA","18","202510-dev-tif/lm/18C/B/21/OA/1029-OA.csv",2025-10-29,"3","2","1"
"21-18-202510-dev-seq-B","21","OA","18","202510-dev-tif/lm/18C/B/21/OA/1029-OA.csv",2025-10-29,"3","2","1"
"21-18-202510-dev-seq-B","21","OA","18","202510-dev-tif/lm/18C/B/21/OA/1031-OA.csv",2025-10-31,"4","3","2"
"21-18-202510-dev-seq-B","21","OA","18","202510-dev-tif/lm/18C/B/21/OA/1031-OA.csv",2025-10-31,"4","3","2"
"21-18-202510-dev-seq-B","21","OA","18","202510-dev-tif/lm/18C/B/21/OA/1031-OA.csv",2025-10-31,"4","3","2"
"21-18-202510-dev-seq-B","21","OA","18","202510-dev-tif/lm/18C/B/21/OA/1031-OA.csv",2025-10-31,"4","3","2"
"21-18-202510-dev-seq-B","21","OA","18","202510-dev-tif/lm/18C/B/21/OA/1102-OA.csv",2025-11-02,"4","3","2"
"21-18-202510-dev-seq-B","21","OA","18","202510-dev-tif/lm/18C/B/21/OA/1102-OA.csv",2025-11-02,"4","3","2"
"21-18-202510-dev-seq-B","21","OA","18","202510-dev-tif/lm/18C/B/21/OA/1102-OA.csv",2025-11-02,"4","3","2"
"21-18-202510-dev-seq-B","21","OA","18","202510-dev-tif/lm/18C/B/21/OA/1102-OA.csv",2025-11-02,"4","3","2"
"21-18-202510-dev-seq-B","21","OA","18","202510-dev-tif/lm/18C/B/21/OA/1104-OA.csv",2025-11-04,"4","3","2"
"21-18-202510-dev-seq-B","21","OA","18","202510-dev-tif/lm/18C/B/21/OA/1104-OA.csv",2025-11-04,"4","3","2"
"21-18-202510-dev-seq-B","21","OA","18","202510-dev-tif/lm/18C/B/21/OA/1104-OA.csv",2025-11-04,"4","3","2"
"21-18-202510-dev-seq-B","21","OA","18","202510-dev-tif/lm/18C/B/21/OA/1104-OA.csv",2025-11-04,"4","3","2"
"21-18-202510-dev-seq-B","21","OA","18","202510-dev-tif/lm/18C/B/21/OA/1106-OA-2.csv",2025-11-06,"6","4","3"
"21-18-202510-dev-seq-B","21","OA","18","202510-dev-tif/lm/18C/B/21/OA/1106-OA-2.csv",2025-11-06,"6","4","3"
"21-18-202510-dev-seq-B","21","OA","18","202510-dev-tif/lm/18C/B/21/OA/1106-OA-2.csv",2025-11-06,"6","4","3"
"21-18-202510-dev-seq-B","21","OA","18","202510-dev-tif/lm/18C/B/21/OA/1106-OA-2.csv",2025-11-06,"6","4","3"
"21-18-202510-dev-seq-B","21","OA","18","202510-dev-tif/lm/18C/B/21/OA/1108-OA-3.csv",2025-11-08,"6","3","3"
"21-18-202510-dev-seq-B","21","OA","18","202510-dev-tif/lm/18C/B/21/OA/1108-OA-3.csv",2025-11-08,"6","3","3"
"21-18-202510-dev-seq-B","21","OA","18","202510-dev-tif/lm/18C/B/21/OA/1108-OA-3.csv",2025-11-08,"6","3","3"
"21-18-202510-dev-seq-B","21","OA","18","202510-dev-tif/lm/18C/B/21/OA/1108-OA-3.csv",2025-11-08,"6","3","3"
"21-18-202510-dev-seq-B","21","OA","18","202510-dev-tif/lm/18C/B/21/OA/1110-OA-2.csv",2025-11-10,"6","3","2"
"21-18-202510-dev-seq-B","21","OA","18","202510-dev-tif/lm/18C/B/21/OA/1110-OA-2.csv",2025-11-10,"6","3","2"
"21-18-202510-dev-seq-B","21","OA","18","202510-dev-tif/lm/18C/B/21/OA/1110-OA-2.csv",2025-11-10,"6","3","2"
"21-18-202510-dev-seq-B","21","OA","18","202510-dev-tif/lm/18C/B/21/OA/1110-OA-2.csv",2025-11-10,"6","3","2"
"21-18-202510-dev-seq-B","21","OA","18","202510-dev-tif/lm/18C/B/21/OA/1112-OA.csv",2025-11-12,"6","3","2"
"21-18-202510-dev-seq-B","21","OA","18","202510-dev-tif/lm/18C/B/21/OA/1112-OA.csv",2025-11-12,"6","3","2"
"21-18-202510-dev-seq-B","21","OA","18","202510-dev-tif/lm/18C/B/21/OA/1112-OA.csv",2025-11-12,"6","3","2"
"21-18-202510-dev-seq-B","21","OA","18","202510-dev-tif/lm/18C/B/21/OA/1112-OA.csv",2025-11-12,"6","3","2"
"21-18-202510-dev-seq-B","21","OA","18","202510-dev-tif/lm/18C/B/21/OA/1114-OA.csv",2025-11-14,"6","3","2"
"21-18-202510-dev-seq-B","21","OA","18","202510-dev-tif/lm/18C/B/21/OA/1114-OA.csv",2025-11-14,"6","3","2"
"21-18-202510-dev-seq-B","21","OA","18","202510-dev-tif/lm/18C/B/21/OA/1114-OA.csv",2025-11-14,"6","3","2"
"21-18-202510-dev-seq-B","21","OA","18","202510-dev-tif/lm/18C/B/21/OA/1114-OA.csv",2025-11-14,"6","3","2"
"21-18-202510-dev-seq-B","21","OA","18","202510-dev-tif/lm/18C/B/21/OA/1116-OA.csv",2025-11-16,"6","3","2"
"21-18-202510-dev-seq-B","21","OA","18","202510-dev-tif/lm/18C/B/21/OA/1116-OA.csv",2025-11-16,"6","3","2"
"21-18-202510-dev-seq-B","21","OA","18","202510-dev-tif/lm/18C/B/21/OA/1116-OA.csv",2025-11-16,"6","3","2"
"21-18-202510-dev-seq-B","21","OA","18","202510-dev-tif/lm/18C/B/21/OA/1116-OA.csv",2025-11-16,"6","3","2"
"21-18-202510-dev-seq-B","21","OA","18","202510-dev-tif/lm/18C/B/21/OA/1118-OA-3.csv",2025-11-18,"6","4","3"
"21-18-202510-dev-seq-B","21","OA","18","202510-dev-tif/lm/18C/B/21/OA/1118-OA-3.csv",2025-11-18,"6","4","3"
"21-18-202510-dev-seq-B","21","OA","18","202510-dev-tif/lm/18C/B/21/OA/1118-OA-3.csv",2025-11-18,"6","4","3"
"21-18-202510-dev-seq-B","21","OA","18","202510-dev-tif/lm/18C/B/21/OA/1118-OA-3.csv",2025-11-18,"6","4","3"
"21-18-202510-dev-seq-B","21","OA","18","202510-dev-tif/lm/18C/B/21/OA/1120-OA-2.csv",2025-11-20,"6","3","3"
"21-18-202510-dev-seq-B","21","OA","18","202510-dev-tif/lm/18C/B/21/OA/1120-OA-2.csv",2025-11-20,"6","3","3"
"21-18-202510-dev-seq-B","21","OA","18","202510-dev-tif/lm/18C/B/21/OA/1120-OA-2.csv",2025-11-20,"6","3","3"
"21-18-202510-dev-seq-B","21","OA","18","202510-dev-tif/lm/18C/B/21/OA/1120-OA-2.csv",2025-11-20,"6","3","3"
"21-18-202510-dev-seq-B","21","OA","18","202510-dev-tif/lm/18C/B/21/OA/1121-OA-5.csv",2025-11-21,"6","4","3"
"21-18-202510-dev-seq-B","21","OA","18","202510-dev-tif/lm/18C/B/21/OA/1121-OA-5.csv",2025-11-21,"6","4","3"
"21-18-202510-dev-seq-B","21","OA","18","202510-dev-tif/lm/18C/B/21/OA/1121-OA-5.csv",2025-11-21,"6","4","3"
"21-18-202510-dev-seq-B","21","OA","18","202510-dev-tif/lm/18C/B/21/OA/1121-OA-5.csv",2025-11-21,"6","4","3"
"21-18-202510-dev-seq-B","21","OA","18","202510-dev-tif/lm/18C/B/21/OA/1122-OA-2.csv",2025-11-22,"6","3","3"
"21-18-202510-dev-seq-B","21","OA","18","202510-dev-tif/lm/18C/B/21/OA/1122-OA-2.csv",2025-11-22,"6","3","3"
"21-18-202510-dev-seq-B","21","OA","18","202510-dev-tif/lm/18C/B/21/OA/1122-OA-2.csv",2025-11-22,"6","3","3"
"21-18-202510-dev-seq-B","21","OA","18","202510-dev-tif/lm/18C/B/21/OA/1122-OA-2.csv",2025-11-22,"6","3","3"
"21-18-202510-dev-seq-B","21","OA","18","202510-dev-tif/lm/18C/B/21/OA/1124-OA-2.csv",2025-11-24,NA,NA,NA
"21-18-202510-dev-seq-B","21","OA","18","202510-dev-tif/lm/18C/B/21/OA/1124-OA-2.csv",2025-11-24,NA,NA,NA
"21-18-202510-dev-seq-B","21","OA","18","202510-dev-tif/lm/18C/B/21/OA/1124-OA-2.csv",2025-11-24,NA,NA,NA
"21-18-202510-dev-seq-B","21","OA","18","202510-dev-tif/lm/18C/B/21/OA/1124-OA-2.csv",2025-11-24,NA,NA,NA
"21-18-202510-dev-seq-B","21","PA","18","202510-dev-tif/lm/18C/B/21/PA/1023-PA.csv",2025-10-23,"1","1","1"
"21-18-202510-dev-seq-B","21","PA","18","202510-dev-tif/lm/18C/B/21/PA/1023-PA.csv",2025-10-23,"1","1","1"
"21-18-202510-dev-seq-B","21","PA","18","202510-dev-tif/lm/18C/B/21/PA/1023-PA.csv",2025-10-23,"1","1","1"
"21-18-202510-dev-seq-B","21","PA","18","202510-dev-tif/lm/18C/B/21/PA/1023-PA.csv",2025-10-23,"1","1","1"
"21-18-202510-dev-seq-B","21","PA","18","202510-dev-tif/lm/18C/B/21/PA/1023-PA.csv",2025-10-23,"1","1","1"
"21-18-202510-dev-seq-B","21","PA","18","202510-dev-tif/lm/18C/B/21/PA/1025-PA.csv",2025-10-25,"2","2","1"
"21-18-202510-dev-seq-B","21","PA","18","202510-dev-tif/lm/18C/B/21/PA/1025-PA.csv",2025-10-25,"2","2","1"
"21-18-202510-dev-seq-B","21","PA","18","202510-dev-tif/lm/18C/B/21/PA/1025-PA.csv",2025-10-25,"2","2","1"
"21-18-202510-dev-seq-B","21","PA","18","202510-dev-tif/lm/18C/B/21/PA/1025-PA.csv",2025-10-25,"2","2","1"
"21-18-202510-dev-seq-B","21","PA","18","202510-dev-tif/lm/18C/B/21/PA/1025-PA.csv",2025-10-25,"2","2","1"
"21-18-202510-dev-seq-B","21","PA","18","202510-dev-tif/lm/18C/B/21/PA/1027-PA-3.csv",2025-10-27,"3","2","2"
"21-18-202510-dev-seq-B","21","PA","18","202510-dev-tif/lm/18C/B/21/PA/1027-PA-3.csv",2025-10-27,"3","2","2"
"21-18-202510-dev-seq-B","21","PA","18","202510-dev-tif/lm/18C/B/21/PA/1027-PA-3.csv",2025-10-27,"3","2","2"
"21-18-202510-dev-seq-B","21","PA","18","202510-dev-tif/lm/18C/B/21/PA/1027-PA-3.csv",2025-10-27,"3","2","2"
"21-18-202510-dev-seq-B","21","PA","18","202510-dev-tif/lm/18C/B/21/PA/1027-PA-3.csv",2025-10-27,"3","2","2"
"21-18-202510-dev-seq-B","21","PA","18","202510-dev-tif/lm/18C/B/21/PA/1029-PA-2.csv",2025-10-29,"3","2","1"
"21-18-202510-dev-seq-B","21","PA","18","202510-dev-tif/lm/18C/B/21/PA/1029-PA-2.csv",2025-10-29,"3","2","1"
"21-18-202510-dev-seq-B","21","PA","18","202510-dev-tif/lm/18C/B/21/PA/1029-PA-2.csv",2025-10-29,"3","2","1"
"21-18-202510-dev-seq-B","21","PA","18","202510-dev-tif/lm/18C/B/21/PA/1029-PA-2.csv",2025-10-29,"3","2","1"
"21-18-202510-dev-seq-B","21","PA","18","202510-dev-tif/lm/18C/B/21/PA/1029-PA-2.csv",2025-10-29,"3","2","1"
"21-18-202510-dev-seq-B","21","PA","18","202510-dev-tif/lm/18C/B/21/PA/1031-PA-2.csv",2025-10-31,"4","3","2"
"21-18-202510-dev-seq-B","21","PA","18","202510-dev-tif/lm/18C/B/21/PA/1031-PA-2.csv",2025-10-31,"4","3","2"
"21-18-202510-dev-seq-B","21","PA","18","202510-dev-tif/lm/18C/B/21/PA/1031-PA-2.csv",2025-10-31,"4","3","2"
"21-18-202510-dev-seq-B","21","PA","18","202510-dev-tif/lm/18C/B/21/PA/1031-PA-2.csv",2025-10-31,"4","3","2"
"21-18-202510-dev-seq-B","21","PA","18","202510-dev-tif/lm/18C/B/21/PA/1031-PA-2.csv",2025-10-31,"4","3","2"
"21-18-202510-dev-seq-B","21","PA","18","202510-dev-tif/lm/18C/B/21/PA/1102-PA-2.csv",2025-11-02,"4","3","2"
"21-18-202510-dev-seq-B","21","PA","18","202510-dev-tif/lm/18C/B/21/PA/1102-PA-2.csv",2025-11-02,"4","3","2"
"21-18-202510-dev-seq-B","21","PA","18","202510-dev-tif/lm/18C/B/21/PA/1102-PA-2.csv",2025-11-02,"4","3","2"
"21-18-202510-dev-seq-B","21","PA","18","202510-dev-tif/lm/18C/B/21/PA/1102-PA-2.csv",2025-11-02,"4","3","2"
"21-18-202510-dev-seq-B","21","PA","18","202510-dev-tif/lm/18C/B/21/PA/1102-PA-2.csv",2025-11-02,"4","3","2"
"21-18-202510-dev-seq-B","21","PA","18","202510-dev-tif/lm/18C/B/21/PA/1104-PA-2.csv",2025-11-04,"4","3","2"
"21-18-202510-dev-seq-B","21","PA","18","202510-dev-tif/lm/18C/B/21/PA/1104-PA-2.csv",2025-11-04,"4","3","2"
"21-18-202510-dev-seq-B","21","PA","18","202510-dev-tif/lm/18C/B/21/PA/1104-PA-2.csv",2025-11-04,"4","3","2"
"21-18-202510-dev-seq-B","21","PA","18","202510-dev-tif/lm/18C/B/21/PA/1104-PA-2.csv",2025-11-04,"4","3","2"
"21-18-202510-dev-seq-B","21","PA","18","202510-dev-tif/lm/18C/B/21/PA/1104-PA-2.csv",2025-11-04,"4","3","2"
"21-18-202510-dev-seq-B","21","PA","18","202510-dev-tif/lm/18C/B/21/PA/1106-PA-2.csv",2025-11-06,"6","4","3"
"21-18-202510-dev-seq-B","21","PA","18","202510-dev-tif/lm/18C/B/21/PA/1106-PA-2.csv",2025-11-06,"6","4","3"
"21-18-202510-dev-seq-B","21","PA","18","202510-dev-tif/lm/18C/B/21/PA/1106-PA-2.csv",2025-11-06,"6","4","3"
"21-18-202510-dev-seq-B","21","PA","18","202510-dev-tif/lm/18C/B/21/PA/1106-PA-2.csv",2025-11-06,"6","4","3"
"21-18-202510-dev-seq-B","21","PA","18","202510-dev-tif/lm/18C/B/21/PA/1106-PA-2.csv",2025-11-06,"6","4","3"
"21-18-202510-dev-seq-B","21","PA","18","202510-dev-tif/lm/18C/B/21/PA/1108-PA-2.csv",2025-11-08,"6","3","3"
"21-18-202510-dev-seq-B","21","PA","18","202510-dev-tif/lm/18C/B/21/PA/1108-PA-2.csv",2025-11-08,"6","3","3"
"21-18-202510-dev-seq-B","21","PA","18","202510-dev-tif/lm/18C/B/21/PA/1108-PA-2.csv",2025-11-08,"6","3","3"
"21-18-202510-dev-seq-B","21","PA","18","202510-dev-tif/lm/18C/B/21/PA/1108-PA-2.csv",2025-11-08,"6","3","3"
"21-18-202510-dev-seq-B","21","PA","18","202510-dev-tif/lm/18C/B/21/PA/1108-PA-2.csv",2025-11-08,"6","3","3"
"21-18-202510-dev-seq-B","21","PA","18","202510-dev-tif/lm/18C/B/21/PA/1110-PA.csv",2025-11-10,"6","3","2"
"21-18-202510-dev-seq-B","21","PA","18","202510-dev-tif/lm/18C/B/21/PA/1110-PA.csv",2025-11-10,"6","3","2"
"21-18-202510-dev-seq-B","21","PA","18","202510-dev-tif/lm/18C/B/21/PA/1110-PA.csv",2025-11-10,"6","3","2"
"21-18-202510-dev-seq-B","21","PA","18","202510-dev-tif/lm/18C/B/21/PA/1110-PA.csv",2025-11-10,"6","3","2"
"21-18-202510-dev-seq-B","21","PA","18","202510-dev-tif/lm/18C/B/21/PA/1110-PA.csv",2025-11-10,"6","3","2"
"21-18-202510-dev-seq-B","21","PA","18","202510-dev-tif/lm/18C/B/21/PA/1112-PA-3.csv",2025-11-12,"6","3","2"
"21-18-202510-dev-seq-B","21","PA","18","202510-dev-tif/lm/18C/B/21/PA/1112-PA-3.csv",2025-11-12,"6","3","2"
"21-18-202510-dev-seq-B","21","PA","18","202510-dev-tif/lm/18C/B/21/PA/1112-PA-3.csv",2025-11-12,"6","3","2"
"21-18-202510-dev-seq-B","21","PA","18","202510-dev-tif/lm/18C/B/21/PA/1112-PA-3.csv",2025-11-12,"6","3","2"
"21-18-202510-dev-seq-B","21","PA","18","202510-dev-tif/lm/18C/B/21/PA/1112-PA-3.csv",2025-11-12,"6","3","2"
"21-18-202510-dev-seq-B","21","PA","18","202510-dev-tif/lm/18C/B/21/PA/1114-PA-2.csv",2025-11-14,"6","3","2"
"21-18-202510-dev-seq-B","21","PA","18","202510-dev-tif/lm/18C/B/21/PA/1114-PA-2.csv",2025-11-14,"6","3","2"
"21-18-202510-dev-seq-B","21","PA","18","202510-dev-tif/lm/18C/B/21/PA/1114-PA-2.csv",2025-11-14,"6","3","2"
"21-18-202510-dev-seq-B","21","PA","18","202510-dev-tif/lm/18C/B/21/PA/1114-PA-2.csv",2025-11-14,"6","3","2"
"21-18-202510-dev-seq-B","21","PA","18","202510-dev-tif/lm/18C/B/21/PA/1114-PA-2.csv",2025-11-14,"6","3","2"
"21-18-202510-dev-seq-B","21","PA","18","202510-dev-tif/lm/18C/B/21/PA/1116-PA-3.csv",2025-11-16,"6","3","2"
"21-18-202510-dev-seq-B","21","PA","18","202510-dev-tif/lm/18C/B/21/PA/1116-PA-3.csv",2025-11-16,"6","3","2"
"21-18-202510-dev-seq-B","21","PA","18","202510-dev-tif/lm/18C/B/21/PA/1116-PA-3.csv",2025-11-16,"6","3","2"
"21-18-202510-dev-seq-B","21","PA","18","202510-dev-tif/lm/18C/B/21/PA/1116-PA-3.csv",2025-11-16,"6","3","2"
"21-18-202510-dev-seq-B","21","PA","18","202510-dev-tif/lm/18C/B/21/PA/1116-PA-3.csv",2025-11-16,"6","3","2"
"21-18-202510-dev-seq-B","21","PA","18","202510-dev-tif/lm/18C/B/21/PA/1118-PA-3.csv",2025-11-18,"6","4","3"
"21-18-202510-dev-seq-B","21","PA","18","202510-dev-tif/lm/18C/B/21/PA/1118-PA-3.csv",2025-11-18,"6","4","3"
"21-18-202510-dev-seq-B","21","PA","18","202510-dev-tif/lm/18C/B/21/PA/1118-PA-3.csv",2025-11-18,"6","4","3"
"21-18-202510-dev-seq-B","21","PA","18","202510-dev-tif/lm/18C/B/21/PA/1118-PA-3.csv",2025-11-18,"6","4","3"
"21-18-202510-dev-seq-B","21","PA","18","202510-dev-tif/lm/18C/B/21/PA/1118-PA-3.csv",2025-11-18,"6","4","3"
"21-18-202510-dev-seq-B","21","PA","18","202510-dev-tif/lm/18C/B/21/PA/1120-PA-3.csv",2025-11-20,"6","3","3"
"21-18-202510-dev-seq-B","21","PA","18","202510-dev-tif/lm/18C/B/21/PA/1120-PA-3.csv",2025-11-20,"6","3","3"
"21-18-202510-dev-seq-B","21","PA","18","202510-dev-tif/lm/18C/B/21/PA/1120-PA-3.csv",2025-11-20,"6","3","3"
"21-18-202510-dev-seq-B","21","PA","18","202510-dev-tif/lm/18C/B/21/PA/1120-PA-3.csv",2025-11-20,"6","3","3"
"21-18-202510-dev-seq-B","21","PA","18","202510-dev-tif/lm/18C/B/21/PA/1120-PA-3.csv",2025-11-20,"6","3","3"
"21-18-202510-dev-seq-B","21","PA","18","202510-dev-tif/lm/18C/B/21/PA/1121-PA-2.csv",2025-11-21,"6","4","3"
"21-18-202510-dev-seq-B","21","PA","18","202510-dev-tif/lm/18C/B/21/PA/1121-PA-2.csv",2025-11-21,"6","4","3"
"21-18-202510-dev-seq-B","21","PA","18","202510-dev-tif/lm/18C/B/21/PA/1121-PA-2.csv",2025-11-21,"6","4","3"
"21-18-202510-dev-seq-B","21","PA","18","202510-dev-tif/lm/18C/B/21/PA/1121-PA-2.csv",2025-11-21,"6","4","3"
"21-18-202510-dev-seq-B","21","PA","18","202510-dev-tif/lm/18C/B/21/PA/1121-PA-2.csv",2025-11-21,"6","4","3"
"21-18-202510-dev-seq-B","21","PA","18","202510-dev-tif/lm/18C/B/21/PA/1122-PA-4.csv",2025-11-22,"6","3","3"
"21-18-202510-dev-seq-B","21","PA","18","202510-dev-tif/lm/18C/B/21/PA/1122-PA-4.csv",2025-11-22,"6","3","3"
"21-18-202510-dev-seq-B","21","PA","18","202510-dev-tif/lm/18C/B/21/PA/1122-PA-4.csv",2025-11-22,"6","3","3"
"21-18-202510-dev-seq-B","21","PA","18","202510-dev-tif/lm/18C/B/21/PA/1122-PA-4.csv",2025-11-22,"6","3","3"
"21-18-202510-dev-seq-B","21","PA","18","202510-dev-tif/lm/18C/B/21/PA/1122-PA-4.csv",2025-11-22,"6","3","3"
"21-18-202510-dev-seq-B","21","PA","18","202510-dev-tif/lm/18C/B/21/PA/1124-PA-2.csv",2025-11-24,NA,NA,NA
"21-18-202510-dev-seq-B","21","PA","18","202510-dev-tif/lm/18C/B/21/PA/1124-PA-2.csv",2025-11-24,NA,NA,NA
"21-18-202510-dev-seq-B","21","PA","18","202510-dev-tif/lm/18C/B/21/PA/1124-PA-2.csv",2025-11-24,NA,NA,NA
"21-18-202510-dev-seq-B","21","PA","18","202510-dev-tif/lm/18C/B/21/PA/1124-PA-2.csv",2025-11-24,NA,NA,NA
"21-18-202510-dev-seq-B","21","PA","18","202510-dev-tif/lm/18C/B/21/PA/1124-PA-2.csv",2025-11-24,NA,NA,NA
"21-18-202510-dev-seq-B","21","TA","18","202510-dev-tif/lm/18C/B/21/TA/1023-TA.csv",2025-10-23,"1","1","1"
"21-18-202510-dev-seq-B","21","TA","18","202510-dev-tif/lm/18C/B/21/TA/1023-TA.csv",2025-10-23,"1","1","1"
"21-18-202510-dev-seq-B","21","TA","18","202510-dev-tif/lm/18C/B/21/TA/1023-TA.csv",2025-10-23,"1","1","1"
"21-18-202510-dev-seq-B","21","TA","18","202510-dev-tif/lm/18C/B/21/TA/1023-TA.csv",2025-10-23,"1","1","1"
"21-18-202510-dev-seq-B","21","TA","18","202510-dev-tif/lm/18C/B/21/TA/1023-TA.csv",2025-10-23,"1","1","1"
"21-18-202510-dev-seq-B","21","TA","18","202510-dev-tif/lm/18C/B/21/TA/1023-TA.csv",2025-10-23,"1","1","1"
"21-18-202510-dev-seq-B","21","TA","18","202510-dev-tif/lm/18C/B/21/TA/1023-TA.csv",2025-10-23,"1","1","1"
"21-18-202510-dev-seq-B","21","TA","18","202510-dev-tif/lm/18C/B/21/TA/1023-TA.csv",2025-10-23,"1","1","1"
"21-18-202510-dev-seq-B","21","TA","18","202510-dev-tif/lm/18C/B/21/TA/1025-TA.csv",2025-10-25,"2","2","1"
"21-18-202510-dev-seq-B","21","TA","18","202510-dev-tif/lm/18C/B/21/TA/1025-TA.csv",2025-10-25,"2","2","1"
"21-18-202510-dev-seq-B","21","TA","18","202510-dev-tif/lm/18C/B/21/TA/1025-TA.csv",2025-10-25,"2","2","1"
"21-18-202510-dev-seq-B","21","TA","18","202510-dev-tif/lm/18C/B/21/TA/1025-TA.csv",2025-10-25,"2","2","1"
"21-18-202510-dev-seq-B","21","TA","18","202510-dev-tif/lm/18C/B/21/TA/1025-TA.csv",2025-10-25,"2","2","1"
"21-18-202510-dev-seq-B","21","TA","18","202510-dev-tif/lm/18C/B/21/TA/1025-TA.csv",2025-10-25,"2","2","1"
"21-18-202510-dev-seq-B","21","TA","18","202510-dev-tif/lm/18C/B/21/TA/1025-TA.csv",2025-10-25,"2","2","1"
"21-18-202510-dev-seq-B","21","TA","18","202510-dev-tif/lm/18C/B/21/TA/1025-TA.csv",2025-10-25,"2","2","1"
"21-18-202510-dev-seq-B","21","TA","18","202510-dev-tif/lm/18C/B/21/TA/1027-TA.csv",2025-10-27,"3","2","2"
"21-18-202510-dev-seq-B","21","TA","18","202510-dev-tif/lm/18C/B/21/TA/1027-TA.csv",2025-10-27,"3","2","2"
"21-18-202510-dev-seq-B","21","TA","18","202510-dev-tif/lm/18C/B/21/TA/1027-TA.csv",2025-10-27,"3","2","2"
"21-18-202510-dev-seq-B","21","TA","18","202510-dev-tif/lm/18C/B/21/TA/1027-TA.csv",2025-10-27,"3","2","2"
"21-18-202510-dev-seq-B","21","TA","18","202510-dev-tif/lm/18C/B/21/TA/1027-TA.csv",2025-10-27,"3","2","2"
"21-18-202510-dev-seq-B","21","TA","18","202510-dev-tif/lm/18C/B/21/TA/1027-TA.csv",2025-10-27,"3","2","2"
"21-18-202510-dev-seq-B","21","TA","18","202510-dev-tif/lm/18C/B/21/TA/1027-TA.csv",2025-10-27,"3","2","2"
"21-18-202510-dev-seq-B","21","TA","18","202510-dev-tif/lm/18C/B/21/TA/1027-TA.csv",2025-10-27,"3","2","2"
"21-18-202510-dev-seq-B","21","TA","18","202510-dev-tif/lm/18C/B/21/TA/1029-TA-3.csv",2025-10-29,"3","2","1"
"21-18-202510-dev-seq-B","21","TA","18","202510-dev-tif/lm/18C/B/21/TA/1029-TA-3.csv",2025-10-29,"3","2","1"
"21-18-202510-dev-seq-B","21","TA","18","202510-dev-tif/lm/18C/B/21/TA/1029-TA-3.csv",2025-10-29,"3","2","1"
"21-18-202510-dev-seq-B","21","TA","18","202510-dev-tif/lm/18C/B/21/TA/1029-TA-3.csv",2025-10-29,"3","2","1"
"21-18-202510-dev-seq-B","21","TA","18","202510-dev-tif/lm/18C/B/21/TA/1029-TA-3.csv",2025-10-29,"3","2","1"
"21-18-202510-dev-seq-B","21","TA","18","202510-dev-tif/lm/18C/B/21/TA/1029-TA-3.csv",2025-10-29,"3","2","1"
"21-18-202510-dev-seq-B","21","TA","18","202510-dev-tif/lm/18C/B/21/TA/1029-TA-3.csv",2025-10-29,"3","2","1"
"21-18-202510-dev-seq-B","21","TA","18","202510-dev-tif/lm/18C/B/21/TA/1029-TA-3.csv",2025-10-29,"3","2","1"
"21-18-202510-dev-seq-B","21","TA","18","202510-dev-tif/lm/18C/B/21/TA/1031-TA-3.csv",2025-10-31,"4","3","2"
"21-18-202510-dev-seq-B","21","TA","18","202510-dev-tif/lm/18C/B/21/TA/1031-TA-3.csv",2025-10-31,"4","3","2"
"21-18-202510-dev-seq-B","21","TA","18","202510-dev-tif/lm/18C/B/21/TA/1031-TA-3.csv",2025-10-31,"4","3","2"
"21-18-202510-dev-seq-B","21","TA","18","202510-dev-tif/lm/18C/B/21/TA/1031-TA-3.csv",2025-10-31,"4","3","2"
"21-18-202510-dev-seq-B","21","TA","18","202510-dev-tif/lm/18C/B/21/TA/1031-TA-3.csv",2025-10-31,"4","3","2"
"21-18-202510-dev-seq-B","21","TA","18","202510-dev-tif/lm/18C/B/21/TA/1031-TA-3.csv",2025-10-31,"4","3","2"
"21-18-202510-dev-seq-B","21","TA","18","202510-dev-tif/lm/18C/B/21/TA/1031-TA-3.csv",2025-10-31,"4","3","2"
"21-18-202510-dev-seq-B","21","TA","18","202510-dev-tif/lm/18C/B/21/TA/1031-TA-3.csv",2025-10-31,"4","3","2"
"21-18-202510-dev-seq-B","21","TA","18","202510-dev-tif/lm/18C/B/21/TA/1102-TA-2.csv",2025-11-02,"4","3","2"
"21-18-202510-dev-seq-B","21","TA","18","202510-dev-tif/lm/18C/B/21/TA/1102-TA-2.csv",2025-11-02,"4","3","2"
"21-18-202510-dev-seq-B","21","TA","18","202510-dev-tif/lm/18C/B/21/TA/1102-TA-2.csv",2025-11-02,"4","3","2"
"21-18-202510-dev-seq-B","21","TA","18","202510-dev-tif/lm/18C/B/21/TA/1102-TA-2.csv",2025-11-02,"4","3","2"
"21-18-202510-dev-seq-B","21","TA","18","202510-dev-tif/lm/18C/B/21/TA/1102-TA-2.csv",2025-11-02,"4","3","2"
"21-18-202510-dev-seq-B","21","TA","18","202510-dev-tif/lm/18C/B/21/TA/1102-TA-2.csv",2025-11-02,"4","3","2"
"21-18-202510-dev-seq-B","21","TA","18","202510-dev-tif/lm/18C/B/21/TA/1102-TA-2.csv",2025-11-02,"4","3","2"
"21-18-202510-dev-seq-B","21","TA","18","202510-dev-tif/lm/18C/B/21/TA/1102-TA-2.csv",2025-11-02,"4","3","2"
"21-18-202510-dev-seq-B","21","TA","18","202510-dev-tif/lm/18C/B/21/TA/1104-TA.csv",2025-11-04,"4","3","2"
"21-18-202510-dev-seq-B","21","TA","18","202510-dev-tif/lm/18C/B/21/TA/1104-TA.csv",2025-11-04,"4","3","2"
"21-18-202510-dev-seq-B","21","TA","18","202510-dev-tif/lm/18C/B/21/TA/1104-TA.csv",2025-11-04,"4","3","2"
"21-18-202510-dev-seq-B","21","TA","18","202510-dev-tif/lm/18C/B/21/TA/1104-TA.csv",2025-11-04,"4","3","2"
"21-18-202510-dev-seq-B","21","TA","18","202510-dev-tif/lm/18C/B/21/TA/1104-TA.csv",2025-11-04,"4","3","2"
"21-18-202510-dev-seq-B","21","TA","18","202510-dev-tif/lm/18C/B/21/TA/1104-TA.csv",2025-11-04,"4","3","2"
"21-18-202510-dev-seq-B","21","TA","18","202510-dev-tif/lm/18C/B/21/TA/1104-TA.csv",2025-11-04,"4","3","2"
"21-18-202510-dev-seq-B","21","TA","18","202510-dev-tif/lm/18C/B/21/TA/1104-TA.csv",2025-11-04,"4","3","2"
"21-18-202510-dev-seq-B","21","TA","18","202510-dev-tif/lm/18C/B/21/TA/1106-TA.csv",2025-11-06,"6","4","3"
"21-18-202510-dev-seq-B","21","TA","18","202510-dev-tif/lm/18C/B/21/TA/1106-TA.csv",2025-11-06,"6","4","3"
"21-18-202510-dev-seq-B","21","TA","18","202510-dev-tif/lm/18C/B/21/TA/1106-TA.csv",2025-11-06,"6","4","3"
"21-18-202510-dev-seq-B","21","TA","18","202510-dev-tif/lm/18C/B/21/TA/1106-TA.csv",2025-11-06,"6","4","3"
"21-18-202510-dev-seq-B","21","TA","18","202510-dev-tif/lm/18C/B/21/TA/1106-TA.csv",2025-11-06,"6","4","3"
"21-18-202510-dev-seq-B","21","TA","18","202510-dev-tif/lm/18C/B/21/TA/1106-TA.csv",2025-11-06,"6","4","3"
"21-18-202510-dev-seq-B","21","TA","18","202510-dev-tif/lm/18C/B/21/TA/1106-TA.csv",2025-11-06,"6","4","3"
"21-18-202510-dev-seq-B","21","TA","18","202510-dev-tif/lm/18C/B/21/TA/1106-TA.csv",2025-11-06,"6","4","3"
"21-18-202510-dev-seq-B","21","TA","18","202510-dev-tif/lm/18C/B/21/TA/1108-TA-2.csv",2025-11-08,"6","3","3"
"21-18-202510-dev-seq-B","21","TA","18","202510-dev-tif/lm/18C/B/21/TA/1108-TA-2.csv",2025-11-08,"6","3","3"
"21-18-202510-dev-seq-B","21","TA","18","202510-dev-tif/lm/18C/B/21/TA/1108-TA-2.csv",2025-11-08,"6","3","3"
"21-18-202510-dev-seq-B","21","TA","18","202510-dev-tif/lm/18C/B/21/TA/1108-TA-2.csv",2025-11-08,"6","3","3"
"21-18-202510-dev-seq-B","21","TA","18","202510-dev-tif/lm/18C/B/21/TA/1108-TA-2.csv",2025-11-08,"6","3","3"
"21-18-202510-dev-seq-B","21","TA","18","202510-dev-tif/lm/18C/B/21/TA/1108-TA-2.csv",2025-11-08,"6","3","3"
"21-18-202510-dev-seq-B","21","TA","18","202510-dev-tif/lm/18C/B/21/TA/1108-TA-2.csv",2025-11-08,"6","3","3"
"21-18-202510-dev-seq-B","21","TA","18","202510-dev-tif/lm/18C/B/21/TA/1108-TA-2.csv",2025-11-08,"6","3","3"
"21-18-202510-dev-seq-B","21","TA","18","202510-dev-tif/lm/18C/B/21/TA/1110-TA-3.csv",2025-11-10,"6","3","2"
"21-18-202510-dev-seq-B","21","TA","18","202510-dev-tif/lm/18C/B/21/TA/1110-TA-3.csv",2025-11-10,"6","3","2"
"21-18-202510-dev-seq-B","21","TA","18","202510-dev-tif/lm/18C/B/21/TA/1110-TA-3.csv",2025-11-10,"6","3","2"
"21-18-202510-dev-seq-B","21","TA","18","202510-dev-tif/lm/18C/B/21/TA/1110-TA-3.csv",2025-11-10,"6","3","2"
"21-18-202510-dev-seq-B","21","TA","18","202510-dev-tif/lm/18C/B/21/TA/1110-TA-3.csv",2025-11-10,"6","3","2"
"21-18-202510-dev-seq-B","21","TA","18","202510-dev-tif/lm/18C/B/21/TA/1110-TA-3.csv",2025-11-10,"6","3","2"
"21-18-202510-dev-seq-B","21","TA","18","202510-dev-tif/lm/18C/B/21/TA/1110-TA-3.csv",2025-11-10,"6","3","2"
"21-18-202510-dev-seq-B","21","TA","18","202510-dev-tif/lm/18C/B/21/TA/1110-TA-3.csv",2025-11-10,"6","3","2"
"21-18-202510-dev-seq-B","21","TA","18","202510-dev-tif/lm/18C/B/21/TA/1112-TA-3.csv",2025-11-12,"6","3","2"
"21-18-202510-dev-seq-B","21","TA","18","202510-dev-tif/lm/18C/B/21/TA/1112-TA-3.csv",2025-11-12,"6","3","2"
"21-18-202510-dev-seq-B","21","TA","18","202510-dev-tif/lm/18C/B/21/TA/1112-TA-3.csv",2025-11-12,"6","3","2"
"21-18-202510-dev-seq-B","21","TA","18","202510-dev-tif/lm/18C/B/21/TA/1112-TA-3.csv",2025-11-12,"6","3","2"
"21-18-202510-dev-seq-B","21","TA","18","202510-dev-tif/lm/18C/B/21/TA/1112-TA-3.csv",2025-11-12,"6","3","2"
"21-18-202510-dev-seq-B","21","TA","18","202510-dev-tif/lm/18C/B/21/TA/1112-TA-3.csv",2025-11-12,"6","3","2"
"21-18-202510-dev-seq-B","21","TA","18","202510-dev-tif/lm/18C/B/21/TA/1112-TA-3.csv",2025-11-12,"6","3","2"
"21-18-202510-dev-seq-B","21","TA","18","202510-dev-tif/lm/18C/B/21/TA/1112-TA-3.csv",2025-11-12,"6","3","2"
"21-18-202510-dev-seq-B","21","TA","18","202510-dev-tif/lm/18C/B/21/TA/1114-TA-4.csv",2025-11-14,"6","3","2"
"21-18-202510-dev-seq-B","21","TA","18","202510-dev-tif/lm/18C/B/21/TA/1114-TA-4.csv",2025-11-14,"6","3","2"
"21-18-202510-dev-seq-B","21","TA","18","202510-dev-tif/lm/18C/B/21/TA/1114-TA-4.csv",2025-11-14,"6","3","2"
"21-18-202510-dev-seq-B","21","TA","18","202510-dev-tif/lm/18C/B/21/TA/1114-TA-4.csv",2025-11-14,"6","3","2"
"21-18-202510-dev-seq-B","21","TA","18","202510-dev-tif/lm/18C/B/21/TA/1114-TA-4.csv",2025-11-14,"6","3","2"
"21-18-202510-dev-seq-B","21","TA","18","202510-dev-tif/lm/18C/B/21/TA/1114-TA-4.csv",2025-11-14,"6","3","2"
"21-18-202510-dev-seq-B","21","TA","18","202510-dev-tif/lm/18C/B/21/TA/1114-TA-4.csv",2025-11-14,"6","3","2"
"21-18-202510-dev-seq-B","21","TA","18","202510-dev-tif/lm/18C/B/21/TA/1114-TA-4.csv",2025-11-14,"6","3","2"
"21-18-202510-dev-seq-B","21","TA","18","202510-dev-tif/lm/18C/B/21/TA/1116-TA-4.csv",2025-11-16,"6","3","2"
"21-18-202510-dev-seq-B","21","TA","18","202510-dev-tif/lm/18C/B/21/TA/1116-TA-4.csv",2025-11-16,"6","3","2"
"21-18-202510-dev-seq-B","21","TA","18","202510-dev-tif/lm/18C/B/21/TA/1116-TA-4.csv",2025-11-16,"6","3","2"
"21-18-202510-dev-seq-B","21","TA","18","202510-dev-tif/lm/18C/B/21/TA/1116-TA-4.csv",2025-11-16,"6","3","2"
"21-18-202510-dev-seq-B","21","TA","18","202510-dev-tif/lm/18C/B/21/TA/1116-TA-4.csv",2025-11-16,"6","3","2"
"21-18-202510-dev-seq-B","21","TA","18","202510-dev-tif/lm/18C/B/21/TA/1116-TA-4.csv",2025-11-16,"6","3","2"
"21-18-202510-dev-seq-B","21","TA","18","202510-dev-tif/lm/18C/B/21/TA/1116-TA-4.csv",2025-11-16,"6","3","2"
"21-18-202510-dev-seq-B","21","TA","18","202510-dev-tif/lm/18C/B/21/TA/1116-TA-4.csv",2025-11-16,"6","3","2"
"21-18-202510-dev-seq-B","21","TA","18","202510-dev-tif/lm/18C/B/21/TA/1118-TA-4.csv",2025-11-18,"6","4","3"
"21-18-202510-dev-seq-B","21","TA","18","202510-dev-tif/lm/18C/B/21/TA/1118-TA-4.csv",2025-11-18,"6","4","3"
"21-18-202510-dev-seq-B","21","TA","18","202510-dev-tif/lm/18C/B/21/TA/1118-TA-4.csv",2025-11-18,"6","4","3"
"21-18-202510-dev-seq-B","21","TA","18","202510-dev-tif/lm/18C/B/21/TA/1118-TA-4.csv",2025-11-18,"6","4","3"
"21-18-202510-dev-seq-B","21","TA","18","202510-dev-tif/lm/18C/B/21/TA/1118-TA-4.csv",2025-11-18,"6","4","3"
"21-18-202510-dev-seq-B","21","TA","18","202510-dev-tif/lm/18C/B/21/TA/1118-TA-4.csv",2025-11-18,"6","4","3"
"21-18-202510-dev-seq-B","21","TA","18","202510-dev-tif/lm/18C/B/21/TA/1118-TA-4.csv",2025-11-18,"6","4","3"
"21-18-202510-dev-seq-B","21","TA","18","202510-dev-tif/lm/18C/B/21/TA/1118-TA-4.csv",2025-11-18,"6","4","3"
"21-18-202510-dev-seq-B","21","TA","18","202510-dev-tif/lm/18C/B/21/TA/1120-TA-4.csv",2025-11-20,"6","3","3"
"21-18-202510-dev-seq-B","21","TA","18","202510-dev-tif/lm/18C/B/21/TA/1120-TA-4.csv",2025-11-20,"6","3","3"
"21-18-202510-dev-seq-B","21","TA","18","202510-dev-tif/lm/18C/B/21/TA/1120-TA-4.csv",2025-11-20,"6","3","3"
"21-18-202510-dev-seq-B","21","TA","18","202510-dev-tif/lm/18C/B/21/TA/1120-TA-4.csv",2025-11-20,"6","3","3"
"21-18-202510-dev-seq-B","21","TA","18","202510-dev-tif/lm/18C/B/21/TA/1120-TA-4.csv",2025-11-20,"6","3","3"
"21-18-202510-dev-seq-B","21","TA","18","202510-dev-tif/lm/18C/B/21/TA/1120-TA-4.csv",2025-11-20,"6","3","3"
"21-18-202510-dev-seq-B","21","TA","18","202510-dev-tif/lm/18C/B/21/TA/1120-TA-4.csv",2025-11-20,"6","3","3"
"21-18-202510-dev-seq-B","21","TA","18","202510-dev-tif/lm/18C/B/21/TA/1120-TA-4.csv",2025-11-20,"6","3","3"
"21-18-202510-dev-seq-B","21","TA","18","202510-dev-tif/lm/18C/B/21/TA/1121-TA-4.csv",2025-11-21,"6","4","3"
"21-18-202510-dev-seq-B","21","TA","18","202510-dev-tif/lm/18C/B/21/TA/1121-TA-4.csv",2025-11-21,"6","4","3"
"21-18-202510-dev-seq-B","21","TA","18","202510-dev-tif/lm/18C/B/21/TA/1121-TA-4.csv",2025-11-21,"6","4","3"
"21-18-202510-dev-seq-B","21","TA","18","202510-dev-tif/lm/18C/B/21/TA/1121-TA-4.csv",2025-11-21,"6","4","3"
"21-18-202510-dev-seq-B","21","TA","18","202510-dev-tif/lm/18C/B/21/TA/1121-TA-4.csv",2025-11-21,"6","4","3"
"21-18-202510-dev-seq-B","21","TA","18","202510-dev-tif/lm/18C/B/21/TA/1121-TA-4.csv",2025-11-21,"6","4","3"
"21-18-202510-dev-seq-B","21","TA","18","202510-dev-tif/lm/18C/B/21/TA/1121-TA-4.csv",2025-11-21,"6","4","3"
"21-18-202510-dev-seq-B","21","TA","18","202510-dev-tif/lm/18C/B/21/TA/1121-TA-4.csv",2025-11-21,"6","4","3"
"21-18-202510-dev-seq-B","21","TA","18","202510-dev-tif/lm/18C/B/21/TA/1122-TA.csv",2025-11-22,"6","3","3"
"21-18-202510-dev-seq-B","21","TA","18","202510-dev-tif/lm/18C/B/21/TA/1122-TA.csv",2025-11-22,"6","3","3"
"21-18-202510-dev-seq-B","21","TA","18","202510-dev-tif/lm/18C/B/21/TA/1122-TA.csv",2025-11-22,"6","3","3"
"21-18-202510-dev-seq-B","21","TA","18","202510-dev-tif/lm/18C/B/21/TA/1122-TA.csv",2025-11-22,"6","3","3"
"21-18-202510-dev-seq-B","21","TA","18","202510-dev-tif/lm/18C/B/21/TA/1122-TA.csv",2025-11-22,"6","3","3"
"21-18-202510-dev-seq-B","21","TA","18","202510-dev-tif/lm/18C/B/21/TA/1122-TA.csv",2025-11-22,"6","3","3"
"21-18-202510-dev-seq-B","21","TA","18","202510-dev-tif/lm/18C/B/21/TA/1122-TA.csv",2025-11-22,"6","3","3"
"21-18-202510-dev-seq-B","21","TA","18","202510-dev-tif/lm/18C/B/21/TA/1122-TA.csv",2025-11-22,"6","3","3"
"22-18-202510-dev-seq-B","22","OA","18","202510-dev-tif/lm/18C/B/22/OA/1027-OA-2.csv",2025-10-27,"2","2","1"
"22-18-202510-dev-seq-B","22","OA","18","202510-dev-tif/lm/18C/B/22/OA/1027-OA-2.csv",2025-10-27,"2","2","1"
"22-18-202510-dev-seq-B","22","OA","18","202510-dev-tif/lm/18C/B/22/OA/1027-OA-2.csv",2025-10-27,"2","2","1"
"22-18-202510-dev-seq-B","22","OA","18","202510-dev-tif/lm/18C/B/22/OA/1027-OA-2.csv",2025-10-27,"2","2","1"
"22-18-202510-dev-seq-B","22","OA","18","202510-dev-tif/lm/18C/B/22/OA/1029-OA-2.csv",2025-10-29,"3","2","2"
"22-18-202510-dev-seq-B","22","OA","18","202510-dev-tif/lm/18C/B/22/OA/1029-OA-2.csv",2025-10-29,"3","2","2"
"22-18-202510-dev-seq-B","22","OA","18","202510-dev-tif/lm/18C/B/22/OA/1029-OA-2.csv",2025-10-29,"3","2","2"
"22-18-202510-dev-seq-B","22","OA","18","202510-dev-tif/lm/18C/B/22/OA/1029-OA-2.csv",2025-10-29,"3","2","2"
"22-18-202510-dev-seq-B","22","OA","18","202510-dev-tif/lm/18C/B/22/OA/1031-OA.csv",2025-10-31,"3","2","2"
"22-18-202510-dev-seq-B","22","OA","18","202510-dev-tif/lm/18C/B/22/OA/1031-OA.csv",2025-10-31,"3","2","2"
"22-18-202510-dev-seq-B","22","OA","18","202510-dev-tif/lm/18C/B/22/OA/1031-OA.csv",2025-10-31,"3","2","2"
"22-18-202510-dev-seq-B","22","OA","18","202510-dev-tif/lm/18C/B/22/OA/1031-OA.csv",2025-10-31,"3","2","2"
"22-18-202510-dev-seq-B","22","OA","18","202510-dev-tif/lm/18C/B/22/OA/1102-OA.csv",2025-11-02,"4","3","2"
"22-18-202510-dev-seq-B","22","OA","18","202510-dev-tif/lm/18C/B/22/OA/1102-OA.csv",2025-11-02,"4","3","2"
"22-18-202510-dev-seq-B","22","OA","18","202510-dev-tif/lm/18C/B/22/OA/1102-OA.csv",2025-11-02,"4","3","2"
"22-18-202510-dev-seq-B","22","OA","18","202510-dev-tif/lm/18C/B/22/OA/1102-OA.csv",2025-11-02,"4","3","2"
"22-18-202510-dev-seq-B","22","OA","18","202510-dev-tif/lm/18C/B/22/OA/1104-OA-2.csv",2025-11-04,"6","3","2"
"22-18-202510-dev-seq-B","22","OA","18","202510-dev-tif/lm/18C/B/22/OA/1104-OA-2.csv",2025-11-04,"6","3","2"
"22-18-202510-dev-seq-B","22","OA","18","202510-dev-tif/lm/18C/B/22/OA/1104-OA-2.csv",2025-11-04,"6","3","2"
"22-18-202510-dev-seq-B","22","OA","18","202510-dev-tif/lm/18C/B/22/OA/1104-OA-2.csv",2025-11-04,"6","3","2"
"22-18-202510-dev-seq-B","22","OA","18","202510-dev-tif/lm/18C/B/22/OA/1106-OA.csv",2025-11-06,"6","3","2"
"22-18-202510-dev-seq-B","22","OA","18","202510-dev-tif/lm/18C/B/22/OA/1106-OA.csv",2025-11-06,"6","3","2"
"22-18-202510-dev-seq-B","22","OA","18","202510-dev-tif/lm/18C/B/22/OA/1106-OA.csv",2025-11-06,"6","3","2"
"22-18-202510-dev-seq-B","22","OA","18","202510-dev-tif/lm/18C/B/22/OA/1106-OA.csv",2025-11-06,"6","3","2"
"22-18-202510-dev-seq-B","22","OA","18","202510-dev-tif/lm/18C/B/22/OA/1108-OA.csv",2025-11-08,"6","3","3"
"22-18-202510-dev-seq-B","22","OA","18","202510-dev-tif/lm/18C/B/22/OA/1108-OA.csv",2025-11-08,"6","3","3"
"22-18-202510-dev-seq-B","22","OA","18","202510-dev-tif/lm/18C/B/22/OA/1108-OA.csv",2025-11-08,"6","3","3"
"22-18-202510-dev-seq-B","22","OA","18","202510-dev-tif/lm/18C/B/22/OA/1108-OA.csv",2025-11-08,"6","3","3"
"22-18-202510-dev-seq-B","22","OA","18","202510-dev-tif/lm/18C/B/22/OA/1110-OA-4.csv",2025-11-10,"8","3","3"
"22-18-202510-dev-seq-B","22","OA","18","202510-dev-tif/lm/18C/B/22/OA/1110-OA-4.csv",2025-11-10,"8","3","3"
"22-18-202510-dev-seq-B","22","OA","18","202510-dev-tif/lm/18C/B/22/OA/1110-OA-4.csv",2025-11-10,"8","3","3"
"22-18-202510-dev-seq-B","22","OA","18","202510-dev-tif/lm/18C/B/22/OA/1110-OA-4.csv",2025-11-10,"8","3","3"
"22-18-202510-dev-seq-B","22","OA","18","202510-dev-tif/lm/18C/B/22/OA/1112-OA-4.csv",2025-11-12,"8","3","3"
"22-18-202510-dev-seq-B","22","OA","18","202510-dev-tif/lm/18C/B/22/OA/1112-OA-4.csv",2025-11-12,"8","3","3"
"22-18-202510-dev-seq-B","22","OA","18","202510-dev-tif/lm/18C/B/22/OA/1112-OA-4.csv",2025-11-12,"8","3","3"
"22-18-202510-dev-seq-B","22","OA","18","202510-dev-tif/lm/18C/B/22/OA/1112-OA-4.csv",2025-11-12,"8","3","3"
"22-18-202510-dev-seq-B","22","OA","18","202510-dev-tif/lm/18C/B/22/OA/1114-OA-3.csv",2025-11-14,"8","3","3"
"22-18-202510-dev-seq-B","22","OA","18","202510-dev-tif/lm/18C/B/22/OA/1114-OA-3.csv",2025-11-14,"8","3","3"
"22-18-202510-dev-seq-B","22","OA","18","202510-dev-tif/lm/18C/B/22/OA/1114-OA-3.csv",2025-11-14,"8","3","3"
"22-18-202510-dev-seq-B","22","OA","18","202510-dev-tif/lm/18C/B/22/OA/1114-OA-3.csv",2025-11-14,"8","3","3"
"22-18-202510-dev-seq-B","22","OA","18","202510-dev-tif/lm/18C/B/22/OA/1116-OA.csv",2025-11-16,"8","3","3"
"22-18-202510-dev-seq-B","22","OA","18","202510-dev-tif/lm/18C/B/22/OA/1116-OA.csv",2025-11-16,"8","3","3"
"22-18-202510-dev-seq-B","22","OA","18","202510-dev-tif/lm/18C/B/22/OA/1116-OA.csv",2025-11-16,"8","3","3"
"22-18-202510-dev-seq-B","22","OA","18","202510-dev-tif/lm/18C/B/22/OA/1116-OA.csv",2025-11-16,"8","3","3"
"22-18-202510-dev-seq-B","22","OA","18","202510-dev-tif/lm/18C/B/22/OA/1118-OA.csv",2025-11-18,"8","3","2"
"22-18-202510-dev-seq-B","22","OA","18","202510-dev-tif/lm/18C/B/22/OA/1118-OA.csv",2025-11-18,"8","3","2"
"22-18-202510-dev-seq-B","22","OA","18","202510-dev-tif/lm/18C/B/22/OA/1118-OA.csv",2025-11-18,"8","3","2"
"22-18-202510-dev-seq-B","22","OA","18","202510-dev-tif/lm/18C/B/22/OA/1118-OA.csv",2025-11-18,"8","3","2"
"22-18-202510-dev-seq-B","22","OA","18","202510-dev-tif/lm/18C/B/22/OA/1120-OA.csv",2025-11-20,"8","4","3"
"22-18-202510-dev-seq-B","22","OA","18","202510-dev-tif/lm/18C/B/22/OA/1120-OA.csv",2025-11-20,"8","4","3"
"22-18-202510-dev-seq-B","22","OA","18","202510-dev-tif/lm/18C/B/22/OA/1120-OA.csv",2025-11-20,"8","4","3"
"22-18-202510-dev-seq-B","22","OA","18","202510-dev-tif/lm/18C/B/22/OA/1120-OA.csv",2025-11-20,"8","4","3"
"22-18-202510-dev-seq-B","22","OA","18","202510-dev-tif/lm/18C/B/22/OA/1121-OA-3.csv",2025-11-21,NA,NA,NA
"22-18-202510-dev-seq-B","22","OA","18","202510-dev-tif/lm/18C/B/22/OA/1121-OA-3.csv",2025-11-21,NA,NA,NA
"22-18-202510-dev-seq-B","22","OA","18","202510-dev-tif/lm/18C/B/22/OA/1121-OA-3.csv",2025-11-21,NA,NA,NA
"22-18-202510-dev-seq-B","22","OA","18","202510-dev-tif/lm/18C/B/22/OA/1121-OA-3.csv",2025-11-21,NA,NA,NA
"22-18-202510-dev-seq-B","22","OA","18","202510-dev-tif/lm/18C/B/22/OA/1122-OA.csv",2025-11-22,"8","4","3"
"22-18-202510-dev-seq-B","22","OA","18","202510-dev-tif/lm/18C/B/22/OA/1122-OA.csv",2025-11-22,"8","4","3"
"22-18-202510-dev-seq-B","22","OA","18","202510-dev-tif/lm/18C/B/22/OA/1122-OA.csv",2025-11-22,"8","4","3"
"22-18-202510-dev-seq-B","22","OA","18","202510-dev-tif/lm/18C/B/22/OA/1122-OA.csv",2025-11-22,"8","4","3"
"22-18-202510-dev-seq-B","22","OA","18","202510-dev-tif/lm/18C/B/22/OA/1124-OA-3.csv",2025-11-24,"8","4","3"
"22-18-202510-dev-seq-B","22","OA","18","202510-dev-tif/lm/18C/B/22/OA/1124-OA-3.csv",2025-11-24,"8","4","3"
"22-18-202510-dev-seq-B","22","OA","18","202510-dev-tif/lm/18C/B/22/OA/1124-OA-3.csv",2025-11-24,"8","4","3"
"22-18-202510-dev-seq-B","22","OA","18","202510-dev-tif/lm/18C/B/22/OA/1124-OA-3.csv",2025-11-24,"8","4","3"
"22-18-202510-dev-seq-B","22","PA","18","202510-dev-tif/lm/18C/B/22/PA/1027-PA-4.csv",2025-10-27,"2","2","1"
"22-18-202510-dev-seq-B","22","PA","18","202510-dev-tif/lm/18C/B/22/PA/1027-PA-4.csv",2025-10-27,"2","2","1"
"22-18-202510-dev-seq-B","22","PA","18","202510-dev-tif/lm/18C/B/22/PA/1027-PA-4.csv",2025-10-27,"2","2","1"
"22-18-202510-dev-seq-B","22","PA","18","202510-dev-tif/lm/18C/B/22/PA/1027-PA-4.csv",2025-10-27,"2","2","1"
"22-18-202510-dev-seq-B","22","PA","18","202510-dev-tif/lm/18C/B/22/PA/1027-PA-4.csv",2025-10-27,"2","2","1"
"22-18-202510-dev-seq-B","22","PA","18","202510-dev-tif/lm/18C/B/22/PA/1029-PA-3.csv",2025-10-29,"3","2","2"
"22-18-202510-dev-seq-B","22","PA","18","202510-dev-tif/lm/18C/B/22/PA/1029-PA-3.csv",2025-10-29,"3","2","2"
"22-18-202510-dev-seq-B","22","PA","18","202510-dev-tif/lm/18C/B/22/PA/1029-PA-3.csv",2025-10-29,"3","2","2"
"22-18-202510-dev-seq-B","22","PA","18","202510-dev-tif/lm/18C/B/22/PA/1029-PA-3.csv",2025-10-29,"3","2","2"
"22-18-202510-dev-seq-B","22","PA","18","202510-dev-tif/lm/18C/B/22/PA/1029-PA-3.csv",2025-10-29,"3","2","2"
"22-18-202510-dev-seq-B","22","PA","18","202510-dev-tif/lm/18C/B/22/PA/1031-PA.csv",2025-10-31,"3","2","2"
"22-18-202510-dev-seq-B","22","PA","18","202510-dev-tif/lm/18C/B/22/PA/1031-PA.csv",2025-10-31,"3","2","2"
"22-18-202510-dev-seq-B","22","PA","18","202510-dev-tif/lm/18C/B/22/PA/1031-PA.csv",2025-10-31,"3","2","2"
"22-18-202510-dev-seq-B","22","PA","18","202510-dev-tif/lm/18C/B/22/PA/1031-PA.csv",2025-10-31,"3","2","2"
"22-18-202510-dev-seq-B","22","PA","18","202510-dev-tif/lm/18C/B/22/PA/1031-PA.csv",2025-10-31,"3","2","2"
"22-18-202510-dev-seq-B","22","PA","18","202510-dev-tif/lm/18C/B/22/PA/1102-PA-2.csv",2025-11-02,"4","3","2"
"22-18-202510-dev-seq-B","22","PA","18","202510-dev-tif/lm/18C/B/22/PA/1102-PA-2.csv",2025-11-02,"4","3","2"
"22-18-202510-dev-seq-B","22","PA","18","202510-dev-tif/lm/18C/B/22/PA/1102-PA-2.csv",2025-11-02,"4","3","2"
"22-18-202510-dev-seq-B","22","PA","18","202510-dev-tif/lm/18C/B/22/PA/1102-PA-2.csv",2025-11-02,"4","3","2"
"22-18-202510-dev-seq-B","22","PA","18","202510-dev-tif/lm/18C/B/22/PA/1102-PA-2.csv",2025-11-02,"4","3","2"
"22-18-202510-dev-seq-B","22","PA","18","202510-dev-tif/lm/18C/B/22/PA/1104-PA.csv",2025-11-04,"6","3","2"
"22-18-202510-dev-seq-B","22","PA","18","202510-dev-tif/lm/18C/B/22/PA/1104-PA.csv",2025-11-04,"6","3","2"
"22-18-202510-dev-seq-B","22","PA","18","202510-dev-tif/lm/18C/B/22/PA/1104-PA.csv",2025-11-04,"6","3","2"
"22-18-202510-dev-seq-B","22","PA","18","202510-dev-tif/lm/18C/B/22/PA/1104-PA.csv",2025-11-04,"6","3","2"
"22-18-202510-dev-seq-B","22","PA","18","202510-dev-tif/lm/18C/B/22/PA/1104-PA.csv",2025-11-04,"6","3","2"
"22-18-202510-dev-seq-B","22","PA","18","202510-dev-tif/lm/18C/B/22/PA/1106-PA-3.csv",2025-11-06,"6","3","2"
"22-18-202510-dev-seq-B","22","PA","18","202510-dev-tif/lm/18C/B/22/PA/1106-PA-3.csv",2025-11-06,"6","3","2"
"22-18-202510-dev-seq-B","22","PA","18","202510-dev-tif/lm/18C/B/22/PA/1106-PA-3.csv",2025-11-06,"6","3","2"
"22-18-202510-dev-seq-B","22","PA","18","202510-dev-tif/lm/18C/B/22/PA/1106-PA-3.csv",2025-11-06,"6","3","2"
"22-18-202510-dev-seq-B","22","PA","18","202510-dev-tif/lm/18C/B/22/PA/1106-PA-3.csv",2025-11-06,"6","3","2"
"22-18-202510-dev-seq-B","22","PA","18","202510-dev-tif/lm/18C/B/22/PA/1108-PA-4.csv",2025-11-08,"6","3","3"
"22-18-202510-dev-seq-B","22","PA","18","202510-dev-tif/lm/18C/B/22/PA/1108-PA-4.csv",2025-11-08,"6","3","3"
"22-18-202510-dev-seq-B","22","PA","18","202510-dev-tif/lm/18C/B/22/PA/1108-PA-4.csv",2025-11-08,"6","3","3"
"22-18-202510-dev-seq-B","22","PA","18","202510-dev-tif/lm/18C/B/22/PA/1108-PA-4.csv",2025-11-08,"6","3","3"
"22-18-202510-dev-seq-B","22","PA","18","202510-dev-tif/lm/18C/B/22/PA/1108-PA-4.csv",2025-11-08,"6","3","3"
"22-18-202510-dev-seq-B","22","PA","18","202510-dev-tif/lm/18C/B/22/PA/1110-PA-2.csv",2025-11-10,"8","3","3"
"22-18-202510-dev-seq-B","22","PA","18","202510-dev-tif/lm/18C/B/22/PA/1110-PA-2.csv",2025-11-10,"8","3","3"
"22-18-202510-dev-seq-B","22","PA","18","202510-dev-tif/lm/18C/B/22/PA/1110-PA-2.csv",2025-11-10,"8","3","3"
"22-18-202510-dev-seq-B","22","PA","18","202510-dev-tif/lm/18C/B/22/PA/1110-PA-2.csv",2025-11-10,"8","3","3"
"22-18-202510-dev-seq-B","22","PA","18","202510-dev-tif/lm/18C/B/22/PA/1110-PA-2.csv",2025-11-10,"8","3","3"
"22-18-202510-dev-seq-B","22","PA","18","202510-dev-tif/lm/18C/B/22/PA/1112-PA.csv",2025-11-12,"8","3","3"
"22-18-202510-dev-seq-B","22","PA","18","202510-dev-tif/lm/18C/B/22/PA/1112-PA.csv",2025-11-12,"8","3","3"
"22-18-202510-dev-seq-B","22","PA","18","202510-dev-tif/lm/18C/B/22/PA/1112-PA.csv",2025-11-12,"8","3","3"
"22-18-202510-dev-seq-B","22","PA","18","202510-dev-tif/lm/18C/B/22/PA/1112-PA.csv",2025-11-12,"8","3","3"
"22-18-202510-dev-seq-B","22","PA","18","202510-dev-tif/lm/18C/B/22/PA/1112-PA.csv",2025-11-12,"8","3","3"
"22-18-202510-dev-seq-B","22","PA","18","202510-dev-tif/lm/18C/B/22/PA/1114-PA-2.csv",2025-11-14,"8","3","3"
"22-18-202510-dev-seq-B","22","PA","18","202510-dev-tif/lm/18C/B/22/PA/1114-PA-2.csv",2025-11-14,"8","3","3"
"22-18-202510-dev-seq-B","22","PA","18","202510-dev-tif/lm/18C/B/22/PA/1114-PA-2.csv",2025-11-14,"8","3","3"
"22-18-202510-dev-seq-B","22","PA","18","202510-dev-tif/lm/18C/B/22/PA/1114-PA-2.csv",2025-11-14,"8","3","3"
"22-18-202510-dev-seq-B","22","PA","18","202510-dev-tif/lm/18C/B/22/PA/1114-PA-2.csv",2025-11-14,"8","3","3"
"22-18-202510-dev-seq-B","22","PA","18","202510-dev-tif/lm/18C/B/22/PA/1116-PA-3.csv",2025-11-16,"8","3","3"
"22-18-202510-dev-seq-B","22","PA","18","202510-dev-tif/lm/18C/B/22/PA/1116-PA-3.csv",2025-11-16,"8","3","3"
"22-18-202510-dev-seq-B","22","PA","18","202510-dev-tif/lm/18C/B/22/PA/1116-PA-3.csv",2025-11-16,"8","3","3"
"22-18-202510-dev-seq-B","22","PA","18","202510-dev-tif/lm/18C/B/22/PA/1116-PA-3.csv",2025-11-16,"8","3","3"
"22-18-202510-dev-seq-B","22","PA","18","202510-dev-tif/lm/18C/B/22/PA/1116-PA-3.csv",2025-11-16,"8","3","3"
"22-18-202510-dev-seq-B","22","PA","18","202510-dev-tif/lm/18C/B/22/PA/1118-PA-6.csv",2025-11-18,"8","3","2"
"22-18-202510-dev-seq-B","22","PA","18","202510-dev-tif/lm/18C/B/22/PA/1118-PA-6.csv",2025-11-18,"8","3","2"
"22-18-202510-dev-seq-B","22","PA","18","202510-dev-tif/lm/18C/B/22/PA/1118-PA-6.csv",2025-11-18,"8","3","2"
"22-18-202510-dev-seq-B","22","PA","18","202510-dev-tif/lm/18C/B/22/PA/1118-PA-6.csv",2025-11-18,"8","3","2"
"22-18-202510-dev-seq-B","22","PA","18","202510-dev-tif/lm/18C/B/22/PA/1118-PA-6.csv",2025-11-18,"8","3","2"
"22-18-202510-dev-seq-B","22","PA","18","202510-dev-tif/lm/18C/B/22/PA/1120-PA-2.csv",2025-11-20,"8","4","3"
"22-18-202510-dev-seq-B","22","PA","18","202510-dev-tif/lm/18C/B/22/PA/1120-PA-2.csv",2025-11-20,"8","4","3"
"22-18-202510-dev-seq-B","22","PA","18","202510-dev-tif/lm/18C/B/22/PA/1120-PA-2.csv",2025-11-20,"8","4","3"
"22-18-202510-dev-seq-B","22","PA","18","202510-dev-tif/lm/18C/B/22/PA/1120-PA-2.csv",2025-11-20,"8","4","3"
"22-18-202510-dev-seq-B","22","PA","18","202510-dev-tif/lm/18C/B/22/PA/1120-PA-2.csv",2025-11-20,"8","4","3"
"22-18-202510-dev-seq-B","22","PA","18","202510-dev-tif/lm/18C/B/22/PA/1121-PA-3.csv",2025-11-21,NA,NA,NA
"22-18-202510-dev-seq-B","22","PA","18","202510-dev-tif/lm/18C/B/22/PA/1121-PA-3.csv",2025-11-21,NA,NA,NA
"22-18-202510-dev-seq-B","22","PA","18","202510-dev-tif/lm/18C/B/22/PA/1121-PA-3.csv",2025-11-21,NA,NA,NA
"22-18-202510-dev-seq-B","22","PA","18","202510-dev-tif/lm/18C/B/22/PA/1121-PA-3.csv",2025-11-21,NA,NA,NA
"22-18-202510-dev-seq-B","22","PA","18","202510-dev-tif/lm/18C/B/22/PA/1121-PA-3.csv",2025-11-21,NA,NA,NA
"22-18-202510-dev-seq-B","22","PA","18","202510-dev-tif/lm/18C/B/22/PA/1122-PA-2.csv",2025-11-22,"8","4","3"
"22-18-202510-dev-seq-B","22","PA","18","202510-dev-tif/lm/18C/B/22/PA/1122-PA-2.csv",2025-11-22,"8","4","3"
"22-18-202510-dev-seq-B","22","PA","18","202510-dev-tif/lm/18C/B/22/PA/1122-PA-2.csv",2025-11-22,"8","4","3"
"22-18-202510-dev-seq-B","22","PA","18","202510-dev-tif/lm/18C/B/22/PA/1122-PA-2.csv",2025-11-22,"8","4","3"
"22-18-202510-dev-seq-B","22","PA","18","202510-dev-tif/lm/18C/B/22/PA/1122-PA-2.csv",2025-11-22,"8","4","3"
"22-18-202510-dev-seq-B","22","PA","18","202510-dev-tif/lm/18C/B/22/PA/1124-PA-3.csv",2025-11-24,"8","4","3"
"22-18-202510-dev-seq-B","22","PA","18","202510-dev-tif/lm/18C/B/22/PA/1124-PA-3.csv",2025-11-24,"8","4","3"
"22-18-202510-dev-seq-B","22","PA","18","202510-dev-tif/lm/18C/B/22/PA/1124-PA-3.csv",2025-11-24,"8","4","3"
"22-18-202510-dev-seq-B","22","PA","18","202510-dev-tif/lm/18C/B/22/PA/1124-PA-3.csv",2025-11-24,"8","4","3"
"22-18-202510-dev-seq-B","22","PA","18","202510-dev-tif/lm/18C/B/22/PA/1124-PA-3.csv",2025-11-24,"8","4","3"
"22-18-202510-dev-seq-B","22","TA","18","202510-dev-tif/lm/18C/B/22/TA/1027-TA-5.csv",2025-10-27,"2","2","1"
"22-18-202510-dev-seq-B","22","TA","18","202510-dev-tif/lm/18C/B/22/TA/1027-TA-5.csv",2025-10-27,"2","2","1"
"22-18-202510-dev-seq-B","22","TA","18","202510-dev-tif/lm/18C/B/22/TA/1027-TA-5.csv",2025-10-27,"2","2","1"
"22-18-202510-dev-seq-B","22","TA","18","202510-dev-tif/lm/18C/B/22/TA/1027-TA-5.csv",2025-10-27,"2","2","1"
"22-18-202510-dev-seq-B","22","TA","18","202510-dev-tif/lm/18C/B/22/TA/1027-TA-5.csv",2025-10-27,"2","2","1"
"22-18-202510-dev-seq-B","22","TA","18","202510-dev-tif/lm/18C/B/22/TA/1027-TA-5.csv",2025-10-27,"2","2","1"
"22-18-202510-dev-seq-B","22","TA","18","202510-dev-tif/lm/18C/B/22/TA/1027-TA-5.csv",2025-10-27,"2","2","1"
"22-18-202510-dev-seq-B","22","TA","18","202510-dev-tif/lm/18C/B/22/TA/1027-TA-5.csv",2025-10-27,"2","2","1"
"22-18-202510-dev-seq-B","22","TA","18","202510-dev-tif/lm/18C/B/22/TA/1029-TA-2.csv",2025-10-29,"3","2","2"
"22-18-202510-dev-seq-B","22","TA","18","202510-dev-tif/lm/18C/B/22/TA/1029-TA-2.csv",2025-10-29,"3","2","2"
"22-18-202510-dev-seq-B","22","TA","18","202510-dev-tif/lm/18C/B/22/TA/1029-TA-2.csv",2025-10-29,"3","2","2"
"22-18-202510-dev-seq-B","22","TA","18","202510-dev-tif/lm/18C/B/22/TA/1029-TA-2.csv",2025-10-29,"3","2","2"
"22-18-202510-dev-seq-B","22","TA","18","202510-dev-tif/lm/18C/B/22/TA/1029-TA-2.csv",2025-10-29,"3","2","2"
"22-18-202510-dev-seq-B","22","TA","18","202510-dev-tif/lm/18C/B/22/TA/1029-TA-2.csv",2025-10-29,"3","2","2"
"22-18-202510-dev-seq-B","22","TA","18","202510-dev-tif/lm/18C/B/22/TA/1029-TA-2.csv",2025-10-29,"3","2","2"
"22-18-202510-dev-seq-B","22","TA","18","202510-dev-tif/lm/18C/B/22/TA/1029-TA-2.csv",2025-10-29,"3","2","2"
"22-18-202510-dev-seq-B","22","TA","18","202510-dev-tif/lm/18C/B/22/TA/1031-TA-2.csv",2025-10-31,"3","2","2"
"22-18-202510-dev-seq-B","22","TA","18","202510-dev-tif/lm/18C/B/22/TA/1031-TA-2.csv",2025-10-31,"3","2","2"
"22-18-202510-dev-seq-B","22","TA","18","202510-dev-tif/lm/18C/B/22/TA/1031-TA-2.csv",2025-10-31,"3","2","2"
"22-18-202510-dev-seq-B","22","TA","18","202510-dev-tif/lm/18C/B/22/TA/1031-TA-2.csv",2025-10-31,"3","2","2"
"22-18-202510-dev-seq-B","22","TA","18","202510-dev-tif/lm/18C/B/22/TA/1031-TA-2.csv",2025-10-31,"3","2","2"
"22-18-202510-dev-seq-B","22","TA","18","202510-dev-tif/lm/18C/B/22/TA/1031-TA-2.csv",2025-10-31,"3","2","2"
"22-18-202510-dev-seq-B","22","TA","18","202510-dev-tif/lm/18C/B/22/TA/1031-TA-2.csv",2025-10-31,"3","2","2"
"22-18-202510-dev-seq-B","22","TA","18","202510-dev-tif/lm/18C/B/22/TA/1031-TA-2.csv",2025-10-31,"3","2","2"
"22-18-202510-dev-seq-B","22","TA","18","202510-dev-tif/lm/18C/B/22/TA/1102-TA-2.csv",2025-11-02,"4","3","2"
"22-18-202510-dev-seq-B","22","TA","18","202510-dev-tif/lm/18C/B/22/TA/1102-TA-2.csv",2025-11-02,"4","3","2"
"22-18-202510-dev-seq-B","22","TA","18","202510-dev-tif/lm/18C/B/22/TA/1102-TA-2.csv",2025-11-02,"4","3","2"
"22-18-202510-dev-seq-B","22","TA","18","202510-dev-tif/lm/18C/B/22/TA/1102-TA-2.csv",2025-11-02,"4","3","2"
"22-18-202510-dev-seq-B","22","TA","18","202510-dev-tif/lm/18C/B/22/TA/1102-TA-2.csv",2025-11-02,"4","3","2"
"22-18-202510-dev-seq-B","22","TA","18","202510-dev-tif/lm/18C/B/22/TA/1102-TA-2.csv",2025-11-02,"4","3","2"
"22-18-202510-dev-seq-B","22","TA","18","202510-dev-tif/lm/18C/B/22/TA/1102-TA-2.csv",2025-11-02,"4","3","2"
"22-18-202510-dev-seq-B","22","TA","18","202510-dev-tif/lm/18C/B/22/TA/1102-TA-2.csv",2025-11-02,"4","3","2"
"22-18-202510-dev-seq-B","22","TA","18","202510-dev-tif/lm/18C/B/22/TA/1104-TA-3.csv",2025-11-04,"6","3","2"
"22-18-202510-dev-seq-B","22","TA","18","202510-dev-tif/lm/18C/B/22/TA/1104-TA-3.csv",2025-11-04,"6","3","2"
"22-18-202510-dev-seq-B","22","TA","18","202510-dev-tif/lm/18C/B/22/TA/1104-TA-3.csv",2025-11-04,"6","3","2"
"22-18-202510-dev-seq-B","22","TA","18","202510-dev-tif/lm/18C/B/22/TA/1104-TA-3.csv",2025-11-04,"6","3","2"
"22-18-202510-dev-seq-B","22","TA","18","202510-dev-tif/lm/18C/B/22/TA/1104-TA-3.csv",2025-11-04,"6","3","2"
"22-18-202510-dev-seq-B","22","TA","18","202510-dev-tif/lm/18C/B/22/TA/1104-TA-3.csv",2025-11-04,"6","3","2"
"22-18-202510-dev-seq-B","22","TA","18","202510-dev-tif/lm/18C/B/22/TA/1104-TA-3.csv",2025-11-04,"6","3","2"
"22-18-202510-dev-seq-B","22","TA","18","202510-dev-tif/lm/18C/B/22/TA/1104-TA-3.csv",2025-11-04,"6","3","2"
"22-18-202510-dev-seq-B","22","TA","18","202510-dev-tif/lm/18C/B/22/TA/1106-TA-2.csv",2025-11-06,"6","3","2"
"22-18-202510-dev-seq-B","22","TA","18","202510-dev-tif/lm/18C/B/22/TA/1106-TA-2.csv",2025-11-06,"6","3","2"
"22-18-202510-dev-seq-B","22","TA","18","202510-dev-tif/lm/18C/B/22/TA/1106-TA-2.csv",2025-11-06,"6","3","2"
"22-18-202510-dev-seq-B","22","TA","18","202510-dev-tif/lm/18C/B/22/TA/1106-TA-2.csv",2025-11-06,"6","3","2"
"22-18-202510-dev-seq-B","22","TA","18","202510-dev-tif/lm/18C/B/22/TA/1106-TA-2.csv",2025-11-06,"6","3","2"
"22-18-202510-dev-seq-B","22","TA","18","202510-dev-tif/lm/18C/B/22/TA/1106-TA-2.csv",2025-11-06,"6","3","2"
"22-18-202510-dev-seq-B","22","TA","18","202510-dev-tif/lm/18C/B/22/TA/1106-TA-2.csv",2025-11-06,"6","3","2"
"22-18-202510-dev-seq-B","22","TA","18","202510-dev-tif/lm/18C/B/22/TA/1106-TA-2.csv",2025-11-06,"6","3","2"
"22-18-202510-dev-seq-B","22","TA","18","202510-dev-tif/lm/18C/B/22/TA/1108-TA-4.csv",2025-11-08,"6","3","3"
"22-18-202510-dev-seq-B","22","TA","18","202510-dev-tif/lm/18C/B/22/TA/1108-TA-4.csv",2025-11-08,"6","3","3"
"22-18-202510-dev-seq-B","22","TA","18","202510-dev-tif/lm/18C/B/22/TA/1108-TA-4.csv",2025-11-08,"6","3","3"
"22-18-202510-dev-seq-B","22","TA","18","202510-dev-tif/lm/18C/B/22/TA/1108-TA-4.csv",2025-11-08,"6","3","3"
"22-18-202510-dev-seq-B","22","TA","18","202510-dev-tif/lm/18C/B/22/TA/1108-TA-4.csv",2025-11-08,"6","3","3"
"22-18-202510-dev-seq-B","22","TA","18","202510-dev-tif/lm/18C/B/22/TA/1108-TA-4.csv",2025-11-08,"6","3","3"
"22-18-202510-dev-seq-B","22","TA","18","202510-dev-tif/lm/18C/B/22/TA/1108-TA-4.csv",2025-11-08,"6","3","3"
"22-18-202510-dev-seq-B","22","TA","18","202510-dev-tif/lm/18C/B/22/TA/1108-TA-4.csv",2025-11-08,"6","3","3"
"22-18-202510-dev-seq-B","22","TA","18","202510-dev-tif/lm/18C/B/22/TA/1110-TA-5.csv",2025-11-10,"8","3","3"
"22-18-202510-dev-seq-B","22","TA","18","202510-dev-tif/lm/18C/B/22/TA/1110-TA-5.csv",2025-11-10,"8","3","3"
"22-18-202510-dev-seq-B","22","TA","18","202510-dev-tif/lm/18C/B/22/TA/1110-TA-5.csv",2025-11-10,"8","3","3"
"22-18-202510-dev-seq-B","22","TA","18","202510-dev-tif/lm/18C/B/22/TA/1110-TA-5.csv",2025-11-10,"8","3","3"
"22-18-202510-dev-seq-B","22","TA","18","202510-dev-tif/lm/18C/B/22/TA/1110-TA-5.csv",2025-11-10,"8","3","3"
"22-18-202510-dev-seq-B","22","TA","18","202510-dev-tif/lm/18C/B/22/TA/1110-TA-5.csv",2025-11-10,"8","3","3"
"22-18-202510-dev-seq-B","22","TA","18","202510-dev-tif/lm/18C/B/22/TA/1110-TA-5.csv",2025-11-10,"8","3","3"
"22-18-202510-dev-seq-B","22","TA","18","202510-dev-tif/lm/18C/B/22/TA/1110-TA-5.csv",2025-11-10,"8","3","3"
"22-18-202510-dev-seq-B","22","TA","18","202510-dev-tif/lm/18C/B/22/TA/1112-TA-3.csv",2025-11-12,"8","3","3"
"22-18-202510-dev-seq-B","22","TA","18","202510-dev-tif/lm/18C/B/22/TA/1112-TA-3.csv",2025-11-12,"8","3","3"
"22-18-202510-dev-seq-B","22","TA","18","202510-dev-tif/lm/18C/B/22/TA/1112-TA-3.csv",2025-11-12,"8","3","3"
"22-18-202510-dev-seq-B","22","TA","18","202510-dev-tif/lm/18C/B/22/TA/1112-TA-3.csv",2025-11-12,"8","3","3"
"22-18-202510-dev-seq-B","22","TA","18","202510-dev-tif/lm/18C/B/22/TA/1112-TA-3.csv",2025-11-12,"8","3","3"
"22-18-202510-dev-seq-B","22","TA","18","202510-dev-tif/lm/18C/B/22/TA/1112-TA-3.csv",2025-11-12,"8","3","3"
"22-18-202510-dev-seq-B","22","TA","18","202510-dev-tif/lm/18C/B/22/TA/1112-TA-3.csv",2025-11-12,"8","3","3"
"22-18-202510-dev-seq-B","22","TA","18","202510-dev-tif/lm/18C/B/22/TA/1112-TA-3.csv",2025-11-12,"8","3","3"
"22-18-202510-dev-seq-B","22","TA","18","202510-dev-tif/lm/18C/B/22/TA/1114-TA-2.csv",2025-11-14,"8","3","3"
"22-18-202510-dev-seq-B","22","TA","18","202510-dev-tif/lm/18C/B/22/TA/1114-TA-2.csv",2025-11-14,"8","3","3"
"22-18-202510-dev-seq-B","22","TA","18","202510-dev-tif/lm/18C/B/22/TA/1114-TA-2.csv",2025-11-14,"8","3","3"
"22-18-202510-dev-seq-B","22","TA","18","202510-dev-tif/lm/18C/B/22/TA/1114-TA-2.csv",2025-11-14,"8","3","3"
"22-18-202510-dev-seq-B","22","TA","18","202510-dev-tif/lm/18C/B/22/TA/1114-TA-2.csv",2025-11-14,"8","3","3"
"22-18-202510-dev-seq-B","22","TA","18","202510-dev-tif/lm/18C/B/22/TA/1114-TA-2.csv",2025-11-14,"8","3","3"
"22-18-202510-dev-seq-B","22","TA","18","202510-dev-tif/lm/18C/B/22/TA/1114-TA-2.csv",2025-11-14,"8","3","3"
"22-18-202510-dev-seq-B","22","TA","18","202510-dev-tif/lm/18C/B/22/TA/1114-TA-2.csv",2025-11-14,"8","3","3"
"22-18-202510-dev-seq-B","22","TA","18","202510-dev-tif/lm/18C/B/22/TA/1116-TA.csv",2025-11-16,"8","3","3"
"22-18-202510-dev-seq-B","22","TA","18","202510-dev-tif/lm/18C/B/22/TA/1116-TA.csv",2025-11-16,"8","3","3"
"22-18-202510-dev-seq-B","22","TA","18","202510-dev-tif/lm/18C/B/22/TA/1116-TA.csv",2025-11-16,"8","3","3"
"22-18-202510-dev-seq-B","22","TA","18","202510-dev-tif/lm/18C/B/22/TA/1116-TA.csv",2025-11-16,"8","3","3"
"22-18-202510-dev-seq-B","22","TA","18","202510-dev-tif/lm/18C/B/22/TA/1116-TA.csv",2025-11-16,"8","3","3"
"22-18-202510-dev-seq-B","22","TA","18","202510-dev-tif/lm/18C/B/22/TA/1116-TA.csv",2025-11-16,"8","3","3"
"22-18-202510-dev-seq-B","22","TA","18","202510-dev-tif/lm/18C/B/22/TA/1116-TA.csv",2025-11-16,"8","3","3"
"22-18-202510-dev-seq-B","22","TA","18","202510-dev-tif/lm/18C/B/22/TA/1116-TA.csv",2025-11-16,"8","3","3"
"22-18-202510-dev-seq-B","22","TA","18","202510-dev-tif/lm/18C/B/22/TA/1118-TA.csv",2025-11-18,"8","3","2"
"22-18-202510-dev-seq-B","22","TA","18","202510-dev-tif/lm/18C/B/22/TA/1118-TA.csv",2025-11-18,"8","3","2"
"22-18-202510-dev-seq-B","22","TA","18","202510-dev-tif/lm/18C/B/22/TA/1118-TA.csv",2025-11-18,"8","3","2"
"22-18-202510-dev-seq-B","22","TA","18","202510-dev-tif/lm/18C/B/22/TA/1118-TA.csv",2025-11-18,"8","3","2"
"22-18-202510-dev-seq-B","22","TA","18","202510-dev-tif/lm/18C/B/22/TA/1118-TA.csv",2025-11-18,"8","3","2"
"22-18-202510-dev-seq-B","22","TA","18","202510-dev-tif/lm/18C/B/22/TA/1118-TA.csv",2025-11-18,"8","3","2"
"22-18-202510-dev-seq-B","22","TA","18","202510-dev-tif/lm/18C/B/22/TA/1118-TA.csv",2025-11-18,"8","3","2"
"22-18-202510-dev-seq-B","22","TA","18","202510-dev-tif/lm/18C/B/22/TA/1118-TA.csv",2025-11-18,"8","3","2"
"22-18-202510-dev-seq-B","22","TA","18","202510-dev-tif/lm/18C/B/22/TA/1120-TA-3.csv",2025-11-20,"8","4","3"
"22-18-202510-dev-seq-B","22","TA","18","202510-dev-tif/lm/18C/B/22/TA/1120-TA-3.csv",2025-11-20,"8","4","3"
"22-18-202510-dev-seq-B","22","TA","18","202510-dev-tif/lm/18C/B/22/TA/1120-TA-3.csv",2025-11-20,"8","4","3"
"22-18-202510-dev-seq-B","22","TA","18","202510-dev-tif/lm/18C/B/22/TA/1120-TA-3.csv",2025-11-20,"8","4","3"
"22-18-202510-dev-seq-B","22","TA","18","202510-dev-tif/lm/18C/B/22/TA/1120-TA-3.csv",2025-11-20,"8","4","3"
"22-18-202510-dev-seq-B","22","TA","18","202510-dev-tif/lm/18C/B/22/TA/1120-TA-3.csv",2025-11-20,"8","4","3"
"22-18-202510-dev-seq-B","22","TA","18","202510-dev-tif/lm/18C/B/22/TA/1120-TA-3.csv",2025-11-20,"8","4","3"
"22-18-202510-dev-seq-B","22","TA","18","202510-dev-tif/lm/18C/B/22/TA/1120-TA-3.csv",2025-11-20,"8","4","3"
"22-18-202510-dev-seq-B","22","TA","18","202510-dev-tif/lm/18C/B/22/TA/1122-TA-3.csv",2025-11-22,"8","4","3"
"22-18-202510-dev-seq-B","22","TA","18","202510-dev-tif/lm/18C/B/22/TA/1122-TA-3.csv",2025-11-22,"8","4","3"
"22-18-202510-dev-seq-B","22","TA","18","202510-dev-tif/lm/18C/B/22/TA/1122-TA-3.csv",2025-11-22,"8","4","3"
"22-18-202510-dev-seq-B","22","TA","18","202510-dev-tif/lm/18C/B/22/TA/1122-TA-3.csv",2025-11-22,"8","4","3"
"22-18-202510-dev-seq-B","22","TA","18","202510-dev-tif/lm/18C/B/22/TA/1122-TA-3.csv",2025-11-22,"8","4","3"
"22-18-202510-dev-seq-B","22","TA","18","202510-dev-tif/lm/18C/B/22/TA/1122-TA-3.csv",2025-11-22,"8","4","3"
"22-18-202510-dev-seq-B","22","TA","18","202510-dev-tif/lm/18C/B/22/TA/1122-TA-3.csv",2025-11-22,"8","4","3"
"22-18-202510-dev-seq-B","22","TA","18","202510-dev-tif/lm/18C/B/22/TA/1122-TA-3.csv",2025-11-22,"8","4","3"
"22-18-202510-dev-seq-B","22","TA","18","202510-dev-tif/lm/18C/B/22/TA/1124-TA-4.csv",2025-11-24,"8","4","3"
"22-18-202510-dev-seq-B","22","TA","18","202510-dev-tif/lm/18C/B/22/TA/1124-TA-4.csv",2025-11-24,"8","4","3"
"22-18-202510-dev-seq-B","22","TA","18","202510-dev-tif/lm/18C/B/22/TA/1124-TA-4.csv",2025-11-24,"8","4","3"
"22-18-202510-dev-seq-B","22","TA","18","202510-dev-tif/lm/18C/B/22/TA/1124-TA-4.csv",2025-11-24,"8","4","3"
"22-18-202510-dev-seq-B","22","TA","18","202510-dev-tif/lm/18C/B/22/TA/1124-TA-4.csv",2025-11-24,"8","4","3"
"22-18-202510-dev-seq-B","22","TA","18","202510-dev-tif/lm/18C/B/22/TA/1124-TA-4.csv",2025-11-24,"8","4","3"
"22-18-202510-dev-seq-B","22","TA","18","202510-dev-tif/lm/18C/B/22/TA/1124-TA-4.csv",2025-11-24,"8","4","3"
"22-18-202510-dev-seq-B","22","TA","18","202510-dev-tif/lm/18C/B/22/TA/1124-TA-4.csv",2025-11-24,"8","4","3"
"3-18-202510-dev-seq-B","3","OA","18","202510-dev-tif/lm/18C/B/3/OA/1022-OA.csv",2025-10-22,"1","1","1"
"3-18-202510-dev-seq-B","3","OA","18","202510-dev-tif/lm/18C/B/3/OA/1022-OA.csv",2025-10-22,"1","1","1"
"3-18-202510-dev-seq-B","3","OA","18","202510-dev-tif/lm/18C/B/3/OA/1022-OA.csv",2025-10-22,"1","1","1"
"3-18-202510-dev-seq-B","3","OA","18","202510-dev-tif/lm/18C/B/3/OA/1022-OA.csv",2025-10-22,"1","1","1"
"3-18-202510-dev-seq-B","3","OA","18","202510-dev-tif/lm/18C/B/3/OA/1024-OA.csv",2025-10-24,"1","1","1"
"3-18-202510-dev-seq-B","3","OA","18","202510-dev-tif/lm/18C/B/3/OA/1024-OA.csv",2025-10-24,"1","1","1"
"3-18-202510-dev-seq-B","3","OA","18","202510-dev-tif/lm/18C/B/3/OA/1024-OA.csv",2025-10-24,"1","1","1"
"3-18-202510-dev-seq-B","3","OA","18","202510-dev-tif/lm/18C/B/3/OA/1024-OA.csv",2025-10-24,"1","1","1"
"3-18-202510-dev-seq-B","3","OA","18","202510-dev-tif/lm/18C/B/3/OA/1026-OA.csv",2025-10-26,"2","2","1"
"3-18-202510-dev-seq-B","3","OA","18","202510-dev-tif/lm/18C/B/3/OA/1026-OA.csv",2025-10-26,"2","2","1"
"3-18-202510-dev-seq-B","3","OA","18","202510-dev-tif/lm/18C/B/3/OA/1026-OA.csv",2025-10-26,"2","2","1"
"3-18-202510-dev-seq-B","3","OA","18","202510-dev-tif/lm/18C/B/3/OA/1026-OA.csv",2025-10-26,"2","2","1"
"3-18-202510-dev-seq-B","3","OA","18","202510-dev-tif/lm/18C/B/3/OA/1028-OA.csv",2025-10-28,"3","2","2"
"3-18-202510-dev-seq-B","3","OA","18","202510-dev-tif/lm/18C/B/3/OA/1028-OA.csv",2025-10-28,"3","2","2"
"3-18-202510-dev-seq-B","3","OA","18","202510-dev-tif/lm/18C/B/3/OA/1028-OA.csv",2025-10-28,"3","2","2"
"3-18-202510-dev-seq-B","3","OA","18","202510-dev-tif/lm/18C/B/3/OA/1028-OA.csv",2025-10-28,"3","2","2"
"3-18-202510-dev-seq-B","3","OA","18","202510-dev-tif/lm/18C/B/3/OA/1030-OA.csv",2025-10-30,"4","3","2"
"3-18-202510-dev-seq-B","3","OA","18","202510-dev-tif/lm/18C/B/3/OA/1030-OA.csv",2025-10-30,"4","3","2"
"3-18-202510-dev-seq-B","3","OA","18","202510-dev-tif/lm/18C/B/3/OA/1030-OA.csv",2025-10-30,"4","3","2"
"3-18-202510-dev-seq-B","3","OA","18","202510-dev-tif/lm/18C/B/3/OA/1030-OA.csv",2025-10-30,"4","3","2"
"3-18-202510-dev-seq-B","3","OA","18","202510-dev-tif/lm/18C/B/3/OA/1101-OA-2.csv",2025-11-01,"3","3","2"
"3-18-202510-dev-seq-B","3","OA","18","202510-dev-tif/lm/18C/B/3/OA/1101-OA-2.csv",2025-11-01,"3","3","2"
"3-18-202510-dev-seq-B","3","OA","18","202510-dev-tif/lm/18C/B/3/OA/1101-OA-2.csv",2025-11-01,"3","3","2"
"3-18-202510-dev-seq-B","3","OA","18","202510-dev-tif/lm/18C/B/3/OA/1101-OA-2.csv",2025-11-01,"3","3","2"
"3-18-202510-dev-seq-B","3","OA","18","202510-dev-tif/lm/18C/B/3/OA/1103-OA-3.csv",2025-11-03,"4","3","2"
"3-18-202510-dev-seq-B","3","OA","18","202510-dev-tif/lm/18C/B/3/OA/1103-OA-3.csv",2025-11-03,"4","3","2"
"3-18-202510-dev-seq-B","3","OA","18","202510-dev-tif/lm/18C/B/3/OA/1103-OA-3.csv",2025-11-03,"4","3","2"
"3-18-202510-dev-seq-B","3","OA","18","202510-dev-tif/lm/18C/B/3/OA/1103-OA-3.csv",2025-11-03,"4","3","2"
"3-18-202510-dev-seq-B","3","OA","18","202510-dev-tif/lm/18C/B/3/OA/1105-OA.csv",2025-11-05,"6","3","2"
"3-18-202510-dev-seq-B","3","OA","18","202510-dev-tif/lm/18C/B/3/OA/1105-OA.csv",2025-11-05,"6","3","2"
"3-18-202510-dev-seq-B","3","OA","18","202510-dev-tif/lm/18C/B/3/OA/1105-OA.csv",2025-11-05,"6","3","2"
"3-18-202510-dev-seq-B","3","OA","18","202510-dev-tif/lm/18C/B/3/OA/1105-OA.csv",2025-11-05,"6","3","2"
"3-18-202510-dev-seq-B","3","OA","18","202510-dev-tif/lm/18C/B/3/OA/1107-OA-2.csv",2025-11-07,"6","4","3"
"3-18-202510-dev-seq-B","3","OA","18","202510-dev-tif/lm/18C/B/3/OA/1107-OA-2.csv",2025-11-07,"6","4","3"
"3-18-202510-dev-seq-B","3","OA","18","202510-dev-tif/lm/18C/B/3/OA/1107-OA-2.csv",2025-11-07,"6","4","3"
"3-18-202510-dev-seq-B","3","OA","18","202510-dev-tif/lm/18C/B/3/OA/1107-OA-2.csv",2025-11-07,"6","4","3"
"3-18-202510-dev-seq-B","3","OA","18","202510-dev-tif/lm/18C/B/3/OA/1110-OA.csv",2025-11-10,"6","3","3"
"3-18-202510-dev-seq-B","3","OA","18","202510-dev-tif/lm/18C/B/3/OA/1110-OA.csv",2025-11-10,"6","3","3"
"3-18-202510-dev-seq-B","3","OA","18","202510-dev-tif/lm/18C/B/3/OA/1110-OA.csv",2025-11-10,"6","3","3"
"3-18-202510-dev-seq-B","3","OA","18","202510-dev-tif/lm/18C/B/3/OA/1110-OA.csv",2025-11-10,"6","3","3"
"3-18-202510-dev-seq-B","3","OA","18","202510-dev-tif/lm/18C/B/3/OA/1111-OA-2.csv",2025-11-11,"5","4","3"
"3-18-202510-dev-seq-B","3","OA","18","202510-dev-tif/lm/18C/B/3/OA/1111-OA-2.csv",2025-11-11,"5","4","3"
"3-18-202510-dev-seq-B","3","OA","18","202510-dev-tif/lm/18C/B/3/OA/1111-OA-2.csv",2025-11-11,"5","4","3"
"3-18-202510-dev-seq-B","3","OA","18","202510-dev-tif/lm/18C/B/3/OA/1111-OA-2.csv",2025-11-11,"5","4","3"
"3-18-202510-dev-seq-B","3","OA","18","202510-dev-tif/lm/18C/B/3/OA/1113-OA.csv",2025-11-13,"5","4","3"
"3-18-202510-dev-seq-B","3","OA","18","202510-dev-tif/lm/18C/B/3/OA/1113-OA.csv",2025-11-13,"5","4","3"
"3-18-202510-dev-seq-B","3","OA","18","202510-dev-tif/lm/18C/B/3/OA/1113-OA.csv",2025-11-13,"5","4","3"
"3-18-202510-dev-seq-B","3","OA","18","202510-dev-tif/lm/18C/B/3/OA/1113-OA.csv",2025-11-13,"5","4","3"
"3-18-202510-dev-seq-B","3","OA","18","202510-dev-tif/lm/18C/B/3/OA/1115-OA-2.csv",2025-11-15,"5","4","3"
"3-18-202510-dev-seq-B","3","OA","18","202510-dev-tif/lm/18C/B/3/OA/1115-OA-2.csv",2025-11-15,"5","4","3"
"3-18-202510-dev-seq-B","3","OA","18","202510-dev-tif/lm/18C/B/3/OA/1115-OA-2.csv",2025-11-15,"5","4","3"
"3-18-202510-dev-seq-B","3","OA","18","202510-dev-tif/lm/18C/B/3/OA/1115-OA-2.csv",2025-11-15,"5","4","3"
"3-18-202510-dev-seq-B","3","OA","18","202510-dev-tif/lm/18C/B/3/OA/1117-OA.csv",2025-11-17,"5","4","3"
"3-18-202510-dev-seq-B","3","OA","18","202510-dev-tif/lm/18C/B/3/OA/1117-OA.csv",2025-11-17,"5","4","3"
"3-18-202510-dev-seq-B","3","OA","18","202510-dev-tif/lm/18C/B/3/OA/1117-OA.csv",2025-11-17,"5","4","3"
"3-18-202510-dev-seq-B","3","OA","18","202510-dev-tif/lm/18C/B/3/OA/1117-OA.csv",2025-11-17,"5","4","3"
"3-18-202510-dev-seq-B","3","OA","18","202510-dev-tif/lm/18C/B/3/OA/1119-OA.csv",2025-11-19,"5","4","3"
"3-18-202510-dev-seq-B","3","OA","18","202510-dev-tif/lm/18C/B/3/OA/1119-OA.csv",2025-11-19,"5","4","3"
"3-18-202510-dev-seq-B","3","OA","18","202510-dev-tif/lm/18C/B/3/OA/1119-OA.csv",2025-11-19,"5","4","3"
"3-18-202510-dev-seq-B","3","OA","18","202510-dev-tif/lm/18C/B/3/OA/1119-OA.csv",2025-11-19,"5","4","3"
"3-18-202510-dev-seq-B","3","OA","18","202510-dev-tif/lm/18C/B/3/OA/1123-OA-2.csv",2025-11-23,"5","4","3"
"3-18-202510-dev-seq-B","3","OA","18","202510-dev-tif/lm/18C/B/3/OA/1123-OA-2.csv",2025-11-23,"5","4","3"
"3-18-202510-dev-seq-B","3","OA","18","202510-dev-tif/lm/18C/B/3/OA/1123-OA-2.csv",2025-11-23,"5","4","3"
"3-18-202510-dev-seq-B","3","OA","18","202510-dev-tif/lm/18C/B/3/OA/1123-OA-2.csv",2025-11-23,"5","4","3"
"3-18-202510-dev-seq-B","3","PA","18","202510-dev-tif/lm/18C/B/3/PA/1022-PA-4.csv",2025-10-22,"1","1","1"
"3-18-202510-dev-seq-B","3","PA","18","202510-dev-tif/lm/18C/B/3/PA/1022-PA-4.csv",2025-10-22,"1","1","1"
"3-18-202510-dev-seq-B","3","PA","18","202510-dev-tif/lm/18C/B/3/PA/1022-PA-4.csv",2025-10-22,"1","1","1"
"3-18-202510-dev-seq-B","3","PA","18","202510-dev-tif/lm/18C/B/3/PA/1022-PA-4.csv",2025-10-22,"1","1","1"
"3-18-202510-dev-seq-B","3","PA","18","202510-dev-tif/lm/18C/B/3/PA/1022-PA-4.csv",2025-10-22,"1","1","1"
"3-18-202510-dev-seq-B","3","PA","18","202510-dev-tif/lm/18C/B/3/PA/1024-PA.csv",2025-10-24,"1","1","1"
"3-18-202510-dev-seq-B","3","PA","18","202510-dev-tif/lm/18C/B/3/PA/1024-PA.csv",2025-10-24,"1","1","1"
"3-18-202510-dev-seq-B","3","PA","18","202510-dev-tif/lm/18C/B/3/PA/1024-PA.csv",2025-10-24,"1","1","1"
"3-18-202510-dev-seq-B","3","PA","18","202510-dev-tif/lm/18C/B/3/PA/1024-PA.csv",2025-10-24,"1","1","1"
"3-18-202510-dev-seq-B","3","PA","18","202510-dev-tif/lm/18C/B/3/PA/1024-PA.csv",2025-10-24,"1","1","1"
"3-18-202510-dev-seq-B","3","PA","18","202510-dev-tif/lm/18C/B/3/PA/1026-PA.csv",2025-10-26,"2","2","1"
"3-18-202510-dev-seq-B","3","PA","18","202510-dev-tif/lm/18C/B/3/PA/1026-PA.csv",2025-10-26,"2","2","1"
"3-18-202510-dev-seq-B","3","PA","18","202510-dev-tif/lm/18C/B/3/PA/1026-PA.csv",2025-10-26,"2","2","1"
"3-18-202510-dev-seq-B","3","PA","18","202510-dev-tif/lm/18C/B/3/PA/1026-PA.csv",2025-10-26,"2","2","1"
"3-18-202510-dev-seq-B","3","PA","18","202510-dev-tif/lm/18C/B/3/PA/1026-PA.csv",2025-10-26,"2","2","1"
"3-18-202510-dev-seq-B","3","PA","18","202510-dev-tif/lm/18C/B/3/PA/1028-PA-3.csv",2025-10-28,"3","2","2"
"3-18-202510-dev-seq-B","3","PA","18","202510-dev-tif/lm/18C/B/3/PA/1028-PA-3.csv",2025-10-28,"3","2","2"
"3-18-202510-dev-seq-B","3","PA","18","202510-dev-tif/lm/18C/B/3/PA/1028-PA-3.csv",2025-10-28,"3","2","2"
"3-18-202510-dev-seq-B","3","PA","18","202510-dev-tif/lm/18C/B/3/PA/1028-PA-3.csv",2025-10-28,"3","2","2"
"3-18-202510-dev-seq-B","3","PA","18","202510-dev-tif/lm/18C/B/3/PA/1028-PA-3.csv",2025-10-28,"3","2","2"
"3-18-202510-dev-seq-B","3","PA","18","202510-dev-tif/lm/18C/B/3/PA/1030-PA-2.csv",2025-10-30,"4","3","2"
"3-18-202510-dev-seq-B","3","PA","18","202510-dev-tif/lm/18C/B/3/PA/1030-PA-2.csv",2025-10-30,"4","3","2"
"3-18-202510-dev-seq-B","3","PA","18","202510-dev-tif/lm/18C/B/3/PA/1030-PA-2.csv",2025-10-30,"4","3","2"
"3-18-202510-dev-seq-B","3","PA","18","202510-dev-tif/lm/18C/B/3/PA/1030-PA-2.csv",2025-10-30,"4","3","2"
"3-18-202510-dev-seq-B","3","PA","18","202510-dev-tif/lm/18C/B/3/PA/1030-PA-2.csv",2025-10-30,"4","3","2"
"3-18-202510-dev-seq-B","3","PA","18","202510-dev-tif/lm/18C/B/3/PA/1101-PA-2.csv",2025-11-01,"3","3","2"
"3-18-202510-dev-seq-B","3","PA","18","202510-dev-tif/lm/18C/B/3/PA/1101-PA-2.csv",2025-11-01,"3","3","2"
"3-18-202510-dev-seq-B","3","PA","18","202510-dev-tif/lm/18C/B/3/PA/1101-PA-2.csv",2025-11-01,"3","3","2"
"3-18-202510-dev-seq-B","3","PA","18","202510-dev-tif/lm/18C/B/3/PA/1101-PA-2.csv",2025-11-01,"3","3","2"
"3-18-202510-dev-seq-B","3","PA","18","202510-dev-tif/lm/18C/B/3/PA/1101-PA-2.csv",2025-11-01,"3","3","2"
"3-18-202510-dev-seq-B","3","PA","18","202510-dev-tif/lm/18C/B/3/PA/1103-PA-3.csv",2025-11-03,"4","3","2"
"3-18-202510-dev-seq-B","3","PA","18","202510-dev-tif/lm/18C/B/3/PA/1103-PA-3.csv",2025-11-03,"4","3","2"
"3-18-202510-dev-seq-B","3","PA","18","202510-dev-tif/lm/18C/B/3/PA/1103-PA-3.csv",2025-11-03,"4","3","2"
"3-18-202510-dev-seq-B","3","PA","18","202510-dev-tif/lm/18C/B/3/PA/1103-PA-3.csv",2025-11-03,"4","3","2"
"3-18-202510-dev-seq-B","3","PA","18","202510-dev-tif/lm/18C/B/3/PA/1103-PA-3.csv",2025-11-03,"4","3","2"
"3-18-202510-dev-seq-B","3","PA","18","202510-dev-tif/lm/18C/B/3/PA/1105-PA.csv",2025-11-05,"6","3","2"
"3-18-202510-dev-seq-B","3","PA","18","202510-dev-tif/lm/18C/B/3/PA/1105-PA.csv",2025-11-05,"6","3","2"
"3-18-202510-dev-seq-B","3","PA","18","202510-dev-tif/lm/18C/B/3/PA/1105-PA.csv",2025-11-05,"6","3","2"
"3-18-202510-dev-seq-B","3","PA","18","202510-dev-tif/lm/18C/B/3/PA/1105-PA.csv",2025-11-05,"6","3","2"
"3-18-202510-dev-seq-B","3","PA","18","202510-dev-tif/lm/18C/B/3/PA/1105-PA.csv",2025-11-05,"6","3","2"
"3-18-202510-dev-seq-B","3","PA","18","202510-dev-tif/lm/18C/B/3/PA/1107-PA.csv",2025-11-07,"6","4","3"
"3-18-202510-dev-seq-B","3","PA","18","202510-dev-tif/lm/18C/B/3/PA/1107-PA.csv",2025-11-07,"6","4","3"
"3-18-202510-dev-seq-B","3","PA","18","202510-dev-tif/lm/18C/B/3/PA/1107-PA.csv",2025-11-07,"6","4","3"
"3-18-202510-dev-seq-B","3","PA","18","202510-dev-tif/lm/18C/B/3/PA/1107-PA.csv",2025-11-07,"6","4","3"
"3-18-202510-dev-seq-B","3","PA","18","202510-dev-tif/lm/18C/B/3/PA/1107-PA.csv",2025-11-07,"6","4","3"
"3-18-202510-dev-seq-B","3","PA","18","202510-dev-tif/lm/18C/B/3/PA/1110-PA-2.csv",2025-11-10,"6","3","3"
"3-18-202510-dev-seq-B","3","PA","18","202510-dev-tif/lm/18C/B/3/PA/1110-PA-2.csv",2025-11-10,"6","3","3"
"3-18-202510-dev-seq-B","3","PA","18","202510-dev-tif/lm/18C/B/3/PA/1110-PA-2.csv",2025-11-10,"6","3","3"
"3-18-202510-dev-seq-B","3","PA","18","202510-dev-tif/lm/18C/B/3/PA/1110-PA-2.csv",2025-11-10,"6","3","3"
"3-18-202510-dev-seq-B","3","PA","18","202510-dev-tif/lm/18C/B/3/PA/1110-PA-2.csv",2025-11-10,"6","3","3"
"3-18-202510-dev-seq-B","3","PA","18","202510-dev-tif/lm/18C/B/3/PA/1111-PA-3.csv",2025-11-11,"5","4","3"
"3-18-202510-dev-seq-B","3","PA","18","202510-dev-tif/lm/18C/B/3/PA/1111-PA-3.csv",2025-11-11,"5","4","3"
"3-18-202510-dev-seq-B","3","PA","18","202510-dev-tif/lm/18C/B/3/PA/1111-PA-3.csv",2025-11-11,"5","4","3"
"3-18-202510-dev-seq-B","3","PA","18","202510-dev-tif/lm/18C/B/3/PA/1111-PA-3.csv",2025-11-11,"5","4","3"
"3-18-202510-dev-seq-B","3","PA","18","202510-dev-tif/lm/18C/B/3/PA/1111-PA-3.csv",2025-11-11,"5","4","3"
"3-18-202510-dev-seq-B","3","PA","18","202510-dev-tif/lm/18C/B/3/PA/1113-PA-2.csv",2025-11-13,"5","4","3"
"3-18-202510-dev-seq-B","3","PA","18","202510-dev-tif/lm/18C/B/3/PA/1113-PA-2.csv",2025-11-13,"5","4","3"
"3-18-202510-dev-seq-B","3","PA","18","202510-dev-tif/lm/18C/B/3/PA/1113-PA-2.csv",2025-11-13,"5","4","3"
"3-18-202510-dev-seq-B","3","PA","18","202510-dev-tif/lm/18C/B/3/PA/1113-PA-2.csv",2025-11-13,"5","4","3"
"3-18-202510-dev-seq-B","3","PA","18","202510-dev-tif/lm/18C/B/3/PA/1113-PA-2.csv",2025-11-13,"5","4","3"
"3-18-202510-dev-seq-B","3","PA","18","202510-dev-tif/lm/18C/B/3/PA/1115-PA-3.csv",2025-11-15,"5","4","3"
"3-18-202510-dev-seq-B","3","PA","18","202510-dev-tif/lm/18C/B/3/PA/1115-PA-3.csv",2025-11-15,"5","4","3"
"3-18-202510-dev-seq-B","3","PA","18","202510-dev-tif/lm/18C/B/3/PA/1115-PA-3.csv",2025-11-15,"5","4","3"
"3-18-202510-dev-seq-B","3","PA","18","202510-dev-tif/lm/18C/B/3/PA/1115-PA-3.csv",2025-11-15,"5","4","3"
"3-18-202510-dev-seq-B","3","PA","18","202510-dev-tif/lm/18C/B/3/PA/1115-PA-3.csv",2025-11-15,"5","4","3"
"3-18-202510-dev-seq-B","3","PA","18","202510-dev-tif/lm/18C/B/3/PA/1117-PA-4.csv",2025-11-17,"5","4","3"
"3-18-202510-dev-seq-B","3","PA","18","202510-dev-tif/lm/18C/B/3/PA/1117-PA-4.csv",2025-11-17,"5","4","3"
"3-18-202510-dev-seq-B","3","PA","18","202510-dev-tif/lm/18C/B/3/PA/1117-PA-4.csv",2025-11-17,"5","4","3"
"3-18-202510-dev-seq-B","3","PA","18","202510-dev-tif/lm/18C/B/3/PA/1117-PA-4.csv",2025-11-17,"5","4","3"
"3-18-202510-dev-seq-B","3","PA","18","202510-dev-tif/lm/18C/B/3/PA/1117-PA-4.csv",2025-11-17,"5","4","3"
"3-18-202510-dev-seq-B","3","PA","18","202510-dev-tif/lm/18C/B/3/PA/1119-PA-2.csv",2025-11-19,"5","4","3"
"3-18-202510-dev-seq-B","3","PA","18","202510-dev-tif/lm/18C/B/3/PA/1119-PA-2.csv",2025-11-19,"5","4","3"
"3-18-202510-dev-seq-B","3","PA","18","202510-dev-tif/lm/18C/B/3/PA/1119-PA-2.csv",2025-11-19,"5","4","3"
"3-18-202510-dev-seq-B","3","PA","18","202510-dev-tif/lm/18C/B/3/PA/1119-PA-2.csv",2025-11-19,"5","4","3"
"3-18-202510-dev-seq-B","3","PA","18","202510-dev-tif/lm/18C/B/3/PA/1119-PA-2.csv",2025-11-19,"5","4","3"
"3-18-202510-dev-seq-B","3","PA","18","202510-dev-tif/lm/18C/B/3/PA/1123-PA.csv",2025-11-23,"5","4","3"
"3-18-202510-dev-seq-B","3","PA","18","202510-dev-tif/lm/18C/B/3/PA/1123-PA.csv",2025-11-23,"5","4","3"
"3-18-202510-dev-seq-B","3","PA","18","202510-dev-tif/lm/18C/B/3/PA/1123-PA.csv",2025-11-23,"5","4","3"
"3-18-202510-dev-seq-B","3","PA","18","202510-dev-tif/lm/18C/B/3/PA/1123-PA.csv",2025-11-23,"5","4","3"
"3-18-202510-dev-seq-B","3","PA","18","202510-dev-tif/lm/18C/B/3/PA/1123-PA.csv",2025-11-23,"5","4","3"
"3-18-202510-dev-seq-B","3","TA","18","202510-dev-tif/lm/18C/B/3/TA/1022-TA.csv",2025-10-22,"1","1","1"
"3-18-202510-dev-seq-B","3","TA","18","202510-dev-tif/lm/18C/B/3/TA/1022-TA.csv",2025-10-22,"1","1","1"
"3-18-202510-dev-seq-B","3","TA","18","202510-dev-tif/lm/18C/B/3/TA/1022-TA.csv",2025-10-22,"1","1","1"
"3-18-202510-dev-seq-B","3","TA","18","202510-dev-tif/lm/18C/B/3/TA/1022-TA.csv",2025-10-22,"1","1","1"
"3-18-202510-dev-seq-B","3","TA","18","202510-dev-tif/lm/18C/B/3/TA/1022-TA.csv",2025-10-22,"1","1","1"
"3-18-202510-dev-seq-B","3","TA","18","202510-dev-tif/lm/18C/B/3/TA/1022-TA.csv",2025-10-22,"1","1","1"
"3-18-202510-dev-seq-B","3","TA","18","202510-dev-tif/lm/18C/B/3/TA/1022-TA.csv",2025-10-22,"1","1","1"
"3-18-202510-dev-seq-B","3","TA","18","202510-dev-tif/lm/18C/B/3/TA/1022-TA.csv",2025-10-22,"1","1","1"
"3-18-202510-dev-seq-B","3","TA","18","202510-dev-tif/lm/18C/B/3/TA/1024-TA.csv",2025-10-24,"1","1","1"
"3-18-202510-dev-seq-B","3","TA","18","202510-dev-tif/lm/18C/B/3/TA/1024-TA.csv",2025-10-24,"1","1","1"
"3-18-202510-dev-seq-B","3","TA","18","202510-dev-tif/lm/18C/B/3/TA/1024-TA.csv",2025-10-24,"1","1","1"
"3-18-202510-dev-seq-B","3","TA","18","202510-dev-tif/lm/18C/B/3/TA/1024-TA.csv",2025-10-24,"1","1","1"
"3-18-202510-dev-seq-B","3","TA","18","202510-dev-tif/lm/18C/B/3/TA/1024-TA.csv",2025-10-24,"1","1","1"
"3-18-202510-dev-seq-B","3","TA","18","202510-dev-tif/lm/18C/B/3/TA/1024-TA.csv",2025-10-24,"1","1","1"
"3-18-202510-dev-seq-B","3","TA","18","202510-dev-tif/lm/18C/B/3/TA/1024-TA.csv",2025-10-24,"1","1","1"
"3-18-202510-dev-seq-B","3","TA","18","202510-dev-tif/lm/18C/B/3/TA/1024-TA.csv",2025-10-24,"1","1","1"
"3-18-202510-dev-seq-B","3","TA","18","202510-dev-tif/lm/18C/B/3/TA/1026-TA-2.csv",2025-10-26,"2","2","1"
"3-18-202510-dev-seq-B","3","TA","18","202510-dev-tif/lm/18C/B/3/TA/1026-TA-2.csv",2025-10-26,"2","2","1"
"3-18-202510-dev-seq-B","3","TA","18","202510-dev-tif/lm/18C/B/3/TA/1026-TA-2.csv",2025-10-26,"2","2","1"
"3-18-202510-dev-seq-B","3","TA","18","202510-dev-tif/lm/18C/B/3/TA/1026-TA-2.csv",2025-10-26,"2","2","1"
"3-18-202510-dev-seq-B","3","TA","18","202510-dev-tif/lm/18C/B/3/TA/1026-TA-2.csv",2025-10-26,"2","2","1"
"3-18-202510-dev-seq-B","3","TA","18","202510-dev-tif/lm/18C/B/3/TA/1026-TA-2.csv",2025-10-26,"2","2","1"
"3-18-202510-dev-seq-B","3","TA","18","202510-dev-tif/lm/18C/B/3/TA/1026-TA-2.csv",2025-10-26,"2","2","1"
"3-18-202510-dev-seq-B","3","TA","18","202510-dev-tif/lm/18C/B/3/TA/1026-TA-2.csv",2025-10-26,"2","2","1"
"3-18-202510-dev-seq-B","3","TA","18","202510-dev-tif/lm/18C/B/3/TA/1028-TA.csv",2025-10-28,"3","2","2"
"3-18-202510-dev-seq-B","3","TA","18","202510-dev-tif/lm/18C/B/3/TA/1028-TA.csv",2025-10-28,"3","2","2"
"3-18-202510-dev-seq-B","3","TA","18","202510-dev-tif/lm/18C/B/3/TA/1028-TA.csv",2025-10-28,"3","2","2"
"3-18-202510-dev-seq-B","3","TA","18","202510-dev-tif/lm/18C/B/3/TA/1028-TA.csv",2025-10-28,"3","2","2"
"3-18-202510-dev-seq-B","3","TA","18","202510-dev-tif/lm/18C/B/3/TA/1028-TA.csv",2025-10-28,"3","2","2"
"3-18-202510-dev-seq-B","3","TA","18","202510-dev-tif/lm/18C/B/3/TA/1028-TA.csv",2025-10-28,"3","2","2"
"3-18-202510-dev-seq-B","3","TA","18","202510-dev-tif/lm/18C/B/3/TA/1028-TA.csv",2025-10-28,"3","2","2"
"3-18-202510-dev-seq-B","3","TA","18","202510-dev-tif/lm/18C/B/3/TA/1028-TA.csv",2025-10-28,"3","2","2"
"3-18-202510-dev-seq-B","3","TA","18","202510-dev-tif/lm/18C/B/3/TA/1030-TA-2.csv",2025-10-30,"4","3","2"
"3-18-202510-dev-seq-B","3","TA","18","202510-dev-tif/lm/18C/B/3/TA/1030-TA-2.csv",2025-10-30,"4","3","2"
"3-18-202510-dev-seq-B","3","TA","18","202510-dev-tif/lm/18C/B/3/TA/1030-TA-2.csv",2025-10-30,"4","3","2"
"3-18-202510-dev-seq-B","3","TA","18","202510-dev-tif/lm/18C/B/3/TA/1030-TA-2.csv",2025-10-30,"4","3","2"
"3-18-202510-dev-seq-B","3","TA","18","202510-dev-tif/lm/18C/B/3/TA/1030-TA-2.csv",2025-10-30,"4","3","2"
"3-18-202510-dev-seq-B","3","TA","18","202510-dev-tif/lm/18C/B/3/TA/1030-TA-2.csv",2025-10-30,"4","3","2"
"3-18-202510-dev-seq-B","3","TA","18","202510-dev-tif/lm/18C/B/3/TA/1030-TA-2.csv",2025-10-30,"4","3","2"
"3-18-202510-dev-seq-B","3","TA","18","202510-dev-tif/lm/18C/B/3/TA/1030-TA-2.csv",2025-10-30,"4","3","2"
"3-18-202510-dev-seq-B","3","TA","18","202510-dev-tif/lm/18C/B/3/TA/1101-TA.csv",2025-11-01,"3","3","2"
"3-18-202510-dev-seq-B","3","TA","18","202510-dev-tif/lm/18C/B/3/TA/1101-TA.csv",2025-11-01,"3","3","2"
"3-18-202510-dev-seq-B","3","TA","18","202510-dev-tif/lm/18C/B/3/TA/1101-TA.csv",2025-11-01,"3","3","2"
"3-18-202510-dev-seq-B","3","TA","18","202510-dev-tif/lm/18C/B/3/TA/1101-TA.csv",2025-11-01,"3","3","2"
"3-18-202510-dev-seq-B","3","TA","18","202510-dev-tif/lm/18C/B/3/TA/1101-TA.csv",2025-11-01,"3","3","2"
"3-18-202510-dev-seq-B","3","TA","18","202510-dev-tif/lm/18C/B/3/TA/1101-TA.csv",2025-11-01,"3","3","2"
"3-18-202510-dev-seq-B","3","TA","18","202510-dev-tif/lm/18C/B/3/TA/1101-TA.csv",2025-11-01,"3","3","2"
"3-18-202510-dev-seq-B","3","TA","18","202510-dev-tif/lm/18C/B/3/TA/1101-TA.csv",2025-11-01,"3","3","2"
"3-18-202510-dev-seq-B","3","TA","18","202510-dev-tif/lm/18C/B/3/TA/1103-TA-3.csv",2025-11-03,"4","3","2"
"3-18-202510-dev-seq-B","3","TA","18","202510-dev-tif/lm/18C/B/3/TA/1103-TA-3.csv",2025-11-03,"4","3","2"
"3-18-202510-dev-seq-B","3","TA","18","202510-dev-tif/lm/18C/B/3/TA/1103-TA-3.csv",2025-11-03,"4","3","2"
"3-18-202510-dev-seq-B","3","TA","18","202510-dev-tif/lm/18C/B/3/TA/1103-TA-3.csv",2025-11-03,"4","3","2"
"3-18-202510-dev-seq-B","3","TA","18","202510-dev-tif/lm/18C/B/3/TA/1103-TA-3.csv",2025-11-03,"4","3","2"
"3-18-202510-dev-seq-B","3","TA","18","202510-dev-tif/lm/18C/B/3/TA/1103-TA-3.csv",2025-11-03,"4","3","2"
"3-18-202510-dev-seq-B","3","TA","18","202510-dev-tif/lm/18C/B/3/TA/1103-TA-3.csv",2025-11-03,"4","3","2"
"3-18-202510-dev-seq-B","3","TA","18","202510-dev-tif/lm/18C/B/3/TA/1103-TA-3.csv",2025-11-03,"4","3","2"
"3-18-202510-dev-seq-B","3","TA","18","202510-dev-tif/lm/18C/B/3/TA/1105-TA-2.csv",2025-11-05,"6","3","2"
"3-18-202510-dev-seq-B","3","TA","18","202510-dev-tif/lm/18C/B/3/TA/1105-TA-2.csv",2025-11-05,"6","3","2"
"3-18-202510-dev-seq-B","3","TA","18","202510-dev-tif/lm/18C/B/3/TA/1105-TA-2.csv",2025-11-05,"6","3","2"
"3-18-202510-dev-seq-B","3","TA","18","202510-dev-tif/lm/18C/B/3/TA/1105-TA-2.csv",2025-11-05,"6","3","2"
"3-18-202510-dev-seq-B","3","TA","18","202510-dev-tif/lm/18C/B/3/TA/1105-TA-2.csv",2025-11-05,"6","3","2"
"3-18-202510-dev-seq-B","3","TA","18","202510-dev-tif/lm/18C/B/3/TA/1105-TA-2.csv",2025-11-05,"6","3","2"
"3-18-202510-dev-seq-B","3","TA","18","202510-dev-tif/lm/18C/B/3/TA/1105-TA-2.csv",2025-11-05,"6","3","2"
"3-18-202510-dev-seq-B","3","TA","18","202510-dev-tif/lm/18C/B/3/TA/1105-TA-2.csv",2025-11-05,"6","3","2"
"3-18-202510-dev-seq-B","3","TA","18","202510-dev-tif/lm/18C/B/3/TA/1107-TA.csv",2025-11-07,"6","4","3"
"3-18-202510-dev-seq-B","3","TA","18","202510-dev-tif/lm/18C/B/3/TA/1107-TA.csv",2025-11-07,"6","4","3"
"3-18-202510-dev-seq-B","3","TA","18","202510-dev-tif/lm/18C/B/3/TA/1107-TA.csv",2025-11-07,"6","4","3"
"3-18-202510-dev-seq-B","3","TA","18","202510-dev-tif/lm/18C/B/3/TA/1107-TA.csv",2025-11-07,"6","4","3"
"3-18-202510-dev-seq-B","3","TA","18","202510-dev-tif/lm/18C/B/3/TA/1107-TA.csv",2025-11-07,"6","4","3"
"3-18-202510-dev-seq-B","3","TA","18","202510-dev-tif/lm/18C/B/3/TA/1107-TA.csv",2025-11-07,"6","4","3"
"3-18-202510-dev-seq-B","3","TA","18","202510-dev-tif/lm/18C/B/3/TA/1107-TA.csv",2025-11-07,"6","4","3"
"3-18-202510-dev-seq-B","3","TA","18","202510-dev-tif/lm/18C/B/3/TA/1107-TA.csv",2025-11-07,"6","4","3"
"3-18-202510-dev-seq-B","3","TA","18","202510-dev-tif/lm/18C/B/3/TA/1110-TA-3.csv",2025-11-10,"6","3","3"
"3-18-202510-dev-seq-B","3","TA","18","202510-dev-tif/lm/18C/B/3/TA/1110-TA-3.csv",2025-11-10,"6","3","3"
"3-18-202510-dev-seq-B","3","TA","18","202510-dev-tif/lm/18C/B/3/TA/1110-TA-3.csv",2025-11-10,"6","3","3"
"3-18-202510-dev-seq-B","3","TA","18","202510-dev-tif/lm/18C/B/3/TA/1110-TA-3.csv",2025-11-10,"6","3","3"
"3-18-202510-dev-seq-B","3","TA","18","202510-dev-tif/lm/18C/B/3/TA/1110-TA-3.csv",2025-11-10,"6","3","3"
"3-18-202510-dev-seq-B","3","TA","18","202510-dev-tif/lm/18C/B/3/TA/1110-TA-3.csv",2025-11-10,"6","3","3"
"3-18-202510-dev-seq-B","3","TA","18","202510-dev-tif/lm/18C/B/3/TA/1110-TA-3.csv",2025-11-10,"6","3","3"
"3-18-202510-dev-seq-B","3","TA","18","202510-dev-tif/lm/18C/B/3/TA/1110-TA-3.csv",2025-11-10,"6","3","3"
"3-18-202510-dev-seq-B","3","TA","18","202510-dev-tif/lm/18C/B/3/TA/1111-TA-2.csv",2025-11-11,"5","4","3"
"3-18-202510-dev-seq-B","3","TA","18","202510-dev-tif/lm/18C/B/3/TA/1111-TA-2.csv",2025-11-11,"5","4","3"
"3-18-202510-dev-seq-B","3","TA","18","202510-dev-tif/lm/18C/B/3/TA/1111-TA-2.csv",2025-11-11,"5","4","3"
"3-18-202510-dev-seq-B","3","TA","18","202510-dev-tif/lm/18C/B/3/TA/1111-TA-2.csv",2025-11-11,"5","4","3"
"3-18-202510-dev-seq-B","3","TA","18","202510-dev-tif/lm/18C/B/3/TA/1111-TA-2.csv",2025-11-11,"5","4","3"
"3-18-202510-dev-seq-B","3","TA","18","202510-dev-tif/lm/18C/B/3/TA/1111-TA-2.csv",2025-11-11,"5","4","3"
"3-18-202510-dev-seq-B","3","TA","18","202510-dev-tif/lm/18C/B/3/TA/1111-TA-2.csv",2025-11-11,"5","4","3"
"3-18-202510-dev-seq-B","3","TA","18","202510-dev-tif/lm/18C/B/3/TA/1111-TA-2.csv",2025-11-11,"5","4","3"
"3-18-202510-dev-seq-B","3","TA","18","202510-dev-tif/lm/18C/B/3/TA/1113-TA-4.csv",2025-11-13,"5","4","3"
"3-18-202510-dev-seq-B","3","TA","18","202510-dev-tif/lm/18C/B/3/TA/1113-TA-4.csv",2025-11-13,"5","4","3"
"3-18-202510-dev-seq-B","3","TA","18","202510-dev-tif/lm/18C/B/3/TA/1113-TA-4.csv",2025-11-13,"5","4","3"
"3-18-202510-dev-seq-B","3","TA","18","202510-dev-tif/lm/18C/B/3/TA/1113-TA-4.csv",2025-11-13,"5","4","3"
"3-18-202510-dev-seq-B","3","TA","18","202510-dev-tif/lm/18C/B/3/TA/1113-TA-4.csv",2025-11-13,"5","4","3"
"3-18-202510-dev-seq-B","3","TA","18","202510-dev-tif/lm/18C/B/3/TA/1113-TA-4.csv",2025-11-13,"5","4","3"
"3-18-202510-dev-seq-B","3","TA","18","202510-dev-tif/lm/18C/B/3/TA/1113-TA-4.csv",2025-11-13,"5","4","3"
"3-18-202510-dev-seq-B","3","TA","18","202510-dev-tif/lm/18C/B/3/TA/1113-TA-4.csv",2025-11-13,"5","4","3"
"3-18-202510-dev-seq-B","3","TA","18","202510-dev-tif/lm/18C/B/3/TA/1115-TA-2.csv",2025-11-15,"5","4","3"
"3-18-202510-dev-seq-B","3","TA","18","202510-dev-tif/lm/18C/B/3/TA/1115-TA-2.csv",2025-11-15,"5","4","3"
"3-18-202510-dev-seq-B","3","TA","18","202510-dev-tif/lm/18C/B/3/TA/1115-TA-2.csv",2025-11-15,"5","4","3"
"3-18-202510-dev-seq-B","3","TA","18","202510-dev-tif/lm/18C/B/3/TA/1115-TA-2.csv",2025-11-15,"5","4","3"
"3-18-202510-dev-seq-B","3","TA","18","202510-dev-tif/lm/18C/B/3/TA/1115-TA-2.csv",2025-11-15,"5","4","3"
"3-18-202510-dev-seq-B","3","TA","18","202510-dev-tif/lm/18C/B/3/TA/1115-TA-2.csv",2025-11-15,"5","4","3"
"3-18-202510-dev-seq-B","3","TA","18","202510-dev-tif/lm/18C/B/3/TA/1115-TA-2.csv",2025-11-15,"5","4","3"
"3-18-202510-dev-seq-B","3","TA","18","202510-dev-tif/lm/18C/B/3/TA/1115-TA-2.csv",2025-11-15,"5","4","3"
"3-18-202510-dev-seq-B","3","TA","18","202510-dev-tif/lm/18C/B/3/TA/1117-TA-4.csv",2025-11-17,"5","4","3"
"3-18-202510-dev-seq-B","3","TA","18","202510-dev-tif/lm/18C/B/3/TA/1117-TA-4.csv",2025-11-17,"5","4","3"
"3-18-202510-dev-seq-B","3","TA","18","202510-dev-tif/lm/18C/B/3/TA/1117-TA-4.csv",2025-11-17,"5","4","3"
"3-18-202510-dev-seq-B","3","TA","18","202510-dev-tif/lm/18C/B/3/TA/1117-TA-4.csv",2025-11-17,"5","4","3"
"3-18-202510-dev-seq-B","3","TA","18","202510-dev-tif/lm/18C/B/3/TA/1117-TA-4.csv",2025-11-17,"5","4","3"
"3-18-202510-dev-seq-B","3","TA","18","202510-dev-tif/lm/18C/B/3/TA/1117-TA-4.csv",2025-11-17,"5","4","3"
"3-18-202510-dev-seq-B","3","TA","18","202510-dev-tif/lm/18C/B/3/TA/1117-TA-4.csv",2025-11-17,"5","4","3"
"3-18-202510-dev-seq-B","3","TA","18","202510-dev-tif/lm/18C/B/3/TA/1117-TA-4.csv",2025-11-17,"5","4","3"
"3-18-202510-dev-seq-B","3","TA","18","202510-dev-tif/lm/18C/B/3/TA/1119-TA-2.csv",2025-11-19,"5","4","3"
"3-18-202510-dev-seq-B","3","TA","18","202510-dev-tif/lm/18C/B/3/TA/1119-TA-2.csv",2025-11-19,"5","4","3"
"3-18-202510-dev-seq-B","3","TA","18","202510-dev-tif/lm/18C/B/3/TA/1119-TA-2.csv",2025-11-19,"5","4","3"
"3-18-202510-dev-seq-B","3","TA","18","202510-dev-tif/lm/18C/B/3/TA/1119-TA-2.csv",2025-11-19,"5","4","3"
"3-18-202510-dev-seq-B","3","TA","18","202510-dev-tif/lm/18C/B/3/TA/1119-TA-2.csv",2025-11-19,"5","4","3"
"3-18-202510-dev-seq-B","3","TA","18","202510-dev-tif/lm/18C/B/3/TA/1119-TA-2.csv",2025-11-19,"5","4","3"
"3-18-202510-dev-seq-B","3","TA","18","202510-dev-tif/lm/18C/B/3/TA/1119-TA-2.csv",2025-11-19,"5","4","3"
"3-18-202510-dev-seq-B","3","TA","18","202510-dev-tif/lm/18C/B/3/TA/1119-TA-2.csv",2025-11-19,"5","4","3"
"3-18-202510-dev-seq-B","3","TA","18","202510-dev-tif/lm/18C/B/3/TA/1123-TA-3.csv",2025-11-23,"5","4","3"
"3-18-202510-dev-seq-B","3","TA","18","202510-dev-tif/lm/18C/B/3/TA/1123-TA-3.csv",2025-11-23,"5","4","3"
"3-18-202510-dev-seq-B","3","TA","18","202510-dev-tif/lm/18C/B/3/TA/1123-TA-3.csv",2025-11-23,"5","4","3"
"3-18-202510-dev-seq-B","3","TA","18","202510-dev-tif/lm/18C/B/3/TA/1123-TA-3.csv",2025-11-23,"5","4","3"
"3-18-202510-dev-seq-B","3","TA","18","202510-dev-tif/lm/18C/B/3/TA/1123-TA-3.csv",2025-11-23,"5","4","3"
"3-18-202510-dev-seq-B","3","TA","18","202510-dev-tif/lm/18C/B/3/TA/1123-TA-3.csv",2025-11-23,"5","4","3"
"3-18-202510-dev-seq-B","3","TA","18","202510-dev-tif/lm/18C/B/3/TA/1123-TA-3.csv",2025-11-23,"5","4","3"
"3-18-202510-dev-seq-B","3","TA","18","202510-dev-tif/lm/18C/B/3/TA/1123-TA-3.csv",2025-11-23,"5","4","3"
"5-18-202510-dev-seq-B","5","OA","18","202510-dev-tif/lm/18C/B/5/OA/1026-OA-2.csv",2025-10-26,"2","2","1"
"5-18-202510-dev-seq-B","5","OA","18","202510-dev-tif/lm/18C/B/5/OA/1026-OA-2.csv",2025-10-26,"2","2","1"
"5-18-202510-dev-seq-B","5","OA","18","202510-dev-tif/lm/18C/B/5/OA/1026-OA-2.csv",2025-10-26,"2","2","1"
"5-18-202510-dev-seq-B","5","OA","18","202510-dev-tif/lm/18C/B/5/OA/1026-OA-2.csv",2025-10-26,"2","2","1"
"5-18-202510-dev-seq-B","5","OA","18","202510-dev-tif/lm/18C/B/5/OA/1028-OA.csv",2025-10-28,"3","2","2"
"5-18-202510-dev-seq-B","5","OA","18","202510-dev-tif/lm/18C/B/5/OA/1028-OA.csv",2025-10-28,"3","2","2"
"5-18-202510-dev-seq-B","5","OA","18","202510-dev-tif/lm/18C/B/5/OA/1028-OA.csv",2025-10-28,"3","2","2"
"5-18-202510-dev-seq-B","5","OA","18","202510-dev-tif/lm/18C/B/5/OA/1028-OA.csv",2025-10-28,"3","2","2"
"5-18-202510-dev-seq-B","5","OA","18","202510-dev-tif/lm/18C/B/5/OA/1030-OA.csv",2025-10-30,"4","2","2"
"5-18-202510-dev-seq-B","5","OA","18","202510-dev-tif/lm/18C/B/5/OA/1030-OA.csv",2025-10-30,"4","2","2"
"5-18-202510-dev-seq-B","5","OA","18","202510-dev-tif/lm/18C/B/5/OA/1030-OA.csv",2025-10-30,"4","2","2"
"5-18-202510-dev-seq-B","5","OA","18","202510-dev-tif/lm/18C/B/5/OA/1030-OA.csv",2025-10-30,"4","2","2"
"5-18-202510-dev-seq-B","5","OA","18","202510-dev-tif/lm/18C/B/5/OA/1101-OA.csv",2025-11-01,"4","3","2"
"5-18-202510-dev-seq-B","5","OA","18","202510-dev-tif/lm/18C/B/5/OA/1101-OA.csv",2025-11-01,"4","3","2"
"5-18-202510-dev-seq-B","5","OA","18","202510-dev-tif/lm/18C/B/5/OA/1101-OA.csv",2025-11-01,"4","3","2"
"5-18-202510-dev-seq-B","5","OA","18","202510-dev-tif/lm/18C/B/5/OA/1101-OA.csv",2025-11-01,"4","3","2"
"5-18-202510-dev-seq-B","5","OA","18","202510-dev-tif/lm/18C/B/5/OA/1103-OA.csv",2025-11-03,"6","3","3"
"5-18-202510-dev-seq-B","5","OA","18","202510-dev-tif/lm/18C/B/5/OA/1103-OA.csv",2025-11-03,"6","3","3"
"5-18-202510-dev-seq-B","5","OA","18","202510-dev-tif/lm/18C/B/5/OA/1103-OA.csv",2025-11-03,"6","3","3"
"5-18-202510-dev-seq-B","5","OA","18","202510-dev-tif/lm/18C/B/5/OA/1103-OA.csv",2025-11-03,"6","3","3"
"5-18-202510-dev-seq-B","5","OA","18","202510-dev-tif/lm/18C/B/5/OA/1105-OA.csv",2025-11-05,"8","4","3"
"5-18-202510-dev-seq-B","5","OA","18","202510-dev-tif/lm/18C/B/5/OA/1105-OA.csv",2025-11-05,"8","4","3"
"5-18-202510-dev-seq-B","5","OA","18","202510-dev-tif/lm/18C/B/5/OA/1105-OA.csv",2025-11-05,"8","4","3"
"5-18-202510-dev-seq-B","5","OA","18","202510-dev-tif/lm/18C/B/5/OA/1105-OA.csv",2025-11-05,"8","4","3"
"5-18-202510-dev-seq-B","5","OA","18","202510-dev-tif/lm/18C/B/5/OA/1107-OA-3.csv",2025-11-07,"8","4","3"
"5-18-202510-dev-seq-B","5","OA","18","202510-dev-tif/lm/18C/B/5/OA/1107-OA-3.csv",2025-11-07,"8","4","3"
"5-18-202510-dev-seq-B","5","OA","18","202510-dev-tif/lm/18C/B/5/OA/1107-OA-3.csv",2025-11-07,"8","4","3"
"5-18-202510-dev-seq-B","5","OA","18","202510-dev-tif/lm/18C/B/5/OA/1107-OA-3.csv",2025-11-07,"8","4","3"
"5-18-202510-dev-seq-B","5","OA","18","202510-dev-tif/lm/18C/B/5/OA/1110-OA-3.csv",2025-11-10,"8","4","3"
"5-18-202510-dev-seq-B","5","OA","18","202510-dev-tif/lm/18C/B/5/OA/1110-OA-3.csv",2025-11-10,"8","4","3"
"5-18-202510-dev-seq-B","5","OA","18","202510-dev-tif/lm/18C/B/5/OA/1110-OA-3.csv",2025-11-10,"8","4","3"
"5-18-202510-dev-seq-B","5","OA","18","202510-dev-tif/lm/18C/B/5/OA/1110-OA-3.csv",2025-11-10,"8","4","3"
"5-18-202510-dev-seq-B","5","OA","18","202510-dev-tif/lm/18C/B/5/OA/1111-OA.csv",2025-11-11,"8","4","3"
"5-18-202510-dev-seq-B","5","OA","18","202510-dev-tif/lm/18C/B/5/OA/1111-OA.csv",2025-11-11,"8","4","3"
"5-18-202510-dev-seq-B","5","OA","18","202510-dev-tif/lm/18C/B/5/OA/1111-OA.csv",2025-11-11,"8","4","3"
"5-18-202510-dev-seq-B","5","OA","18","202510-dev-tif/lm/18C/B/5/OA/1111-OA.csv",2025-11-11,"8","4","3"
"5-18-202510-dev-seq-B","5","OA","18","202510-dev-tif/lm/18C/B/5/OA/1113-OA.csv",2025-11-13,"8","4","3"
"5-18-202510-dev-seq-B","5","OA","18","202510-dev-tif/lm/18C/B/5/OA/1113-OA.csv",2025-11-13,"8","4","3"
"5-18-202510-dev-seq-B","5","OA","18","202510-dev-tif/lm/18C/B/5/OA/1113-OA.csv",2025-11-13,"8","4","3"
"5-18-202510-dev-seq-B","5","OA","18","202510-dev-tif/lm/18C/B/5/OA/1113-OA.csv",2025-11-13,"8","4","3"
"5-18-202510-dev-seq-B","5","OA","18","202510-dev-tif/lm/18C/B/5/OA/1115-OA-3.csv",2025-11-15,"8","4","3"
"5-18-202510-dev-seq-B","5","OA","18","202510-dev-tif/lm/18C/B/5/OA/1115-OA-3.csv",2025-11-15,"8","4","3"
"5-18-202510-dev-seq-B","5","OA","18","202510-dev-tif/lm/18C/B/5/OA/1115-OA-3.csv",2025-11-15,"8","4","3"
"5-18-202510-dev-seq-B","5","OA","18","202510-dev-tif/lm/18C/B/5/OA/1115-OA-3.csv",2025-11-15,"8","4","3"
"5-18-202510-dev-seq-B","5","OA","18","202510-dev-tif/lm/18C/B/5/OA/1117-OA-2.csv",2025-11-17,"9","5","4"
"5-18-202510-dev-seq-B","5","OA","18","202510-dev-tif/lm/18C/B/5/OA/1117-OA-2.csv",2025-11-17,"9","5","4"
"5-18-202510-dev-seq-B","5","OA","18","202510-dev-tif/lm/18C/B/5/OA/1117-OA-2.csv",2025-11-17,"9","5","4"
"5-18-202510-dev-seq-B","5","OA","18","202510-dev-tif/lm/18C/B/5/OA/1117-OA-2.csv",2025-11-17,"9","5","4"
"5-18-202510-dev-seq-B","5","OA","18","202510-dev-tif/lm/18C/B/5/OA/1119-OA.csv",2025-11-19,"9","5","4"
"5-18-202510-dev-seq-B","5","OA","18","202510-dev-tif/lm/18C/B/5/OA/1119-OA.csv",2025-11-19,"9","5","4"
"5-18-202510-dev-seq-B","5","OA","18","202510-dev-tif/lm/18C/B/5/OA/1119-OA.csv",2025-11-19,"9","5","4"
"5-18-202510-dev-seq-B","5","OA","18","202510-dev-tif/lm/18C/B/5/OA/1119-OA.csv",2025-11-19,"9","5","4"
"5-18-202510-dev-seq-B","5","OA","18","202510-dev-tif/lm/18C/B/5/OA/1123-OA.csv",2025-11-23,"9","5","4"
"5-18-202510-dev-seq-B","5","OA","18","202510-dev-tif/lm/18C/B/5/OA/1123-OA.csv",2025-11-23,"9","5","4"
"5-18-202510-dev-seq-B","5","OA","18","202510-dev-tif/lm/18C/B/5/OA/1123-OA.csv",2025-11-23,"9","5","4"
"5-18-202510-dev-seq-B","5","OA","18","202510-dev-tif/lm/18C/B/5/OA/1123-OA.csv",2025-11-23,"9","5","4"
"5-18-202510-dev-seq-B","5","PA","18","202510-dev-tif/lm/18C/B/5/PA/1026-PA-3.csv",2025-10-26,"2","2","1"
"5-18-202510-dev-seq-B","5","PA","18","202510-dev-tif/lm/18C/B/5/PA/1026-PA-3.csv",2025-10-26,"2","2","1"
"5-18-202510-dev-seq-B","5","PA","18","202510-dev-tif/lm/18C/B/5/PA/1026-PA-3.csv",2025-10-26,"2","2","1"
"5-18-202510-dev-seq-B","5","PA","18","202510-dev-tif/lm/18C/B/5/PA/1026-PA-3.csv",2025-10-26,"2","2","1"
"5-18-202510-dev-seq-B","5","PA","18","202510-dev-tif/lm/18C/B/5/PA/1026-PA-3.csv",2025-10-26,"2","2","1"
"5-18-202510-dev-seq-B","5","PA","18","202510-dev-tif/lm/18C/B/5/PA/1028-PA.csv",2025-10-28,"3","2","2"
"5-18-202510-dev-seq-B","5","PA","18","202510-dev-tif/lm/18C/B/5/PA/1028-PA.csv",2025-10-28,"3","2","2"
"5-18-202510-dev-seq-B","5","PA","18","202510-dev-tif/lm/18C/B/5/PA/1028-PA.csv",2025-10-28,"3","2","2"
"5-18-202510-dev-seq-B","5","PA","18","202510-dev-tif/lm/18C/B/5/PA/1028-PA.csv",2025-10-28,"3","2","2"
"5-18-202510-dev-seq-B","5","PA","18","202510-dev-tif/lm/18C/B/5/PA/1028-PA.csv",2025-10-28,"3","2","2"
"5-18-202510-dev-seq-B","5","PA","18","202510-dev-tif/lm/18C/B/5/PA/1030-PA.csv",2025-10-30,"4","2","2"
"5-18-202510-dev-seq-B","5","PA","18","202510-dev-tif/lm/18C/B/5/PA/1030-PA.csv",2025-10-30,"4","2","2"
"5-18-202510-dev-seq-B","5","PA","18","202510-dev-tif/lm/18C/B/5/PA/1030-PA.csv",2025-10-30,"4","2","2"
"5-18-202510-dev-seq-B","5","PA","18","202510-dev-tif/lm/18C/B/5/PA/1030-PA.csv",2025-10-30,"4","2","2"
"5-18-202510-dev-seq-B","5","PA","18","202510-dev-tif/lm/18C/B/5/PA/1030-PA.csv",2025-10-30,"4","2","2"
"5-18-202510-dev-seq-B","5","PA","18","202510-dev-tif/lm/18C/B/5/PA/1101-PA.csv",2025-11-01,"4","3","2"
"5-18-202510-dev-seq-B","5","PA","18","202510-dev-tif/lm/18C/B/5/PA/1101-PA.csv",2025-11-01,"4","3","2"
"5-18-202510-dev-seq-B","5","PA","18","202510-dev-tif/lm/18C/B/5/PA/1101-PA.csv",2025-11-01,"4","3","2"
"5-18-202510-dev-seq-B","5","PA","18","202510-dev-tif/lm/18C/B/5/PA/1101-PA.csv",2025-11-01,"4","3","2"
"5-18-202510-dev-seq-B","5","PA","18","202510-dev-tif/lm/18C/B/5/PA/1101-PA.csv",2025-11-01,"4","3","2"
"5-18-202510-dev-seq-B","5","PA","18","202510-dev-tif/lm/18C/B/5/PA/1103-PA-3.csv",2025-11-03,"6","3","3"
"5-18-202510-dev-seq-B","5","PA","18","202510-dev-tif/lm/18C/B/5/PA/1103-PA-3.csv",2025-11-03,"6","3","3"
"5-18-202510-dev-seq-B","5","PA","18","202510-dev-tif/lm/18C/B/5/PA/1103-PA-3.csv",2025-11-03,"6","3","3"
"5-18-202510-dev-seq-B","5","PA","18","202510-dev-tif/lm/18C/B/5/PA/1103-PA-3.csv",2025-11-03,"6","3","3"
"5-18-202510-dev-seq-B","5","PA","18","202510-dev-tif/lm/18C/B/5/PA/1103-PA-3.csv",2025-11-03,"6","3","3"
"5-18-202510-dev-seq-B","5","PA","18","202510-dev-tif/lm/18C/B/5/PA/1105-PA.csv",2025-11-05,"8","4","3"
"5-18-202510-dev-seq-B","5","PA","18","202510-dev-tif/lm/18C/B/5/PA/1105-PA.csv",2025-11-05,"8","4","3"
"5-18-202510-dev-seq-B","5","PA","18","202510-dev-tif/lm/18C/B/5/PA/1105-PA.csv",2025-11-05,"8","4","3"
"5-18-202510-dev-seq-B","5","PA","18","202510-dev-tif/lm/18C/B/5/PA/1105-PA.csv",2025-11-05,"8","4","3"
"5-18-202510-dev-seq-B","5","PA","18","202510-dev-tif/lm/18C/B/5/PA/1105-PA.csv",2025-11-05,"8","4","3"
"5-18-202510-dev-seq-B","5","PA","18","202510-dev-tif/lm/18C/B/5/PA/1107-PA-2.csv",2025-11-07,"8","4","3"
"5-18-202510-dev-seq-B","5","PA","18","202510-dev-tif/lm/18C/B/5/PA/1107-PA-2.csv",2025-11-07,"8","4","3"
"5-18-202510-dev-seq-B","5","PA","18","202510-dev-tif/lm/18C/B/5/PA/1107-PA-2.csv",2025-11-07,"8","4","3"
"5-18-202510-dev-seq-B","5","PA","18","202510-dev-tif/lm/18C/B/5/PA/1107-PA-2.csv",2025-11-07,"8","4","3"
"5-18-202510-dev-seq-B","5","PA","18","202510-dev-tif/lm/18C/B/5/PA/1107-PA-2.csv",2025-11-07,"8","4","3"
"5-18-202510-dev-seq-B","5","PA","18","202510-dev-tif/lm/18C/B/5/PA/1110-PA-2.csv",2025-11-10,"8","4","3"
"5-18-202510-dev-seq-B","5","PA","18","202510-dev-tif/lm/18C/B/5/PA/1110-PA-2.csv",2025-11-10,"8","4","3"
"5-18-202510-dev-seq-B","5","PA","18","202510-dev-tif/lm/18C/B/5/PA/1110-PA-2.csv",2025-11-10,"8","4","3"
"5-18-202510-dev-seq-B","5","PA","18","202510-dev-tif/lm/18C/B/5/PA/1110-PA-2.csv",2025-11-10,"8","4","3"
"5-18-202510-dev-seq-B","5","PA","18","202510-dev-tif/lm/18C/B/5/PA/1110-PA-2.csv",2025-11-10,"8","4","3"
"5-18-202510-dev-seq-B","5","PA","18","202510-dev-tif/lm/18C/B/5/PA/1111-PA-4.csv",2025-11-11,"8","4","3"
"5-18-202510-dev-seq-B","5","PA","18","202510-dev-tif/lm/18C/B/5/PA/1111-PA-4.csv",2025-11-11,"8","4","3"
"5-18-202510-dev-seq-B","5","PA","18","202510-dev-tif/lm/18C/B/5/PA/1111-PA-4.csv",2025-11-11,"8","4","3"
"5-18-202510-dev-seq-B","5","PA","18","202510-dev-tif/lm/18C/B/5/PA/1111-PA-4.csv",2025-11-11,"8","4","3"
"5-18-202510-dev-seq-B","5","PA","18","202510-dev-tif/lm/18C/B/5/PA/1111-PA-4.csv",2025-11-11,"8","4","3"
"5-18-202510-dev-seq-B","5","PA","18","202510-dev-tif/lm/18C/B/5/PA/1113-PA.csv",2025-11-13,"8","4","3"
"5-18-202510-dev-seq-B","5","PA","18","202510-dev-tif/lm/18C/B/5/PA/1113-PA.csv",2025-11-13,"8","4","3"
"5-18-202510-dev-seq-B","5","PA","18","202510-dev-tif/lm/18C/B/5/PA/1113-PA.csv",2025-11-13,"8","4","3"
"5-18-202510-dev-seq-B","5","PA","18","202510-dev-tif/lm/18C/B/5/PA/1113-PA.csv",2025-11-13,"8","4","3"
"5-18-202510-dev-seq-B","5","PA","18","202510-dev-tif/lm/18C/B/5/PA/1113-PA.csv",2025-11-13,"8","4","3"
"5-18-202510-dev-seq-B","5","PA","18","202510-dev-tif/lm/18C/B/5/PA/1115-PA-2.csv",2025-11-15,"8","4","3"
"5-18-202510-dev-seq-B","5","PA","18","202510-dev-tif/lm/18C/B/5/PA/1115-PA-2.csv",2025-11-15,"8","4","3"
"5-18-202510-dev-seq-B","5","PA","18","202510-dev-tif/lm/18C/B/5/PA/1115-PA-2.csv",2025-11-15,"8","4","3"
"5-18-202510-dev-seq-B","5","PA","18","202510-dev-tif/lm/18C/B/5/PA/1115-PA-2.csv",2025-11-15,"8","4","3"
"5-18-202510-dev-seq-B","5","PA","18","202510-dev-tif/lm/18C/B/5/PA/1115-PA-2.csv",2025-11-15,"8","4","3"
"5-18-202510-dev-seq-B","5","PA","18","202510-dev-tif/lm/18C/B/5/PA/1117-PA-4.csv",2025-11-17,"9","5","4"
"5-18-202510-dev-seq-B","5","PA","18","202510-dev-tif/lm/18C/B/5/PA/1117-PA-4.csv",2025-11-17,"9","5","4"
"5-18-202510-dev-seq-B","5","PA","18","202510-dev-tif/lm/18C/B/5/PA/1117-PA-4.csv",2025-11-17,"9","5","4"
"5-18-202510-dev-seq-B","5","PA","18","202510-dev-tif/lm/18C/B/5/PA/1117-PA-4.csv",2025-11-17,"9","5","4"
"5-18-202510-dev-seq-B","5","PA","18","202510-dev-tif/lm/18C/B/5/PA/1117-PA-4.csv",2025-11-17,"9","5","4"
"5-18-202510-dev-seq-B","5","PA","18","202510-dev-tif/lm/18C/B/5/PA/1119-PA-5.csv",2025-11-19,"9","5","4"
"5-18-202510-dev-seq-B","5","PA","18","202510-dev-tif/lm/18C/B/5/PA/1119-PA-5.csv",2025-11-19,"9","5","4"
"5-18-202510-dev-seq-B","5","PA","18","202510-dev-tif/lm/18C/B/5/PA/1119-PA-5.csv",2025-11-19,"9","5","4"
"5-18-202510-dev-seq-B","5","PA","18","202510-dev-tif/lm/18C/B/5/PA/1119-PA-5.csv",2025-11-19,"9","5","4"
"5-18-202510-dev-seq-B","5","PA","18","202510-dev-tif/lm/18C/B/5/PA/1119-PA-5.csv",2025-11-19,"9","5","4"
"5-18-202510-dev-seq-B","5","PA","18","202510-dev-tif/lm/18C/B/5/PA/1123-PA.csv",2025-11-23,"9","5","4"
"5-18-202510-dev-seq-B","5","PA","18","202510-dev-tif/lm/18C/B/5/PA/1123-PA.csv",2025-11-23,"9","5","4"
"5-18-202510-dev-seq-B","5","PA","18","202510-dev-tif/lm/18C/B/5/PA/1123-PA.csv",2025-11-23,"9","5","4"
"5-18-202510-dev-seq-B","5","PA","18","202510-dev-tif/lm/18C/B/5/PA/1123-PA.csv",2025-11-23,"9","5","4"
"5-18-202510-dev-seq-B","5","PA","18","202510-dev-tif/lm/18C/B/5/PA/1123-PA.csv",2025-11-23,"9","5","4"
"5-18-202510-dev-seq-B","5","TA","18","202510-dev-tif/lm/18C/B/5/TA/1026-TA-3.csv",2025-10-26,"2","2","1"
"5-18-202510-dev-seq-B","5","TA","18","202510-dev-tif/lm/18C/B/5/TA/1026-TA-3.csv",2025-10-26,"2","2","1"
"5-18-202510-dev-seq-B","5","TA","18","202510-dev-tif/lm/18C/B/5/TA/1026-TA-3.csv",2025-10-26,"2","2","1"
"5-18-202510-dev-seq-B","5","TA","18","202510-dev-tif/lm/18C/B/5/TA/1026-TA-3.csv",2025-10-26,"2","2","1"
"5-18-202510-dev-seq-B","5","TA","18","202510-dev-tif/lm/18C/B/5/TA/1026-TA-3.csv",2025-10-26,"2","2","1"
"5-18-202510-dev-seq-B","5","TA","18","202510-dev-tif/lm/18C/B/5/TA/1026-TA-3.csv",2025-10-26,"2","2","1"
"5-18-202510-dev-seq-B","5","TA","18","202510-dev-tif/lm/18C/B/5/TA/1026-TA-3.csv",2025-10-26,"2","2","1"
"5-18-202510-dev-seq-B","5","TA","18","202510-dev-tif/lm/18C/B/5/TA/1026-TA-3.csv",2025-10-26,"2","2","1"
"5-18-202510-dev-seq-B","5","TA","18","202510-dev-tif/lm/18C/B/5/TA/1028-TA-2.csv",2025-10-28,"3","2","2"
"5-18-202510-dev-seq-B","5","TA","18","202510-dev-tif/lm/18C/B/5/TA/1028-TA-2.csv",2025-10-28,"3","2","2"
"5-18-202510-dev-seq-B","5","TA","18","202510-dev-tif/lm/18C/B/5/TA/1028-TA-2.csv",2025-10-28,"3","2","2"
"5-18-202510-dev-seq-B","5","TA","18","202510-dev-tif/lm/18C/B/5/TA/1028-TA-2.csv",2025-10-28,"3","2","2"
"5-18-202510-dev-seq-B","5","TA","18","202510-dev-tif/lm/18C/B/5/TA/1028-TA-2.csv",2025-10-28,"3","2","2"
"5-18-202510-dev-seq-B","5","TA","18","202510-dev-tif/lm/18C/B/5/TA/1028-TA-2.csv",2025-10-28,"3","2","2"
"5-18-202510-dev-seq-B","5","TA","18","202510-dev-tif/lm/18C/B/5/TA/1028-TA-2.csv",2025-10-28,"3","2","2"
"5-18-202510-dev-seq-B","5","TA","18","202510-dev-tif/lm/18C/B/5/TA/1028-TA-2.csv",2025-10-28,"3","2","2"
"5-18-202510-dev-seq-B","5","TA","18","202510-dev-tif/lm/18C/B/5/TA/1030-TA.csv",2025-10-30,"4","2","2"
"5-18-202510-dev-seq-B","5","TA","18","202510-dev-tif/lm/18C/B/5/TA/1030-TA.csv",2025-10-30,"4","2","2"
"5-18-202510-dev-seq-B","5","TA","18","202510-dev-tif/lm/18C/B/5/TA/1030-TA.csv",2025-10-30,"4","2","2"
"5-18-202510-dev-seq-B","5","TA","18","202510-dev-tif/lm/18C/B/5/TA/1030-TA.csv",2025-10-30,"4","2","2"
"5-18-202510-dev-seq-B","5","TA","18","202510-dev-tif/lm/18C/B/5/TA/1030-TA.csv",2025-10-30,"4","2","2"
"5-18-202510-dev-seq-B","5","TA","18","202510-dev-tif/lm/18C/B/5/TA/1030-TA.csv",2025-10-30,"4","2","2"
"5-18-202510-dev-seq-B","5","TA","18","202510-dev-tif/lm/18C/B/5/TA/1030-TA.csv",2025-10-30,"4","2","2"
"5-18-202510-dev-seq-B","5","TA","18","202510-dev-tif/lm/18C/B/5/TA/1030-TA.csv",2025-10-30,"4","2","2"
"5-18-202510-dev-seq-B","5","TA","18","202510-dev-tif/lm/18C/B/5/TA/1101-TA.csv",2025-11-01,"4","3","2"
"5-18-202510-dev-seq-B","5","TA","18","202510-dev-tif/lm/18C/B/5/TA/1101-TA.csv",2025-11-01,"4","3","2"
"5-18-202510-dev-seq-B","5","TA","18","202510-dev-tif/lm/18C/B/5/TA/1101-TA.csv",2025-11-01,"4","3","2"
"5-18-202510-dev-seq-B","5","TA","18","202510-dev-tif/lm/18C/B/5/TA/1101-TA.csv",2025-11-01,"4","3","2"
"5-18-202510-dev-seq-B","5","TA","18","202510-dev-tif/lm/18C/B/5/TA/1101-TA.csv",2025-11-01,"4","3","2"
"5-18-202510-dev-seq-B","5","TA","18","202510-dev-tif/lm/18C/B/5/TA/1101-TA.csv",2025-11-01,"4","3","2"
"5-18-202510-dev-seq-B","5","TA","18","202510-dev-tif/lm/18C/B/5/TA/1101-TA.csv",2025-11-01,"4","3","2"
"5-18-202510-dev-seq-B","5","TA","18","202510-dev-tif/lm/18C/B/5/TA/1101-TA.csv",2025-11-01,"4","3","2"
"5-18-202510-dev-seq-B","5","TA","18","202510-dev-tif/lm/18C/B/5/TA/1103-TA.csv",2025-11-03,"6","3","3"
"5-18-202510-dev-seq-B","5","TA","18","202510-dev-tif/lm/18C/B/5/TA/1103-TA.csv",2025-11-03,"6","3","3"
"5-18-202510-dev-seq-B","5","TA","18","202510-dev-tif/lm/18C/B/5/TA/1103-TA.csv",2025-11-03,"6","3","3"
"5-18-202510-dev-seq-B","5","TA","18","202510-dev-tif/lm/18C/B/5/TA/1103-TA.csv",2025-11-03,"6","3","3"
"5-18-202510-dev-seq-B","5","TA","18","202510-dev-tif/lm/18C/B/5/TA/1103-TA.csv",2025-11-03,"6","3","3"
"5-18-202510-dev-seq-B","5","TA","18","202510-dev-tif/lm/18C/B/5/TA/1103-TA.csv",2025-11-03,"6","3","3"
"5-18-202510-dev-seq-B","5","TA","18","202510-dev-tif/lm/18C/B/5/TA/1103-TA.csv",2025-11-03,"6","3","3"
"5-18-202510-dev-seq-B","5","TA","18","202510-dev-tif/lm/18C/B/5/TA/1103-TA.csv",2025-11-03,"6","3","3"
"5-18-202510-dev-seq-B","5","TA","18","202510-dev-tif/lm/18C/B/5/TA/1105-TA.csv",2025-11-05,"8","4","3"
"5-18-202510-dev-seq-B","5","TA","18","202510-dev-tif/lm/18C/B/5/TA/1105-TA.csv",2025-11-05,"8","4","3"
"5-18-202510-dev-seq-B","5","TA","18","202510-dev-tif/lm/18C/B/5/TA/1105-TA.csv",2025-11-05,"8","4","3"
"5-18-202510-dev-seq-B","5","TA","18","202510-dev-tif/lm/18C/B/5/TA/1105-TA.csv",2025-11-05,"8","4","3"
"5-18-202510-dev-seq-B","5","TA","18","202510-dev-tif/lm/18C/B/5/TA/1105-TA.csv",2025-11-05,"8","4","3"
"5-18-202510-dev-seq-B","5","TA","18","202510-dev-tif/lm/18C/B/5/TA/1105-TA.csv",2025-11-05,"8","4","3"
"5-18-202510-dev-seq-B","5","TA","18","202510-dev-tif/lm/18C/B/5/TA/1105-TA.csv",2025-11-05,"8","4","3"
"5-18-202510-dev-seq-B","5","TA","18","202510-dev-tif/lm/18C/B/5/TA/1105-TA.csv",2025-11-05,"8","4","3"
"5-18-202510-dev-seq-B","5","TA","18","202510-dev-tif/lm/18C/B/5/TA/1107-TA-3.csv",2025-11-07,"8","4","3"
"5-18-202510-dev-seq-B","5","TA","18","202510-dev-tif/lm/18C/B/5/TA/1107-TA-3.csv",2025-11-07,"8","4","3"
"5-18-202510-dev-seq-B","5","TA","18","202510-dev-tif/lm/18C/B/5/TA/1107-TA-3.csv",2025-11-07,"8","4","3"
"5-18-202510-dev-seq-B","5","TA","18","202510-dev-tif/lm/18C/B/5/TA/1107-TA-3.csv",2025-11-07,"8","4","3"
"5-18-202510-dev-seq-B","5","TA","18","202510-dev-tif/lm/18C/B/5/TA/1107-TA-3.csv",2025-11-07,"8","4","3"
"5-18-202510-dev-seq-B","5","TA","18","202510-dev-tif/lm/18C/B/5/TA/1107-TA-3.csv",2025-11-07,"8","4","3"
"5-18-202510-dev-seq-B","5","TA","18","202510-dev-tif/lm/18C/B/5/TA/1107-TA-3.csv",2025-11-07,"8","4","3"
"5-18-202510-dev-seq-B","5","TA","18","202510-dev-tif/lm/18C/B/5/TA/1107-TA-3.csv",2025-11-07,"8","4","3"
"5-18-202510-dev-seq-B","5","TA","18","202510-dev-tif/lm/18C/B/5/TA/1110-TA.csv",2025-11-10,"8","4","3"
"5-18-202510-dev-seq-B","5","TA","18","202510-dev-tif/lm/18C/B/5/TA/1110-TA.csv",2025-11-10,"8","4","3"
"5-18-202510-dev-seq-B","5","TA","18","202510-dev-tif/lm/18C/B/5/TA/1110-TA.csv",2025-11-10,"8","4","3"
"5-18-202510-dev-seq-B","5","TA","18","202510-dev-tif/lm/18C/B/5/TA/1110-TA.csv",2025-11-10,"8","4","3"
"5-18-202510-dev-seq-B","5","TA","18","202510-dev-tif/lm/18C/B/5/TA/1110-TA.csv",2025-11-10,"8","4","3"
"5-18-202510-dev-seq-B","5","TA","18","202510-dev-tif/lm/18C/B/5/TA/1110-TA.csv",2025-11-10,"8","4","3"
"5-18-202510-dev-seq-B","5","TA","18","202510-dev-tif/lm/18C/B/5/TA/1110-TA.csv",2025-11-10,"8","4","3"
"5-18-202510-dev-seq-B","5","TA","18","202510-dev-tif/lm/18C/B/5/TA/1110-TA.csv",2025-11-10,"8","4","3"
"5-18-202510-dev-seq-B","5","TA","18","202510-dev-tif/lm/18C/B/5/TA/1111-TA-3.csv",2025-11-11,"8","4","3"
"5-18-202510-dev-seq-B","5","TA","18","202510-dev-tif/lm/18C/B/5/TA/1111-TA-3.csv",2025-11-11,"8","4","3"
"5-18-202510-dev-seq-B","5","TA","18","202510-dev-tif/lm/18C/B/5/TA/1111-TA-3.csv",2025-11-11,"8","4","3"
"5-18-202510-dev-seq-B","5","TA","18","202510-dev-tif/lm/18C/B/5/TA/1111-TA-3.csv",2025-11-11,"8","4","3"
"5-18-202510-dev-seq-B","5","TA","18","202510-dev-tif/lm/18C/B/5/TA/1111-TA-3.csv",2025-11-11,"8","4","3"
"5-18-202510-dev-seq-B","5","TA","18","202510-dev-tif/lm/18C/B/5/TA/1111-TA-3.csv",2025-11-11,"8","4","3"
"5-18-202510-dev-seq-B","5","TA","18","202510-dev-tif/lm/18C/B/5/TA/1111-TA-3.csv",2025-11-11,"8","4","3"
"5-18-202510-dev-seq-B","5","TA","18","202510-dev-tif/lm/18C/B/5/TA/1111-TA-3.csv",2025-11-11,"8","4","3"
"5-18-202510-dev-seq-B","5","TA","18","202510-dev-tif/lm/18C/B/5/TA/1113-TA-4.csv",2025-11-13,"8","4","3"
"5-18-202510-dev-seq-B","5","TA","18","202510-dev-tif/lm/18C/B/5/TA/1113-TA-4.csv",2025-11-13,"8","4","3"
"5-18-202510-dev-seq-B","5","TA","18","202510-dev-tif/lm/18C/B/5/TA/1113-TA-4.csv",2025-11-13,"8","4","3"
"5-18-202510-dev-seq-B","5","TA","18","202510-dev-tif/lm/18C/B/5/TA/1113-TA-4.csv",2025-11-13,"8","4","3"
"5-18-202510-dev-seq-B","5","TA","18","202510-dev-tif/lm/18C/B/5/TA/1113-TA-4.csv",2025-11-13,"8","4","3"
"5-18-202510-dev-seq-B","5","TA","18","202510-dev-tif/lm/18C/B/5/TA/1113-TA-4.csv",2025-11-13,"8","4","3"
"5-18-202510-dev-seq-B","5","TA","18","202510-dev-tif/lm/18C/B/5/TA/1113-TA-4.csv",2025-11-13,"8","4","3"
"5-18-202510-dev-seq-B","5","TA","18","202510-dev-tif/lm/18C/B/5/TA/1113-TA-4.csv",2025-11-13,"8","4","3"
"5-18-202510-dev-seq-B","5","TA","18","202510-dev-tif/lm/18C/B/5/TA/1115-TA-4.csv",2025-11-15,"8","4","3"
"5-18-202510-dev-seq-B","5","TA","18","202510-dev-tif/lm/18C/B/5/TA/1115-TA-4.csv",2025-11-15,"8","4","3"
"5-18-202510-dev-seq-B","5","TA","18","202510-dev-tif/lm/18C/B/5/TA/1115-TA-4.csv",2025-11-15,"8","4","3"
"5-18-202510-dev-seq-B","5","TA","18","202510-dev-tif/lm/18C/B/5/TA/1115-TA-4.csv",2025-11-15,"8","4","3"
"5-18-202510-dev-seq-B","5","TA","18","202510-dev-tif/lm/18C/B/5/TA/1115-TA-4.csv",2025-11-15,"8","4","3"
"5-18-202510-dev-seq-B","5","TA","18","202510-dev-tif/lm/18C/B/5/TA/1115-TA-4.csv",2025-11-15,"8","4","3"
"5-18-202510-dev-seq-B","5","TA","18","202510-dev-tif/lm/18C/B/5/TA/1115-TA-4.csv",2025-11-15,"8","4","3"
"5-18-202510-dev-seq-B","5","TA","18","202510-dev-tif/lm/18C/B/5/TA/1115-TA-4.csv",2025-11-15,"8","4","3"
"5-18-202510-dev-seq-B","5","TA","18","202510-dev-tif/lm/18C/B/5/TA/1117-TA.csv",2025-11-17,"9","5","4"
"5-18-202510-dev-seq-B","5","TA","18","202510-dev-tif/lm/18C/B/5/TA/1117-TA.csv",2025-11-17,"9","5","4"
"5-18-202510-dev-seq-B","5","TA","18","202510-dev-tif/lm/18C/B/5/TA/1117-TA.csv",2025-11-17,"9","5","4"
"5-18-202510-dev-seq-B","5","TA","18","202510-dev-tif/lm/18C/B/5/TA/1117-TA.csv",2025-11-17,"9","5","4"
"5-18-202510-dev-seq-B","5","TA","18","202510-dev-tif/lm/18C/B/5/TA/1117-TA.csv",2025-11-17,"9","5","4"
"5-18-202510-dev-seq-B","5","TA","18","202510-dev-tif/lm/18C/B/5/TA/1117-TA.csv",2025-11-17,"9","5","4"
"5-18-202510-dev-seq-B","5","TA","18","202510-dev-tif/lm/18C/B/5/TA/1117-TA.csv",2025-11-17,"9","5","4"
"5-18-202510-dev-seq-B","5","TA","18","202510-dev-tif/lm/18C/B/5/TA/1117-TA.csv",2025-11-17,"9","5","4"
"5-18-202510-dev-seq-B","5","TA","18","202510-dev-tif/lm/18C/B/5/TA/1119-TA-5.csv",2025-11-19,"9","5","4"
"5-18-202510-dev-seq-B","5","TA","18","202510-dev-tif/lm/18C/B/5/TA/1119-TA-5.csv",2025-11-19,"9","5","4"
"5-18-202510-dev-seq-B","5","TA","18","202510-dev-tif/lm/18C/B/5/TA/1119-TA-5.csv",2025-11-19,"9","5","4"
"5-18-202510-dev-seq-B","5","TA","18","202510-dev-tif/lm/18C/B/5/TA/1119-TA-5.csv",2025-11-19,"9","5","4"
"5-18-202510-dev-seq-B","5","TA","18","202510-dev-tif/lm/18C/B/5/TA/1119-TA-5.csv",2025-11-19,"9","5","4"
"5-18-202510-dev-seq-B","5","TA","18","202510-dev-tif/lm/18C/B/5/TA/1119-TA-5.csv",2025-11-19,"9","5","4"
"5-18-202510-dev-seq-B","5","TA","18","202510-dev-tif/lm/18C/B/5/TA/1119-TA-5.csv",2025-11-19,"9","5","4"
"5-18-202510-dev-seq-B","5","TA","18","202510-dev-tif/lm/18C/B/5/TA/1119-TA-5.csv",2025-11-19,"9","5","4"
"5-18-202510-dev-seq-B","5","TA","18","202510-dev-tif/lm/18C/B/5/TA/1123-TA-3.csv",2025-11-23,"9","5","4"
"5-18-202510-dev-seq-B","5","TA","18","202510-dev-tif/lm/18C/B/5/TA/1123-TA-3.csv",2025-11-23,"9","5","4"
"5-18-202510-dev-seq-B","5","TA","18","202510-dev-tif/lm/18C/B/5/TA/1123-TA-3.csv",2025-11-23,"9","5","4"
"5-18-202510-dev-seq-B","5","TA","18","202510-dev-tif/lm/18C/B/5/TA/1123-TA-3.csv",2025-11-23,"9","5","4"
"5-18-202510-dev-seq-B","5","TA","18","202510-dev-tif/lm/18C/B/5/TA/1123-TA-3.csv",2025-11-23,"9","5","4"
"5-18-202510-dev-seq-B","5","TA","18","202510-dev-tif/lm/18C/B/5/TA/1123-TA-3.csv",2025-11-23,"9","5","4"
"5-18-202510-dev-seq-B","5","TA","18","202510-dev-tif/lm/18C/B/5/TA/1123-TA-3.csv",2025-11-23,"9","5","4"
"5-18-202510-dev-seq-B","5","TA","18","202510-dev-tif/lm/18C/B/5/TA/1123-TA-3.csv",2025-11-23,"9","5","4"
"11-20-202509-dev-seq-A","11","OA","20","D:/202509-dev-seq/20C-202509-dev-seq/lm/20C/A/11/OA/0905-OA.csv",2025-09-05,"1","1","1"
"11-20-202509-dev-seq-A","11","OA","20","D:/202509-dev-seq/20C-202509-dev-seq/lm/20C/A/11/OA/0905-OA.csv",2025-09-05,"1","1","1"
"11-20-202509-dev-seq-A","11","OA","20","D:/202509-dev-seq/20C-202509-dev-seq/lm/20C/A/11/OA/0905-OA.csv",2025-09-05,"1","1","1"
"11-20-202509-dev-seq-A","11","OA","20","D:/202509-dev-seq/20C-202509-dev-seq/lm/20C/A/11/OA/0905-OA.csv",2025-09-05,"1","1","1"
"11-20-202509-dev-seq-A","11","OA","20","D:/202509-dev-seq/20C-202509-dev-seq/lm/20C/A/11/OA/0907-OA.csv",2025-09-07,"1","1","1"
"11-20-202509-dev-seq-A","11","OA","20","D:/202509-dev-seq/20C-202509-dev-seq/lm/20C/A/11/OA/0907-OA.csv",2025-09-07,"1","1","1"
"11-20-202509-dev-seq-A","11","OA","20","D:/202509-dev-seq/20C-202509-dev-seq/lm/20C/A/11/OA/0907-OA.csv",2025-09-07,"1","1","1"
"11-20-202509-dev-seq-A","11","OA","20","D:/202509-dev-seq/20C-202509-dev-seq/lm/20C/A/11/OA/0907-OA.csv",2025-09-07,"1","1","1"
"11-20-202509-dev-seq-A","11","OA","20","D:/202509-dev-seq/20C-202509-dev-seq/lm/20C/A/11/OA/0909-OA.csv",2025-09-09,"1","1","1"
"11-20-202509-dev-seq-A","11","OA","20","D:/202509-dev-seq/20C-202509-dev-seq/lm/20C/A/11/OA/0909-OA.csv",2025-09-09,"1","1","1"
"11-20-202509-dev-seq-A","11","OA","20","D:/202509-dev-seq/20C-202509-dev-seq/lm/20C/A/11/OA/0909-OA.csv",2025-09-09,"1","1","1"
"11-20-202509-dev-seq-A","11","OA","20","D:/202509-dev-seq/20C-202509-dev-seq/lm/20C/A/11/OA/0909-OA.csv",2025-09-09,"1","1","1"
"11-20-202509-dev-seq-A","11","OA","20","D:/202509-dev-seq/20C-202509-dev-seq/lm/20C/A/11/OA/0915-OA-2.csv",2025-09-15,"6","2","1"
"11-20-202509-dev-seq-A","11","OA","20","D:/202509-dev-seq/20C-202509-dev-seq/lm/20C/A/11/OA/0915-OA-2.csv",2025-09-15,"6","2","1"
"11-20-202509-dev-seq-A","11","OA","20","D:/202509-dev-seq/20C-202509-dev-seq/lm/20C/A/11/OA/0915-OA-2.csv",2025-09-15,"6","2","1"
"11-20-202509-dev-seq-A","11","OA","20","D:/202509-dev-seq/20C-202509-dev-seq/lm/20C/A/11/OA/0915-OA-2.csv",2025-09-15,"6","2","1"
"11-20-202509-dev-seq-A","11","OA","20","D:/202509-dev-seq/20C-202509-dev-seq/lm/20C/A/11/OA/0917-OA-3.csv",2025-09-17,"6","4","3"
"11-20-202509-dev-seq-A","11","OA","20","D:/202509-dev-seq/20C-202509-dev-seq/lm/20C/A/11/OA/0917-OA-3.csv",2025-09-17,"6","4","3"
"11-20-202509-dev-seq-A","11","OA","20","D:/202509-dev-seq/20C-202509-dev-seq/lm/20C/A/11/OA/0917-OA-3.csv",2025-09-17,"6","4","3"
"11-20-202509-dev-seq-A","11","OA","20","D:/202509-dev-seq/20C-202509-dev-seq/lm/20C/A/11/OA/0917-OA-3.csv",2025-09-17,"6","4","3"
"11-20-202509-dev-seq-A","11","OA","20","D:/202509-dev-seq/20C-202509-dev-seq/lm/20C/A/11/OA/0919-OA-2.csv",2025-09-19,"8","4","3"
"11-20-202509-dev-seq-A","11","OA","20","D:/202509-dev-seq/20C-202509-dev-seq/lm/20C/A/11/OA/0919-OA-2.csv",2025-09-19,"8","4","3"
"11-20-202509-dev-seq-A","11","OA","20","D:/202509-dev-seq/20C-202509-dev-seq/lm/20C/A/11/OA/0919-OA-2.csv",2025-09-19,"8","4","3"
"11-20-202509-dev-seq-A","11","OA","20","D:/202509-dev-seq/20C-202509-dev-seq/lm/20C/A/11/OA/0919-OA-2.csv",2025-09-19,"8","4","3"
"11-20-202509-dev-seq-A","11","OA","20","D:/202509-dev-seq/20C-202509-dev-seq/lm/20C/A/11/OA/0921-OA-3.csv",2025-09-21,"8","4","3"
"11-20-202509-dev-seq-A","11","OA","20","D:/202509-dev-seq/20C-202509-dev-seq/lm/20C/A/11/OA/0921-OA-3.csv",2025-09-21,"8","4","3"
"11-20-202509-dev-seq-A","11","OA","20","D:/202509-dev-seq/20C-202509-dev-seq/lm/20C/A/11/OA/0921-OA-3.csv",2025-09-21,"8","4","3"
"11-20-202509-dev-seq-A","11","OA","20","D:/202509-dev-seq/20C-202509-dev-seq/lm/20C/A/11/OA/0921-OA-3.csv",2025-09-21,"8","4","3"
"11-20-202509-dev-seq-A","11","OA","20","D:/202509-dev-seq/20C-202509-dev-seq/lm/20C/A/11/OA/0923-OA-1X.csv",2025-09-23,"8","4","3"
"11-20-202509-dev-seq-A","11","OA","20","D:/202509-dev-seq/20C-202509-dev-seq/lm/20C/A/11/OA/0923-OA-1X.csv",2025-09-23,"8","4","3"
"11-20-202509-dev-seq-A","11","OA","20","D:/202509-dev-seq/20C-202509-dev-seq/lm/20C/A/11/OA/0923-OA-1X.csv",2025-09-23,"8","4","3"
"11-20-202509-dev-seq-A","11","OA","20","D:/202509-dev-seq/20C-202509-dev-seq/lm/20C/A/11/OA/0923-OA-1X.csv",2025-09-23,"8","4","3"
"11-20-202509-dev-seq-A","11","OA","20","D:/202509-dev-seq/20C-202509-dev-seq/lm/20C/A/11/OA/0925-OA-2.csv",2025-09-25,"8","4","3"
"11-20-202509-dev-seq-A","11","OA","20","D:/202509-dev-seq/20C-202509-dev-seq/lm/20C/A/11/OA/0925-OA-2.csv",2025-09-25,"8","4","3"
"11-20-202509-dev-seq-A","11","OA","20","D:/202509-dev-seq/20C-202509-dev-seq/lm/20C/A/11/OA/0925-OA-2.csv",2025-09-25,"8","4","3"
"11-20-202509-dev-seq-A","11","OA","20","D:/202509-dev-seq/20C-202509-dev-seq/lm/20C/A/11/OA/0925-OA-2.csv",2025-09-25,"8","4","3"
"11-20-202509-dev-seq-A","11","OA","20","D:/202509-dev-seq/20C-202509-dev-seq/lm/20C/A/11/OA/0927-OA-1X.csv",2025-09-27,"8","4","3"
"11-20-202509-dev-seq-A","11","OA","20","D:/202509-dev-seq/20C-202509-dev-seq/lm/20C/A/11/OA/0927-OA-1X.csv",2025-09-27,"8","4","3"
"11-20-202509-dev-seq-A","11","OA","20","D:/202509-dev-seq/20C-202509-dev-seq/lm/20C/A/11/OA/0927-OA-1X.csv",2025-09-27,"8","4","3"
"11-20-202509-dev-seq-A","11","OA","20","D:/202509-dev-seq/20C-202509-dev-seq/lm/20C/A/11/OA/0927-OA-1X.csv",2025-09-27,"8","4","3"
"11-20-202509-dev-seq-A","11","OA","20","D:/202509-dev-seq/20C-202509-dev-seq/lm/20C/A/11/OA/0929-OA-2.csv",2025-09-29,"8","4","3"
"11-20-202509-dev-seq-A","11","OA","20","D:/202509-dev-seq/20C-202509-dev-seq/lm/20C/A/11/OA/0929-OA-2.csv",2025-09-29,"8","4","3"
"11-20-202509-dev-seq-A","11","OA","20","D:/202509-dev-seq/20C-202509-dev-seq/lm/20C/A/11/OA/0929-OA-2.csv",2025-09-29,"8","4","3"
"11-20-202509-dev-seq-A","11","OA","20","D:/202509-dev-seq/20C-202509-dev-seq/lm/20C/A/11/OA/0929-OA-2.csv",2025-09-29,"8","4","3"
"11-20-202509-dev-seq-A","11","OA","20","D:/202509-dev-seq/20C-202509-dev-seq/lm/20C/A/11/OA/1001-OA-2.csv",2025-10-01,"8","4","3"
"11-20-202509-dev-seq-A","11","OA","20","D:/202509-dev-seq/20C-202509-dev-seq/lm/20C/A/11/OA/1001-OA-2.csv",2025-10-01,"8","4","3"
"11-20-202509-dev-seq-A","11","OA","20","D:/202509-dev-seq/20C-202509-dev-seq/lm/20C/A/11/OA/1001-OA-2.csv",2025-10-01,"8","4","3"
"11-20-202509-dev-seq-A","11","OA","20","D:/202509-dev-seq/20C-202509-dev-seq/lm/20C/A/11/OA/1001-OA-2.csv",2025-10-01,"8","4","3"
"11-20-202509-dev-seq-A","11","OA","20","D:/202509-dev-seq/20C-202509-dev-seq/lm/20C/A/11/OA/1003-OA.csv",2025-10-03,"9","6","4"
"11-20-202509-dev-seq-A","11","OA","20","D:/202509-dev-seq/20C-202509-dev-seq/lm/20C/A/11/OA/1003-OA.csv",2025-10-03,"9","6","4"
"11-20-202509-dev-seq-A","11","OA","20","D:/202509-dev-seq/20C-202509-dev-seq/lm/20C/A/11/OA/1003-OA.csv",2025-10-03,"9","6","4"
"11-20-202509-dev-seq-A","11","OA","20","D:/202509-dev-seq/20C-202509-dev-seq/lm/20C/A/11/OA/1003-OA.csv",2025-10-03,"9","6","4"
"11-20-202509-dev-seq-A","11","OA","20","D:/202509-dev-seq/20C-202509-dev-seq/lm/20C/A/11/OA/1005-OA.csv",2025-10-05,"9","6","4"
"11-20-202509-dev-seq-A","11","OA","20","D:/202509-dev-seq/20C-202509-dev-seq/lm/20C/A/11/OA/1005-OA.csv",2025-10-05,"9","6","4"
"11-20-202509-dev-seq-A","11","OA","20","D:/202509-dev-seq/20C-202509-dev-seq/lm/20C/A/11/OA/1005-OA.csv",2025-10-05,"9","6","4"
"11-20-202509-dev-seq-A","11","OA","20","D:/202509-dev-seq/20C-202509-dev-seq/lm/20C/A/11/OA/1005-OA.csv",2025-10-05,"9","6","4"
"11-20-202509-dev-seq-A","11","OA","20","D:/202509-dev-seq/20C-202509-dev-seq/lm/20C/A/11/OA/1007-OA-4.csv",2025-10-07,"9","6","4"
"11-20-202509-dev-seq-A","11","OA","20","D:/202509-dev-seq/20C-202509-dev-seq/lm/20C/A/11/OA/1007-OA-4.csv",2025-10-07,"9","6","4"
"11-20-202509-dev-seq-A","11","OA","20","D:/202509-dev-seq/20C-202509-dev-seq/lm/20C/A/11/OA/1007-OA-4.csv",2025-10-07,"9","6","4"
"11-20-202509-dev-seq-A","11","OA","20","D:/202509-dev-seq/20C-202509-dev-seq/lm/20C/A/11/OA/1007-OA-4.csv",2025-10-07,"9","6","4"
"11-20-202509-dev-seq-A","11","OA","20","D:/202509-dev-seq/20C-202509-dev-seq/lm/20C/A/11/OA/1009-OA-2.csv",2025-10-09,"9","6","4"
"11-20-202509-dev-seq-A","11","OA","20","D:/202509-dev-seq/20C-202509-dev-seq/lm/20C/A/11/OA/1009-OA-2.csv",2025-10-09,"9","6","4"
"11-20-202509-dev-seq-A","11","OA","20","D:/202509-dev-seq/20C-202509-dev-seq/lm/20C/A/11/OA/1009-OA-2.csv",2025-10-09,"9","6","4"
"11-20-202509-dev-seq-A","11","OA","20","D:/202509-dev-seq/20C-202509-dev-seq/lm/20C/A/11/OA/1009-OA-2.csv",2025-10-09,"9","6","4"
"11-20-202509-dev-seq-A","11","OA","20","D:/202509-dev-seq/20C-202509-dev-seq/lm/20C/A/11/OA/1011-OA-3.csv",2025-10-11,"9","6","4"
"11-20-202509-dev-seq-A","11","OA","20","D:/202509-dev-seq/20C-202509-dev-seq/lm/20C/A/11/OA/1011-OA-3.csv",2025-10-11,"9","6","4"
"11-20-202509-dev-seq-A","11","OA","20","D:/202509-dev-seq/20C-202509-dev-seq/lm/20C/A/11/OA/1011-OA-3.csv",2025-10-11,"9","6","4"
"11-20-202509-dev-seq-A","11","OA","20","D:/202509-dev-seq/20C-202509-dev-seq/lm/20C/A/11/OA/1011-OA-3.csv",2025-10-11,"9","6","4"
"11-20-202509-dev-seq-A","11","OA","20","D:/202509-dev-seq/20C-202509-dev-seq/lm/20C/A/11/OA/1013-OA-1X.csv",2025-10-13,"9","6","4"
"11-20-202509-dev-seq-A","11","OA","20","D:/202509-dev-seq/20C-202509-dev-seq/lm/20C/A/11/OA/1013-OA-1X.csv",2025-10-13,"9","6","4"
"11-20-202509-dev-seq-A","11","OA","20","D:/202509-dev-seq/20C-202509-dev-seq/lm/20C/A/11/OA/1013-OA-1X.csv",2025-10-13,"9","6","4"
"11-20-202509-dev-seq-A","11","OA","20","D:/202509-dev-seq/20C-202509-dev-seq/lm/20C/A/11/OA/1013-OA-1X.csv",2025-10-13,"9","6","4"
"11-20-202509-dev-seq-A","11","OA","20","D:/202509-dev-seq/20C-202509-dev-seq/lm/20C/A/11/OA/1016-OA-2.csv",2025-10-16,"9","6","4"
"11-20-202509-dev-seq-A","11","OA","20","D:/202509-dev-seq/20C-202509-dev-seq/lm/20C/A/11/OA/1016-OA-2.csv",2025-10-16,"9","6","4"
"11-20-202509-dev-seq-A","11","OA","20","D:/202509-dev-seq/20C-202509-dev-seq/lm/20C/A/11/OA/1016-OA-2.csv",2025-10-16,"9","6","4"
"11-20-202509-dev-seq-A","11","OA","20","D:/202509-dev-seq/20C-202509-dev-seq/lm/20C/A/11/OA/1016-OA-2.csv",2025-10-16,"9","6","4"
"11-20-202509-dev-seq-A","11","PA","20","D:/202509-dev-seq/20C-202509-dev-seq/lm/20C/A/11/PA/0905-PA-2.csv",2025-09-05,"1","1","1"
"11-20-202509-dev-seq-A","11","PA","20","D:/202509-dev-seq/20C-202509-dev-seq/lm/20C/A/11/PA/0905-PA-2.csv",2025-09-05,"1","1","1"
"11-20-202509-dev-seq-A","11","PA","20","D:/202509-dev-seq/20C-202509-dev-seq/lm/20C/A/11/PA/0905-PA-2.csv",2025-09-05,"1","1","1"
"11-20-202509-dev-seq-A","11","PA","20","D:/202509-dev-seq/20C-202509-dev-seq/lm/20C/A/11/PA/0905-PA-2.csv",2025-09-05,"1","1","1"
"11-20-202509-dev-seq-A","11","PA","20","D:/202509-dev-seq/20C-202509-dev-seq/lm/20C/A/11/PA/0905-PA-2.csv",2025-09-05,"1","1","1"
"11-20-202509-dev-seq-A","11","PA","20","D:/202509-dev-seq/20C-202509-dev-seq/lm/20C/A/11/PA/0907-PA.csv",2025-09-07,"1","1","1"
"11-20-202509-dev-seq-A","11","PA","20","D:/202509-dev-seq/20C-202509-dev-seq/lm/20C/A/11/PA/0907-PA.csv",2025-09-07,"1","1","1"
"11-20-202509-dev-seq-A","11","PA","20","D:/202509-dev-seq/20C-202509-dev-seq/lm/20C/A/11/PA/0907-PA.csv",2025-09-07,"1","1","1"
"11-20-202509-dev-seq-A","11","PA","20","D:/202509-dev-seq/20C-202509-dev-seq/lm/20C/A/11/PA/0907-PA.csv",2025-09-07,"1","1","1"
"11-20-202509-dev-seq-A","11","PA","20","D:/202509-dev-seq/20C-202509-dev-seq/lm/20C/A/11/PA/0907-PA.csv",2025-09-07,"1","1","1"
"11-20-202509-dev-seq-A","11","PA","20","D:/202509-dev-seq/20C-202509-dev-seq/lm/20C/A/11/PA/0909-PA-3.csv",2025-09-09,"1","1","1"
"11-20-202509-dev-seq-A","11","PA","20","D:/202509-dev-seq/20C-202509-dev-seq/lm/20C/A/11/PA/0909-PA-3.csv",2025-09-09,"1","1","1"
"11-20-202509-dev-seq-A","11","PA","20","D:/202509-dev-seq/20C-202509-dev-seq/lm/20C/A/11/PA/0909-PA-3.csv",2025-09-09,"1","1","1"
"11-20-202509-dev-seq-A","11","PA","20","D:/202509-dev-seq/20C-202509-dev-seq/lm/20C/A/11/PA/0909-PA-3.csv",2025-09-09,"1","1","1"
"11-20-202509-dev-seq-A","11","PA","20","D:/202509-dev-seq/20C-202509-dev-seq/lm/20C/A/11/PA/0909-PA-3.csv",2025-09-09,"1","1","1"
"11-20-202509-dev-seq-A","11","PA","20","D:/202509-dev-seq/20C-202509-dev-seq/lm/20C/A/11/PA/0915-PA-2.csv",2025-09-15,"6","2","1"
"11-20-202509-dev-seq-A","11","PA","20","D:/202509-dev-seq/20C-202509-dev-seq/lm/20C/A/11/PA/0915-PA-2.csv",2025-09-15,"6","2","1"
"11-20-202509-dev-seq-A","11","PA","20","D:/202509-dev-seq/20C-202509-dev-seq/lm/20C/A/11/PA/0915-PA-2.csv",2025-09-15,"6","2","1"
"11-20-202509-dev-seq-A","11","PA","20","D:/202509-dev-seq/20C-202509-dev-seq/lm/20C/A/11/PA/0915-PA-2.csv",2025-09-15,"6","2","1"
"11-20-202509-dev-seq-A","11","PA","20","D:/202509-dev-seq/20C-202509-dev-seq/lm/20C/A/11/PA/0915-PA-2.csv",2025-09-15,"6","2","1"
"11-20-202509-dev-seq-A","11","PA","20","D:/202509-dev-seq/20C-202509-dev-seq/lm/20C/A/11/PA/0917-PA.csv",2025-09-17,"6","4","3"
"11-20-202509-dev-seq-A","11","PA","20","D:/202509-dev-seq/20C-202509-dev-seq/lm/20C/A/11/PA/0917-PA.csv",2025-09-17,"6","4","3"
"11-20-202509-dev-seq-A","11","PA","20","D:/202509-dev-seq/20C-202509-dev-seq/lm/20C/A/11/PA/0917-PA.csv",2025-09-17,"6","4","3"
"11-20-202509-dev-seq-A","11","PA","20","D:/202509-dev-seq/20C-202509-dev-seq/lm/20C/A/11/PA/0917-PA.csv",2025-09-17,"6","4","3"
"11-20-202509-dev-seq-A","11","PA","20","D:/202509-dev-seq/20C-202509-dev-seq/lm/20C/A/11/PA/0917-PA.csv",2025-09-17,"6","4","3"
"11-20-202509-dev-seq-A","11","PA","20","D:/202509-dev-seq/20C-202509-dev-seq/lm/20C/A/11/PA/0919-PA-2.csv",2025-09-19,"8","4","3"
"11-20-202509-dev-seq-A","11","PA","20","D:/202509-dev-seq/20C-202509-dev-seq/lm/20C/A/11/PA/0919-PA-2.csv",2025-09-19,"8","4","3"
"11-20-202509-dev-seq-A","11","PA","20","D:/202509-dev-seq/20C-202509-dev-seq/lm/20C/A/11/PA/0919-PA-2.csv",2025-09-19,"8","4","3"
"11-20-202509-dev-seq-A","11","PA","20","D:/202509-dev-seq/20C-202509-dev-seq/lm/20C/A/11/PA/0919-PA-2.csv",2025-09-19,"8","4","3"
"11-20-202509-dev-seq-A","11","PA","20","D:/202509-dev-seq/20C-202509-dev-seq/lm/20C/A/11/PA/0919-PA-2.csv",2025-09-19,"8","4","3"
"11-20-202509-dev-seq-A","11","PA","20","D:/202509-dev-seq/20C-202509-dev-seq/lm/20C/A/11/PA/0921-PA.csv",2025-09-21,"8","4","3"
"11-20-202509-dev-seq-A","11","PA","20","D:/202509-dev-seq/20C-202509-dev-seq/lm/20C/A/11/PA/0921-PA.csv",2025-09-21,"8","4","3"
"11-20-202509-dev-seq-A","11","PA","20","D:/202509-dev-seq/20C-202509-dev-seq/lm/20C/A/11/PA/0921-PA.csv",2025-09-21,"8","4","3"
"11-20-202509-dev-seq-A","11","PA","20","D:/202509-dev-seq/20C-202509-dev-seq/lm/20C/A/11/PA/0921-PA.csv",2025-09-21,"8","4","3"
"11-20-202509-dev-seq-A","11","PA","20","D:/202509-dev-seq/20C-202509-dev-seq/lm/20C/A/11/PA/0921-PA.csv",2025-09-21,"8","4","3"
"11-20-202509-dev-seq-A","11","PA","20","D:/202509-dev-seq/20C-202509-dev-seq/lm/20C/A/11/PA/0923-PA.csv",2025-09-23,"8","4","3"
"11-20-202509-dev-seq-A","11","PA","20","D:/202509-dev-seq/20C-202509-dev-seq/lm/20C/A/11/PA/0923-PA.csv",2025-09-23,"8","4","3"
"11-20-202509-dev-seq-A","11","PA","20","D:/202509-dev-seq/20C-202509-dev-seq/lm/20C/A/11/PA/0923-PA.csv",2025-09-23,"8","4","3"
"11-20-202509-dev-seq-A","11","PA","20","D:/202509-dev-seq/20C-202509-dev-seq/lm/20C/A/11/PA/0923-PA.csv",2025-09-23,"8","4","3"
"11-20-202509-dev-seq-A","11","PA","20","D:/202509-dev-seq/20C-202509-dev-seq/lm/20C/A/11/PA/0923-PA.csv",2025-09-23,"8","4","3"
"11-20-202509-dev-seq-A","11","PA","20","D:/202509-dev-seq/20C-202509-dev-seq/lm/20C/A/11/PA/0925-PA-3.csv",2025-09-25,"8","4","3"
"11-20-202509-dev-seq-A","11","PA","20","D:/202509-dev-seq/20C-202509-dev-seq/lm/20C/A/11/PA/0925-PA-3.csv",2025-09-25,"8","4","3"
"11-20-202509-dev-seq-A","11","PA","20","D:/202509-dev-seq/20C-202509-dev-seq/lm/20C/A/11/PA/0925-PA-3.csv",2025-09-25,"8","4","3"
"11-20-202509-dev-seq-A","11","PA","20","D:/202509-dev-seq/20C-202509-dev-seq/lm/20C/A/11/PA/0925-PA-3.csv",2025-09-25,"8","4","3"
"11-20-202509-dev-seq-A","11","PA","20","D:/202509-dev-seq/20C-202509-dev-seq/lm/20C/A/11/PA/0925-PA-3.csv",2025-09-25,"8","4","3"
"11-20-202509-dev-seq-A","11","PA","20","D:/202509-dev-seq/20C-202509-dev-seq/lm/20C/A/11/PA/0927-PA-6.csv",2025-09-27,"8","4","3"
"11-20-202509-dev-seq-A","11","PA","20","D:/202509-dev-seq/20C-202509-dev-seq/lm/20C/A/11/PA/0927-PA-6.csv",2025-09-27,"8","4","3"
"11-20-202509-dev-seq-A","11","PA","20","D:/202509-dev-seq/20C-202509-dev-seq/lm/20C/A/11/PA/0927-PA-6.csv",2025-09-27,"8","4","3"
"11-20-202509-dev-seq-A","11","PA","20","D:/202509-dev-seq/20C-202509-dev-seq/lm/20C/A/11/PA/0927-PA-6.csv",2025-09-27,"8","4","3"
"11-20-202509-dev-seq-A","11","PA","20","D:/202509-dev-seq/20C-202509-dev-seq/lm/20C/A/11/PA/0927-PA-6.csv",2025-09-27,"8","4","3"
"11-20-202509-dev-seq-A","11","PA","20","D:/202509-dev-seq/20C-202509-dev-seq/lm/20C/A/11/PA/0929-PA-4.csv",2025-09-29,"8","4","3"
"11-20-202509-dev-seq-A","11","PA","20","D:/202509-dev-seq/20C-202509-dev-seq/lm/20C/A/11/PA/0929-PA-4.csv",2025-09-29,"8","4","3"
"11-20-202509-dev-seq-A","11","PA","20","D:/202509-dev-seq/20C-202509-dev-seq/lm/20C/A/11/PA/0929-PA-4.csv",2025-09-29,"8","4","3"
"11-20-202509-dev-seq-A","11","PA","20","D:/202509-dev-seq/20C-202509-dev-seq/lm/20C/A/11/PA/0929-PA-4.csv",2025-09-29,"8","4","3"
"11-20-202509-dev-seq-A","11","PA","20","D:/202509-dev-seq/20C-202509-dev-seq/lm/20C/A/11/PA/0929-PA-4.csv",2025-09-29,"8","4","3"
"11-20-202509-dev-seq-A","11","PA","20","D:/202509-dev-seq/20C-202509-dev-seq/lm/20C/A/11/PA/1001-PA-4.csv",2025-10-01,"8","4","3"
"11-20-202509-dev-seq-A","11","PA","20","D:/202509-dev-seq/20C-202509-dev-seq/lm/20C/A/11/PA/1001-PA-4.csv",2025-10-01,"8","4","3"
"11-20-202509-dev-seq-A","11","PA","20","D:/202509-dev-seq/20C-202509-dev-seq/lm/20C/A/11/PA/1001-PA-4.csv",2025-10-01,"8","4","3"
"11-20-202509-dev-seq-A","11","PA","20","D:/202509-dev-seq/20C-202509-dev-seq/lm/20C/A/11/PA/1001-PA-4.csv",2025-10-01,"8","4","3"
"11-20-202509-dev-seq-A","11","PA","20","D:/202509-dev-seq/20C-202509-dev-seq/lm/20C/A/11/PA/1001-PA-4.csv",2025-10-01,"8","4","3"
"11-20-202509-dev-seq-A","11","PA","20","D:/202509-dev-seq/20C-202509-dev-seq/lm/20C/A/11/PA/1003--PA.csv",2025-10-03,"9","6","4"
"11-20-202509-dev-seq-A","11","PA","20","D:/202509-dev-seq/20C-202509-dev-seq/lm/20C/A/11/PA/1003--PA.csv",2025-10-03,"9","6","4"
"11-20-202509-dev-seq-A","11","PA","20","D:/202509-dev-seq/20C-202509-dev-seq/lm/20C/A/11/PA/1003--PA.csv",2025-10-03,"9","6","4"
"11-20-202509-dev-seq-A","11","PA","20","D:/202509-dev-seq/20C-202509-dev-seq/lm/20C/A/11/PA/1003--PA.csv",2025-10-03,"9","6","4"
"11-20-202509-dev-seq-A","11","PA","20","D:/202509-dev-seq/20C-202509-dev-seq/lm/20C/A/11/PA/1003--PA.csv",2025-10-03,"9","6","4"
"11-20-202509-dev-seq-A","11","PA","20","D:/202509-dev-seq/20C-202509-dev-seq/lm/20C/A/11/PA/1005-PA-2.csv",2025-10-05,"9","6","4"
"11-20-202509-dev-seq-A","11","PA","20","D:/202509-dev-seq/20C-202509-dev-seq/lm/20C/A/11/PA/1005-PA-2.csv",2025-10-05,"9","6","4"
"11-20-202509-dev-seq-A","11","PA","20","D:/202509-dev-seq/20C-202509-dev-seq/lm/20C/A/11/PA/1005-PA-2.csv",2025-10-05,"9","6","4"
"11-20-202509-dev-seq-A","11","PA","20","D:/202509-dev-seq/20C-202509-dev-seq/lm/20C/A/11/PA/1005-PA-2.csv",2025-10-05,"9","6","4"
"11-20-202509-dev-seq-A","11","PA","20","D:/202509-dev-seq/20C-202509-dev-seq/lm/20C/A/11/PA/1005-PA-2.csv",2025-10-05,"9","6","4"
"11-20-202509-dev-seq-A","11","PA","20","D:/202509-dev-seq/20C-202509-dev-seq/lm/20C/A/11/PA/1007-PA-3.csv",2025-10-07,"9","6","4"
"11-20-202509-dev-seq-A","11","PA","20","D:/202509-dev-seq/20C-202509-dev-seq/lm/20C/A/11/PA/1007-PA-3.csv",2025-10-07,"9","6","4"
"11-20-202509-dev-seq-A","11","PA","20","D:/202509-dev-seq/20C-202509-dev-seq/lm/20C/A/11/PA/1007-PA-3.csv",2025-10-07,"9","6","4"
"11-20-202509-dev-seq-A","11","PA","20","D:/202509-dev-seq/20C-202509-dev-seq/lm/20C/A/11/PA/1007-PA-3.csv",2025-10-07,"9","6","4"
"11-20-202509-dev-seq-A","11","PA","20","D:/202509-dev-seq/20C-202509-dev-seq/lm/20C/A/11/PA/1007-PA-3.csv",2025-10-07,"9","6","4"
"11-20-202509-dev-seq-A","11","PA","20","D:/202509-dev-seq/20C-202509-dev-seq/lm/20C/A/11/PA/1009-PA.csv",2025-10-09,"9","6","4"
"11-20-202509-dev-seq-A","11","PA","20","D:/202509-dev-seq/20C-202509-dev-seq/lm/20C/A/11/PA/1009-PA.csv",2025-10-09,"9","6","4"
"11-20-202509-dev-seq-A","11","PA","20","D:/202509-dev-seq/20C-202509-dev-seq/lm/20C/A/11/PA/1009-PA.csv",2025-10-09,"9","6","4"
"11-20-202509-dev-seq-A","11","PA","20","D:/202509-dev-seq/20C-202509-dev-seq/lm/20C/A/11/PA/1009-PA.csv",2025-10-09,"9","6","4"
"11-20-202509-dev-seq-A","11","PA","20","D:/202509-dev-seq/20C-202509-dev-seq/lm/20C/A/11/PA/1009-PA.csv",2025-10-09,"9","6","4"
"11-20-202509-dev-seq-A","11","PA","20","D:/202509-dev-seq/20C-202509-dev-seq/lm/20C/A/11/PA/1011-PA.csv",2025-10-11,"9","6","4"
"11-20-202509-dev-seq-A","11","PA","20","D:/202509-dev-seq/20C-202509-dev-seq/lm/20C/A/11/PA/1011-PA.csv",2025-10-11,"9","6","4"
"11-20-202509-dev-seq-A","11","PA","20","D:/202509-dev-seq/20C-202509-dev-seq/lm/20C/A/11/PA/1011-PA.csv",2025-10-11,"9","6","4"
"11-20-202509-dev-seq-A","11","PA","20","D:/202509-dev-seq/20C-202509-dev-seq/lm/20C/A/11/PA/1011-PA.csv",2025-10-11,"9","6","4"
"11-20-202509-dev-seq-A","11","PA","20","D:/202509-dev-seq/20C-202509-dev-seq/lm/20C/A/11/PA/1011-PA.csv",2025-10-11,"9","6","4"
"11-20-202509-dev-seq-A","11","PA","20","D:/202509-dev-seq/20C-202509-dev-seq/lm/20C/A/11/PA/1013-PA-2.csv",2025-10-13,"9","6","4"
"11-20-202509-dev-seq-A","11","PA","20","D:/202509-dev-seq/20C-202509-dev-seq/lm/20C/A/11/PA/1013-PA-2.csv",2025-10-13,"9","6","4"
"11-20-202509-dev-seq-A","11","PA","20","D:/202509-dev-seq/20C-202509-dev-seq/lm/20C/A/11/PA/1013-PA-2.csv",2025-10-13,"9","6","4"
"11-20-202509-dev-seq-A","11","PA","20","D:/202509-dev-seq/20C-202509-dev-seq/lm/20C/A/11/PA/1013-PA-2.csv",2025-10-13,"9","6","4"
"11-20-202509-dev-seq-A","11","PA","20","D:/202509-dev-seq/20C-202509-dev-seq/lm/20C/A/11/PA/1013-PA-2.csv",2025-10-13,"9","6","4"
"11-20-202509-dev-seq-A","11","PA","20","D:/202509-dev-seq/20C-202509-dev-seq/lm/20C/A/11/PA/1016-PA.csv",2025-10-16,"9","6","4"
"11-20-202509-dev-seq-A","11","PA","20","D:/202509-dev-seq/20C-202509-dev-seq/lm/20C/A/11/PA/1016-PA.csv",2025-10-16,"9","6","4"
"11-20-202509-dev-seq-A","11","PA","20","D:/202509-dev-seq/20C-202509-dev-seq/lm/20C/A/11/PA/1016-PA.csv",2025-10-16,"9","6","4"
"11-20-202509-dev-seq-A","11","PA","20","D:/202509-dev-seq/20C-202509-dev-seq/lm/20C/A/11/PA/1016-PA.csv",2025-10-16,"9","6","4"
"11-20-202509-dev-seq-A","11","PA","20","D:/202509-dev-seq/20C-202509-dev-seq/lm/20C/A/11/PA/1016-PA.csv",2025-10-16,"9","6","4"
"11-20-202509-dev-seq-A","11","TA","20","D:/202509-dev-seq/20C-202509-dev-seq/lm/20C/A/11/TA/0905-TA.csv",2025-09-05,"1","1","1"
"11-20-202509-dev-seq-A","11","TA","20","D:/202509-dev-seq/20C-202509-dev-seq/lm/20C/A/11/TA/0905-TA.csv",2025-09-05,"1","1","1"
"11-20-202509-dev-seq-A","11","TA","20","D:/202509-dev-seq/20C-202509-dev-seq/lm/20C/A/11/TA/0905-TA.csv",2025-09-05,"1","1","1"
"11-20-202509-dev-seq-A","11","TA","20","D:/202509-dev-seq/20C-202509-dev-seq/lm/20C/A/11/TA/0905-TA.csv",2025-09-05,"1","1","1"
"11-20-202509-dev-seq-A","11","TA","20","D:/202509-dev-seq/20C-202509-dev-seq/lm/20C/A/11/TA/0905-TA.csv",2025-09-05,"1","1","1"
"11-20-202509-dev-seq-A","11","TA","20","D:/202509-dev-seq/20C-202509-dev-seq/lm/20C/A/11/TA/0905-TA.csv",2025-09-05,"1","1","1"
"11-20-202509-dev-seq-A","11","TA","20","D:/202509-dev-seq/20C-202509-dev-seq/lm/20C/A/11/TA/0905-TA.csv",2025-09-05,"1","1","1"
"11-20-202509-dev-seq-A","11","TA","20","D:/202509-dev-seq/20C-202509-dev-seq/lm/20C/A/11/TA/0905-TA.csv",2025-09-05,"1","1","1"
"11-20-202509-dev-seq-A","11","TA","20","D:/202509-dev-seq/20C-202509-dev-seq/lm/20C/A/11/TA/0907-TA-2.csv",2025-09-07,"1","1","1"
"11-20-202509-dev-seq-A","11","TA","20","D:/202509-dev-seq/20C-202509-dev-seq/lm/20C/A/11/TA/0907-TA-2.csv",2025-09-07,"1","1","1"
"11-20-202509-dev-seq-A","11","TA","20","D:/202509-dev-seq/20C-202509-dev-seq/lm/20C/A/11/TA/0907-TA-2.csv",2025-09-07,"1","1","1"
"11-20-202509-dev-seq-A","11","TA","20","D:/202509-dev-seq/20C-202509-dev-seq/lm/20C/A/11/TA/0907-TA-2.csv",2025-09-07,"1","1","1"
"11-20-202509-dev-seq-A","11","TA","20","D:/202509-dev-seq/20C-202509-dev-seq/lm/20C/A/11/TA/0907-TA-2.csv",2025-09-07,"1","1","1"
"11-20-202509-dev-seq-A","11","TA","20","D:/202509-dev-seq/20C-202509-dev-seq/lm/20C/A/11/TA/0907-TA-2.csv",2025-09-07,"1","1","1"
"11-20-202509-dev-seq-A","11","TA","20","D:/202509-dev-seq/20C-202509-dev-seq/lm/20C/A/11/TA/0907-TA-2.csv",2025-09-07,"1","1","1"
"11-20-202509-dev-seq-A","11","TA","20","D:/202509-dev-seq/20C-202509-dev-seq/lm/20C/A/11/TA/0907-TA-2.csv",2025-09-07,"1","1","1"
"11-20-202509-dev-seq-A","11","TA","20","D:/202509-dev-seq/20C-202509-dev-seq/lm/20C/A/11/TA/0909-TA-2.csv",2025-09-09,"1","1","1"
"11-20-202509-dev-seq-A","11","TA","20","D:/202509-dev-seq/20C-202509-dev-seq/lm/20C/A/11/TA/0909-TA-2.csv",2025-09-09,"1","1","1"
"11-20-202509-dev-seq-A","11","TA","20","D:/202509-dev-seq/20C-202509-dev-seq/lm/20C/A/11/TA/0909-TA-2.csv",2025-09-09,"1","1","1"
"11-20-202509-dev-seq-A","11","TA","20","D:/202509-dev-seq/20C-202509-dev-seq/lm/20C/A/11/TA/0909-TA-2.csv",2025-09-09,"1","1","1"
"11-20-202509-dev-seq-A","11","TA","20","D:/202509-dev-seq/20C-202509-dev-seq/lm/20C/A/11/TA/0909-TA-2.csv",2025-09-09,"1","1","1"
"11-20-202509-dev-seq-A","11","TA","20","D:/202509-dev-seq/20C-202509-dev-seq/lm/20C/A/11/TA/0909-TA-2.csv",2025-09-09,"1","1","1"
"11-20-202509-dev-seq-A","11","TA","20","D:/202509-dev-seq/20C-202509-dev-seq/lm/20C/A/11/TA/0909-TA-2.csv",2025-09-09,"1","1","1"
"11-20-202509-dev-seq-A","11","TA","20","D:/202509-dev-seq/20C-202509-dev-seq/lm/20C/A/11/TA/0909-TA-2.csv",2025-09-09,"1","1","1"
"11-20-202509-dev-seq-A","11","TA","20","D:/202509-dev-seq/20C-202509-dev-seq/lm/20C/A/11/TA/0915-TA-2.csv",2025-09-15,"6","2","1"
"11-20-202509-dev-seq-A","11","TA","20","D:/202509-dev-seq/20C-202509-dev-seq/lm/20C/A/11/TA/0915-TA-2.csv",2025-09-15,"6","2","1"
"11-20-202509-dev-seq-A","11","TA","20","D:/202509-dev-seq/20C-202509-dev-seq/lm/20C/A/11/TA/0915-TA-2.csv",2025-09-15,"6","2","1"
"11-20-202509-dev-seq-A","11","TA","20","D:/202509-dev-seq/20C-202509-dev-seq/lm/20C/A/11/TA/0915-TA-2.csv",2025-09-15,"6","2","1"
"11-20-202509-dev-seq-A","11","TA","20","D:/202509-dev-seq/20C-202509-dev-seq/lm/20C/A/11/TA/0915-TA-2.csv",2025-09-15,"6","2","1"
"11-20-202509-dev-seq-A","11","TA","20","D:/202509-dev-seq/20C-202509-dev-seq/lm/20C/A/11/TA/0915-TA-2.csv",2025-09-15,"6","2","1"
"11-20-202509-dev-seq-A","11","TA","20","D:/202509-dev-seq/20C-202509-dev-seq/lm/20C/A/11/TA/0915-TA-2.csv",2025-09-15,"6","2","1"
"11-20-202509-dev-seq-A","11","TA","20","D:/202509-dev-seq/20C-202509-dev-seq/lm/20C/A/11/TA/0915-TA-2.csv",2025-09-15,"6","2","1"
"11-20-202509-dev-seq-A","11","TA","20","D:/202509-dev-seq/20C-202509-dev-seq/lm/20C/A/11/TA/0917-TA-2.csv",2025-09-17,"6","4","3"
"11-20-202509-dev-seq-A","11","TA","20","D:/202509-dev-seq/20C-202509-dev-seq/lm/20C/A/11/TA/0917-TA-2.csv",2025-09-17,"6","4","3"
"11-20-202509-dev-seq-A","11","TA","20","D:/202509-dev-seq/20C-202509-dev-seq/lm/20C/A/11/TA/0917-TA-2.csv",2025-09-17,"6","4","3"
"11-20-202509-dev-seq-A","11","TA","20","D:/202509-dev-seq/20C-202509-dev-seq/lm/20C/A/11/TA/0917-TA-2.csv",2025-09-17,"6","4","3"
"11-20-202509-dev-seq-A","11","TA","20","D:/202509-dev-seq/20C-202509-dev-seq/lm/20C/A/11/TA/0917-TA-2.csv",2025-09-17,"6","4","3"
"11-20-202509-dev-seq-A","11","TA","20","D:/202509-dev-seq/20C-202509-dev-seq/lm/20C/A/11/TA/0917-TA-2.csv",2025-09-17,"6","4","3"
"11-20-202509-dev-seq-A","11","TA","20","D:/202509-dev-seq/20C-202509-dev-seq/lm/20C/A/11/TA/0917-TA-2.csv",2025-09-17,"6","4","3"
"11-20-202509-dev-seq-A","11","TA","20","D:/202509-dev-seq/20C-202509-dev-seq/lm/20C/A/11/TA/0917-TA-2.csv",2025-09-17,"6","4","3"
"11-20-202509-dev-seq-A","11","TA","20","D:/202509-dev-seq/20C-202509-dev-seq/lm/20C/A/11/TA/0919-TA-2.csv",2025-09-19,"8","4","3"
"11-20-202509-dev-seq-A","11","TA","20","D:/202509-dev-seq/20C-202509-dev-seq/lm/20C/A/11/TA/0919-TA-2.csv",2025-09-19,"8","4","3"
"11-20-202509-dev-seq-A","11","TA","20","D:/202509-dev-seq/20C-202509-dev-seq/lm/20C/A/11/TA/0919-TA-2.csv",2025-09-19,"8","4","3"
"11-20-202509-dev-seq-A","11","TA","20","D:/202509-dev-seq/20C-202509-dev-seq/lm/20C/A/11/TA/0919-TA-2.csv",2025-09-19,"8","4","3"
"11-20-202509-dev-seq-A","11","TA","20","D:/202509-dev-seq/20C-202509-dev-seq/lm/20C/A/11/TA/0919-TA-2.csv",2025-09-19,"8","4","3"
"11-20-202509-dev-seq-A","11","TA","20","D:/202509-dev-seq/20C-202509-dev-seq/lm/20C/A/11/TA/0919-TA-2.csv",2025-09-19,"8","4","3"
"11-20-202509-dev-seq-A","11","TA","20","D:/202509-dev-seq/20C-202509-dev-seq/lm/20C/A/11/TA/0919-TA-2.csv",2025-09-19,"8","4","3"
"11-20-202509-dev-seq-A","11","TA","20","D:/202509-dev-seq/20C-202509-dev-seq/lm/20C/A/11/TA/0919-TA-2.csv",2025-09-19,"8","4","3"
"11-20-202509-dev-seq-A","11","TA","20","D:/202509-dev-seq/20C-202509-dev-seq/lm/20C/A/11/TA/0921-TA-2.csv",2025-09-21,"8","4","3"
"11-20-202509-dev-seq-A","11","TA","20","D:/202509-dev-seq/20C-202509-dev-seq/lm/20C/A/11/TA/0921-TA-2.csv",2025-09-21,"8","4","3"
"11-20-202509-dev-seq-A","11","TA","20","D:/202509-dev-seq/20C-202509-dev-seq/lm/20C/A/11/TA/0921-TA-2.csv",2025-09-21,"8","4","3"
"11-20-202509-dev-seq-A","11","TA","20","D:/202509-dev-seq/20C-202509-dev-seq/lm/20C/A/11/TA/0921-TA-2.csv",2025-09-21,"8","4","3"
"11-20-202509-dev-seq-A","11","TA","20","D:/202509-dev-seq/20C-202509-dev-seq/lm/20C/A/11/TA/0921-TA-2.csv",2025-09-21,"8","4","3"
"11-20-202509-dev-seq-A","11","TA","20","D:/202509-dev-seq/20C-202509-dev-seq/lm/20C/A/11/TA/0921-TA-2.csv",2025-09-21,"8","4","3"
"11-20-202509-dev-seq-A","11","TA","20","D:/202509-dev-seq/20C-202509-dev-seq/lm/20C/A/11/TA/0921-TA-2.csv",2025-09-21,"8","4","3"
"11-20-202509-dev-seq-A","11","TA","20","D:/202509-dev-seq/20C-202509-dev-seq/lm/20C/A/11/TA/0921-TA-2.csv",2025-09-21,"8","4","3"
"11-20-202509-dev-seq-A","11","TA","20","D:/202509-dev-seq/20C-202509-dev-seq/lm/20C/A/11/TA/0923-TA-2.csv",2025-09-23,"8","4","3"
"11-20-202509-dev-seq-A","11","TA","20","D:/202509-dev-seq/20C-202509-dev-seq/lm/20C/A/11/TA/0923-TA-2.csv",2025-09-23,"8","4","3"
"11-20-202509-dev-seq-A","11","TA","20","D:/202509-dev-seq/20C-202509-dev-seq/lm/20C/A/11/TA/0923-TA-2.csv",2025-09-23,"8","4","3"
"11-20-202509-dev-seq-A","11","TA","20","D:/202509-dev-seq/20C-202509-dev-seq/lm/20C/A/11/TA/0923-TA-2.csv",2025-09-23,"8","4","3"
"11-20-202509-dev-seq-A","11","TA","20","D:/202509-dev-seq/20C-202509-dev-seq/lm/20C/A/11/TA/0923-TA-2.csv",2025-09-23,"8","4","3"
"11-20-202509-dev-seq-A","11","TA","20","D:/202509-dev-seq/20C-202509-dev-seq/lm/20C/A/11/TA/0923-TA-2.csv",2025-09-23,"8","4","3"
"11-20-202509-dev-seq-A","11","TA","20","D:/202509-dev-seq/20C-202509-dev-seq/lm/20C/A/11/TA/0923-TA-2.csv",2025-09-23,"8","4","3"
"11-20-202509-dev-seq-A","11","TA","20","D:/202509-dev-seq/20C-202509-dev-seq/lm/20C/A/11/TA/0923-TA-2.csv",2025-09-23,"8","4","3"
"11-20-202509-dev-seq-A","11","TA","20","D:/202509-dev-seq/20C-202509-dev-seq/lm/20C/A/11/TA/0925-TA-3.csv",2025-09-25,"8","4","3"
"11-20-202509-dev-seq-A","11","TA","20","D:/202509-dev-seq/20C-202509-dev-seq/lm/20C/A/11/TA/0925-TA-3.csv",2025-09-25,"8","4","3"
"11-20-202509-dev-seq-A","11","TA","20","D:/202509-dev-seq/20C-202509-dev-seq/lm/20C/A/11/TA/0925-TA-3.csv",2025-09-25,"8","4","3"
"11-20-202509-dev-seq-A","11","TA","20","D:/202509-dev-seq/20C-202509-dev-seq/lm/20C/A/11/TA/0925-TA-3.csv",2025-09-25,"8","4","3"
"11-20-202509-dev-seq-A","11","TA","20","D:/202509-dev-seq/20C-202509-dev-seq/lm/20C/A/11/TA/0925-TA-3.csv",2025-09-25,"8","4","3"
"11-20-202509-dev-seq-A","11","TA","20","D:/202509-dev-seq/20C-202509-dev-seq/lm/20C/A/11/TA/0925-TA-3.csv",2025-09-25,"8","4","3"
"11-20-202509-dev-seq-A","11","TA","20","D:/202509-dev-seq/20C-202509-dev-seq/lm/20C/A/11/TA/0925-TA-3.csv",2025-09-25,"8","4","3"
"11-20-202509-dev-seq-A","11","TA","20","D:/202509-dev-seq/20C-202509-dev-seq/lm/20C/A/11/TA/0925-TA-3.csv",2025-09-25,"8","4","3"
"11-20-202509-dev-seq-A","11","TA","20","D:/202509-dev-seq/20C-202509-dev-seq/lm/20C/A/11/TA/0927-TA-3.csv",2025-09-27,"8","4","3"
"11-20-202509-dev-seq-A","11","TA","20","D:/202509-dev-seq/20C-202509-dev-seq/lm/20C/A/11/TA/0927-TA-3.csv",2025-09-27,"8","4","3"
"11-20-202509-dev-seq-A","11","TA","20","D:/202509-dev-seq/20C-202509-dev-seq/lm/20C/A/11/TA/0927-TA-3.csv",2025-09-27,"8","4","3"
"11-20-202509-dev-seq-A","11","TA","20","D:/202509-dev-seq/20C-202509-dev-seq/lm/20C/A/11/TA/0927-TA-3.csv",2025-09-27,"8","4","3"
"11-20-202509-dev-seq-A","11","TA","20","D:/202509-dev-seq/20C-202509-dev-seq/lm/20C/A/11/TA/0927-TA-3.csv",2025-09-27,"8","4","3"
"11-20-202509-dev-seq-A","11","TA","20","D:/202509-dev-seq/20C-202509-dev-seq/lm/20C/A/11/TA/0927-TA-3.csv",2025-09-27,"8","4","3"
"11-20-202509-dev-seq-A","11","TA","20","D:/202509-dev-seq/20C-202509-dev-seq/lm/20C/A/11/TA/0927-TA-3.csv",2025-09-27,"8","4","3"
"11-20-202509-dev-seq-A","11","TA","20","D:/202509-dev-seq/20C-202509-dev-seq/lm/20C/A/11/TA/0927-TA-3.csv",2025-09-27,"8","4","3"
"11-20-202509-dev-seq-A","11","TA","20","D:/202509-dev-seq/20C-202509-dev-seq/lm/20C/A/11/TA/0929-TA-6.csv",2025-09-29,"8","4","3"
"11-20-202509-dev-seq-A","11","TA","20","D:/202509-dev-seq/20C-202509-dev-seq/lm/20C/A/11/TA/0929-TA-6.csv",2025-09-29,"8","4","3"
"11-20-202509-dev-seq-A","11","TA","20","D:/202509-dev-seq/20C-202509-dev-seq/lm/20C/A/11/TA/0929-TA-6.csv",2025-09-29,"8","4","3"
"11-20-202509-dev-seq-A","11","TA","20","D:/202509-dev-seq/20C-202509-dev-seq/lm/20C/A/11/TA/0929-TA-6.csv",2025-09-29,"8","4","3"
"11-20-202509-dev-seq-A","11","TA","20","D:/202509-dev-seq/20C-202509-dev-seq/lm/20C/A/11/TA/0929-TA-6.csv",2025-09-29,"8","4","3"
"11-20-202509-dev-seq-A","11","TA","20","D:/202509-dev-seq/20C-202509-dev-seq/lm/20C/A/11/TA/0929-TA-6.csv",2025-09-29,"8","4","3"
"11-20-202509-dev-seq-A","11","TA","20","D:/202509-dev-seq/20C-202509-dev-seq/lm/20C/A/11/TA/0929-TA-6.csv",2025-09-29,"8","4","3"
"11-20-202509-dev-seq-A","11","TA","20","D:/202509-dev-seq/20C-202509-dev-seq/lm/20C/A/11/TA/0929-TA-6.csv",2025-09-29,"8","4","3"
"11-20-202509-dev-seq-A","11","TA","20","D:/202509-dev-seq/20C-202509-dev-seq/lm/20C/A/11/TA/1001-TA-2.csv",2025-10-01,"8","4","3"
"11-20-202509-dev-seq-A","11","TA","20","D:/202509-dev-seq/20C-202509-dev-seq/lm/20C/A/11/TA/1001-TA-2.csv",2025-10-01,"8","4","3"
"11-20-202509-dev-seq-A","11","TA","20","D:/202509-dev-seq/20C-202509-dev-seq/lm/20C/A/11/TA/1001-TA-2.csv",2025-10-01,"8","4","3"
"11-20-202509-dev-seq-A","11","TA","20","D:/202509-dev-seq/20C-202509-dev-seq/lm/20C/A/11/TA/1001-TA-2.csv",2025-10-01,"8","4","3"
"11-20-202509-dev-seq-A","11","TA","20","D:/202509-dev-seq/20C-202509-dev-seq/lm/20C/A/11/TA/1001-TA-2.csv",2025-10-01,"8","4","3"
"11-20-202509-dev-seq-A","11","TA","20","D:/202509-dev-seq/20C-202509-dev-seq/lm/20C/A/11/TA/1001-TA-2.csv",2025-10-01,"8","4","3"
"11-20-202509-dev-seq-A","11","TA","20","D:/202509-dev-seq/20C-202509-dev-seq/lm/20C/A/11/TA/1001-TA-2.csv",2025-10-01,"8","4","3"
"11-20-202509-dev-seq-A","11","TA","20","D:/202509-dev-seq/20C-202509-dev-seq/lm/20C/A/11/TA/1001-TA-2.csv",2025-10-01,"8","4","3"
"11-20-202509-dev-seq-A","11","TA","20","D:/202509-dev-seq/20C-202509-dev-seq/lm/20C/A/11/TA/1003-TA.csv",2025-10-03,"9","6","4"
"11-20-202509-dev-seq-A","11","TA","20","D:/202509-dev-seq/20C-202509-dev-seq/lm/20C/A/11/TA/1003-TA.csv",2025-10-03,"9","6","4"
"11-20-202509-dev-seq-A","11","TA","20","D:/202509-dev-seq/20C-202509-dev-seq/lm/20C/A/11/TA/1003-TA.csv",2025-10-03,"9","6","4"
"11-20-202509-dev-seq-A","11","TA","20","D:/202509-dev-seq/20C-202509-dev-seq/lm/20C/A/11/TA/1003-TA.csv",2025-10-03,"9","6","4"
"11-20-202509-dev-seq-A","11","TA","20","D:/202509-dev-seq/20C-202509-dev-seq/lm/20C/A/11/TA/1003-TA.csv",2025-10-03,"9","6","4"
"11-20-202509-dev-seq-A","11","TA","20","D:/202509-dev-seq/20C-202509-dev-seq/lm/20C/A/11/TA/1003-TA.csv",2025-10-03,"9","6","4"
"11-20-202509-dev-seq-A","11","TA","20","D:/202509-dev-seq/20C-202509-dev-seq/lm/20C/A/11/TA/1003-TA.csv",2025-10-03,"9","6","4"
"11-20-202509-dev-seq-A","11","TA","20","D:/202509-dev-seq/20C-202509-dev-seq/lm/20C/A/11/TA/1003-TA.csv",2025-10-03,"9","6","4"
"11-20-202509-dev-seq-A","11","TA","20","D:/202509-dev-seq/20C-202509-dev-seq/lm/20C/A/11/TA/1005-TA-3.csv",2025-10-05,"9","6","4"
"11-20-202509-dev-seq-A","11","TA","20","D:/202509-dev-seq/20C-202509-dev-seq/lm/20C/A/11/TA/1005-TA-3.csv",2025-10-05,"9","6","4"
"11-20-202509-dev-seq-A","11","TA","20","D:/202509-dev-seq/20C-202509-dev-seq/lm/20C/A/11/TA/1005-TA-3.csv",2025-10-05,"9","6","4"
"11-20-202509-dev-seq-A","11","TA","20","D:/202509-dev-seq/20C-202509-dev-seq/lm/20C/A/11/TA/1005-TA-3.csv",2025-10-05,"9","6","4"
"11-20-202509-dev-seq-A","11","TA","20","D:/202509-dev-seq/20C-202509-dev-seq/lm/20C/A/11/TA/1005-TA-3.csv",2025-10-05,"9","6","4"
"11-20-202509-dev-seq-A","11","TA","20","D:/202509-dev-seq/20C-202509-dev-seq/lm/20C/A/11/TA/1005-TA-3.csv",2025-10-05,"9","6","4"
"11-20-202509-dev-seq-A","11","TA","20","D:/202509-dev-seq/20C-202509-dev-seq/lm/20C/A/11/TA/1005-TA-3.csv",2025-10-05,"9","6","4"
"11-20-202509-dev-seq-A","11","TA","20","D:/202509-dev-seq/20C-202509-dev-seq/lm/20C/A/11/TA/1005-TA-3.csv",2025-10-05,"9","6","4"
"11-20-202509-dev-seq-A","11","TA","20","D:/202509-dev-seq/20C-202509-dev-seq/lm/20C/A/11/TA/1007-TA-2.csv",2025-10-07,"9","6","4"
"11-20-202509-dev-seq-A","11","TA","20","D:/202509-dev-seq/20C-202509-dev-seq/lm/20C/A/11/TA/1007-TA-2.csv",2025-10-07,"9","6","4"
"11-20-202509-dev-seq-A","11","TA","20","D:/202509-dev-seq/20C-202509-dev-seq/lm/20C/A/11/TA/1007-TA-2.csv",2025-10-07,"9","6","4"
"11-20-202509-dev-seq-A","11","TA","20","D:/202509-dev-seq/20C-202509-dev-seq/lm/20C/A/11/TA/1007-TA-2.csv",2025-10-07,"9","6","4"
"11-20-202509-dev-seq-A","11","TA","20","D:/202509-dev-seq/20C-202509-dev-seq/lm/20C/A/11/TA/1007-TA-2.csv",2025-10-07,"9","6","4"
"11-20-202509-dev-seq-A","11","TA","20","D:/202509-dev-seq/20C-202509-dev-seq/lm/20C/A/11/TA/1007-TA-2.csv",2025-10-07,"9","6","4"
"11-20-202509-dev-seq-A","11","TA","20","D:/202509-dev-seq/20C-202509-dev-seq/lm/20C/A/11/TA/1007-TA-2.csv",2025-10-07,"9","6","4"
"11-20-202509-dev-seq-A","11","TA","20","D:/202509-dev-seq/20C-202509-dev-seq/lm/20C/A/11/TA/1007-TA-2.csv",2025-10-07,"9","6","4"
"11-20-202509-dev-seq-A","11","TA","20","D:/202509-dev-seq/20C-202509-dev-seq/lm/20C/A/11/TA/1009-TA.csv",2025-10-09,"9","6","4"
"11-20-202509-dev-seq-A","11","TA","20","D:/202509-dev-seq/20C-202509-dev-seq/lm/20C/A/11/TA/1009-TA.csv",2025-10-09,"9","6","4"
"11-20-202509-dev-seq-A","11","TA","20","D:/202509-dev-seq/20C-202509-dev-seq/lm/20C/A/11/TA/1009-TA.csv",2025-10-09,"9","6","4"
"11-20-202509-dev-seq-A","11","TA","20","D:/202509-dev-seq/20C-202509-dev-seq/lm/20C/A/11/TA/1009-TA.csv",2025-10-09,"9","6","4"
"11-20-202509-dev-seq-A","11","TA","20","D:/202509-dev-seq/20C-202509-dev-seq/lm/20C/A/11/TA/1009-TA.csv",2025-10-09,"9","6","4"
"11-20-202509-dev-seq-A","11","TA","20","D:/202509-dev-seq/20C-202509-dev-seq/lm/20C/A/11/TA/1009-TA.csv",2025-10-09,"9","6","4"
"11-20-202509-dev-seq-A","11","TA","20","D:/202509-dev-seq/20C-202509-dev-seq/lm/20C/A/11/TA/1009-TA.csv",2025-10-09,"9","6","4"
"11-20-202509-dev-seq-A","11","TA","20","D:/202509-dev-seq/20C-202509-dev-seq/lm/20C/A/11/TA/1009-TA.csv",2025-10-09,"9","6","4"
"11-20-202509-dev-seq-A","11","TA","20","D:/202509-dev-seq/20C-202509-dev-seq/lm/20C/A/11/TA/1011-TA-3.csv",2025-10-11,"9","6","4"
"11-20-202509-dev-seq-A","11","TA","20","D:/202509-dev-seq/20C-202509-dev-seq/lm/20C/A/11/TA/1011-TA-3.csv",2025-10-11,"9","6","4"
"11-20-202509-dev-seq-A","11","TA","20","D:/202509-dev-seq/20C-202509-dev-seq/lm/20C/A/11/TA/1011-TA-3.csv",2025-10-11,"9","6","4"
"11-20-202509-dev-seq-A","11","TA","20","D:/202509-dev-seq/20C-202509-dev-seq/lm/20C/A/11/TA/1011-TA-3.csv",2025-10-11,"9","6","4"
"11-20-202509-dev-seq-A","11","TA","20","D:/202509-dev-seq/20C-202509-dev-seq/lm/20C/A/11/TA/1011-TA-3.csv",2025-10-11,"9","6","4"
"11-20-202509-dev-seq-A","11","TA","20","D:/202509-dev-seq/20C-202509-dev-seq/lm/20C/A/11/TA/1011-TA-3.csv",2025-10-11,"9","6","4"
"11-20-202509-dev-seq-A","11","TA","20","D:/202509-dev-seq/20C-202509-dev-seq/lm/20C/A/11/TA/1011-TA-3.csv",2025-10-11,"9","6","4"
"11-20-202509-dev-seq-A","11","TA","20","D:/202509-dev-seq/20C-202509-dev-seq/lm/20C/A/11/TA/1011-TA-3.csv",2025-10-11,"9","6","4"
"11-20-202509-dev-seq-A","11","TA","20","D:/202509-dev-seq/20C-202509-dev-seq/lm/20C/A/11/TA/1013-TA-3.csv",2025-10-13,"9","6","4"
"11-20-202509-dev-seq-A","11","TA","20","D:/202509-dev-seq/20C-202509-dev-seq/lm/20C/A/11/TA/1013-TA-3.csv",2025-10-13,"9","6","4"
"11-20-202509-dev-seq-A","11","TA","20","D:/202509-dev-seq/20C-202509-dev-seq/lm/20C/A/11/TA/1013-TA-3.csv",2025-10-13,"9","6","4"
"11-20-202509-dev-seq-A","11","TA","20","D:/202509-dev-seq/20C-202509-dev-seq/lm/20C/A/11/TA/1013-TA-3.csv",2025-10-13,"9","6","4"
"11-20-202509-dev-seq-A","11","TA","20","D:/202509-dev-seq/20C-202509-dev-seq/lm/20C/A/11/TA/1013-TA-3.csv",2025-10-13,"9","6","4"
"11-20-202509-dev-seq-A","11","TA","20","D:/202509-dev-seq/20C-202509-dev-seq/lm/20C/A/11/TA/1013-TA-3.csv",2025-10-13,"9","6","4"
"11-20-202509-dev-seq-A","11","TA","20","D:/202509-dev-seq/20C-202509-dev-seq/lm/20C/A/11/TA/1013-TA-3.csv",2025-10-13,"9","6","4"
"11-20-202509-dev-seq-A","11","TA","20","D:/202509-dev-seq/20C-202509-dev-seq/lm/20C/A/11/TA/1013-TA-3.csv",2025-10-13,"9","6","4"
"11-20-202509-dev-seq-A","11","TA","20","D:/202509-dev-seq/20C-202509-dev-seq/lm/20C/A/11/TA/1016-TA-2.csv",2025-10-16,"9","6","4"
"11-20-202509-dev-seq-A","11","TA","20","D:/202509-dev-seq/20C-202509-dev-seq/lm/20C/A/11/TA/1016-TA-2.csv",2025-10-16,"9","6","4"
"11-20-202509-dev-seq-A","11","TA","20","D:/202509-dev-seq/20C-202509-dev-seq/lm/20C/A/11/TA/1016-TA-2.csv",2025-10-16,"9","6","4"
"11-20-202509-dev-seq-A","11","TA","20","D:/202509-dev-seq/20C-202509-dev-seq/lm/20C/A/11/TA/1016-TA-2.csv",2025-10-16,"9","6","4"
"11-20-202509-dev-seq-A","11","TA","20","D:/202509-dev-seq/20C-202509-dev-seq/lm/20C/A/11/TA/1016-TA-2.csv",2025-10-16,"9","6","4"
"11-20-202509-dev-seq-A","11","TA","20","D:/202509-dev-seq/20C-202509-dev-seq/lm/20C/A/11/TA/1016-TA-2.csv",2025-10-16,"9","6","4"
"11-20-202509-dev-seq-A","11","TA","20","D:/202509-dev-seq/20C-202509-dev-seq/lm/20C/A/11/TA/1016-TA-2.csv",2025-10-16,"9","6","4"
"11-20-202509-dev-seq-A","11","TA","20","D:/202509-dev-seq/20C-202509-dev-seq/lm/20C/A/11/TA/1016-TA-2.csv",2025-10-16,"9","6","4"
"2-20-202509-dev-seq-A","2","OA","20","D:/202509-dev-seq/20C-202509-dev-seq/lm/20C/A/2/OA/0905-OA-2.csv",2025-09-05,"1","1","1"
"2-20-202509-dev-seq-A","2","OA","20","D:/202509-dev-seq/20C-202509-dev-seq/lm/20C/A/2/OA/0905-OA-2.csv",2025-09-05,"1","1","1"
"2-20-202509-dev-seq-A","2","OA","20","D:/202509-dev-seq/20C-202509-dev-seq/lm/20C/A/2/OA/0905-OA-2.csv",2025-09-05,"1","1","1"
"2-20-202509-dev-seq-A","2","OA","20","D:/202509-dev-seq/20C-202509-dev-seq/lm/20C/A/2/OA/0905-OA-2.csv",2025-09-05,"1","1","1"
"2-20-202509-dev-seq-A","2","OA","20","D:/202509-dev-seq/20C-202509-dev-seq/lm/20C/A/2/OA/0907-OA-2.csv",2025-09-07,"1","1","1"
"2-20-202509-dev-seq-A","2","OA","20","D:/202509-dev-seq/20C-202509-dev-seq/lm/20C/A/2/OA/0907-OA-2.csv",2025-09-07,"1","1","1"
"2-20-202509-dev-seq-A","2","OA","20","D:/202509-dev-seq/20C-202509-dev-seq/lm/20C/A/2/OA/0907-OA-2.csv",2025-09-07,"1","1","1"
"2-20-202509-dev-seq-A","2","OA","20","D:/202509-dev-seq/20C-202509-dev-seq/lm/20C/A/2/OA/0907-OA-2.csv",2025-09-07,"1","1","1"
"2-20-202509-dev-seq-A","2","OA","20","D:/202509-dev-seq/20C-202509-dev-seq/lm/20C/A/2/OA/0909-OA-2.csv",2025-09-09,"2","2","1"
"2-20-202509-dev-seq-A","2","OA","20","D:/202509-dev-seq/20C-202509-dev-seq/lm/20C/A/2/OA/0909-OA-2.csv",2025-09-09,"2","2","1"
"2-20-202509-dev-seq-A","2","OA","20","D:/202509-dev-seq/20C-202509-dev-seq/lm/20C/A/2/OA/0909-OA-2.csv",2025-09-09,"2","2","1"
"2-20-202509-dev-seq-A","2","OA","20","D:/202509-dev-seq/20C-202509-dev-seq/lm/20C/A/2/OA/0909-OA-2.csv",2025-09-09,"2","2","1"
"2-20-202509-dev-seq-A","2","OA","20","D:/202509-dev-seq/20C-202509-dev-seq/lm/20C/A/2/OA/0911-OA-1.csv",2025-09-11,"3","2","2"
"2-20-202509-dev-seq-A","2","OA","20","D:/202509-dev-seq/20C-202509-dev-seq/lm/20C/A/2/OA/0911-OA-1.csv",2025-09-11,"3","2","2"
"2-20-202509-dev-seq-A","2","OA","20","D:/202509-dev-seq/20C-202509-dev-seq/lm/20C/A/2/OA/0911-OA-1.csv",2025-09-11,"3","2","2"
"2-20-202509-dev-seq-A","2","OA","20","D:/202509-dev-seq/20C-202509-dev-seq/lm/20C/A/2/OA/0911-OA-1.csv",2025-09-11,"3","2","2"
"2-20-202509-dev-seq-A","2","OA","20","D:/202509-dev-seq/20C-202509-dev-seq/lm/20C/A/2/OA/0913-OA-3.csv",2025-09-13,"4","2","2"
"2-20-202509-dev-seq-A","2","OA","20","D:/202509-dev-seq/20C-202509-dev-seq/lm/20C/A/2/OA/0913-OA-3.csv",2025-09-13,"4","2","2"
"2-20-202509-dev-seq-A","2","OA","20","D:/202509-dev-seq/20C-202509-dev-seq/lm/20C/A/2/OA/0913-OA-3.csv",2025-09-13,"4","2","2"
"2-20-202509-dev-seq-A","2","OA","20","D:/202509-dev-seq/20C-202509-dev-seq/lm/20C/A/2/OA/0913-OA-3.csv",2025-09-13,"4","2","2"
"2-20-202509-dev-seq-A","2","OA","20","D:/202509-dev-seq/20C-202509-dev-seq/lm/20C/A/2/OA/0915-OA-3.csv",2025-09-15,"6","3","3"
"2-20-202509-dev-seq-A","2","OA","20","D:/202509-dev-seq/20C-202509-dev-seq/lm/20C/A/2/OA/0915-OA-3.csv",2025-09-15,"6","3","3"
"2-20-202509-dev-seq-A","2","OA","20","D:/202509-dev-seq/20C-202509-dev-seq/lm/20C/A/2/OA/0915-OA-3.csv",2025-09-15,"6","3","3"
"2-20-202509-dev-seq-A","2","OA","20","D:/202509-dev-seq/20C-202509-dev-seq/lm/20C/A/2/OA/0915-OA-3.csv",2025-09-15,"6","3","3"
"2-20-202509-dev-seq-A","2","OA","20","D:/202509-dev-seq/20C-202509-dev-seq/lm/20C/A/2/OA/0917-OA-2.csv",2025-09-17,"6","3","2"
"2-20-202509-dev-seq-A","2","OA","20","D:/202509-dev-seq/20C-202509-dev-seq/lm/20C/A/2/OA/0917-OA-2.csv",2025-09-17,"6","3","2"
"2-20-202509-dev-seq-A","2","OA","20","D:/202509-dev-seq/20C-202509-dev-seq/lm/20C/A/2/OA/0917-OA-2.csv",2025-09-17,"6","3","2"
"2-20-202509-dev-seq-A","2","OA","20","D:/202509-dev-seq/20C-202509-dev-seq/lm/20C/A/2/OA/0917-OA-2.csv",2025-09-17,"6","3","2"
"2-20-202509-dev-seq-A","2","OA","20","D:/202509-dev-seq/20C-202509-dev-seq/lm/20C/A/2/OA/0919-OA-2X.csv",2025-09-19,"6","4","3"
"2-20-202509-dev-seq-A","2","OA","20","D:/202509-dev-seq/20C-202509-dev-seq/lm/20C/A/2/OA/0919-OA-2X.csv",2025-09-19,"6","4","3"
"2-20-202509-dev-seq-A","2","OA","20","D:/202509-dev-seq/20C-202509-dev-seq/lm/20C/A/2/OA/0919-OA-2X.csv",2025-09-19,"6","4","3"
"2-20-202509-dev-seq-A","2","OA","20","D:/202509-dev-seq/20C-202509-dev-seq/lm/20C/A/2/OA/0919-OA-2X.csv",2025-09-19,"6","4","3"
"2-20-202509-dev-seq-A","2","OA","20","D:/202509-dev-seq/20C-202509-dev-seq/lm/20C/A/2/OA/0921-OA-2.csv",2025-09-21,"6","4","3"
"2-20-202509-dev-seq-A","2","OA","20","D:/202509-dev-seq/20C-202509-dev-seq/lm/20C/A/2/OA/0921-OA-2.csv",2025-09-21,"6","4","3"
"2-20-202509-dev-seq-A","2","OA","20","D:/202509-dev-seq/20C-202509-dev-seq/lm/20C/A/2/OA/0921-OA-2.csv",2025-09-21,"6","4","3"
"2-20-202509-dev-seq-A","2","OA","20","D:/202509-dev-seq/20C-202509-dev-seq/lm/20C/A/2/OA/0921-OA-2.csv",2025-09-21,"6","4","3"
"2-20-202509-dev-seq-A","2","OA","20","D:/202509-dev-seq/20C-202509-dev-seq/lm/20C/A/2/OA/0923-OA-1X.csv",2025-09-23,"8","4","3"
"2-20-202509-dev-seq-A","2","OA","20","D:/202509-dev-seq/20C-202509-dev-seq/lm/20C/A/2/OA/0923-OA-1X.csv",2025-09-23,"8","4","3"
"2-20-202509-dev-seq-A","2","OA","20","D:/202509-dev-seq/20C-202509-dev-seq/lm/20C/A/2/OA/0923-OA-1X.csv",2025-09-23,"8","4","3"
"2-20-202509-dev-seq-A","2","OA","20","D:/202509-dev-seq/20C-202509-dev-seq/lm/20C/A/2/OA/0923-OA-1X.csv",2025-09-23,"8","4","3"
"2-20-202509-dev-seq-A","2","OA","20","D:/202509-dev-seq/20C-202509-dev-seq/lm/20C/A/2/OA/0925-OA-1X.csv",2025-09-25,"8","3","2"
"2-20-202509-dev-seq-A","2","OA","20","D:/202509-dev-seq/20C-202509-dev-seq/lm/20C/A/2/OA/0925-OA-1X.csv",2025-09-25,"8","3","2"
"2-20-202509-dev-seq-A","2","OA","20","D:/202509-dev-seq/20C-202509-dev-seq/lm/20C/A/2/OA/0925-OA-1X.csv",2025-09-25,"8","3","2"
"2-20-202509-dev-seq-A","2","OA","20","D:/202509-dev-seq/20C-202509-dev-seq/lm/20C/A/2/OA/0925-OA-1X.csv",2025-09-25,"8","3","2"
"2-20-202509-dev-seq-A","2","OA","20","D:/202509-dev-seq/20C-202509-dev-seq/lm/20C/A/2/OA/0927-OA-1X.csv",2025-09-27,"8","4","3"
"2-20-202509-dev-seq-A","2","OA","20","D:/202509-dev-seq/20C-202509-dev-seq/lm/20C/A/2/OA/0927-OA-1X.csv",2025-09-27,"8","4","3"
"2-20-202509-dev-seq-A","2","OA","20","D:/202509-dev-seq/20C-202509-dev-seq/lm/20C/A/2/OA/0927-OA-1X.csv",2025-09-27,"8","4","3"
"2-20-202509-dev-seq-A","2","OA","20","D:/202509-dev-seq/20C-202509-dev-seq/lm/20C/A/2/OA/0927-OA-1X.csv",2025-09-27,"8","4","3"
"2-20-202509-dev-seq-A","2","OA","20","D:/202509-dev-seq/20C-202509-dev-seq/lm/20C/A/2/OA/0929-OA-3.csv",2025-09-29,"8","4","3"
"2-20-202509-dev-seq-A","2","OA","20","D:/202509-dev-seq/20C-202509-dev-seq/lm/20C/A/2/OA/0929-OA-3.csv",2025-09-29,"8","4","3"
"2-20-202509-dev-seq-A","2","OA","20","D:/202509-dev-seq/20C-202509-dev-seq/lm/20C/A/2/OA/0929-OA-3.csv",2025-09-29,"8","4","3"
"2-20-202509-dev-seq-A","2","OA","20","D:/202509-dev-seq/20C-202509-dev-seq/lm/20C/A/2/OA/0929-OA-3.csv",2025-09-29,"8","4","3"
"2-20-202509-dev-seq-A","2","OA","20","D:/202509-dev-seq/20C-202509-dev-seq/lm/20C/A/2/OA/1001-OA-4.csv",2025-10-01,"8","4","3"
"2-20-202509-dev-seq-A","2","OA","20","D:/202509-dev-seq/20C-202509-dev-seq/lm/20C/A/2/OA/1001-OA-4.csv",2025-10-01,"8","4","3"
"2-20-202509-dev-seq-A","2","OA","20","D:/202509-dev-seq/20C-202509-dev-seq/lm/20C/A/2/OA/1001-OA-4.csv",2025-10-01,"8","4","3"
"2-20-202509-dev-seq-A","2","OA","20","D:/202509-dev-seq/20C-202509-dev-seq/lm/20C/A/2/OA/1001-OA-4.csv",2025-10-01,"8","4","3"
"2-20-202509-dev-seq-A","2","OA","20","D:/202509-dev-seq/20C-202509-dev-seq/lm/20C/A/2/OA/1003-OA-1X.csv",2025-10-03,"8","4","3"
"2-20-202509-dev-seq-A","2","OA","20","D:/202509-dev-seq/20C-202509-dev-seq/lm/20C/A/2/OA/1003-OA-1X.csv",2025-10-03,"8","4","3"
"2-20-202509-dev-seq-A","2","OA","20","D:/202509-dev-seq/20C-202509-dev-seq/lm/20C/A/2/OA/1003-OA-1X.csv",2025-10-03,"8","4","3"
"2-20-202509-dev-seq-A","2","OA","20","D:/202509-dev-seq/20C-202509-dev-seq/lm/20C/A/2/OA/1003-OA-1X.csv",2025-10-03,"8","4","3"
"2-20-202509-dev-seq-A","2","OA","20","D:/202509-dev-seq/20C-202509-dev-seq/lm/20C/A/2/OA/1005-OA-1X.csv",2025-10-05,"8","6","4"
"2-20-202509-dev-seq-A","2","OA","20","D:/202509-dev-seq/20C-202509-dev-seq/lm/20C/A/2/OA/1005-OA-1X.csv",2025-10-05,"8","6","4"
"2-20-202509-dev-seq-A","2","OA","20","D:/202509-dev-seq/20C-202509-dev-seq/lm/20C/A/2/OA/1005-OA-1X.csv",2025-10-05,"8","6","4"
"2-20-202509-dev-seq-A","2","OA","20","D:/202509-dev-seq/20C-202509-dev-seq/lm/20C/A/2/OA/1005-OA-1X.csv",2025-10-05,"8","6","4"
"2-20-202509-dev-seq-A","2","OA","20","D:/202509-dev-seq/20C-202509-dev-seq/lm/20C/A/2/OA/1007-OA-2.csv",2025-10-07,"9","6","4"
"2-20-202509-dev-seq-A","2","OA","20","D:/202509-dev-seq/20C-202509-dev-seq/lm/20C/A/2/OA/1007-OA-2.csv",2025-10-07,"9","6","4"
"2-20-202509-dev-seq-A","2","OA","20","D:/202509-dev-seq/20C-202509-dev-seq/lm/20C/A/2/OA/1007-OA-2.csv",2025-10-07,"9","6","4"
"2-20-202509-dev-seq-A","2","OA","20","D:/202509-dev-seq/20C-202509-dev-seq/lm/20C/A/2/OA/1007-OA-2.csv",2025-10-07,"9","6","4"
"2-20-202509-dev-seq-A","2","OA","20","D:/202509-dev-seq/20C-202509-dev-seq/lm/20C/A/2/OA/1009-OA-1X.csv",2025-10-09,"9","6","4"
"2-20-202509-dev-seq-A","2","OA","20","D:/202509-dev-seq/20C-202509-dev-seq/lm/20C/A/2/OA/1009-OA-1X.csv",2025-10-09,"9","6","4"
"2-20-202509-dev-seq-A","2","OA","20","D:/202509-dev-seq/20C-202509-dev-seq/lm/20C/A/2/OA/1009-OA-1X.csv",2025-10-09,"9","6","4"
"2-20-202509-dev-seq-A","2","OA","20","D:/202509-dev-seq/20C-202509-dev-seq/lm/20C/A/2/OA/1009-OA-1X.csv",2025-10-09,"9","6","4"
"2-20-202509-dev-seq-A","2","OA","20","D:/202509-dev-seq/20C-202509-dev-seq/lm/20C/A/2/OA/1011-OA-1X.csv",2025-10-11,"9","6","4"
"2-20-202509-dev-seq-A","2","OA","20","D:/202509-dev-seq/20C-202509-dev-seq/lm/20C/A/2/OA/1011-OA-1X.csv",2025-10-11,"9","6","4"
"2-20-202509-dev-seq-A","2","OA","20","D:/202509-dev-seq/20C-202509-dev-seq/lm/20C/A/2/OA/1011-OA-1X.csv",2025-10-11,"9","6","4"
"2-20-202509-dev-seq-A","2","OA","20","D:/202509-dev-seq/20C-202509-dev-seq/lm/20C/A/2/OA/1011-OA-1X.csv",2025-10-11,"9","6","4"
"2-20-202509-dev-seq-A","2","OA","20","D:/202509-dev-seq/20C-202509-dev-seq/lm/20C/A/2/OA/1013-OA-1X.csv",2025-10-13,"9","6","4"
"2-20-202509-dev-seq-A","2","OA","20","D:/202509-dev-seq/20C-202509-dev-seq/lm/20C/A/2/OA/1013-OA-1X.csv",2025-10-13,"9","6","4"
"2-20-202509-dev-seq-A","2","OA","20","D:/202509-dev-seq/20C-202509-dev-seq/lm/20C/A/2/OA/1013-OA-1X.csv",2025-10-13,"9","6","4"
"2-20-202509-dev-seq-A","2","OA","20","D:/202509-dev-seq/20C-202509-dev-seq/lm/20C/A/2/OA/1013-OA-1X.csv",2025-10-13,"9","6","4"
"2-20-202509-dev-seq-A","2","OA","20","D:/202509-dev-seq/20C-202509-dev-seq/lm/20C/A/2/OA/1016-OA-1X.csv",2025-10-16,"9","6","4"
"2-20-202509-dev-seq-A","2","OA","20","D:/202509-dev-seq/20C-202509-dev-seq/lm/20C/A/2/OA/1016-OA-1X.csv",2025-10-16,"9","6","4"
"2-20-202509-dev-seq-A","2","OA","20","D:/202509-dev-seq/20C-202509-dev-seq/lm/20C/A/2/OA/1016-OA-1X.csv",2025-10-16,"9","6","4"
"2-20-202509-dev-seq-A","2","OA","20","D:/202509-dev-seq/20C-202509-dev-seq/lm/20C/A/2/OA/1016-OA-1X.csv",2025-10-16,"9","6","4"
"2-20-202509-dev-seq-A","2","PA","20","D:/202509-dev-seq/20C-202509-dev-seq/lm/20C/A/2/PA/0905-PA-3.csv",2025-09-05,"1","1","1"
"2-20-202509-dev-seq-A","2","PA","20","D:/202509-dev-seq/20C-202509-dev-seq/lm/20C/A/2/PA/0905-PA-3.csv",2025-09-05,"1","1","1"
"2-20-202509-dev-seq-A","2","PA","20","D:/202509-dev-seq/20C-202509-dev-seq/lm/20C/A/2/PA/0905-PA-3.csv",2025-09-05,"1","1","1"
"2-20-202509-dev-seq-A","2","PA","20","D:/202509-dev-seq/20C-202509-dev-seq/lm/20C/A/2/PA/0905-PA-3.csv",2025-09-05,"1","1","1"
"2-20-202509-dev-seq-A","2","PA","20","D:/202509-dev-seq/20C-202509-dev-seq/lm/20C/A/2/PA/0905-PA-3.csv",2025-09-05,"1","1","1"
"2-20-202509-dev-seq-A","2","PA","20","D:/202509-dev-seq/20C-202509-dev-seq/lm/20C/A/2/PA/0907-PA-3.csv",2025-09-07,"1","1","1"
"2-20-202509-dev-seq-A","2","PA","20","D:/202509-dev-seq/20C-202509-dev-seq/lm/20C/A/2/PA/0907-PA-3.csv",2025-09-07,"1","1","1"
"2-20-202509-dev-seq-A","2","PA","20","D:/202509-dev-seq/20C-202509-dev-seq/lm/20C/A/2/PA/0907-PA-3.csv",2025-09-07,"1","1","1"
"2-20-202509-dev-seq-A","2","PA","20","D:/202509-dev-seq/20C-202509-dev-seq/lm/20C/A/2/PA/0907-PA-3.csv",2025-09-07,"1","1","1"
"2-20-202509-dev-seq-A","2","PA","20","D:/202509-dev-seq/20C-202509-dev-seq/lm/20C/A/2/PA/0907-PA-3.csv",2025-09-07,"1","1","1"
"2-20-202509-dev-seq-A","2","PA","20","D:/202509-dev-seq/20C-202509-dev-seq/lm/20C/A/2/PA/0909-PA-2.csv",2025-09-09,"2","2","1"
"2-20-202509-dev-seq-A","2","PA","20","D:/202509-dev-seq/20C-202509-dev-seq/lm/20C/A/2/PA/0909-PA-2.csv",2025-09-09,"2","2","1"
"2-20-202509-dev-seq-A","2","PA","20","D:/202509-dev-seq/20C-202509-dev-seq/lm/20C/A/2/PA/0909-PA-2.csv",2025-09-09,"2","2","1"
"2-20-202509-dev-seq-A","2","PA","20","D:/202509-dev-seq/20C-202509-dev-seq/lm/20C/A/2/PA/0909-PA-2.csv",2025-09-09,"2","2","1"
"2-20-202509-dev-seq-A","2","PA","20","D:/202509-dev-seq/20C-202509-dev-seq/lm/20C/A/2/PA/0909-PA-2.csv",2025-09-09,"2","2","1"
"2-20-202509-dev-seq-A","2","PA","20","D:/202509-dev-seq/20C-202509-dev-seq/lm/20C/A/2/PA/0911-PA-5.csv",2025-09-11,"3","2","2"
"2-20-202509-dev-seq-A","2","PA","20","D:/202509-dev-seq/20C-202509-dev-seq/lm/20C/A/2/PA/0911-PA-5.csv",2025-09-11,"3","2","2"
"2-20-202509-dev-seq-A","2","PA","20","D:/202509-dev-seq/20C-202509-dev-seq/lm/20C/A/2/PA/0911-PA-5.csv",2025-09-11,"3","2","2"
"2-20-202509-dev-seq-A","2","PA","20","D:/202509-dev-seq/20C-202509-dev-seq/lm/20C/A/2/PA/0911-PA-5.csv",2025-09-11,"3","2","2"
"2-20-202509-dev-seq-A","2","PA","20","D:/202509-dev-seq/20C-202509-dev-seq/lm/20C/A/2/PA/0911-PA-5.csv",2025-09-11,"3","2","2"
"2-20-202509-dev-seq-A","2","PA","20","D:/202509-dev-seq/20C-202509-dev-seq/lm/20C/A/2/PA/0913-PA-2.csv",2025-09-13,"4","2","2"
"2-20-202509-dev-seq-A","2","PA","20","D:/202509-dev-seq/20C-202509-dev-seq/lm/20C/A/2/PA/0913-PA-2.csv",2025-09-13,"4","2","2"
"2-20-202509-dev-seq-A","2","PA","20","D:/202509-dev-seq/20C-202509-dev-seq/lm/20C/A/2/PA/0913-PA-2.csv",2025-09-13,"4","2","2"
"2-20-202509-dev-seq-A","2","PA","20","D:/202509-dev-seq/20C-202509-dev-seq/lm/20C/A/2/PA/0913-PA-2.csv",2025-09-13,"4","2","2"
"2-20-202509-dev-seq-A","2","PA","20","D:/202509-dev-seq/20C-202509-dev-seq/lm/20C/A/2/PA/0913-PA-2.csv",2025-09-13,"4","2","2"
"2-20-202509-dev-seq-A","2","PA","20","D:/202509-dev-seq/20C-202509-dev-seq/lm/20C/A/2/PA/0915-PA.csv",2025-09-15,"6","3","3"
"2-20-202509-dev-seq-A","2","PA","20","D:/202509-dev-seq/20C-202509-dev-seq/lm/20C/A/2/PA/0915-PA.csv",2025-09-15,"6","3","3"
"2-20-202509-dev-seq-A","2","PA","20","D:/202509-dev-seq/20C-202509-dev-seq/lm/20C/A/2/PA/0915-PA.csv",2025-09-15,"6","3","3"
"2-20-202509-dev-seq-A","2","PA","20","D:/202509-dev-seq/20C-202509-dev-seq/lm/20C/A/2/PA/0915-PA.csv",2025-09-15,"6","3","3"
"2-20-202509-dev-seq-A","2","PA","20","D:/202509-dev-seq/20C-202509-dev-seq/lm/20C/A/2/PA/0915-PA.csv",2025-09-15,"6","3","3"
"2-20-202509-dev-seq-A","2","PA","20","D:/202509-dev-seq/20C-202509-dev-seq/lm/20C/A/2/PA/0917-PA-2.csv",2025-09-17,"6","3","2"
"2-20-202509-dev-seq-A","2","PA","20","D:/202509-dev-seq/20C-202509-dev-seq/lm/20C/A/2/PA/0917-PA-2.csv",2025-09-17,"6","3","2"
"2-20-202509-dev-seq-A","2","PA","20","D:/202509-dev-seq/20C-202509-dev-seq/lm/20C/A/2/PA/0917-PA-2.csv",2025-09-17,"6","3","2"
"2-20-202509-dev-seq-A","2","PA","20","D:/202509-dev-seq/20C-202509-dev-seq/lm/20C/A/2/PA/0917-PA-2.csv",2025-09-17,"6","3","2"
"2-20-202509-dev-seq-A","2","PA","20","D:/202509-dev-seq/20C-202509-dev-seq/lm/20C/A/2/PA/0917-PA-2.csv",2025-09-17,"6","3","2"
"2-20-202509-dev-seq-A","2","PA","20","D:/202509-dev-seq/20C-202509-dev-seq/lm/20C/A/2/PA/0919-PA-2.csv",2025-09-19,"6","4","3"
"2-20-202509-dev-seq-A","2","PA","20","D:/202509-dev-seq/20C-202509-dev-seq/lm/20C/A/2/PA/0919-PA-2.csv",2025-09-19,"6","4","3"
"2-20-202509-dev-seq-A","2","PA","20","D:/202509-dev-seq/20C-202509-dev-seq/lm/20C/A/2/PA/0919-PA-2.csv",2025-09-19,"6","4","3"
"2-20-202509-dev-seq-A","2","PA","20","D:/202509-dev-seq/20C-202509-dev-seq/lm/20C/A/2/PA/0919-PA-2.csv",2025-09-19,"6","4","3"
"2-20-202509-dev-seq-A","2","PA","20","D:/202509-dev-seq/20C-202509-dev-seq/lm/20C/A/2/PA/0919-PA-2.csv",2025-09-19,"6","4","3"
"2-20-202509-dev-seq-A","2","PA","20","D:/202509-dev-seq/20C-202509-dev-seq/lm/20C/A/2/PA/0921-PA-2.csv",2025-09-21,"6","4","3"
"2-20-202509-dev-seq-A","2","PA","20","D:/202509-dev-seq/20C-202509-dev-seq/lm/20C/A/2/PA/0921-PA-2.csv",2025-09-21,"6","4","3"
"2-20-202509-dev-seq-A","2","PA","20","D:/202509-dev-seq/20C-202509-dev-seq/lm/20C/A/2/PA/0921-PA-2.csv",2025-09-21,"6","4","3"
"2-20-202509-dev-seq-A","2","PA","20","D:/202509-dev-seq/20C-202509-dev-seq/lm/20C/A/2/PA/0921-PA-2.csv",2025-09-21,"6","4","3"
"2-20-202509-dev-seq-A","2","PA","20","D:/202509-dev-seq/20C-202509-dev-seq/lm/20C/A/2/PA/0921-PA-2.csv",2025-09-21,"6","4","3"
"2-20-202509-dev-seq-A","2","PA","20","D:/202509-dev-seq/20C-202509-dev-seq/lm/20C/A/2/PA/0923-PA-3.csv",2025-09-23,"8","4","3"
"2-20-202509-dev-seq-A","2","PA","20","D:/202509-dev-seq/20C-202509-dev-seq/lm/20C/A/2/PA/0923-PA-3.csv",2025-09-23,"8","4","3"
"2-20-202509-dev-seq-A","2","PA","20","D:/202509-dev-seq/20C-202509-dev-seq/lm/20C/A/2/PA/0923-PA-3.csv",2025-09-23,"8","4","3"
"2-20-202509-dev-seq-A","2","PA","20","D:/202509-dev-seq/20C-202509-dev-seq/lm/20C/A/2/PA/0923-PA-3.csv",2025-09-23,"8","4","3"
"2-20-202509-dev-seq-A","2","PA","20","D:/202509-dev-seq/20C-202509-dev-seq/lm/20C/A/2/PA/0923-PA-3.csv",2025-09-23,"8","4","3"
"2-20-202509-dev-seq-A","2","PA","20","D:/202509-dev-seq/20C-202509-dev-seq/lm/20C/A/2/PA/0925-PA-4.csv",2025-09-25,"8","3","2"
"2-20-202509-dev-seq-A","2","PA","20","D:/202509-dev-seq/20C-202509-dev-seq/lm/20C/A/2/PA/0925-PA-4.csv",2025-09-25,"8","3","2"
"2-20-202509-dev-seq-A","2","PA","20","D:/202509-dev-seq/20C-202509-dev-seq/lm/20C/A/2/PA/0925-PA-4.csv",2025-09-25,"8","3","2"
"2-20-202509-dev-seq-A","2","PA","20","D:/202509-dev-seq/20C-202509-dev-seq/lm/20C/A/2/PA/0925-PA-4.csv",2025-09-25,"8","3","2"
"2-20-202509-dev-seq-A","2","PA","20","D:/202509-dev-seq/20C-202509-dev-seq/lm/20C/A/2/PA/0925-PA-4.csv",2025-09-25,"8","3","2"
"2-20-202509-dev-seq-A","2","PA","20","D:/202509-dev-seq/20C-202509-dev-seq/lm/20C/A/2/PA/0927-PA-2.csv",2025-09-27,"8","4","3"
"2-20-202509-dev-seq-A","2","PA","20","D:/202509-dev-seq/20C-202509-dev-seq/lm/20C/A/2/PA/0927-PA-2.csv",2025-09-27,"8","4","3"
"2-20-202509-dev-seq-A","2","PA","20","D:/202509-dev-seq/20C-202509-dev-seq/lm/20C/A/2/PA/0927-PA-2.csv",2025-09-27,"8","4","3"
"2-20-202509-dev-seq-A","2","PA","20","D:/202509-dev-seq/20C-202509-dev-seq/lm/20C/A/2/PA/0927-PA-2.csv",2025-09-27,"8","4","3"
"2-20-202509-dev-seq-A","2","PA","20","D:/202509-dev-seq/20C-202509-dev-seq/lm/20C/A/2/PA/0927-PA-2.csv",2025-09-27,"8","4","3"
"2-20-202509-dev-seq-A","2","PA","20","D:/202509-dev-seq/20C-202509-dev-seq/lm/20C/A/2/PA/0929-PA-3.csv",2025-09-29,"8","4","3"
"2-20-202509-dev-seq-A","2","PA","20","D:/202509-dev-seq/20C-202509-dev-seq/lm/20C/A/2/PA/0929-PA-3.csv",2025-09-29,"8","4","3"
"2-20-202509-dev-seq-A","2","PA","20","D:/202509-dev-seq/20C-202509-dev-seq/lm/20C/A/2/PA/0929-PA-3.csv",2025-09-29,"8","4","3"
"2-20-202509-dev-seq-A","2","PA","20","D:/202509-dev-seq/20C-202509-dev-seq/lm/20C/A/2/PA/0929-PA-3.csv",2025-09-29,"8","4","3"
"2-20-202509-dev-seq-A","2","PA","20","D:/202509-dev-seq/20C-202509-dev-seq/lm/20C/A/2/PA/0929-PA-3.csv",2025-09-29,"8","4","3"
"2-20-202509-dev-seq-A","2","PA","20","D:/202509-dev-seq/20C-202509-dev-seq/lm/20C/A/2/PA/1001-PA-2.csv",2025-10-01,"8","4","3"
"2-20-202509-dev-seq-A","2","PA","20","D:/202509-dev-seq/20C-202509-dev-seq/lm/20C/A/2/PA/1001-PA-2.csv",2025-10-01,"8","4","3"
"2-20-202509-dev-seq-A","2","PA","20","D:/202509-dev-seq/20C-202509-dev-seq/lm/20C/A/2/PA/1001-PA-2.csv",2025-10-01,"8","4","3"
"2-20-202509-dev-seq-A","2","PA","20","D:/202509-dev-seq/20C-202509-dev-seq/lm/20C/A/2/PA/1001-PA-2.csv",2025-10-01,"8","4","3"
"2-20-202509-dev-seq-A","2","PA","20","D:/202509-dev-seq/20C-202509-dev-seq/lm/20C/A/2/PA/1001-PA-2.csv",2025-10-01,"8","4","3"
"2-20-202509-dev-seq-A","2","PA","20","D:/202509-dev-seq/20C-202509-dev-seq/lm/20C/A/2/PA/1003-PA-2.csv",2025-10-03,"8","4","3"
"2-20-202509-dev-seq-A","2","PA","20","D:/202509-dev-seq/20C-202509-dev-seq/lm/20C/A/2/PA/1003-PA-2.csv",2025-10-03,"8","4","3"
"2-20-202509-dev-seq-A","2","PA","20","D:/202509-dev-seq/20C-202509-dev-seq/lm/20C/A/2/PA/1003-PA-2.csv",2025-10-03,"8","4","3"
"2-20-202509-dev-seq-A","2","PA","20","D:/202509-dev-seq/20C-202509-dev-seq/lm/20C/A/2/PA/1003-PA-2.csv",2025-10-03,"8","4","3"
"2-20-202509-dev-seq-A","2","PA","20","D:/202509-dev-seq/20C-202509-dev-seq/lm/20C/A/2/PA/1003-PA-2.csv",2025-10-03,"8","4","3"
"2-20-202509-dev-seq-A","2","PA","20","D:/202509-dev-seq/20C-202509-dev-seq/lm/20C/A/2/PA/1005-PA-4.csv",2025-10-05,"8","6","4"
"2-20-202509-dev-seq-A","2","PA","20","D:/202509-dev-seq/20C-202509-dev-seq/lm/20C/A/2/PA/1005-PA-4.csv",2025-10-05,"8","6","4"
"2-20-202509-dev-seq-A","2","PA","20","D:/202509-dev-seq/20C-202509-dev-seq/lm/20C/A/2/PA/1005-PA-4.csv",2025-10-05,"8","6","4"
"2-20-202509-dev-seq-A","2","PA","20","D:/202509-dev-seq/20C-202509-dev-seq/lm/20C/A/2/PA/1005-PA-4.csv",2025-10-05,"8","6","4"
"2-20-202509-dev-seq-A","2","PA","20","D:/202509-dev-seq/20C-202509-dev-seq/lm/20C/A/2/PA/1005-PA-4.csv",2025-10-05,"8","6","4"
"2-20-202509-dev-seq-A","2","PA","20","D:/202509-dev-seq/20C-202509-dev-seq/lm/20C/A/2/PA/1007-PA-2.csv",2025-10-07,"9","6","4"
"2-20-202509-dev-seq-A","2","PA","20","D:/202509-dev-seq/20C-202509-dev-seq/lm/20C/A/2/PA/1007-PA-2.csv",2025-10-07,"9","6","4"
"2-20-202509-dev-seq-A","2","PA","20","D:/202509-dev-seq/20C-202509-dev-seq/lm/20C/A/2/PA/1007-PA-2.csv",2025-10-07,"9","6","4"
"2-20-202509-dev-seq-A","2","PA","20","D:/202509-dev-seq/20C-202509-dev-seq/lm/20C/A/2/PA/1007-PA-2.csv",2025-10-07,"9","6","4"
"2-20-202509-dev-seq-A","2","PA","20","D:/202509-dev-seq/20C-202509-dev-seq/lm/20C/A/2/PA/1007-PA-2.csv",2025-10-07,"9","6","4"
"2-20-202509-dev-seq-A","2","PA","20","D:/202509-dev-seq/20C-202509-dev-seq/lm/20C/A/2/PA/1009-PA-2.csv",2025-10-09,"9","6","4"
"2-20-202509-dev-seq-A","2","PA","20","D:/202509-dev-seq/20C-202509-dev-seq/lm/20C/A/2/PA/1009-PA-2.csv",2025-10-09,"9","6","4"
"2-20-202509-dev-seq-A","2","PA","20","D:/202509-dev-seq/20C-202509-dev-seq/lm/20C/A/2/PA/1009-PA-2.csv",2025-10-09,"9","6","4"
"2-20-202509-dev-seq-A","2","PA","20","D:/202509-dev-seq/20C-202509-dev-seq/lm/20C/A/2/PA/1009-PA-2.csv",2025-10-09,"9","6","4"
"2-20-202509-dev-seq-A","2","PA","20","D:/202509-dev-seq/20C-202509-dev-seq/lm/20C/A/2/PA/1009-PA-2.csv",2025-10-09,"9","6","4"
"2-20-202509-dev-seq-A","2","PA","20","D:/202509-dev-seq/20C-202509-dev-seq/lm/20C/A/2/PA/1011-PA.csv",2025-10-11,"9","6","4"
"2-20-202509-dev-seq-A","2","PA","20","D:/202509-dev-seq/20C-202509-dev-seq/lm/20C/A/2/PA/1011-PA.csv",2025-10-11,"9","6","4"
"2-20-202509-dev-seq-A","2","PA","20","D:/202509-dev-seq/20C-202509-dev-seq/lm/20C/A/2/PA/1011-PA.csv",2025-10-11,"9","6","4"
"2-20-202509-dev-seq-A","2","PA","20","D:/202509-dev-seq/20C-202509-dev-seq/lm/20C/A/2/PA/1011-PA.csv",2025-10-11,"9","6","4"
"2-20-202509-dev-seq-A","2","PA","20","D:/202509-dev-seq/20C-202509-dev-seq/lm/20C/A/2/PA/1011-PA.csv",2025-10-11,"9","6","4"
"2-20-202509-dev-seq-A","2","PA","20","D:/202509-dev-seq/20C-202509-dev-seq/lm/20C/A/2/PA/1013-PA.csv",2025-10-13,"9","6","4"
"2-20-202509-dev-seq-A","2","PA","20","D:/202509-dev-seq/20C-202509-dev-seq/lm/20C/A/2/PA/1013-PA.csv",2025-10-13,"9","6","4"
"2-20-202509-dev-seq-A","2","PA","20","D:/202509-dev-seq/20C-202509-dev-seq/lm/20C/A/2/PA/1013-PA.csv",2025-10-13,"9","6","4"
"2-20-202509-dev-seq-A","2","PA","20","D:/202509-dev-seq/20C-202509-dev-seq/lm/20C/A/2/PA/1013-PA.csv",2025-10-13,"9","6","4"
"2-20-202509-dev-seq-A","2","PA","20","D:/202509-dev-seq/20C-202509-dev-seq/lm/20C/A/2/PA/1013-PA.csv",2025-10-13,"9","6","4"
"2-20-202509-dev-seq-A","2","PA","20","D:/202509-dev-seq/20C-202509-dev-seq/lm/20C/A/2/PA/1016-PA-2.csv",2025-10-16,"9","6","4"
"2-20-202509-dev-seq-A","2","PA","20","D:/202509-dev-seq/20C-202509-dev-seq/lm/20C/A/2/PA/1016-PA-2.csv",2025-10-16,"9","6","4"
"2-20-202509-dev-seq-A","2","PA","20","D:/202509-dev-seq/20C-202509-dev-seq/lm/20C/A/2/PA/1016-PA-2.csv",2025-10-16,"9","6","4"
"2-20-202509-dev-seq-A","2","PA","20","D:/202509-dev-seq/20C-202509-dev-seq/lm/20C/A/2/PA/1016-PA-2.csv",2025-10-16,"9","6","4"
"2-20-202509-dev-seq-A","2","PA","20","D:/202509-dev-seq/20C-202509-dev-seq/lm/20C/A/2/PA/1016-PA-2.csv",2025-10-16,"9","6","4"
"2-20-202509-dev-seq-A","2","TA","20","D:/202509-dev-seq/20C-202509-dev-seq/lm/20C/A/2/TA/0905-TA-2.csv",2025-09-05,"1","1","1"
"2-20-202509-dev-seq-A","2","TA","20","D:/202509-dev-seq/20C-202509-dev-seq/lm/20C/A/2/TA/0905-TA-2.csv",2025-09-05,"1","1","1"
"2-20-202509-dev-seq-A","2","TA","20","D:/202509-dev-seq/20C-202509-dev-seq/lm/20C/A/2/TA/0905-TA-2.csv",2025-09-05,"1","1","1"
"2-20-202509-dev-seq-A","2","TA","20","D:/202509-dev-seq/20C-202509-dev-seq/lm/20C/A/2/TA/0905-TA-2.csv",2025-09-05,"1","1","1"
"2-20-202509-dev-seq-A","2","TA","20","D:/202509-dev-seq/20C-202509-dev-seq/lm/20C/A/2/TA/0905-TA-2.csv",2025-09-05,"1","1","1"
"2-20-202509-dev-seq-A","2","TA","20","D:/202509-dev-seq/20C-202509-dev-seq/lm/20C/A/2/TA/0905-TA-2.csv",2025-09-05,"1","1","1"
"2-20-202509-dev-seq-A","2","TA","20","D:/202509-dev-seq/20C-202509-dev-seq/lm/20C/A/2/TA/0905-TA-2.csv",2025-09-05,"1","1","1"
"2-20-202509-dev-seq-A","2","TA","20","D:/202509-dev-seq/20C-202509-dev-seq/lm/20C/A/2/TA/0905-TA-2.csv",2025-09-05,"1","1","1"
"2-20-202509-dev-seq-A","2","TA","20","D:/202509-dev-seq/20C-202509-dev-seq/lm/20C/A/2/TA/0907-TA-3.csv",2025-09-07,"1","1","1"
"2-20-202509-dev-seq-A","2","TA","20","D:/202509-dev-seq/20C-202509-dev-seq/lm/20C/A/2/TA/0907-TA-3.csv",2025-09-07,"1","1","1"
"2-20-202509-dev-seq-A","2","TA","20","D:/202509-dev-seq/20C-202509-dev-seq/lm/20C/A/2/TA/0907-TA-3.csv",2025-09-07,"1","1","1"
"2-20-202509-dev-seq-A","2","TA","20","D:/202509-dev-seq/20C-202509-dev-seq/lm/20C/A/2/TA/0907-TA-3.csv",2025-09-07,"1","1","1"
"2-20-202509-dev-seq-A","2","TA","20","D:/202509-dev-seq/20C-202509-dev-seq/lm/20C/A/2/TA/0907-TA-3.csv",2025-09-07,"1","1","1"
"2-20-202509-dev-seq-A","2","TA","20","D:/202509-dev-seq/20C-202509-dev-seq/lm/20C/A/2/TA/0907-TA-3.csv",2025-09-07,"1","1","1"
"2-20-202509-dev-seq-A","2","TA","20","D:/202509-dev-seq/20C-202509-dev-seq/lm/20C/A/2/TA/0907-TA-3.csv",2025-09-07,"1","1","1"
"2-20-202509-dev-seq-A","2","TA","20","D:/202509-dev-seq/20C-202509-dev-seq/lm/20C/A/2/TA/0907-TA-3.csv",2025-09-07,"1","1","1"
"2-20-202509-dev-seq-A","2","TA","20","D:/202509-dev-seq/20C-202509-dev-seq/lm/20C/A/2/TA/0909-TA-4.csv",2025-09-09,"2","2","1"
"2-20-202509-dev-seq-A","2","TA","20","D:/202509-dev-seq/20C-202509-dev-seq/lm/20C/A/2/TA/0909-TA-4.csv",2025-09-09,"2","2","1"
"2-20-202509-dev-seq-A","2","TA","20","D:/202509-dev-seq/20C-202509-dev-seq/lm/20C/A/2/TA/0909-TA-4.csv",2025-09-09,"2","2","1"
"2-20-202509-dev-seq-A","2","TA","20","D:/202509-dev-seq/20C-202509-dev-seq/lm/20C/A/2/TA/0909-TA-4.csv",2025-09-09,"2","2","1"
"2-20-202509-dev-seq-A","2","TA","20","D:/202509-dev-seq/20C-202509-dev-seq/lm/20C/A/2/TA/0909-TA-4.csv",2025-09-09,"2","2","1"
"2-20-202509-dev-seq-A","2","TA","20","D:/202509-dev-seq/20C-202509-dev-seq/lm/20C/A/2/TA/0909-TA-4.csv",2025-09-09,"2","2","1"
"2-20-202509-dev-seq-A","2","TA","20","D:/202509-dev-seq/20C-202509-dev-seq/lm/20C/A/2/TA/0909-TA-4.csv",2025-09-09,"2","2","1"
"2-20-202509-dev-seq-A","2","TA","20","D:/202509-dev-seq/20C-202509-dev-seq/lm/20C/A/2/TA/0909-TA-4.csv",2025-09-09,"2","2","1"
"2-20-202509-dev-seq-A","2","TA","20","D:/202509-dev-seq/20C-202509-dev-seq/lm/20C/A/2/TA/0911-TA-3.csv",2025-09-11,"3","2","2"
"2-20-202509-dev-seq-A","2","TA","20","D:/202509-dev-seq/20C-202509-dev-seq/lm/20C/A/2/TA/0911-TA-3.csv",2025-09-11,"3","2","2"
"2-20-202509-dev-seq-A","2","TA","20","D:/202509-dev-seq/20C-202509-dev-seq/lm/20C/A/2/TA/0911-TA-3.csv",2025-09-11,"3","2","2"
"2-20-202509-dev-seq-A","2","TA","20","D:/202509-dev-seq/20C-202509-dev-seq/lm/20C/A/2/TA/0911-TA-3.csv",2025-09-11,"3","2","2"
"2-20-202509-dev-seq-A","2","TA","20","D:/202509-dev-seq/20C-202509-dev-seq/lm/20C/A/2/TA/0911-TA-3.csv",2025-09-11,"3","2","2"
"2-20-202509-dev-seq-A","2","TA","20","D:/202509-dev-seq/20C-202509-dev-seq/lm/20C/A/2/TA/0911-TA-3.csv",2025-09-11,"3","2","2"
"2-20-202509-dev-seq-A","2","TA","20","D:/202509-dev-seq/20C-202509-dev-seq/lm/20C/A/2/TA/0911-TA-3.csv",2025-09-11,"3","2","2"
"2-20-202509-dev-seq-A","2","TA","20","D:/202509-dev-seq/20C-202509-dev-seq/lm/20C/A/2/TA/0911-TA-3.csv",2025-09-11,"3","2","2"
"2-20-202509-dev-seq-A","2","TA","20","D:/202509-dev-seq/20C-202509-dev-seq/lm/20C/A/2/TA/0913-TA.csv",2025-09-13,"4","2","2"
"2-20-202509-dev-seq-A","2","TA","20","D:/202509-dev-seq/20C-202509-dev-seq/lm/20C/A/2/TA/0913-TA.csv",2025-09-13,"4","2","2"
"2-20-202509-dev-seq-A","2","TA","20","D:/202509-dev-seq/20C-202509-dev-seq/lm/20C/A/2/TA/0913-TA.csv",2025-09-13,"4","2","2"
"2-20-202509-dev-seq-A","2","TA","20","D:/202509-dev-seq/20C-202509-dev-seq/lm/20C/A/2/TA/0913-TA.csv",2025-09-13,"4","2","2"
"2-20-202509-dev-seq-A","2","TA","20","D:/202509-dev-seq/20C-202509-dev-seq/lm/20C/A/2/TA/0913-TA.csv",2025-09-13,"4","2","2"
"2-20-202509-dev-seq-A","2","TA","20","D:/202509-dev-seq/20C-202509-dev-seq/lm/20C/A/2/TA/0913-TA.csv",2025-09-13,"4","2","2"
"2-20-202509-dev-seq-A","2","TA","20","D:/202509-dev-seq/20C-202509-dev-seq/lm/20C/A/2/TA/0913-TA.csv",2025-09-13,"4","2","2"
"2-20-202509-dev-seq-A","2","TA","20","D:/202509-dev-seq/20C-202509-dev-seq/lm/20C/A/2/TA/0913-TA.csv",2025-09-13,"4","2","2"
"2-20-202509-dev-seq-A","2","TA","20","D:/202509-dev-seq/20C-202509-dev-seq/lm/20C/A/2/TA/0915-TA.csv",2025-09-15,"6","3","3"
"2-20-202509-dev-seq-A","2","TA","20","D:/202509-dev-seq/20C-202509-dev-seq/lm/20C/A/2/TA/0915-TA.csv",2025-09-15,"6","3","3"
"2-20-202509-dev-seq-A","2","TA","20","D:/202509-dev-seq/20C-202509-dev-seq/lm/20C/A/2/TA/0915-TA.csv",2025-09-15,"6","3","3"
"2-20-202509-dev-seq-A","2","TA","20","D:/202509-dev-seq/20C-202509-dev-seq/lm/20C/A/2/TA/0915-TA.csv",2025-09-15,"6","3","3"
"2-20-202509-dev-seq-A","2","TA","20","D:/202509-dev-seq/20C-202509-dev-seq/lm/20C/A/2/TA/0915-TA.csv",2025-09-15,"6","3","3"
"2-20-202509-dev-seq-A","2","TA","20","D:/202509-dev-seq/20C-202509-dev-seq/lm/20C/A/2/TA/0915-TA.csv",2025-09-15,"6","3","3"
"2-20-202509-dev-seq-A","2","TA","20","D:/202509-dev-seq/20C-202509-dev-seq/lm/20C/A/2/TA/0915-TA.csv",2025-09-15,"6","3","3"
"2-20-202509-dev-seq-A","2","TA","20","D:/202509-dev-seq/20C-202509-dev-seq/lm/20C/A/2/TA/0915-TA.csv",2025-09-15,"6","3","3"
"2-20-202509-dev-seq-A","2","TA","20","D:/202509-dev-seq/20C-202509-dev-seq/lm/20C/A/2/TA/0917-TA-4.csv",2025-09-17,"6","3","2"
"2-20-202509-dev-seq-A","2","TA","20","D:/202509-dev-seq/20C-202509-dev-seq/lm/20C/A/2/TA/0917-TA-4.csv",2025-09-17,"6","3","2"
"2-20-202509-dev-seq-A","2","TA","20","D:/202509-dev-seq/20C-202509-dev-seq/lm/20C/A/2/TA/0917-TA-4.csv",2025-09-17,"6","3","2"
"2-20-202509-dev-seq-A","2","TA","20","D:/202509-dev-seq/20C-202509-dev-seq/lm/20C/A/2/TA/0917-TA-4.csv",2025-09-17,"6","3","2"
"2-20-202509-dev-seq-A","2","TA","20","D:/202509-dev-seq/20C-202509-dev-seq/lm/20C/A/2/TA/0917-TA-4.csv",2025-09-17,"6","3","2"
"2-20-202509-dev-seq-A","2","TA","20","D:/202509-dev-seq/20C-202509-dev-seq/lm/20C/A/2/TA/0917-TA-4.csv",2025-09-17,"6","3","2"
"2-20-202509-dev-seq-A","2","TA","20","D:/202509-dev-seq/20C-202509-dev-seq/lm/20C/A/2/TA/0917-TA-4.csv",2025-09-17,"6","3","2"
"2-20-202509-dev-seq-A","2","TA","20","D:/202509-dev-seq/20C-202509-dev-seq/lm/20C/A/2/TA/0917-TA-4.csv",2025-09-17,"6","3","2"
"2-20-202509-dev-seq-A","2","TA","20","D:/202509-dev-seq/20C-202509-dev-seq/lm/20C/A/2/TA/0919-TA-2.csv",2025-09-19,"6","4","3"
"2-20-202509-dev-seq-A","2","TA","20","D:/202509-dev-seq/20C-202509-dev-seq/lm/20C/A/2/TA/0919-TA-2.csv",2025-09-19,"6","4","3"
"2-20-202509-dev-seq-A","2","TA","20","D:/202509-dev-seq/20C-202509-dev-seq/lm/20C/A/2/TA/0919-TA-2.csv",2025-09-19,"6","4","3"
"2-20-202509-dev-seq-A","2","TA","20","D:/202509-dev-seq/20C-202509-dev-seq/lm/20C/A/2/TA/0919-TA-2.csv",2025-09-19,"6","4","3"
"2-20-202509-dev-seq-A","2","TA","20","D:/202509-dev-seq/20C-202509-dev-seq/lm/20C/A/2/TA/0919-TA-2.csv",2025-09-19,"6","4","3"
"2-20-202509-dev-seq-A","2","TA","20","D:/202509-dev-seq/20C-202509-dev-seq/lm/20C/A/2/TA/0919-TA-2.csv",2025-09-19,"6","4","3"
"2-20-202509-dev-seq-A","2","TA","20","D:/202509-dev-seq/20C-202509-dev-seq/lm/20C/A/2/TA/0919-TA-2.csv",2025-09-19,"6","4","3"
"2-20-202509-dev-seq-A","2","TA","20","D:/202509-dev-seq/20C-202509-dev-seq/lm/20C/A/2/TA/0919-TA-2.csv",2025-09-19,"6","4","3"
"2-20-202509-dev-seq-A","2","TA","20","D:/202509-dev-seq/20C-202509-dev-seq/lm/20C/A/2/TA/0921-TA.csv",2025-09-21,"6","4","3"
"2-20-202509-dev-seq-A","2","TA","20","D:/202509-dev-seq/20C-202509-dev-seq/lm/20C/A/2/TA/0921-TA.csv",2025-09-21,"6","4","3"
"2-20-202509-dev-seq-A","2","TA","20","D:/202509-dev-seq/20C-202509-dev-seq/lm/20C/A/2/TA/0921-TA.csv",2025-09-21,"6","4","3"
"2-20-202509-dev-seq-A","2","TA","20","D:/202509-dev-seq/20C-202509-dev-seq/lm/20C/A/2/TA/0921-TA.csv",2025-09-21,"6","4","3"
"2-20-202509-dev-seq-A","2","TA","20","D:/202509-dev-seq/20C-202509-dev-seq/lm/20C/A/2/TA/0921-TA.csv",2025-09-21,"6","4","3"
"2-20-202509-dev-seq-A","2","TA","20","D:/202509-dev-seq/20C-202509-dev-seq/lm/20C/A/2/TA/0921-TA.csv",2025-09-21,"6","4","3"
"2-20-202509-dev-seq-A","2","TA","20","D:/202509-dev-seq/20C-202509-dev-seq/lm/20C/A/2/TA/0921-TA.csv",2025-09-21,"6","4","3"
"2-20-202509-dev-seq-A","2","TA","20","D:/202509-dev-seq/20C-202509-dev-seq/lm/20C/A/2/TA/0921-TA.csv",2025-09-21,"6","4","3"
"2-20-202509-dev-seq-A","2","TA","20","D:/202509-dev-seq/20C-202509-dev-seq/lm/20C/A/2/TA/0923-TA-2.csv",2025-09-23,"8","4","3"
"2-20-202509-dev-seq-A","2","TA","20","D:/202509-dev-seq/20C-202509-dev-seq/lm/20C/A/2/TA/0923-TA-2.csv",2025-09-23,"8","4","3"
"2-20-202509-dev-seq-A","2","TA","20","D:/202509-dev-seq/20C-202509-dev-seq/lm/20C/A/2/TA/0923-TA-2.csv",2025-09-23,"8","4","3"
"2-20-202509-dev-seq-A","2","TA","20","D:/202509-dev-seq/20C-202509-dev-seq/lm/20C/A/2/TA/0923-TA-2.csv",2025-09-23,"8","4","3"
"2-20-202509-dev-seq-A","2","TA","20","D:/202509-dev-seq/20C-202509-dev-seq/lm/20C/A/2/TA/0923-TA-2.csv",2025-09-23,"8","4","3"
"2-20-202509-dev-seq-A","2","TA","20","D:/202509-dev-seq/20C-202509-dev-seq/lm/20C/A/2/TA/0923-TA-2.csv",2025-09-23,"8","4","3"
"2-20-202509-dev-seq-A","2","TA","20","D:/202509-dev-seq/20C-202509-dev-seq/lm/20C/A/2/TA/0923-TA-2.csv",2025-09-23,"8","4","3"
"2-20-202509-dev-seq-A","2","TA","20","D:/202509-dev-seq/20C-202509-dev-seq/lm/20C/A/2/TA/0923-TA-2.csv",2025-09-23,"8","4","3"
"2-20-202509-dev-seq-A","2","TA","20","D:/202509-dev-seq/20C-202509-dev-seq/lm/20C/A/2/TA/0925-TA-2.csv",2025-09-25,"8","3","2"
"2-20-202509-dev-seq-A","2","TA","20","D:/202509-dev-seq/20C-202509-dev-seq/lm/20C/A/2/TA/0925-TA-2.csv",2025-09-25,"8","3","2"
"2-20-202509-dev-seq-A","2","TA","20","D:/202509-dev-seq/20C-202509-dev-seq/lm/20C/A/2/TA/0925-TA-2.csv",2025-09-25,"8","3","2"
"2-20-202509-dev-seq-A","2","TA","20","D:/202509-dev-seq/20C-202509-dev-seq/lm/20C/A/2/TA/0925-TA-2.csv",2025-09-25,"8","3","2"
"2-20-202509-dev-seq-A","2","TA","20","D:/202509-dev-seq/20C-202509-dev-seq/lm/20C/A/2/TA/0925-TA-2.csv",2025-09-25,"8","3","2"
"2-20-202509-dev-seq-A","2","TA","20","D:/202509-dev-seq/20C-202509-dev-seq/lm/20C/A/2/TA/0925-TA-2.csv",2025-09-25,"8","3","2"
"2-20-202509-dev-seq-A","2","TA","20","D:/202509-dev-seq/20C-202509-dev-seq/lm/20C/A/2/TA/0925-TA-2.csv",2025-09-25,"8","3","2"
"2-20-202509-dev-seq-A","2","TA","20","D:/202509-dev-seq/20C-202509-dev-seq/lm/20C/A/2/TA/0925-TA-2.csv",2025-09-25,"8","3","2"
"2-20-202509-dev-seq-A","2","TA","20","D:/202509-dev-seq/20C-202509-dev-seq/lm/20C/A/2/TA/0927-TA.csv",2025-09-27,"8","4","3"
"2-20-202509-dev-seq-A","2","TA","20","D:/202509-dev-seq/20C-202509-dev-seq/lm/20C/A/2/TA/0927-TA.csv",2025-09-27,"8","4","3"
"2-20-202509-dev-seq-A","2","TA","20","D:/202509-dev-seq/20C-202509-dev-seq/lm/20C/A/2/TA/0927-TA.csv",2025-09-27,"8","4","3"
"2-20-202509-dev-seq-A","2","TA","20","D:/202509-dev-seq/20C-202509-dev-seq/lm/20C/A/2/TA/0927-TA.csv",2025-09-27,"8","4","3"
"2-20-202509-dev-seq-A","2","TA","20","D:/202509-dev-seq/20C-202509-dev-seq/lm/20C/A/2/TA/0927-TA.csv",2025-09-27,"8","4","3"
"2-20-202509-dev-seq-A","2","TA","20","D:/202509-dev-seq/20C-202509-dev-seq/lm/20C/A/2/TA/0927-TA.csv",2025-09-27,"8","4","3"
"2-20-202509-dev-seq-A","2","TA","20","D:/202509-dev-seq/20C-202509-dev-seq/lm/20C/A/2/TA/0927-TA.csv",2025-09-27,"8","4","3"
"2-20-202509-dev-seq-A","2","TA","20","D:/202509-dev-seq/20C-202509-dev-seq/lm/20C/A/2/TA/0927-TA.csv",2025-09-27,"8","4","3"
"2-20-202509-dev-seq-A","2","TA","20","D:/202509-dev-seq/20C-202509-dev-seq/lm/20C/A/2/TA/0929-TA-2.csv",2025-09-29,"8","4","3"
"2-20-202509-dev-seq-A","2","TA","20","D:/202509-dev-seq/20C-202509-dev-seq/lm/20C/A/2/TA/0929-TA-2.csv",2025-09-29,"8","4","3"
"2-20-202509-dev-seq-A","2","TA","20","D:/202509-dev-seq/20C-202509-dev-seq/lm/20C/A/2/TA/0929-TA-2.csv",2025-09-29,"8","4","3"
"2-20-202509-dev-seq-A","2","TA","20","D:/202509-dev-seq/20C-202509-dev-seq/lm/20C/A/2/TA/0929-TA-2.csv",2025-09-29,"8","4","3"
"2-20-202509-dev-seq-A","2","TA","20","D:/202509-dev-seq/20C-202509-dev-seq/lm/20C/A/2/TA/0929-TA-2.csv",2025-09-29,"8","4","3"
"2-20-202509-dev-seq-A","2","TA","20","D:/202509-dev-seq/20C-202509-dev-seq/lm/20C/A/2/TA/0929-TA-2.csv",2025-09-29,"8","4","3"
"2-20-202509-dev-seq-A","2","TA","20","D:/202509-dev-seq/20C-202509-dev-seq/lm/20C/A/2/TA/0929-TA-2.csv",2025-09-29,"8","4","3"
"2-20-202509-dev-seq-A","2","TA","20","D:/202509-dev-seq/20C-202509-dev-seq/lm/20C/A/2/TA/0929-TA-2.csv",2025-09-29,"8","4","3"
"2-20-202509-dev-seq-A","2","TA","20","D:/202509-dev-seq/20C-202509-dev-seq/lm/20C/A/2/TA/1001-TA-3.csv",2025-10-01,"8","4","3"
"2-20-202509-dev-seq-A","2","TA","20","D:/202509-dev-seq/20C-202509-dev-seq/lm/20C/A/2/TA/1001-TA-3.csv",2025-10-01,"8","4","3"
"2-20-202509-dev-seq-A","2","TA","20","D:/202509-dev-seq/20C-202509-dev-seq/lm/20C/A/2/TA/1001-TA-3.csv",2025-10-01,"8","4","3"
"2-20-202509-dev-seq-A","2","TA","20","D:/202509-dev-seq/20C-202509-dev-seq/lm/20C/A/2/TA/1001-TA-3.csv",2025-10-01,"8","4","3"
"2-20-202509-dev-seq-A","2","TA","20","D:/202509-dev-seq/20C-202509-dev-seq/lm/20C/A/2/TA/1001-TA-3.csv",2025-10-01,"8","4","3"
"2-20-202509-dev-seq-A","2","TA","20","D:/202509-dev-seq/20C-202509-dev-seq/lm/20C/A/2/TA/1001-TA-3.csv",2025-10-01,"8","4","3"
"2-20-202509-dev-seq-A","2","TA","20","D:/202509-dev-seq/20C-202509-dev-seq/lm/20C/A/2/TA/1001-TA-3.csv",2025-10-01,"8","4","3"
"2-20-202509-dev-seq-A","2","TA","20","D:/202509-dev-seq/20C-202509-dev-seq/lm/20C/A/2/TA/1001-TA-3.csv",2025-10-01,"8","4","3"
"2-20-202509-dev-seq-A","2","TA","20","D:/202509-dev-seq/20C-202509-dev-seq/lm/20C/A/2/TA/1003-TA-2.csv",2025-10-03,"8","4","3"
"2-20-202509-dev-seq-A","2","TA","20","D:/202509-dev-seq/20C-202509-dev-seq/lm/20C/A/2/TA/1003-TA-2.csv",2025-10-03,"8","4","3"
"2-20-202509-dev-seq-A","2","TA","20","D:/202509-dev-seq/20C-202509-dev-seq/lm/20C/A/2/TA/1003-TA-2.csv",2025-10-03,"8","4","3"
"2-20-202509-dev-seq-A","2","TA","20","D:/202509-dev-seq/20C-202509-dev-seq/lm/20C/A/2/TA/1003-TA-2.csv",2025-10-03,"8","4","3"
"2-20-202509-dev-seq-A","2","TA","20","D:/202509-dev-seq/20C-202509-dev-seq/lm/20C/A/2/TA/1003-TA-2.csv",2025-10-03,"8","4","3"
"2-20-202509-dev-seq-A","2","TA","20","D:/202509-dev-seq/20C-202509-dev-seq/lm/20C/A/2/TA/1003-TA-2.csv",2025-10-03,"8","4","3"
"2-20-202509-dev-seq-A","2","TA","20","D:/202509-dev-seq/20C-202509-dev-seq/lm/20C/A/2/TA/1003-TA-2.csv",2025-10-03,"8","4","3"
"2-20-202509-dev-seq-A","2","TA","20","D:/202509-dev-seq/20C-202509-dev-seq/lm/20C/A/2/TA/1003-TA-2.csv",2025-10-03,"8","4","3"
"2-20-202509-dev-seq-A","2","TA","20","D:/202509-dev-seq/20C-202509-dev-seq/lm/20C/A/2/TA/1005-TA-4.csv",2025-10-05,"8","6","4"
"2-20-202509-dev-seq-A","2","TA","20","D:/202509-dev-seq/20C-202509-dev-seq/lm/20C/A/2/TA/1005-TA-4.csv",2025-10-05,"8","6","4"
"2-20-202509-dev-seq-A","2","TA","20","D:/202509-dev-seq/20C-202509-dev-seq/lm/20C/A/2/TA/1005-TA-4.csv",2025-10-05,"8","6","4"
"2-20-202509-dev-seq-A","2","TA","20","D:/202509-dev-seq/20C-202509-dev-seq/lm/20C/A/2/TA/1005-TA-4.csv",2025-10-05,"8","6","4"
"2-20-202509-dev-seq-A","2","TA","20","D:/202509-dev-seq/20C-202509-dev-seq/lm/20C/A/2/TA/1005-TA-4.csv",2025-10-05,"8","6","4"
"2-20-202509-dev-seq-A","2","TA","20","D:/202509-dev-seq/20C-202509-dev-seq/lm/20C/A/2/TA/1005-TA-4.csv",2025-10-05,"8","6","4"
"2-20-202509-dev-seq-A","2","TA","20","D:/202509-dev-seq/20C-202509-dev-seq/lm/20C/A/2/TA/1005-TA-4.csv",2025-10-05,"8","6","4"
"2-20-202509-dev-seq-A","2","TA","20","D:/202509-dev-seq/20C-202509-dev-seq/lm/20C/A/2/TA/1005-TA-4.csv",2025-10-05,"8","6","4"
"2-20-202509-dev-seq-A","2","TA","20","D:/202509-dev-seq/20C-202509-dev-seq/lm/20C/A/2/TA/1007-TA.csv",2025-10-07,"9","6","4"
"2-20-202509-dev-seq-A","2","TA","20","D:/202509-dev-seq/20C-202509-dev-seq/lm/20C/A/2/TA/1007-TA.csv",2025-10-07,"9","6","4"
"2-20-202509-dev-seq-A","2","TA","20","D:/202509-dev-seq/20C-202509-dev-seq/lm/20C/A/2/TA/1007-TA.csv",2025-10-07,"9","6","4"
"2-20-202509-dev-seq-A","2","TA","20","D:/202509-dev-seq/20C-202509-dev-seq/lm/20C/A/2/TA/1007-TA.csv",2025-10-07,"9","6","4"
"2-20-202509-dev-seq-A","2","TA","20","D:/202509-dev-seq/20C-202509-dev-seq/lm/20C/A/2/TA/1007-TA.csv",2025-10-07,"9","6","4"
"2-20-202509-dev-seq-A","2","TA","20","D:/202509-dev-seq/20C-202509-dev-seq/lm/20C/A/2/TA/1007-TA.csv",2025-10-07,"9","6","4"
"2-20-202509-dev-seq-A","2","TA","20","D:/202509-dev-seq/20C-202509-dev-seq/lm/20C/A/2/TA/1007-TA.csv",2025-10-07,"9","6","4"
"2-20-202509-dev-seq-A","2","TA","20","D:/202509-dev-seq/20C-202509-dev-seq/lm/20C/A/2/TA/1007-TA.csv",2025-10-07,"9","6","4"
"2-20-202509-dev-seq-A","2","TA","20","D:/202509-dev-seq/20C-202509-dev-seq/lm/20C/A/2/TA/1009-TA.csv",2025-10-09,"9","6","4"
"2-20-202509-dev-seq-A","2","TA","20","D:/202509-dev-seq/20C-202509-dev-seq/lm/20C/A/2/TA/1009-TA.csv",2025-10-09,"9","6","4"
"2-20-202509-dev-seq-A","2","TA","20","D:/202509-dev-seq/20C-202509-dev-seq/lm/20C/A/2/TA/1009-TA.csv",2025-10-09,"9","6","4"
"2-20-202509-dev-seq-A","2","TA","20","D:/202509-dev-seq/20C-202509-dev-seq/lm/20C/A/2/TA/1009-TA.csv",2025-10-09,"9","6","4"
"2-20-202509-dev-seq-A","2","TA","20","D:/202509-dev-seq/20C-202509-dev-seq/lm/20C/A/2/TA/1009-TA.csv",2025-10-09,"9","6","4"
"2-20-202509-dev-seq-A","2","TA","20","D:/202509-dev-seq/20C-202509-dev-seq/lm/20C/A/2/TA/1009-TA.csv",2025-10-09,"9","6","4"
"2-20-202509-dev-seq-A","2","TA","20","D:/202509-dev-seq/20C-202509-dev-seq/lm/20C/A/2/TA/1009-TA.csv",2025-10-09,"9","6","4"
"2-20-202509-dev-seq-A","2","TA","20","D:/202509-dev-seq/20C-202509-dev-seq/lm/20C/A/2/TA/1009-TA.csv",2025-10-09,"9","6","4"
"2-20-202509-dev-seq-A","2","TA","20","D:/202509-dev-seq/20C-202509-dev-seq/lm/20C/A/2/TA/1011-TA-3.csv",2025-10-11,"9","6","4"
"2-20-202509-dev-seq-A","2","TA","20","D:/202509-dev-seq/20C-202509-dev-seq/lm/20C/A/2/TA/1011-TA-3.csv",2025-10-11,"9","6","4"
"2-20-202509-dev-seq-A","2","TA","20","D:/202509-dev-seq/20C-202509-dev-seq/lm/20C/A/2/TA/1011-TA-3.csv",2025-10-11,"9","6","4"
"2-20-202509-dev-seq-A","2","TA","20","D:/202509-dev-seq/20C-202509-dev-seq/lm/20C/A/2/TA/1011-TA-3.csv",2025-10-11,"9","6","4"
"2-20-202509-dev-seq-A","2","TA","20","D:/202509-dev-seq/20C-202509-dev-seq/lm/20C/A/2/TA/1011-TA-3.csv",2025-10-11,"9","6","4"
"2-20-202509-dev-seq-A","2","TA","20","D:/202509-dev-seq/20C-202509-dev-seq/lm/20C/A/2/TA/1011-TA-3.csv",2025-10-11,"9","6","4"
"2-20-202509-dev-seq-A","2","TA","20","D:/202509-dev-seq/20C-202509-dev-seq/lm/20C/A/2/TA/1011-TA-3.csv",2025-10-11,"9","6","4"
"2-20-202509-dev-seq-A","2","TA","20","D:/202509-dev-seq/20C-202509-dev-seq/lm/20C/A/2/TA/1011-TA-3.csv",2025-10-11,"9","6","4"
"2-20-202509-dev-seq-A","2","TA","20","D:/202509-dev-seq/20C-202509-dev-seq/lm/20C/A/2/TA/1013-TA.csv",2025-10-13,"9","6","4"
"2-20-202509-dev-seq-A","2","TA","20","D:/202509-dev-seq/20C-202509-dev-seq/lm/20C/A/2/TA/1013-TA.csv",2025-10-13,"9","6","4"
"2-20-202509-dev-seq-A","2","TA","20","D:/202509-dev-seq/20C-202509-dev-seq/lm/20C/A/2/TA/1013-TA.csv",2025-10-13,"9","6","4"
"2-20-202509-dev-seq-A","2","TA","20","D:/202509-dev-seq/20C-202509-dev-seq/lm/20C/A/2/TA/1013-TA.csv",2025-10-13,"9","6","4"
"2-20-202509-dev-seq-A","2","TA","20","D:/202509-dev-seq/20C-202509-dev-seq/lm/20C/A/2/TA/1013-TA.csv",2025-10-13,"9","6","4"
"2-20-202509-dev-seq-A","2","TA","20","D:/202509-dev-seq/20C-202509-dev-seq/lm/20C/A/2/TA/1013-TA.csv",2025-10-13,"9","6","4"
"2-20-202509-dev-seq-A","2","TA","20","D:/202509-dev-seq/20C-202509-dev-seq/lm/20C/A/2/TA/1013-TA.csv",2025-10-13,"9","6","4"
"2-20-202509-dev-seq-A","2","TA","20","D:/202509-dev-seq/20C-202509-dev-seq/lm/20C/A/2/TA/1013-TA.csv",2025-10-13,"9","6","4"
"2-20-202509-dev-seq-A","2","TA","20","D:/202509-dev-seq/20C-202509-dev-seq/lm/20C/A/2/TA/1016-TA-2.csv",2025-10-16,"9","6","4"
"2-20-202509-dev-seq-A","2","TA","20","D:/202509-dev-seq/20C-202509-dev-seq/lm/20C/A/2/TA/1016-TA-2.csv",2025-10-16,"9","6","4"
"2-20-202509-dev-seq-A","2","TA","20","D:/202509-dev-seq/20C-202509-dev-seq/lm/20C/A/2/TA/1016-TA-2.csv",2025-10-16,"9","6","4"
"2-20-202509-dev-seq-A","2","TA","20","D:/202509-dev-seq/20C-202509-dev-seq/lm/20C/A/2/TA/1016-TA-2.csv",2025-10-16,"9","6","4"
"2-20-202509-dev-seq-A","2","TA","20","D:/202509-dev-seq/20C-202509-dev-seq/lm/20C/A/2/TA/1016-TA-2.csv",2025-10-16,"9","6","4"
"2-20-202509-dev-seq-A","2","TA","20","D:/202509-dev-seq/20C-202509-dev-seq/lm/20C/A/2/TA/1016-TA-2.csv",2025-10-16,"9","6","4"
"2-20-202509-dev-seq-A","2","TA","20","D:/202509-dev-seq/20C-202509-dev-seq/lm/20C/A/2/TA/1016-TA-2.csv",2025-10-16,"9","6","4"
"2-20-202509-dev-seq-A","2","TA","20","D:/202509-dev-seq/20C-202509-dev-seq/lm/20C/A/2/TA/1016-TA-2.csv",2025-10-16,"9","6","4"
"3-20-202509-dev-seq-A","3","OA","20","D:/202509-dev-seq/20C-202509-dev-seq/lm/20C/A/3/OA/0905-OA-2.csv",2025-09-05,NA,NA,NA
"3-20-202509-dev-seq-A","3","OA","20","D:/202509-dev-seq/20C-202509-dev-seq/lm/20C/A/3/OA/0905-OA-2.csv",2025-09-05,NA,NA,NA
"3-20-202509-dev-seq-A","3","OA","20","D:/202509-dev-seq/20C-202509-dev-seq/lm/20C/A/3/OA/0905-OA-2.csv",2025-09-05,NA,NA,NA
"3-20-202509-dev-seq-A","3","OA","20","D:/202509-dev-seq/20C-202509-dev-seq/lm/20C/A/3/OA/0905-OA-2.csv",2025-09-05,NA,NA,NA
"3-20-202509-dev-seq-A","3","OA","20","D:/202509-dev-seq/20C-202509-dev-seq/lm/20C/A/3/OA/0907-OA.csv",2025-09-07,"1","1","1"
"3-20-202509-dev-seq-A","3","OA","20","D:/202509-dev-seq/20C-202509-dev-seq/lm/20C/A/3/OA/0907-OA.csv",2025-09-07,"1","1","1"
"3-20-202509-dev-seq-A","3","OA","20","D:/202509-dev-seq/20C-202509-dev-seq/lm/20C/A/3/OA/0907-OA.csv",2025-09-07,"1","1","1"
"3-20-202509-dev-seq-A","3","OA","20","D:/202509-dev-seq/20C-202509-dev-seq/lm/20C/A/3/OA/0907-OA.csv",2025-09-07,"1","1","1"
"3-20-202509-dev-seq-A","3","OA","20","D:/202509-dev-seq/20C-202509-dev-seq/lm/20C/A/3/OA/0909-OA.csv",2025-09-09,"1","1","1"
"3-20-202509-dev-seq-A","3","OA","20","D:/202509-dev-seq/20C-202509-dev-seq/lm/20C/A/3/OA/0909-OA.csv",2025-09-09,"1","1","1"
"3-20-202509-dev-seq-A","3","OA","20","D:/202509-dev-seq/20C-202509-dev-seq/lm/20C/A/3/OA/0909-OA.csv",2025-09-09,"1","1","1"
"3-20-202509-dev-seq-A","3","OA","20","D:/202509-dev-seq/20C-202509-dev-seq/lm/20C/A/3/OA/0909-OA.csv",2025-09-09,"1","1","1"
"3-20-202509-dev-seq-A","3","OA","20","D:/202509-dev-seq/20C-202509-dev-seq/lm/20C/A/3/OA/0911-OA-x4.csv",2025-09-11,"1","1","1"
"3-20-202509-dev-seq-A","3","OA","20","D:/202509-dev-seq/20C-202509-dev-seq/lm/20C/A/3/OA/0911-OA-x4.csv",2025-09-11,"1","1","1"
"3-20-202509-dev-seq-A","3","OA","20","D:/202509-dev-seq/20C-202509-dev-seq/lm/20C/A/3/OA/0911-OA-x4.csv",2025-09-11,"1","1","1"
"3-20-202509-dev-seq-A","3","OA","20","D:/202509-dev-seq/20C-202509-dev-seq/lm/20C/A/3/OA/0911-OA-x4.csv",2025-09-11,"1","1","1"
"3-20-202509-dev-seq-A","3","OA","20","D:/202509-dev-seq/20C-202509-dev-seq/lm/20C/A/3/OA/0913-OA-3.csv",2025-09-13,"2","2","1"
"3-20-202509-dev-seq-A","3","OA","20","D:/202509-dev-seq/20C-202509-dev-seq/lm/20C/A/3/OA/0913-OA-3.csv",2025-09-13,"2","2","1"
"3-20-202509-dev-seq-A","3","OA","20","D:/202509-dev-seq/20C-202509-dev-seq/lm/20C/A/3/OA/0913-OA-3.csv",2025-09-13,"2","2","1"
"3-20-202509-dev-seq-A","3","OA","20","D:/202509-dev-seq/20C-202509-dev-seq/lm/20C/A/3/OA/0913-OA-3.csv",2025-09-13,"2","2","1"
"3-20-202509-dev-seq-A","3","OA","20","D:/202509-dev-seq/20C-202509-dev-seq/lm/20C/A/3/OA/0915-OA-3.csv",2025-09-15,"4","2","2"
"3-20-202509-dev-seq-A","3","OA","20","D:/202509-dev-seq/20C-202509-dev-seq/lm/20C/A/3/OA/0915-OA-3.csv",2025-09-15,"4","2","2"
"3-20-202509-dev-seq-A","3","OA","20","D:/202509-dev-seq/20C-202509-dev-seq/lm/20C/A/3/OA/0915-OA-3.csv",2025-09-15,"4","2","2"
"3-20-202509-dev-seq-A","3","OA","20","D:/202509-dev-seq/20C-202509-dev-seq/lm/20C/A/3/OA/0915-OA-3.csv",2025-09-15,"4","2","2"
"3-20-202509-dev-seq-A","3","OA","20","D:/202509-dev-seq/20C-202509-dev-seq/lm/20C/A/3/OA/0917-OA.csv",2025-09-17,"6","4","3"
"3-20-202509-dev-seq-A","3","OA","20","D:/202509-dev-seq/20C-202509-dev-seq/lm/20C/A/3/OA/0917-OA.csv",2025-09-17,"6","4","3"
"3-20-202509-dev-seq-A","3","OA","20","D:/202509-dev-seq/20C-202509-dev-seq/lm/20C/A/3/OA/0917-OA.csv",2025-09-17,"6","4","3"
"3-20-202509-dev-seq-A","3","OA","20","D:/202509-dev-seq/20C-202509-dev-seq/lm/20C/A/3/OA/0917-OA.csv",2025-09-17,"6","4","3"
"3-20-202509-dev-seq-A","3","OA","20","D:/202509-dev-seq/20C-202509-dev-seq/lm/20C/A/3/OA/0919-OA-3.csv",2025-09-19,"6","4","3"
"3-20-202509-dev-seq-A","3","OA","20","D:/202509-dev-seq/20C-202509-dev-seq/lm/20C/A/3/OA/0919-OA-3.csv",2025-09-19,"6","4","3"
"3-20-202509-dev-seq-A","3","OA","20","D:/202509-dev-seq/20C-202509-dev-seq/lm/20C/A/3/OA/0919-OA-3.csv",2025-09-19,"6","4","3"
"3-20-202509-dev-seq-A","3","OA","20","D:/202509-dev-seq/20C-202509-dev-seq/lm/20C/A/3/OA/0919-OA-3.csv",2025-09-19,"6","4","3"
"3-20-202509-dev-seq-A","3","OA","20","D:/202509-dev-seq/20C-202509-dev-seq/lm/20C/A/3/OA/0921-OA-2.csv",2025-09-21,"5","4","3"
"3-20-202509-dev-seq-A","3","OA","20","D:/202509-dev-seq/20C-202509-dev-seq/lm/20C/A/3/OA/0921-OA-2.csv",2025-09-21,"5","4","3"
"3-20-202509-dev-seq-A","3","OA","20","D:/202509-dev-seq/20C-202509-dev-seq/lm/20C/A/3/OA/0921-OA-2.csv",2025-09-21,"5","4","3"
"3-20-202509-dev-seq-A","3","OA","20","D:/202509-dev-seq/20C-202509-dev-seq/lm/20C/A/3/OA/0921-OA-2.csv",2025-09-21,"5","4","3"
"3-20-202509-dev-seq-A","3","OA","20","D:/202509-dev-seq/20C-202509-dev-seq/lm/20C/A/3/OA/0923-OA-2.csv",2025-09-23,"8","4","3"
"3-20-202509-dev-seq-A","3","OA","20","D:/202509-dev-seq/20C-202509-dev-seq/lm/20C/A/3/OA/0923-OA-2.csv",2025-09-23,"8","4","3"
"3-20-202509-dev-seq-A","3","OA","20","D:/202509-dev-seq/20C-202509-dev-seq/lm/20C/A/3/OA/0923-OA-2.csv",2025-09-23,"8","4","3"
"3-20-202509-dev-seq-A","3","OA","20","D:/202509-dev-seq/20C-202509-dev-seq/lm/20C/A/3/OA/0923-OA-2.csv",2025-09-23,"8","4","3"
"3-20-202509-dev-seq-A","3","OA","20","D:/202509-dev-seq/20C-202509-dev-seq/lm/20C/A/3/OA/0925-OA.csv",2025-09-25,"8","4","3"
"3-20-202509-dev-seq-A","3","OA","20","D:/202509-dev-seq/20C-202509-dev-seq/lm/20C/A/3/OA/0925-OA.csv",2025-09-25,"8","4","3"
"3-20-202509-dev-seq-A","3","OA","20","D:/202509-dev-seq/20C-202509-dev-seq/lm/20C/A/3/OA/0925-OA.csv",2025-09-25,"8","4","3"
"3-20-202509-dev-seq-A","3","OA","20","D:/202509-dev-seq/20C-202509-dev-seq/lm/20C/A/3/OA/0925-OA.csv",2025-09-25,"8","4","3"
"3-20-202509-dev-seq-A","3","OA","20","D:/202509-dev-seq/20C-202509-dev-seq/lm/20C/A/3/OA/0927-OA-3.csv",2025-09-27,"8","4","3"
"3-20-202509-dev-seq-A","3","OA","20","D:/202509-dev-seq/20C-202509-dev-seq/lm/20C/A/3/OA/0927-OA-3.csv",2025-09-27,"8","4","3"
"3-20-202509-dev-seq-A","3","OA","20","D:/202509-dev-seq/20C-202509-dev-seq/lm/20C/A/3/OA/0927-OA-3.csv",2025-09-27,"8","4","3"
"3-20-202509-dev-seq-A","3","OA","20","D:/202509-dev-seq/20C-202509-dev-seq/lm/20C/A/3/OA/0927-OA-3.csv",2025-09-27,"8","4","3"
"3-20-202509-dev-seq-A","3","OA","20","D:/202509-dev-seq/20C-202509-dev-seq/lm/20C/A/3/OA/0929-OA-4.csv",2025-09-29,"8","4","3"
"3-20-202509-dev-seq-A","3","OA","20","D:/202509-dev-seq/20C-202509-dev-seq/lm/20C/A/3/OA/0929-OA-4.csv",2025-09-29,"8","4","3"
"3-20-202509-dev-seq-A","3","OA","20","D:/202509-dev-seq/20C-202509-dev-seq/lm/20C/A/3/OA/0929-OA-4.csv",2025-09-29,"8","4","3"
"3-20-202509-dev-seq-A","3","OA","20","D:/202509-dev-seq/20C-202509-dev-seq/lm/20C/A/3/OA/0929-OA-4.csv",2025-09-29,"8","4","3"
"3-20-202509-dev-seq-A","3","OA","20","D:/202509-dev-seq/20C-202509-dev-seq/lm/20C/A/3/OA/1001-OA-1X.csv",2025-10-01,"8","5","3"
"3-20-202509-dev-seq-A","3","OA","20","D:/202509-dev-seq/20C-202509-dev-seq/lm/20C/A/3/OA/1001-OA-1X.csv",2025-10-01,"8","5","3"
"3-20-202509-dev-seq-A","3","OA","20","D:/202509-dev-seq/20C-202509-dev-seq/lm/20C/A/3/OA/1001-OA-1X.csv",2025-10-01,"8","5","3"
"3-20-202509-dev-seq-A","3","OA","20","D:/202509-dev-seq/20C-202509-dev-seq/lm/20C/A/3/OA/1001-OA-1X.csv",2025-10-01,"8","5","3"
"3-20-202509-dev-seq-A","3","OA","20","D:/202509-dev-seq/20C-202509-dev-seq/lm/20C/A/3/OA/1003-OA-1.csv",2025-10-03,"9","5","4"
"3-20-202509-dev-seq-A","3","OA","20","D:/202509-dev-seq/20C-202509-dev-seq/lm/20C/A/3/OA/1003-OA-1.csv",2025-10-03,"9","5","4"
"3-20-202509-dev-seq-A","3","OA","20","D:/202509-dev-seq/20C-202509-dev-seq/lm/20C/A/3/OA/1003-OA-1.csv",2025-10-03,"9","5","4"
"3-20-202509-dev-seq-A","3","OA","20","D:/202509-dev-seq/20C-202509-dev-seq/lm/20C/A/3/OA/1003-OA-1.csv",2025-10-03,"9","5","4"
"3-20-202509-dev-seq-A","3","OA","20","D:/202509-dev-seq/20C-202509-dev-seq/lm/20C/A/3/OA/1005-OA-1X.csv",2025-10-05,"9","6","4"
"3-20-202509-dev-seq-A","3","OA","20","D:/202509-dev-seq/20C-202509-dev-seq/lm/20C/A/3/OA/1005-OA-1X.csv",2025-10-05,"9","6","4"
"3-20-202509-dev-seq-A","3","OA","20","D:/202509-dev-seq/20C-202509-dev-seq/lm/20C/A/3/OA/1005-OA-1X.csv",2025-10-05,"9","6","4"
"3-20-202509-dev-seq-A","3","OA","20","D:/202509-dev-seq/20C-202509-dev-seq/lm/20C/A/3/OA/1005-OA-1X.csv",2025-10-05,"9","6","4"
"3-20-202509-dev-seq-A","3","OA","20","D:/202509-dev-seq/20C-202509-dev-seq/lm/20C/A/3/OA/1007-OA-1X.csv",2025-10-07,"9","6","4"
"3-20-202509-dev-seq-A","3","OA","20","D:/202509-dev-seq/20C-202509-dev-seq/lm/20C/A/3/OA/1007-OA-1X.csv",2025-10-07,"9","6","4"
"3-20-202509-dev-seq-A","3","OA","20","D:/202509-dev-seq/20C-202509-dev-seq/lm/20C/A/3/OA/1007-OA-1X.csv",2025-10-07,"9","6","4"
"3-20-202509-dev-seq-A","3","OA","20","D:/202509-dev-seq/20C-202509-dev-seq/lm/20C/A/3/OA/1007-OA-1X.csv",2025-10-07,"9","6","4"
"3-20-202509-dev-seq-A","3","OA","20","D:/202509-dev-seq/20C-202509-dev-seq/lm/20C/A/3/OA/1009-OA-2.csv",2025-10-09,"9","6","4"
"3-20-202509-dev-seq-A","3","OA","20","D:/202509-dev-seq/20C-202509-dev-seq/lm/20C/A/3/OA/1009-OA-2.csv",2025-10-09,"9","6","4"
"3-20-202509-dev-seq-A","3","OA","20","D:/202509-dev-seq/20C-202509-dev-seq/lm/20C/A/3/OA/1009-OA-2.csv",2025-10-09,"9","6","4"
"3-20-202509-dev-seq-A","3","OA","20","D:/202509-dev-seq/20C-202509-dev-seq/lm/20C/A/3/OA/1009-OA-2.csv",2025-10-09,"9","6","4"
"3-20-202509-dev-seq-A","3","OA","20","D:/202509-dev-seq/20C-202509-dev-seq/lm/20C/A/3/OA/1011-OA-0.63X.csv",2025-10-11,"9","6","4"
"3-20-202509-dev-seq-A","3","OA","20","D:/202509-dev-seq/20C-202509-dev-seq/lm/20C/A/3/OA/1011-OA-0.63X.csv",2025-10-11,"9","6","4"
"3-20-202509-dev-seq-A","3","OA","20","D:/202509-dev-seq/20C-202509-dev-seq/lm/20C/A/3/OA/1011-OA-0.63X.csv",2025-10-11,"9","6","4"
"3-20-202509-dev-seq-A","3","OA","20","D:/202509-dev-seq/20C-202509-dev-seq/lm/20C/A/3/OA/1011-OA-0.63X.csv",2025-10-11,"9","6","4"
"3-20-202509-dev-seq-A","3","OA","20","D:/202509-dev-seq/20C-202509-dev-seq/lm/20C/A/3/OA/1013-OA-0.63X.csv",2025-10-13,"7","6","4"
"3-20-202509-dev-seq-A","3","OA","20","D:/202509-dev-seq/20C-202509-dev-seq/lm/20C/A/3/OA/1013-OA-0.63X.csv",2025-10-13,"7","6","4"
"3-20-202509-dev-seq-A","3","OA","20","D:/202509-dev-seq/20C-202509-dev-seq/lm/20C/A/3/OA/1013-OA-0.63X.csv",2025-10-13,"7","6","4"
"3-20-202509-dev-seq-A","3","OA","20","D:/202509-dev-seq/20C-202509-dev-seq/lm/20C/A/3/OA/1013-OA-0.63X.csv",2025-10-13,"7","6","4"
"3-20-202509-dev-seq-A","3","OA","20","D:/202509-dev-seq/20C-202509-dev-seq/lm/20C/A/3/OA/1016-OA-2.csv",2025-10-16,"7","6","4"
"3-20-202509-dev-seq-A","3","OA","20","D:/202509-dev-seq/20C-202509-dev-seq/lm/20C/A/3/OA/1016-OA-2.csv",2025-10-16,"7","6","4"
"3-20-202509-dev-seq-A","3","OA","20","D:/202509-dev-seq/20C-202509-dev-seq/lm/20C/A/3/OA/1016-OA-2.csv",2025-10-16,"7","6","4"
"3-20-202509-dev-seq-A","3","OA","20","D:/202509-dev-seq/20C-202509-dev-seq/lm/20C/A/3/OA/1016-OA-2.csv",2025-10-16,"7","6","4"
"3-20-202509-dev-seq-A","3","PA","20","D:/202509-dev-seq/20C-202509-dev-seq/lm/20C/A/3/PA/0905-PA-3.csv",2025-09-05,NA,NA,NA
"3-20-202509-dev-seq-A","3","PA","20","D:/202509-dev-seq/20C-202509-dev-seq/lm/20C/A/3/PA/0905-PA-3.csv",2025-09-05,NA,NA,NA
"3-20-202509-dev-seq-A","3","PA","20","D:/202509-dev-seq/20C-202509-dev-seq/lm/20C/A/3/PA/0905-PA-3.csv",2025-09-05,NA,NA,NA
"3-20-202509-dev-seq-A","3","PA","20","D:/202509-dev-seq/20C-202509-dev-seq/lm/20C/A/3/PA/0905-PA-3.csv",2025-09-05,NA,NA,NA
"3-20-202509-dev-seq-A","3","PA","20","D:/202509-dev-seq/20C-202509-dev-seq/lm/20C/A/3/PA/0905-PA-3.csv",2025-09-05,NA,NA,NA
"3-20-202509-dev-seq-A","3","PA","20","D:/202509-dev-seq/20C-202509-dev-seq/lm/20C/A/3/PA/0907-PA-2.csv",2025-09-07,"1","1","1"
"3-20-202509-dev-seq-A","3","PA","20","D:/202509-dev-seq/20C-202509-dev-seq/lm/20C/A/3/PA/0907-PA-2.csv",2025-09-07,"1","1","1"
"3-20-202509-dev-seq-A","3","PA","20","D:/202509-dev-seq/20C-202509-dev-seq/lm/20C/A/3/PA/0907-PA-2.csv",2025-09-07,"1","1","1"
"3-20-202509-dev-seq-A","3","PA","20","D:/202509-dev-seq/20C-202509-dev-seq/lm/20C/A/3/PA/0907-PA-2.csv",2025-09-07,"1","1","1"
"3-20-202509-dev-seq-A","3","PA","20","D:/202509-dev-seq/20C-202509-dev-seq/lm/20C/A/3/PA/0907-PA-2.csv",2025-09-07,"1","1","1"
"3-20-202509-dev-seq-A","3","PA","20","D:/202509-dev-seq/20C-202509-dev-seq/lm/20C/A/3/PA/0909-PA.csv",2025-09-09,"1","1","1"
"3-20-202509-dev-seq-A","3","PA","20","D:/202509-dev-seq/20C-202509-dev-seq/lm/20C/A/3/PA/0909-PA.csv",2025-09-09,"1","1","1"
"3-20-202509-dev-seq-A","3","PA","20","D:/202509-dev-seq/20C-202509-dev-seq/lm/20C/A/3/PA/0909-PA.csv",2025-09-09,"1","1","1"
"3-20-202509-dev-seq-A","3","PA","20","D:/202509-dev-seq/20C-202509-dev-seq/lm/20C/A/3/PA/0909-PA.csv",2025-09-09,"1","1","1"
"3-20-202509-dev-seq-A","3","PA","20","D:/202509-dev-seq/20C-202509-dev-seq/lm/20C/A/3/PA/0909-PA.csv",2025-09-09,"1","1","1"
"3-20-202509-dev-seq-A","3","PA","20","D:/202509-dev-seq/20C-202509-dev-seq/lm/20C/A/3/PA/0911-PA-3.csv",2025-09-11,"1","1","1"
"3-20-202509-dev-seq-A","3","PA","20","D:/202509-dev-seq/20C-202509-dev-seq/lm/20C/A/3/PA/0911-PA-3.csv",2025-09-11,"1","1","1"
"3-20-202509-dev-seq-A","3","PA","20","D:/202509-dev-seq/20C-202509-dev-seq/lm/20C/A/3/PA/0911-PA-3.csv",2025-09-11,"1","1","1"
"3-20-202509-dev-seq-A","3","PA","20","D:/202509-dev-seq/20C-202509-dev-seq/lm/20C/A/3/PA/0911-PA-3.csv",2025-09-11,"1","1","1"
"3-20-202509-dev-seq-A","3","PA","20","D:/202509-dev-seq/20C-202509-dev-seq/lm/20C/A/3/PA/0911-PA-3.csv",2025-09-11,"1","1","1"
"3-20-202509-dev-seq-A","3","PA","20","D:/202509-dev-seq/20C-202509-dev-seq/lm/20C/A/3/PA/0913-PA-5.csv",2025-09-13,"2","2","1"
"3-20-202509-dev-seq-A","3","PA","20","D:/202509-dev-seq/20C-202509-dev-seq/lm/20C/A/3/PA/0913-PA-5.csv",2025-09-13,"2","2","1"
"3-20-202509-dev-seq-A","3","PA","20","D:/202509-dev-seq/20C-202509-dev-seq/lm/20C/A/3/PA/0913-PA-5.csv",2025-09-13,"2","2","1"
"3-20-202509-dev-seq-A","3","PA","20","D:/202509-dev-seq/20C-202509-dev-seq/lm/20C/A/3/PA/0913-PA-5.csv",2025-09-13,"2","2","1"
"3-20-202509-dev-seq-A","3","PA","20","D:/202509-dev-seq/20C-202509-dev-seq/lm/20C/A/3/PA/0913-PA-5.csv",2025-09-13,"2","2","1"
"3-20-202509-dev-seq-A","3","PA","20","D:/202509-dev-seq/20C-202509-dev-seq/lm/20C/A/3/PA/0915-PA-2.csv",2025-09-15,"4","2","2"
"3-20-202509-dev-seq-A","3","PA","20","D:/202509-dev-seq/20C-202509-dev-seq/lm/20C/A/3/PA/0915-PA-2.csv",2025-09-15,"4","2","2"
"3-20-202509-dev-seq-A","3","PA","20","D:/202509-dev-seq/20C-202509-dev-seq/lm/20C/A/3/PA/0915-PA-2.csv",2025-09-15,"4","2","2"
"3-20-202509-dev-seq-A","3","PA","20","D:/202509-dev-seq/20C-202509-dev-seq/lm/20C/A/3/PA/0915-PA-2.csv",2025-09-15,"4","2","2"
"3-20-202509-dev-seq-A","3","PA","20","D:/202509-dev-seq/20C-202509-dev-seq/lm/20C/A/3/PA/0915-PA-2.csv",2025-09-15,"4","2","2"
"3-20-202509-dev-seq-A","3","PA","20","D:/202509-dev-seq/20C-202509-dev-seq/lm/20C/A/3/PA/0917-PA.csv",2025-09-17,"6","4","3"
"3-20-202509-dev-seq-A","3","PA","20","D:/202509-dev-seq/20C-202509-dev-seq/lm/20C/A/3/PA/0917-PA.csv",2025-09-17,"6","4","3"
"3-20-202509-dev-seq-A","3","PA","20","D:/202509-dev-seq/20C-202509-dev-seq/lm/20C/A/3/PA/0917-PA.csv",2025-09-17,"6","4","3"
"3-20-202509-dev-seq-A","3","PA","20","D:/202509-dev-seq/20C-202509-dev-seq/lm/20C/A/3/PA/0917-PA.csv",2025-09-17,"6","4","3"
"3-20-202509-dev-seq-A","3","PA","20","D:/202509-dev-seq/20C-202509-dev-seq/lm/20C/A/3/PA/0917-PA.csv",2025-09-17,"6","4","3"
"3-20-202509-dev-seq-A","3","PA","20","D:/202509-dev-seq/20C-202509-dev-seq/lm/20C/A/3/PA/0919-PA-2.csv",2025-09-19,"6","4","3"
"3-20-202509-dev-seq-A","3","PA","20","D:/202509-dev-seq/20C-202509-dev-seq/lm/20C/A/3/PA/0919-PA-2.csv",2025-09-19,"6","4","3"
"3-20-202509-dev-seq-A","3","PA","20","D:/202509-dev-seq/20C-202509-dev-seq/lm/20C/A/3/PA/0919-PA-2.csv",2025-09-19,"6","4","3"
"3-20-202509-dev-seq-A","3","PA","20","D:/202509-dev-seq/20C-202509-dev-seq/lm/20C/A/3/PA/0919-PA-2.csv",2025-09-19,"6","4","3"
"3-20-202509-dev-seq-A","3","PA","20","D:/202509-dev-seq/20C-202509-dev-seq/lm/20C/A/3/PA/0919-PA-2.csv",2025-09-19,"6","4","3"
"3-20-202509-dev-seq-A","3","PA","20","D:/202509-dev-seq/20C-202509-dev-seq/lm/20C/A/3/PA/0921-PA.csv",2025-09-21,"5","4","3"
"3-20-202509-dev-seq-A","3","PA","20","D:/202509-dev-seq/20C-202509-dev-seq/lm/20C/A/3/PA/0921-PA.csv",2025-09-21,"5","4","3"
"3-20-202509-dev-seq-A","3","PA","20","D:/202509-dev-seq/20C-202509-dev-seq/lm/20C/A/3/PA/0921-PA.csv",2025-09-21,"5","4","3"
"3-20-202509-dev-seq-A","3","PA","20","D:/202509-dev-seq/20C-202509-dev-seq/lm/20C/A/3/PA/0921-PA.csv",2025-09-21,"5","4","3"
"3-20-202509-dev-seq-A","3","PA","20","D:/202509-dev-seq/20C-202509-dev-seq/lm/20C/A/3/PA/0921-PA.csv",2025-09-21,"5","4","3"
"3-20-202509-dev-seq-A","3","PA","20","D:/202509-dev-seq/20C-202509-dev-seq/lm/20C/A/3/PA/0923-PA-5.csv",2025-09-23,"8","4","3"
"3-20-202509-dev-seq-A","3","PA","20","D:/202509-dev-seq/20C-202509-dev-seq/lm/20C/A/3/PA/0923-PA-5.csv",2025-09-23,"8","4","3"
"3-20-202509-dev-seq-A","3","PA","20","D:/202509-dev-seq/20C-202509-dev-seq/lm/20C/A/3/PA/0923-PA-5.csv",2025-09-23,"8","4","3"
"3-20-202509-dev-seq-A","3","PA","20","D:/202509-dev-seq/20C-202509-dev-seq/lm/20C/A/3/PA/0923-PA-5.csv",2025-09-23,"8","4","3"
"3-20-202509-dev-seq-A","3","PA","20","D:/202509-dev-seq/20C-202509-dev-seq/lm/20C/A/3/PA/0923-PA-5.csv",2025-09-23,"8","4","3"
"3-20-202509-dev-seq-A","3","PA","20","D:/202509-dev-seq/20C-202509-dev-seq/lm/20C/A/3/PA/0925-PA-5.csv",2025-09-25,"8","4","3"
"3-20-202509-dev-seq-A","3","PA","20","D:/202509-dev-seq/20C-202509-dev-seq/lm/20C/A/3/PA/0925-PA-5.csv",2025-09-25,"8","4","3"
"3-20-202509-dev-seq-A","3","PA","20","D:/202509-dev-seq/20C-202509-dev-seq/lm/20C/A/3/PA/0925-PA-5.csv",2025-09-25,"8","4","3"
"3-20-202509-dev-seq-A","3","PA","20","D:/202509-dev-seq/20C-202509-dev-seq/lm/20C/A/3/PA/0925-PA-5.csv",2025-09-25,"8","4","3"
"3-20-202509-dev-seq-A","3","PA","20","D:/202509-dev-seq/20C-202509-dev-seq/lm/20C/A/3/PA/0925-PA-5.csv",2025-09-25,"8","4","3"
"3-20-202509-dev-seq-A","3","PA","20","D:/202509-dev-seq/20C-202509-dev-seq/lm/20C/A/3/PA/0927-PA-3.csv",2025-09-27,"8","4","3"
"3-20-202509-dev-seq-A","3","PA","20","D:/202509-dev-seq/20C-202509-dev-seq/lm/20C/A/3/PA/0927-PA-3.csv",2025-09-27,"8","4","3"
"3-20-202509-dev-seq-A","3","PA","20","D:/202509-dev-seq/20C-202509-dev-seq/lm/20C/A/3/PA/0927-PA-3.csv",2025-09-27,"8","4","3"
"3-20-202509-dev-seq-A","3","PA","20","D:/202509-dev-seq/20C-202509-dev-seq/lm/20C/A/3/PA/0927-PA-3.csv",2025-09-27,"8","4","3"
"3-20-202509-dev-seq-A","3","PA","20","D:/202509-dev-seq/20C-202509-dev-seq/lm/20C/A/3/PA/0927-PA-3.csv",2025-09-27,"8","4","3"
"3-20-202509-dev-seq-A","3","PA","20","D:/202509-dev-seq/20C-202509-dev-seq/lm/20C/A/3/PA/0929-PA.csv",2025-09-29,"8","4","3"
"3-20-202509-dev-seq-A","3","PA","20","D:/202509-dev-seq/20C-202509-dev-seq/lm/20C/A/3/PA/0929-PA.csv",2025-09-29,"8","4","3"
"3-20-202509-dev-seq-A","3","PA","20","D:/202509-dev-seq/20C-202509-dev-seq/lm/20C/A/3/PA/0929-PA.csv",2025-09-29,"8","4","3"
"3-20-202509-dev-seq-A","3","PA","20","D:/202509-dev-seq/20C-202509-dev-seq/lm/20C/A/3/PA/0929-PA.csv",2025-09-29,"8","4","3"
"3-20-202509-dev-seq-A","3","PA","20","D:/202509-dev-seq/20C-202509-dev-seq/lm/20C/A/3/PA/0929-PA.csv",2025-09-29,"8","4","3"
"3-20-202509-dev-seq-A","3","PA","20","D:/202509-dev-seq/20C-202509-dev-seq/lm/20C/A/3/PA/1001-PA-2.csv",2025-10-01,"8","5","3"
"3-20-202509-dev-seq-A","3","PA","20","D:/202509-dev-seq/20C-202509-dev-seq/lm/20C/A/3/PA/1001-PA-2.csv",2025-10-01,"8","5","3"
"3-20-202509-dev-seq-A","3","PA","20","D:/202509-dev-seq/20C-202509-dev-seq/lm/20C/A/3/PA/1001-PA-2.csv",2025-10-01,"8","5","3"
"3-20-202509-dev-seq-A","3","PA","20","D:/202509-dev-seq/20C-202509-dev-seq/lm/20C/A/3/PA/1001-PA-2.csv",2025-10-01,"8","5","3"
"3-20-202509-dev-seq-A","3","PA","20","D:/202509-dev-seq/20C-202509-dev-seq/lm/20C/A/3/PA/1001-PA-2.csv",2025-10-01,"8","5","3"
"3-20-202509-dev-seq-A","3","PA","20","D:/202509-dev-seq/20C-202509-dev-seq/lm/20C/A/3/PA/1003-PA-3.csv",2025-10-03,"9","5","4"
"3-20-202509-dev-seq-A","3","PA","20","D:/202509-dev-seq/20C-202509-dev-seq/lm/20C/A/3/PA/1003-PA-3.csv",2025-10-03,"9","5","4"
"3-20-202509-dev-seq-A","3","PA","20","D:/202509-dev-seq/20C-202509-dev-seq/lm/20C/A/3/PA/1003-PA-3.csv",2025-10-03,"9","5","4"
"3-20-202509-dev-seq-A","3","PA","20","D:/202509-dev-seq/20C-202509-dev-seq/lm/20C/A/3/PA/1003-PA-3.csv",2025-10-03,"9","5","4"
"3-20-202509-dev-seq-A","3","PA","20","D:/202509-dev-seq/20C-202509-dev-seq/lm/20C/A/3/PA/1003-PA-3.csv",2025-10-03,"9","5","4"
"3-20-202509-dev-seq-A","3","PA","20","D:/202509-dev-seq/20C-202509-dev-seq/lm/20C/A/3/PA/1005-PA-2.csv",2025-10-05,"9","6","4"
"3-20-202509-dev-seq-A","3","PA","20","D:/202509-dev-seq/20C-202509-dev-seq/lm/20C/A/3/PA/1005-PA-2.csv",2025-10-05,"9","6","4"
"3-20-202509-dev-seq-A","3","PA","20","D:/202509-dev-seq/20C-202509-dev-seq/lm/20C/A/3/PA/1005-PA-2.csv",2025-10-05,"9","6","4"
"3-20-202509-dev-seq-A","3","PA","20","D:/202509-dev-seq/20C-202509-dev-seq/lm/20C/A/3/PA/1005-PA-2.csv",2025-10-05,"9","6","4"
"3-20-202509-dev-seq-A","3","PA","20","D:/202509-dev-seq/20C-202509-dev-seq/lm/20C/A/3/PA/1005-PA-2.csv",2025-10-05,"9","6","4"
"3-20-202509-dev-seq-A","3","PA","20","D:/202509-dev-seq/20C-202509-dev-seq/lm/20C/A/3/PA/1007-PA.csv",2025-10-07,"9","6","4"
"3-20-202509-dev-seq-A","3","PA","20","D:/202509-dev-seq/20C-202509-dev-seq/lm/20C/A/3/PA/1007-PA.csv",2025-10-07,"9","6","4"
"3-20-202509-dev-seq-A","3","PA","20","D:/202509-dev-seq/20C-202509-dev-seq/lm/20C/A/3/PA/1007-PA.csv",2025-10-07,"9","6","4"
"3-20-202509-dev-seq-A","3","PA","20","D:/202509-dev-seq/20C-202509-dev-seq/lm/20C/A/3/PA/1007-PA.csv",2025-10-07,"9","6","4"
"3-20-202509-dev-seq-A","3","PA","20","D:/202509-dev-seq/20C-202509-dev-seq/lm/20C/A/3/PA/1007-PA.csv",2025-10-07,"9","6","4"
"3-20-202509-dev-seq-A","3","PA","20","D:/202509-dev-seq/20C-202509-dev-seq/lm/20C/A/3/PA/1009-PA.csv",2025-10-09,"9","6","4"
"3-20-202509-dev-seq-A","3","PA","20","D:/202509-dev-seq/20C-202509-dev-seq/lm/20C/A/3/PA/1009-PA.csv",2025-10-09,"9","6","4"
"3-20-202509-dev-seq-A","3","PA","20","D:/202509-dev-seq/20C-202509-dev-seq/lm/20C/A/3/PA/1009-PA.csv",2025-10-09,"9","6","4"
"3-20-202509-dev-seq-A","3","PA","20","D:/202509-dev-seq/20C-202509-dev-seq/lm/20C/A/3/PA/1009-PA.csv",2025-10-09,"9","6","4"
"3-20-202509-dev-seq-A","3","PA","20","D:/202509-dev-seq/20C-202509-dev-seq/lm/20C/A/3/PA/1009-PA.csv",2025-10-09,"9","6","4"
"3-20-202509-dev-seq-A","3","PA","20","D:/202509-dev-seq/20C-202509-dev-seq/lm/20C/A/3/PA/1011-PA.csv",2025-10-11,"9","6","4"
"3-20-202509-dev-seq-A","3","PA","20","D:/202509-dev-seq/20C-202509-dev-seq/lm/20C/A/3/PA/1011-PA.csv",2025-10-11,"9","6","4"
"3-20-202509-dev-seq-A","3","PA","20","D:/202509-dev-seq/20C-202509-dev-seq/lm/20C/A/3/PA/1011-PA.csv",2025-10-11,"9","6","4"
"3-20-202509-dev-seq-A","3","PA","20","D:/202509-dev-seq/20C-202509-dev-seq/lm/20C/A/3/PA/1011-PA.csv",2025-10-11,"9","6","4"
"3-20-202509-dev-seq-A","3","PA","20","D:/202509-dev-seq/20C-202509-dev-seq/lm/20C/A/3/PA/1011-PA.csv",2025-10-11,"9","6","4"
"3-20-202509-dev-seq-A","3","PA","20","D:/202509-dev-seq/20C-202509-dev-seq/lm/20C/A/3/PA/1013-PA-2.csv",2025-10-13,"7","6","4"
"3-20-202509-dev-seq-A","3","PA","20","D:/202509-dev-seq/20C-202509-dev-seq/lm/20C/A/3/PA/1013-PA-2.csv",2025-10-13,"7","6","4"
"3-20-202509-dev-seq-A","3","PA","20","D:/202509-dev-seq/20C-202509-dev-seq/lm/20C/A/3/PA/1013-PA-2.csv",2025-10-13,"7","6","4"
"3-20-202509-dev-seq-A","3","PA","20","D:/202509-dev-seq/20C-202509-dev-seq/lm/20C/A/3/PA/1013-PA-2.csv",2025-10-13,"7","6","4"
"3-20-202509-dev-seq-A","3","PA","20","D:/202509-dev-seq/20C-202509-dev-seq/lm/20C/A/3/PA/1013-PA-2.csv",2025-10-13,"7","6","4"
"3-20-202509-dev-seq-A","3","PA","20","D:/202509-dev-seq/20C-202509-dev-seq/lm/20C/A/3/PA/1016-PA-3.csv",2025-10-16,"7","6","4"
"3-20-202509-dev-seq-A","3","PA","20","D:/202509-dev-seq/20C-202509-dev-seq/lm/20C/A/3/PA/1016-PA-3.csv",2025-10-16,"7","6","4"
"3-20-202509-dev-seq-A","3","PA","20","D:/202509-dev-seq/20C-202509-dev-seq/lm/20C/A/3/PA/1016-PA-3.csv",2025-10-16,"7","6","4"
"3-20-202509-dev-seq-A","3","PA","20","D:/202509-dev-seq/20C-202509-dev-seq/lm/20C/A/3/PA/1016-PA-3.csv",2025-10-16,"7","6","4"
"3-20-202509-dev-seq-A","3","PA","20","D:/202509-dev-seq/20C-202509-dev-seq/lm/20C/A/3/PA/1016-PA-3.csv",2025-10-16,"7","6","4"
"3-20-202509-dev-seq-A","3","TA","20","D:/202509-dev-seq/20C-202509-dev-seq/lm/20C/A/3/TA/0905-TA-2.csv",2025-09-05,NA,NA,NA
"3-20-202509-dev-seq-A","3","TA","20","D:/202509-dev-seq/20C-202509-dev-seq/lm/20C/A/3/TA/0905-TA-2.csv",2025-09-05,NA,NA,NA
"3-20-202509-dev-seq-A","3","TA","20","D:/202509-dev-seq/20C-202509-dev-seq/lm/20C/A/3/TA/0905-TA-2.csv",2025-09-05,NA,NA,NA
"3-20-202509-dev-seq-A","3","TA","20","D:/202509-dev-seq/20C-202509-dev-seq/lm/20C/A/3/TA/0905-TA-2.csv",2025-09-05,NA,NA,NA
"3-20-202509-dev-seq-A","3","TA","20","D:/202509-dev-seq/20C-202509-dev-seq/lm/20C/A/3/TA/0905-TA-2.csv",2025-09-05,NA,NA,NA
"3-20-202509-dev-seq-A","3","TA","20","D:/202509-dev-seq/20C-202509-dev-seq/lm/20C/A/3/TA/0905-TA-2.csv",2025-09-05,NA,NA,NA
"3-20-202509-dev-seq-A","3","TA","20","D:/202509-dev-seq/20C-202509-dev-seq/lm/20C/A/3/TA/0905-TA-2.csv",2025-09-05,NA,NA,NA
"3-20-202509-dev-seq-A","3","TA","20","D:/202509-dev-seq/20C-202509-dev-seq/lm/20C/A/3/TA/0905-TA-2.csv",2025-09-05,NA,NA,NA
"3-20-202509-dev-seq-A","3","TA","20","D:/202509-dev-seq/20C-202509-dev-seq/lm/20C/A/3/TA/0907-TA.csv",2025-09-07,"1","1","1"
"3-20-202509-dev-seq-A","3","TA","20","D:/202509-dev-seq/20C-202509-dev-seq/lm/20C/A/3/TA/0907-TA.csv",2025-09-07,"1","1","1"
"3-20-202509-dev-seq-A","3","TA","20","D:/202509-dev-seq/20C-202509-dev-seq/lm/20C/A/3/TA/0907-TA.csv",2025-09-07,"1","1","1"
"3-20-202509-dev-seq-A","3","TA","20","D:/202509-dev-seq/20C-202509-dev-seq/lm/20C/A/3/TA/0907-TA.csv",2025-09-07,"1","1","1"
"3-20-202509-dev-seq-A","3","TA","20","D:/202509-dev-seq/20C-202509-dev-seq/lm/20C/A/3/TA/0907-TA.csv",2025-09-07,"1","1","1"
"3-20-202509-dev-seq-A","3","TA","20","D:/202509-dev-seq/20C-202509-dev-seq/lm/20C/A/3/TA/0907-TA.csv",2025-09-07,"1","1","1"
"3-20-202509-dev-seq-A","3","TA","20","D:/202509-dev-seq/20C-202509-dev-seq/lm/20C/A/3/TA/0907-TA.csv",2025-09-07,"1","1","1"
"3-20-202509-dev-seq-A","3","TA","20","D:/202509-dev-seq/20C-202509-dev-seq/lm/20C/A/3/TA/0907-TA.csv",2025-09-07,"1","1","1"
"3-20-202509-dev-seq-A","3","TA","20","D:/202509-dev-seq/20C-202509-dev-seq/lm/20C/A/3/TA/0909-TA.csv",2025-09-09,"1","1","1"
"3-20-202509-dev-seq-A","3","TA","20","D:/202509-dev-seq/20C-202509-dev-seq/lm/20C/A/3/TA/0909-TA.csv",2025-09-09,"1","1","1"
"3-20-202509-dev-seq-A","3","TA","20","D:/202509-dev-seq/20C-202509-dev-seq/lm/20C/A/3/TA/0909-TA.csv",2025-09-09,"1","1","1"
"3-20-202509-dev-seq-A","3","TA","20","D:/202509-dev-seq/20C-202509-dev-seq/lm/20C/A/3/TA/0909-TA.csv",2025-09-09,"1","1","1"
"3-20-202509-dev-seq-A","3","TA","20","D:/202509-dev-seq/20C-202509-dev-seq/lm/20C/A/3/TA/0909-TA.csv",2025-09-09,"1","1","1"
"3-20-202509-dev-seq-A","3","TA","20","D:/202509-dev-seq/20C-202509-dev-seq/lm/20C/A/3/TA/0909-TA.csv",2025-09-09,"1","1","1"
"3-20-202509-dev-seq-A","3","TA","20","D:/202509-dev-seq/20C-202509-dev-seq/lm/20C/A/3/TA/0909-TA.csv",2025-09-09,"1","1","1"
"3-20-202509-dev-seq-A","3","TA","20","D:/202509-dev-seq/20C-202509-dev-seq/lm/20C/A/3/TA/0909-TA.csv",2025-09-09,"1","1","1"
"3-20-202509-dev-seq-A","3","TA","20","D:/202509-dev-seq/20C-202509-dev-seq/lm/20C/A/3/TA/0911-TA-5.csv",2025-09-11,"1","1","1"
"3-20-202509-dev-seq-A","3","TA","20","D:/202509-dev-seq/20C-202509-dev-seq/lm/20C/A/3/TA/0911-TA-5.csv",2025-09-11,"1","1","1"
"3-20-202509-dev-seq-A","3","TA","20","D:/202509-dev-seq/20C-202509-dev-seq/lm/20C/A/3/TA/0911-TA-5.csv",2025-09-11,"1","1","1"
"3-20-202509-dev-seq-A","3","TA","20","D:/202509-dev-seq/20C-202509-dev-seq/lm/20C/A/3/TA/0911-TA-5.csv",2025-09-11,"1","1","1"
"3-20-202509-dev-seq-A","3","TA","20","D:/202509-dev-seq/20C-202509-dev-seq/lm/20C/A/3/TA/0911-TA-5.csv",2025-09-11,"1","1","1"
"3-20-202509-dev-seq-A","3","TA","20","D:/202509-dev-seq/20C-202509-dev-seq/lm/20C/A/3/TA/0911-TA-5.csv",2025-09-11,"1","1","1"
"3-20-202509-dev-seq-A","3","TA","20","D:/202509-dev-seq/20C-202509-dev-seq/lm/20C/A/3/TA/0911-TA-5.csv",2025-09-11,"1","1","1"
"3-20-202509-dev-seq-A","3","TA","20","D:/202509-dev-seq/20C-202509-dev-seq/lm/20C/A/3/TA/0911-TA-5.csv",2025-09-11,"1","1","1"
"3-20-202509-dev-seq-A","3","TA","20","D:/202509-dev-seq/20C-202509-dev-seq/lm/20C/A/3/TA/0913-TA-2.csv",2025-09-13,"2","2","1"
"3-20-202509-dev-seq-A","3","TA","20","D:/202509-dev-seq/20C-202509-dev-seq/lm/20C/A/3/TA/0913-TA-2.csv",2025-09-13,"2","2","1"
"3-20-202509-dev-seq-A","3","TA","20","D:/202509-dev-seq/20C-202509-dev-seq/lm/20C/A/3/TA/0913-TA-2.csv",2025-09-13,"2","2","1"
"3-20-202509-dev-seq-A","3","TA","20","D:/202509-dev-seq/20C-202509-dev-seq/lm/20C/A/3/TA/0913-TA-2.csv",2025-09-13,"2","2","1"
"3-20-202509-dev-seq-A","3","TA","20","D:/202509-dev-seq/20C-202509-dev-seq/lm/20C/A/3/TA/0913-TA-2.csv",2025-09-13,"2","2","1"
"3-20-202509-dev-seq-A","3","TA","20","D:/202509-dev-seq/20C-202509-dev-seq/lm/20C/A/3/TA/0913-TA-2.csv",2025-09-13,"2","2","1"
"3-20-202509-dev-seq-A","3","TA","20","D:/202509-dev-seq/20C-202509-dev-seq/lm/20C/A/3/TA/0913-TA-2.csv",2025-09-13,"2","2","1"
"3-20-202509-dev-seq-A","3","TA","20","D:/202509-dev-seq/20C-202509-dev-seq/lm/20C/A/3/TA/0913-TA-2.csv",2025-09-13,"2","2","1"
"3-20-202509-dev-seq-A","3","TA","20","D:/202509-dev-seq/20C-202509-dev-seq/lm/20C/A/3/TA/0915-TA.csv",2025-09-15,"4","2","2"
"3-20-202509-dev-seq-A","3","TA","20","D:/202509-dev-seq/20C-202509-dev-seq/lm/20C/A/3/TA/0915-TA.csv",2025-09-15,"4","2","2"
"3-20-202509-dev-seq-A","3","TA","20","D:/202509-dev-seq/20C-202509-dev-seq/lm/20C/A/3/TA/0915-TA.csv",2025-09-15,"4","2","2"
"3-20-202509-dev-seq-A","3","TA","20","D:/202509-dev-seq/20C-202509-dev-seq/lm/20C/A/3/TA/0915-TA.csv",2025-09-15,"4","2","2"
"3-20-202509-dev-seq-A","3","TA","20","D:/202509-dev-seq/20C-202509-dev-seq/lm/20C/A/3/TA/0915-TA.csv",2025-09-15,"4","2","2"
"3-20-202509-dev-seq-A","3","TA","20","D:/202509-dev-seq/20C-202509-dev-seq/lm/20C/A/3/TA/0915-TA.csv",2025-09-15,"4","2","2"
"3-20-202509-dev-seq-A","3","TA","20","D:/202509-dev-seq/20C-202509-dev-seq/lm/20C/A/3/TA/0915-TA.csv",2025-09-15,"4","2","2"
"3-20-202509-dev-seq-A","3","TA","20","D:/202509-dev-seq/20C-202509-dev-seq/lm/20C/A/3/TA/0915-TA.csv",2025-09-15,"4","2","2"
"3-20-202509-dev-seq-A","3","TA","20","D:/202509-dev-seq/20C-202509-dev-seq/lm/20C/A/3/TA/0917-TA-5.csv",2025-09-17,"6","4","3"
"3-20-202509-dev-seq-A","3","TA","20","D:/202509-dev-seq/20C-202509-dev-seq/lm/20C/A/3/TA/0917-TA-5.csv",2025-09-17,"6","4","3"
"3-20-202509-dev-seq-A","3","TA","20","D:/202509-dev-seq/20C-202509-dev-seq/lm/20C/A/3/TA/0917-TA-5.csv",2025-09-17,"6","4","3"
"3-20-202509-dev-seq-A","3","TA","20","D:/202509-dev-seq/20C-202509-dev-seq/lm/20C/A/3/TA/0917-TA-5.csv",2025-09-17,"6","4","3"
"3-20-202509-dev-seq-A","3","TA","20","D:/202509-dev-seq/20C-202509-dev-seq/lm/20C/A/3/TA/0917-TA-5.csv",2025-09-17,"6","4","3"
"3-20-202509-dev-seq-A","3","TA","20","D:/202509-dev-seq/20C-202509-dev-seq/lm/20C/A/3/TA/0917-TA-5.csv",2025-09-17,"6","4","3"
"3-20-202509-dev-seq-A","3","TA","20","D:/202509-dev-seq/20C-202509-dev-seq/lm/20C/A/3/TA/0917-TA-5.csv",2025-09-17,"6","4","3"
"3-20-202509-dev-seq-A","3","TA","20","D:/202509-dev-seq/20C-202509-dev-seq/lm/20C/A/3/TA/0917-TA-5.csv",2025-09-17,"6","4","3"
"3-20-202509-dev-seq-A","3","TA","20","D:/202509-dev-seq/20C-202509-dev-seq/lm/20C/A/3/TA/0919-TA.csv",2025-09-19,"6","4","3"
"3-20-202509-dev-seq-A","3","TA","20","D:/202509-dev-seq/20C-202509-dev-seq/lm/20C/A/3/TA/0919-TA.csv",2025-09-19,"6","4","3"
"3-20-202509-dev-seq-A","3","TA","20","D:/202509-dev-seq/20C-202509-dev-seq/lm/20C/A/3/TA/0919-TA.csv",2025-09-19,"6","4","3"
"3-20-202509-dev-seq-A","3","TA","20","D:/202509-dev-seq/20C-202509-dev-seq/lm/20C/A/3/TA/0919-TA.csv",2025-09-19,"6","4","3"
"3-20-202509-dev-seq-A","3","TA","20","D:/202509-dev-seq/20C-202509-dev-seq/lm/20C/A/3/TA/0919-TA.csv",2025-09-19,"6","4","3"
"3-20-202509-dev-seq-A","3","TA","20","D:/202509-dev-seq/20C-202509-dev-seq/lm/20C/A/3/TA/0919-TA.csv",2025-09-19,"6","4","3"
"3-20-202509-dev-seq-A","3","TA","20","D:/202509-dev-seq/20C-202509-dev-seq/lm/20C/A/3/TA/0919-TA.csv",2025-09-19,"6","4","3"
"3-20-202509-dev-seq-A","3","TA","20","D:/202509-dev-seq/20C-202509-dev-seq/lm/20C/A/3/TA/0919-TA.csv",2025-09-19,"6","4","3"
"3-20-202509-dev-seq-A","3","TA","20","D:/202509-dev-seq/20C-202509-dev-seq/lm/20C/A/3/TA/0921-TA.csv",2025-09-21,"5","4","3"
"3-20-202509-dev-seq-A","3","TA","20","D:/202509-dev-seq/20C-202509-dev-seq/lm/20C/A/3/TA/0921-TA.csv",2025-09-21,"5","4","3"
"3-20-202509-dev-seq-A","3","TA","20","D:/202509-dev-seq/20C-202509-dev-seq/lm/20C/A/3/TA/0921-TA.csv",2025-09-21,"5","4","3"
"3-20-202509-dev-seq-A","3","TA","20","D:/202509-dev-seq/20C-202509-dev-seq/lm/20C/A/3/TA/0921-TA.csv",2025-09-21,"5","4","3"
"3-20-202509-dev-seq-A","3","TA","20","D:/202509-dev-seq/20C-202509-dev-seq/lm/20C/A/3/TA/0921-TA.csv",2025-09-21,"5","4","3"
"3-20-202509-dev-seq-A","3","TA","20","D:/202509-dev-seq/20C-202509-dev-seq/lm/20C/A/3/TA/0921-TA.csv",2025-09-21,"5","4","3"
"3-20-202509-dev-seq-A","3","TA","20","D:/202509-dev-seq/20C-202509-dev-seq/lm/20C/A/3/TA/0921-TA.csv",2025-09-21,"5","4","3"
"3-20-202509-dev-seq-A","3","TA","20","D:/202509-dev-seq/20C-202509-dev-seq/lm/20C/A/3/TA/0921-TA.csv",2025-09-21,"5","4","3"
"3-20-202509-dev-seq-A","3","TA","20","D:/202509-dev-seq/20C-202509-dev-seq/lm/20C/A/3/TA/0923-TA-2.csv",2025-09-23,"8","4","3"
"3-20-202509-dev-seq-A","3","TA","20","D:/202509-dev-seq/20C-202509-dev-seq/lm/20C/A/3/TA/0923-TA-2.csv",2025-09-23,"8","4","3"
"3-20-202509-dev-seq-A","3","TA","20","D:/202509-dev-seq/20C-202509-dev-seq/lm/20C/A/3/TA/0923-TA-2.csv",2025-09-23,"8","4","3"
"3-20-202509-dev-seq-A","3","TA","20","D:/202509-dev-seq/20C-202509-dev-seq/lm/20C/A/3/TA/0923-TA-2.csv",2025-09-23,"8","4","3"
"3-20-202509-dev-seq-A","3","TA","20","D:/202509-dev-seq/20C-202509-dev-seq/lm/20C/A/3/TA/0923-TA-2.csv",2025-09-23,"8","4","3"
"3-20-202509-dev-seq-A","3","TA","20","D:/202509-dev-seq/20C-202509-dev-seq/lm/20C/A/3/TA/0923-TA-2.csv",2025-09-23,"8","4","3"
"3-20-202509-dev-seq-A","3","TA","20","D:/202509-dev-seq/20C-202509-dev-seq/lm/20C/A/3/TA/0923-TA-2.csv",2025-09-23,"8","4","3"
"3-20-202509-dev-seq-A","3","TA","20","D:/202509-dev-seq/20C-202509-dev-seq/lm/20C/A/3/TA/0923-TA-2.csv",2025-09-23,"8","4","3"
"3-20-202509-dev-seq-A","3","TA","20","D:/202509-dev-seq/20C-202509-dev-seq/lm/20C/A/3/TA/0925-TA-3.csv",2025-09-25,"8","4","3"
"3-20-202509-dev-seq-A","3","TA","20","D:/202509-dev-seq/20C-202509-dev-seq/lm/20C/A/3/TA/0925-TA-3.csv",2025-09-25,"8","4","3"
"3-20-202509-dev-seq-A","3","TA","20","D:/202509-dev-seq/20C-202509-dev-seq/lm/20C/A/3/TA/0925-TA-3.csv",2025-09-25,"8","4","3"
"3-20-202509-dev-seq-A","3","TA","20","D:/202509-dev-seq/20C-202509-dev-seq/lm/20C/A/3/TA/0925-TA-3.csv",2025-09-25,"8","4","3"
"3-20-202509-dev-seq-A","3","TA","20","D:/202509-dev-seq/20C-202509-dev-seq/lm/20C/A/3/TA/0925-TA-3.csv",2025-09-25,"8","4","3"
"3-20-202509-dev-seq-A","3","TA","20","D:/202509-dev-seq/20C-202509-dev-seq/lm/20C/A/3/TA/0925-TA-3.csv",2025-09-25,"8","4","3"
"3-20-202509-dev-seq-A","3","TA","20","D:/202509-dev-seq/20C-202509-dev-seq/lm/20C/A/3/TA/0925-TA-3.csv",2025-09-25,"8","4","3"
"3-20-202509-dev-seq-A","3","TA","20","D:/202509-dev-seq/20C-202509-dev-seq/lm/20C/A/3/TA/0925-TA-3.csv",2025-09-25,"8","4","3"
"3-20-202509-dev-seq-A","3","TA","20","D:/202509-dev-seq/20C-202509-dev-seq/lm/20C/A/3/TA/0927-TA-5.csv",2025-09-27,"8","4","3"
"3-20-202509-dev-seq-A","3","TA","20","D:/202509-dev-seq/20C-202509-dev-seq/lm/20C/A/3/TA/0927-TA-5.csv",2025-09-27,"8","4","3"
"3-20-202509-dev-seq-A","3","TA","20","D:/202509-dev-seq/20C-202509-dev-seq/lm/20C/A/3/TA/0927-TA-5.csv",2025-09-27,"8","4","3"
"3-20-202509-dev-seq-A","3","TA","20","D:/202509-dev-seq/20C-202509-dev-seq/lm/20C/A/3/TA/0927-TA-5.csv",2025-09-27,"8","4","3"
"3-20-202509-dev-seq-A","3","TA","20","D:/202509-dev-seq/20C-202509-dev-seq/lm/20C/A/3/TA/0927-TA-5.csv",2025-09-27,"8","4","3"
"3-20-202509-dev-seq-A","3","TA","20","D:/202509-dev-seq/20C-202509-dev-seq/lm/20C/A/3/TA/0927-TA-5.csv",2025-09-27,"8","4","3"
"3-20-202509-dev-seq-A","3","TA","20","D:/202509-dev-seq/20C-202509-dev-seq/lm/20C/A/3/TA/0927-TA-5.csv",2025-09-27,"8","4","3"
"3-20-202509-dev-seq-A","3","TA","20","D:/202509-dev-seq/20C-202509-dev-seq/lm/20C/A/3/TA/0927-TA-5.csv",2025-09-27,"8","4","3"
"3-20-202509-dev-seq-A","3","TA","20","D:/202509-dev-seq/20C-202509-dev-seq/lm/20C/A/3/TA/0929-TA-5.csv",2025-09-29,"8","4","3"
"3-20-202509-dev-seq-A","3","TA","20","D:/202509-dev-seq/20C-202509-dev-seq/lm/20C/A/3/TA/0929-TA-5.csv",2025-09-29,"8","4","3"
"3-20-202509-dev-seq-A","3","TA","20","D:/202509-dev-seq/20C-202509-dev-seq/lm/20C/A/3/TA/0929-TA-5.csv",2025-09-29,"8","4","3"
"3-20-202509-dev-seq-A","3","TA","20","D:/202509-dev-seq/20C-202509-dev-seq/lm/20C/A/3/TA/0929-TA-5.csv",2025-09-29,"8","4","3"
"3-20-202509-dev-seq-A","3","TA","20","D:/202509-dev-seq/20C-202509-dev-seq/lm/20C/A/3/TA/0929-TA-5.csv",2025-09-29,"8","4","3"
"3-20-202509-dev-seq-A","3","TA","20","D:/202509-dev-seq/20C-202509-dev-seq/lm/20C/A/3/TA/0929-TA-5.csv",2025-09-29,"8","4","3"
"3-20-202509-dev-seq-A","3","TA","20","D:/202509-dev-seq/20C-202509-dev-seq/lm/20C/A/3/TA/0929-TA-5.csv",2025-09-29,"8","4","3"
"3-20-202509-dev-seq-A","3","TA","20","D:/202509-dev-seq/20C-202509-dev-seq/lm/20C/A/3/TA/0929-TA-5.csv",2025-09-29,"8","4","3"
"3-20-202509-dev-seq-A","3","TA","20","D:/202509-dev-seq/20C-202509-dev-seq/lm/20C/A/3/TA/1001-TA.csv",2025-10-01,"8","5","3"
"3-20-202509-dev-seq-A","3","TA","20","D:/202509-dev-seq/20C-202509-dev-seq/lm/20C/A/3/TA/1001-TA.csv",2025-10-01,"8","5","3"
"3-20-202509-dev-seq-A","3","TA","20","D:/202509-dev-seq/20C-202509-dev-seq/lm/20C/A/3/TA/1001-TA.csv",2025-10-01,"8","5","3"
"3-20-202509-dev-seq-A","3","TA","20","D:/202509-dev-seq/20C-202509-dev-seq/lm/20C/A/3/TA/1001-TA.csv",2025-10-01,"8","5","3"
"3-20-202509-dev-seq-A","3","TA","20","D:/202509-dev-seq/20C-202509-dev-seq/lm/20C/A/3/TA/1001-TA.csv",2025-10-01,"8","5","3"
"3-20-202509-dev-seq-A","3","TA","20","D:/202509-dev-seq/20C-202509-dev-seq/lm/20C/A/3/TA/1001-TA.csv",2025-10-01,"8","5","3"
"3-20-202509-dev-seq-A","3","TA","20","D:/202509-dev-seq/20C-202509-dev-seq/lm/20C/A/3/TA/1001-TA.csv",2025-10-01,"8","5","3"
"3-20-202509-dev-seq-A","3","TA","20","D:/202509-dev-seq/20C-202509-dev-seq/lm/20C/A/3/TA/1001-TA.csv",2025-10-01,"8","5","3"
"3-20-202509-dev-seq-A","3","TA","20","D:/202509-dev-seq/20C-202509-dev-seq/lm/20C/A/3/TA/1003-TA.csv",2025-10-03,"9","5","4"
"3-20-202509-dev-seq-A","3","TA","20","D:/202509-dev-seq/20C-202509-dev-seq/lm/20C/A/3/TA/1003-TA.csv",2025-10-03,"9","5","4"
"3-20-202509-dev-seq-A","3","TA","20","D:/202509-dev-seq/20C-202509-dev-seq/lm/20C/A/3/TA/1003-TA.csv",2025-10-03,"9","5","4"
"3-20-202509-dev-seq-A","3","TA","20","D:/202509-dev-seq/20C-202509-dev-seq/lm/20C/A/3/TA/1003-TA.csv",2025-10-03,"9","5","4"
"3-20-202509-dev-seq-A","3","TA","20","D:/202509-dev-seq/20C-202509-dev-seq/lm/20C/A/3/TA/1003-TA.csv",2025-10-03,"9","5","4"
"3-20-202509-dev-seq-A","3","TA","20","D:/202509-dev-seq/20C-202509-dev-seq/lm/20C/A/3/TA/1003-TA.csv",2025-10-03,"9","5","4"
"3-20-202509-dev-seq-A","3","TA","20","D:/202509-dev-seq/20C-202509-dev-seq/lm/20C/A/3/TA/1003-TA.csv",2025-10-03,"9","5","4"
"3-20-202509-dev-seq-A","3","TA","20","D:/202509-dev-seq/20C-202509-dev-seq/lm/20C/A/3/TA/1003-TA.csv",2025-10-03,"9","5","4"
"3-20-202509-dev-seq-A","3","TA","20","D:/202509-dev-seq/20C-202509-dev-seq/lm/20C/A/3/TA/1005-TA-2.csv",2025-10-05,"9","6","4"
"3-20-202509-dev-seq-A","3","TA","20","D:/202509-dev-seq/20C-202509-dev-seq/lm/20C/A/3/TA/1005-TA-2.csv",2025-10-05,"9","6","4"
"3-20-202509-dev-seq-A","3","TA","20","D:/202509-dev-seq/20C-202509-dev-seq/lm/20C/A/3/TA/1005-TA-2.csv",2025-10-05,"9","6","4"
"3-20-202509-dev-seq-A","3","TA","20","D:/202509-dev-seq/20C-202509-dev-seq/lm/20C/A/3/TA/1005-TA-2.csv",2025-10-05,"9","6","4"
"3-20-202509-dev-seq-A","3","TA","20","D:/202509-dev-seq/20C-202509-dev-seq/lm/20C/A/3/TA/1005-TA-2.csv",2025-10-05,"9","6","4"
"3-20-202509-dev-seq-A","3","TA","20","D:/202509-dev-seq/20C-202509-dev-seq/lm/20C/A/3/TA/1005-TA-2.csv",2025-10-05,"9","6","4"
"3-20-202509-dev-seq-A","3","TA","20","D:/202509-dev-seq/20C-202509-dev-seq/lm/20C/A/3/TA/1005-TA-2.csv",2025-10-05,"9","6","4"
"3-20-202509-dev-seq-A","3","TA","20","D:/202509-dev-seq/20C-202509-dev-seq/lm/20C/A/3/TA/1005-TA-2.csv",2025-10-05,"9","6","4"
"3-20-202509-dev-seq-A","3","TA","20","D:/202509-dev-seq/20C-202509-dev-seq/lm/20C/A/3/TA/1007-TA-3.csv",2025-10-07,"9","6","4"
"3-20-202509-dev-seq-A","3","TA","20","D:/202509-dev-seq/20C-202509-dev-seq/lm/20C/A/3/TA/1007-TA-3.csv",2025-10-07,"9","6","4"
"3-20-202509-dev-seq-A","3","TA","20","D:/202509-dev-seq/20C-202509-dev-seq/lm/20C/A/3/TA/1007-TA-3.csv",2025-10-07,"9","6","4"
"3-20-202509-dev-seq-A","3","TA","20","D:/202509-dev-seq/20C-202509-dev-seq/lm/20C/A/3/TA/1007-TA-3.csv",2025-10-07,"9","6","4"
"3-20-202509-dev-seq-A","3","TA","20","D:/202509-dev-seq/20C-202509-dev-seq/lm/20C/A/3/TA/1007-TA-3.csv",2025-10-07,"9","6","4"
"3-20-202509-dev-seq-A","3","TA","20","D:/202509-dev-seq/20C-202509-dev-seq/lm/20C/A/3/TA/1007-TA-3.csv",2025-10-07,"9","6","4"
"3-20-202509-dev-seq-A","3","TA","20","D:/202509-dev-seq/20C-202509-dev-seq/lm/20C/A/3/TA/1007-TA-3.csv",2025-10-07,"9","6","4"
"3-20-202509-dev-seq-A","3","TA","20","D:/202509-dev-seq/20C-202509-dev-seq/lm/20C/A/3/TA/1007-TA-3.csv",2025-10-07,"9","6","4"
"3-20-202509-dev-seq-A","3","TA","20","D:/202509-dev-seq/20C-202509-dev-seq/lm/20C/A/3/TA/1009-TA-2.csv",2025-10-09,"9","6","4"
"3-20-202509-dev-seq-A","3","TA","20","D:/202509-dev-seq/20C-202509-dev-seq/lm/20C/A/3/TA/1009-TA-2.csv",2025-10-09,"9","6","4"
"3-20-202509-dev-seq-A","3","TA","20","D:/202509-dev-seq/20C-202509-dev-seq/lm/20C/A/3/TA/1009-TA-2.csv",2025-10-09,"9","6","4"
"3-20-202509-dev-seq-A","3","TA","20","D:/202509-dev-seq/20C-202509-dev-seq/lm/20C/A/3/TA/1009-TA-2.csv",2025-10-09,"9","6","4"
"3-20-202509-dev-seq-A","3","TA","20","D:/202509-dev-seq/20C-202509-dev-seq/lm/20C/A/3/TA/1009-TA-2.csv",2025-10-09,"9","6","4"
"3-20-202509-dev-seq-A","3","TA","20","D:/202509-dev-seq/20C-202509-dev-seq/lm/20C/A/3/TA/1009-TA-2.csv",2025-10-09,"9","6","4"
"3-20-202509-dev-seq-A","3","TA","20","D:/202509-dev-seq/20C-202509-dev-seq/lm/20C/A/3/TA/1009-TA-2.csv",2025-10-09,"9","6","4"
"3-20-202509-dev-seq-A","3","TA","20","D:/202509-dev-seq/20C-202509-dev-seq/lm/20C/A/3/TA/1009-TA-2.csv",2025-10-09,"9","6","4"
"3-20-202509-dev-seq-A","3","TA","20","D:/202509-dev-seq/20C-202509-dev-seq/lm/20C/A/3/TA/1011-TA-4.csv",2025-10-11,"9","6","4"
"3-20-202509-dev-seq-A","3","TA","20","D:/202509-dev-seq/20C-202509-dev-seq/lm/20C/A/3/TA/1011-TA-4.csv",2025-10-11,"9","6","4"
"3-20-202509-dev-seq-A","3","TA","20","D:/202509-dev-seq/20C-202509-dev-seq/lm/20C/A/3/TA/1011-TA-4.csv",2025-10-11,"9","6","4"
"3-20-202509-dev-seq-A","3","TA","20","D:/202509-dev-seq/20C-202509-dev-seq/lm/20C/A/3/TA/1011-TA-4.csv",2025-10-11,"9","6","4"
"3-20-202509-dev-seq-A","3","TA","20","D:/202509-dev-seq/20C-202509-dev-seq/lm/20C/A/3/TA/1011-TA-4.csv",2025-10-11,"9","6","4"
"3-20-202509-dev-seq-A","3","TA","20","D:/202509-dev-seq/20C-202509-dev-seq/lm/20C/A/3/TA/1011-TA-4.csv",2025-10-11,"9","6","4"
"3-20-202509-dev-seq-A","3","TA","20","D:/202509-dev-seq/20C-202509-dev-seq/lm/20C/A/3/TA/1011-TA-4.csv",2025-10-11,"9","6","4"
"3-20-202509-dev-seq-A","3","TA","20","D:/202509-dev-seq/20C-202509-dev-seq/lm/20C/A/3/TA/1011-TA-4.csv",2025-10-11,"9","6","4"
"3-20-202509-dev-seq-A","3","TA","20","D:/202509-dev-seq/20C-202509-dev-seq/lm/20C/A/3/TA/1013-TA.csv",2025-10-13,"7","6","4"
"3-20-202509-dev-seq-A","3","TA","20","D:/202509-dev-seq/20C-202509-dev-seq/lm/20C/A/3/TA/1013-TA.csv",2025-10-13,"7","6","4"
"3-20-202509-dev-seq-A","3","TA","20","D:/202509-dev-seq/20C-202509-dev-seq/lm/20C/A/3/TA/1013-TA.csv",2025-10-13,"7","6","4"
"3-20-202509-dev-seq-A","3","TA","20","D:/202509-dev-seq/20C-202509-dev-seq/lm/20C/A/3/TA/1013-TA.csv",2025-10-13,"7","6","4"
"3-20-202509-dev-seq-A","3","TA","20","D:/202509-dev-seq/20C-202509-dev-seq/lm/20C/A/3/TA/1013-TA.csv",2025-10-13,"7","6","4"
"3-20-202509-dev-seq-A","3","TA","20","D:/202509-dev-seq/20C-202509-dev-seq/lm/20C/A/3/TA/1013-TA.csv",2025-10-13,"7","6","4"
"3-20-202509-dev-seq-A","3","TA","20","D:/202509-dev-seq/20C-202509-dev-seq/lm/20C/A/3/TA/1013-TA.csv",2025-10-13,"7","6","4"
"3-20-202509-dev-seq-A","3","TA","20","D:/202509-dev-seq/20C-202509-dev-seq/lm/20C/A/3/TA/1013-TA.csv",2025-10-13,"7","6","4"
"3-20-202509-dev-seq-A","3","TA","20","D:/202509-dev-seq/20C-202509-dev-seq/lm/20C/A/3/TA/1016-TA.csv",2025-10-16,"7","6","4"
"3-20-202509-dev-seq-A","3","TA","20","D:/202509-dev-seq/20C-202509-dev-seq/lm/20C/A/3/TA/1016-TA.csv",2025-10-16,"7","6","4"
"3-20-202509-dev-seq-A","3","TA","20","D:/202509-dev-seq/20C-202509-dev-seq/lm/20C/A/3/TA/1016-TA.csv",2025-10-16,"7","6","4"
"3-20-202509-dev-seq-A","3","TA","20","D:/202509-dev-seq/20C-202509-dev-seq/lm/20C/A/3/TA/1016-TA.csv",2025-10-16,"7","6","4"
"3-20-202509-dev-seq-A","3","TA","20","D:/202509-dev-seq/20C-202509-dev-seq/lm/20C/A/3/TA/1016-TA.csv",2025-10-16,"7","6","4"
"3-20-202509-dev-seq-A","3","TA","20","D:/202509-dev-seq/20C-202509-dev-seq/lm/20C/A/3/TA/1016-TA.csv",2025-10-16,"7","6","4"
"3-20-202509-dev-seq-A","3","TA","20","D:/202509-dev-seq/20C-202509-dev-seq/lm/20C/A/3/TA/1016-TA.csv",2025-10-16,"7","6","4"
"3-20-202509-dev-seq-A","3","TA","20","D:/202509-dev-seq/20C-202509-dev-seq/lm/20C/A/3/TA/1016-TA.csv",2025-10-16,"7","6","4"
"7-20-202509-dev-seq-A","7","OA","20","D:/202509-dev-seq/20C-202509-dev-seq/lm/20C/A/7/OA/0905-OA-2.csv",2025-09-05,"1","1","1"
"7-20-202509-dev-seq-A","7","OA","20","D:/202509-dev-seq/20C-202509-dev-seq/lm/20C/A/7/OA/0905-OA-2.csv",2025-09-05,"1","1","1"
"7-20-202509-dev-seq-A","7","OA","20","D:/202509-dev-seq/20C-202509-dev-seq/lm/20C/A/7/OA/0905-OA-2.csv",2025-09-05,"1","1","1"
"7-20-202509-dev-seq-A","7","OA","20","D:/202509-dev-seq/20C-202509-dev-seq/lm/20C/A/7/OA/0905-OA-2.csv",2025-09-05,"1","1","1"
"7-20-202509-dev-seq-A","7","OA","20","D:/202509-dev-seq/20C-202509-dev-seq/lm/20C/A/7/OA/0907-OA-2.csv",2025-09-07,"2","2","1"
"7-20-202509-dev-seq-A","7","OA","20","D:/202509-dev-seq/20C-202509-dev-seq/lm/20C/A/7/OA/0907-OA-2.csv",2025-09-07,"2","2","1"
"7-20-202509-dev-seq-A","7","OA","20","D:/202509-dev-seq/20C-202509-dev-seq/lm/20C/A/7/OA/0907-OA-2.csv",2025-09-07,"2","2","1"
"7-20-202509-dev-seq-A","7","OA","20","D:/202509-dev-seq/20C-202509-dev-seq/lm/20C/A/7/OA/0907-OA-2.csv",2025-09-07,"2","2","1"
"7-20-202509-dev-seq-A","7","OA","20","D:/202509-dev-seq/20C-202509-dev-seq/lm/20C/A/7/OA/0909-OA-4.csv",2025-09-09,"2","2","1"
"7-20-202509-dev-seq-A","7","OA","20","D:/202509-dev-seq/20C-202509-dev-seq/lm/20C/A/7/OA/0909-OA-4.csv",2025-09-09,"2","2","1"
"7-20-202509-dev-seq-A","7","OA","20","D:/202509-dev-seq/20C-202509-dev-seq/lm/20C/A/7/OA/0909-OA-4.csv",2025-09-09,"2","2","1"
"7-20-202509-dev-seq-A","7","OA","20","D:/202509-dev-seq/20C-202509-dev-seq/lm/20C/A/7/OA/0909-OA-4.csv",2025-09-09,"2","2","1"
"7-20-202509-dev-seq-A","7","OA","20","D:/202509-dev-seq/20C-202509-dev-seq/lm/20C/A/7/OA/0911-OA-3.csv",2025-09-11,"3","2","2"
"7-20-202509-dev-seq-A","7","OA","20","D:/202509-dev-seq/20C-202509-dev-seq/lm/20C/A/7/OA/0911-OA-3.csv",2025-09-11,"3","2","2"
"7-20-202509-dev-seq-A","7","OA","20","D:/202509-dev-seq/20C-202509-dev-seq/lm/20C/A/7/OA/0911-OA-3.csv",2025-09-11,"3","2","2"
"7-20-202509-dev-seq-A","7","OA","20","D:/202509-dev-seq/20C-202509-dev-seq/lm/20C/A/7/OA/0911-OA-3.csv",2025-09-11,"3","2","2"
"7-20-202509-dev-seq-A","7","OA","20","D:/202509-dev-seq/20C-202509-dev-seq/lm/20C/A/7/OA/0913-OA-4X.csv",2025-09-13,"3","2","2"
"7-20-202509-dev-seq-A","7","OA","20","D:/202509-dev-seq/20C-202509-dev-seq/lm/20C/A/7/OA/0913-OA-4X.csv",2025-09-13,"3","2","2"
"7-20-202509-dev-seq-A","7","OA","20","D:/202509-dev-seq/20C-202509-dev-seq/lm/20C/A/7/OA/0913-OA-4X.csv",2025-09-13,"3","2","2"
"7-20-202509-dev-seq-A","7","OA","20","D:/202509-dev-seq/20C-202509-dev-seq/lm/20C/A/7/OA/0913-OA-4X.csv",2025-09-13,"3","2","2"
"7-20-202509-dev-seq-A","7","OA","20","D:/202509-dev-seq/20C-202509-dev-seq/lm/20C/A/7/OA/0915-OA-3.csv",2025-09-15,"3","2","2"
"7-20-202509-dev-seq-A","7","OA","20","D:/202509-dev-seq/20C-202509-dev-seq/lm/20C/A/7/OA/0915-OA-3.csv",2025-09-15,"3","2","2"
"7-20-202509-dev-seq-A","7","OA","20","D:/202509-dev-seq/20C-202509-dev-seq/lm/20C/A/7/OA/0915-OA-3.csv",2025-09-15,"3","2","2"
"7-20-202509-dev-seq-A","7","OA","20","D:/202509-dev-seq/20C-202509-dev-seq/lm/20C/A/7/OA/0915-OA-3.csv",2025-09-15,"3","2","2"
"7-20-202509-dev-seq-A","7","OA","20","D:/202509-dev-seq/20C-202509-dev-seq/lm/20C/A/7/OA/0917-OA-2X.csv",2025-09-17,"4","3","2"
"7-20-202509-dev-seq-A","7","OA","20","D:/202509-dev-seq/20C-202509-dev-seq/lm/20C/A/7/OA/0917-OA-2X.csv",2025-09-17,"4","3","2"
"7-20-202509-dev-seq-A","7","OA","20","D:/202509-dev-seq/20C-202509-dev-seq/lm/20C/A/7/OA/0917-OA-2X.csv",2025-09-17,"4","3","2"
"7-20-202509-dev-seq-A","7","OA","20","D:/202509-dev-seq/20C-202509-dev-seq/lm/20C/A/7/OA/0917-OA-2X.csv",2025-09-17,"4","3","2"
"7-20-202509-dev-seq-A","7","OA","20","D:/202509-dev-seq/20C-202509-dev-seq/lm/20C/A/7/OA/0919-OA-5.csv",2025-09-19,"6","3","3"
"7-20-202509-dev-seq-A","7","OA","20","D:/202509-dev-seq/20C-202509-dev-seq/lm/20C/A/7/OA/0919-OA-5.csv",2025-09-19,"6","3","3"
"7-20-202509-dev-seq-A","7","OA","20","D:/202509-dev-seq/20C-202509-dev-seq/lm/20C/A/7/OA/0919-OA-5.csv",2025-09-19,"6","3","3"
"7-20-202509-dev-seq-A","7","OA","20","D:/202509-dev-seq/20C-202509-dev-seq/lm/20C/A/7/OA/0919-OA-5.csv",2025-09-19,"6","3","3"
"7-20-202509-dev-seq-A","7","OA","20","D:/202509-dev-seq/20C-202509-dev-seq/lm/20C/A/7/OA/0921-OA-2.csv",2025-09-21,"8","4","3"
"7-20-202509-dev-seq-A","7","OA","20","D:/202509-dev-seq/20C-202509-dev-seq/lm/20C/A/7/OA/0921-OA-2.csv",2025-09-21,"8","4","3"
"7-20-202509-dev-seq-A","7","OA","20","D:/202509-dev-seq/20C-202509-dev-seq/lm/20C/A/7/OA/0921-OA-2.csv",2025-09-21,"8","4","3"
"7-20-202509-dev-seq-A","7","OA","20","D:/202509-dev-seq/20C-202509-dev-seq/lm/20C/A/7/OA/0921-OA-2.csv",2025-09-21,"8","4","3"
"7-20-202509-dev-seq-A","7","OA","20","D:/202509-dev-seq/20C-202509-dev-seq/lm/20C/A/7/OA/0923-OA-1X.csv",2025-09-23,"8","4","3"
"7-20-202509-dev-seq-A","7","OA","20","D:/202509-dev-seq/20C-202509-dev-seq/lm/20C/A/7/OA/0923-OA-1X.csv",2025-09-23,"8","4","3"
"7-20-202509-dev-seq-A","7","OA","20","D:/202509-dev-seq/20C-202509-dev-seq/lm/20C/A/7/OA/0923-OA-1X.csv",2025-09-23,"8","4","3"
"7-20-202509-dev-seq-A","7","OA","20","D:/202509-dev-seq/20C-202509-dev-seq/lm/20C/A/7/OA/0923-OA-1X.csv",2025-09-23,"8","4","3"
"7-20-202509-dev-seq-A","7","OA","20","D:/202509-dev-seq/20C-202509-dev-seq/lm/20C/A/7/OA/0925-OA-2.csv",2025-09-25,"8","4","3"
"7-20-202509-dev-seq-A","7","OA","20","D:/202509-dev-seq/20C-202509-dev-seq/lm/20C/A/7/OA/0925-OA-2.csv",2025-09-25,"8","4","3"
"7-20-202509-dev-seq-A","7","OA","20","D:/202509-dev-seq/20C-202509-dev-seq/lm/20C/A/7/OA/0925-OA-2.csv",2025-09-25,"8","4","3"
"7-20-202509-dev-seq-A","7","OA","20","D:/202509-dev-seq/20C-202509-dev-seq/lm/20C/A/7/OA/0925-OA-2.csv",2025-09-25,"8","4","3"
"7-20-202509-dev-seq-A","7","OA","20","D:/202509-dev-seq/20C-202509-dev-seq/lm/20C/A/7/OA/0927-OA-1X.csv",2025-09-27,"8","4","3"
"7-20-202509-dev-seq-A","7","OA","20","D:/202509-dev-seq/20C-202509-dev-seq/lm/20C/A/7/OA/0927-OA-1X.csv",2025-09-27,"8","4","3"
"7-20-202509-dev-seq-A","7","OA","20","D:/202509-dev-seq/20C-202509-dev-seq/lm/20C/A/7/OA/0927-OA-1X.csv",2025-09-27,"8","4","3"
"7-20-202509-dev-seq-A","7","OA","20","D:/202509-dev-seq/20C-202509-dev-seq/lm/20C/A/7/OA/0927-OA-1X.csv",2025-09-27,"8","4","3"
"7-20-202509-dev-seq-A","7","OA","20","D:/202509-dev-seq/20C-202509-dev-seq/lm/20C/A/7/OA/0929-OA-3.csv",2025-09-29,"8","4","3"
"7-20-202509-dev-seq-A","7","OA","20","D:/202509-dev-seq/20C-202509-dev-seq/lm/20C/A/7/OA/0929-OA-3.csv",2025-09-29,"8","4","3"
"7-20-202509-dev-seq-A","7","OA","20","D:/202509-dev-seq/20C-202509-dev-seq/lm/20C/A/7/OA/0929-OA-3.csv",2025-09-29,"8","4","3"
"7-20-202509-dev-seq-A","7","OA","20","D:/202509-dev-seq/20C-202509-dev-seq/lm/20C/A/7/OA/0929-OA-3.csv",2025-09-29,"8","4","3"
"7-20-202509-dev-seq-A","7","OA","20","D:/202509-dev-seq/20C-202509-dev-seq/lm/20C/A/7/OA/1001-OA-2.csv",2025-10-01,"8","4","3"
"7-20-202509-dev-seq-A","7","OA","20","D:/202509-dev-seq/20C-202509-dev-seq/lm/20C/A/7/OA/1001-OA-2.csv",2025-10-01,"8","4","3"
"7-20-202509-dev-seq-A","7","OA","20","D:/202509-dev-seq/20C-202509-dev-seq/lm/20C/A/7/OA/1001-OA-2.csv",2025-10-01,"8","4","3"
"7-20-202509-dev-seq-A","7","OA","20","D:/202509-dev-seq/20C-202509-dev-seq/lm/20C/A/7/OA/1001-OA-2.csv",2025-10-01,"8","4","3"
"7-20-202509-dev-seq-A","7","OA","20","D:/202509-dev-seq/20C-202509-dev-seq/lm/20C/A/7/OA/1003-OA.csv",2025-10-03,"9","5","4"
"7-20-202509-dev-seq-A","7","OA","20","D:/202509-dev-seq/20C-202509-dev-seq/lm/20C/A/7/OA/1003-OA.csv",2025-10-03,"9","5","4"
"7-20-202509-dev-seq-A","7","OA","20","D:/202509-dev-seq/20C-202509-dev-seq/lm/20C/A/7/OA/1003-OA.csv",2025-10-03,"9","5","4"
"7-20-202509-dev-seq-A","7","OA","20","D:/202509-dev-seq/20C-202509-dev-seq/lm/20C/A/7/OA/1003-OA.csv",2025-10-03,"9","5","4"
"7-20-202509-dev-seq-A","7","OA","20","D:/202509-dev-seq/20C-202509-dev-seq/lm/20C/A/7/OA/1005-OA.csv",2025-10-05,"7","5","4"
"7-20-202509-dev-seq-A","7","OA","20","D:/202509-dev-seq/20C-202509-dev-seq/lm/20C/A/7/OA/1005-OA.csv",2025-10-05,"7","5","4"
"7-20-202509-dev-seq-A","7","OA","20","D:/202509-dev-seq/20C-202509-dev-seq/lm/20C/A/7/OA/1005-OA.csv",2025-10-05,"7","5","4"
"7-20-202509-dev-seq-A","7","OA","20","D:/202509-dev-seq/20C-202509-dev-seq/lm/20C/A/7/OA/1005-OA.csv",2025-10-05,"7","5","4"
"7-20-202509-dev-seq-A","7","OA","20","D:/202509-dev-seq/20C-202509-dev-seq/lm/20C/A/7/OA/1007-OA-3.csv",2025-10-07,"7","5","4"
"7-20-202509-dev-seq-A","7","OA","20","D:/202509-dev-seq/20C-202509-dev-seq/lm/20C/A/7/OA/1007-OA-3.csv",2025-10-07,"7","5","4"
"7-20-202509-dev-seq-A","7","OA","20","D:/202509-dev-seq/20C-202509-dev-seq/lm/20C/A/7/OA/1007-OA-3.csv",2025-10-07,"7","5","4"
"7-20-202509-dev-seq-A","7","OA","20","D:/202509-dev-seq/20C-202509-dev-seq/lm/20C/A/7/OA/1007-OA-3.csv",2025-10-07,"7","5","4"
"7-20-202509-dev-seq-A","7","OA","20","D:/202509-dev-seq/20C-202509-dev-seq/lm/20C/A/7/OA/1009-OA-2.csv",2025-10-09,"7","5","4"
"7-20-202509-dev-seq-A","7","OA","20","D:/202509-dev-seq/20C-202509-dev-seq/lm/20C/A/7/OA/1009-OA-2.csv",2025-10-09,"7","5","4"
"7-20-202509-dev-seq-A","7","OA","20","D:/202509-dev-seq/20C-202509-dev-seq/lm/20C/A/7/OA/1009-OA-2.csv",2025-10-09,"7","5","4"
"7-20-202509-dev-seq-A","7","OA","20","D:/202509-dev-seq/20C-202509-dev-seq/lm/20C/A/7/OA/1009-OA-2.csv",2025-10-09,"7","5","4"
"7-20-202509-dev-seq-A","7","OA","20","D:/202509-dev-seq/20C-202509-dev-seq/lm/20C/A/7/OA/1011-OA-3.csv",2025-10-11,"7","5","4"
"7-20-202509-dev-seq-A","7","OA","20","D:/202509-dev-seq/20C-202509-dev-seq/lm/20C/A/7/OA/1011-OA-3.csv",2025-10-11,"7","5","4"
"7-20-202509-dev-seq-A","7","OA","20","D:/202509-dev-seq/20C-202509-dev-seq/lm/20C/A/7/OA/1011-OA-3.csv",2025-10-11,"7","5","4"
"7-20-202509-dev-seq-A","7","OA","20","D:/202509-dev-seq/20C-202509-dev-seq/lm/20C/A/7/OA/1011-OA-3.csv",2025-10-11,"7","5","4"
"7-20-202509-dev-seq-A","7","OA","20","D:/202509-dev-seq/20C-202509-dev-seq/lm/20C/A/7/OA/1013-OA-2.csv",2025-10-13,"7","5","4"
"7-20-202509-dev-seq-A","7","OA","20","D:/202509-dev-seq/20C-202509-dev-seq/lm/20C/A/7/OA/1013-OA-2.csv",2025-10-13,"7","5","4"
"7-20-202509-dev-seq-A","7","OA","20","D:/202509-dev-seq/20C-202509-dev-seq/lm/20C/A/7/OA/1013-OA-2.csv",2025-10-13,"7","5","4"
"7-20-202509-dev-seq-A","7","OA","20","D:/202509-dev-seq/20C-202509-dev-seq/lm/20C/A/7/OA/1013-OA-2.csv",2025-10-13,"7","5","4"
"7-20-202509-dev-seq-A","7","OA","20","D:/202509-dev-seq/20C-202509-dev-seq/lm/20C/A/7/OA/1016-OA-0.63.csv",2025-10-16,"7","5","4"
"7-20-202509-dev-seq-A","7","OA","20","D:/202509-dev-seq/20C-202509-dev-seq/lm/20C/A/7/OA/1016-OA-0.63.csv",2025-10-16,"7","5","4"
"7-20-202509-dev-seq-A","7","OA","20","D:/202509-dev-seq/20C-202509-dev-seq/lm/20C/A/7/OA/1016-OA-0.63.csv",2025-10-16,"7","5","4"
"7-20-202509-dev-seq-A","7","OA","20","D:/202509-dev-seq/20C-202509-dev-seq/lm/20C/A/7/OA/1016-OA-0.63.csv",2025-10-16,"7","5","4"
"7-20-202509-dev-seq-A","7","PA","20","D:/202509-dev-seq/20C-202509-dev-seq/lm/20C/A/7/PA/0905-PA-3.csv",2025-09-05,"1","1","1"
"7-20-202509-dev-seq-A","7","PA","20","D:/202509-dev-seq/20C-202509-dev-seq/lm/20C/A/7/PA/0905-PA-3.csv",2025-09-05,"1","1","1"
"7-20-202509-dev-seq-A","7","PA","20","D:/202509-dev-seq/20C-202509-dev-seq/lm/20C/A/7/PA/0905-PA-3.csv",2025-09-05,"1","1","1"
"7-20-202509-dev-seq-A","7","PA","20","D:/202509-dev-seq/20C-202509-dev-seq/lm/20C/A/7/PA/0905-PA-3.csv",2025-09-05,"1","1","1"
"7-20-202509-dev-seq-A","7","PA","20","D:/202509-dev-seq/20C-202509-dev-seq/lm/20C/A/7/PA/0905-PA-3.csv",2025-09-05,"1","1","1"
"7-20-202509-dev-seq-A","7","PA","20","D:/202509-dev-seq/20C-202509-dev-seq/lm/20C/A/7/PA/0907-PA-3.csv",2025-09-07,"2","2","1"
"7-20-202509-dev-seq-A","7","PA","20","D:/202509-dev-seq/20C-202509-dev-seq/lm/20C/A/7/PA/0907-PA-3.csv",2025-09-07,"2","2","1"
"7-20-202509-dev-seq-A","7","PA","20","D:/202509-dev-seq/20C-202509-dev-seq/lm/20C/A/7/PA/0907-PA-3.csv",2025-09-07,"2","2","1"
"7-20-202509-dev-seq-A","7","PA","20","D:/202509-dev-seq/20C-202509-dev-seq/lm/20C/A/7/PA/0907-PA-3.csv",2025-09-07,"2","2","1"
"7-20-202509-dev-seq-A","7","PA","20","D:/202509-dev-seq/20C-202509-dev-seq/lm/20C/A/7/PA/0907-PA-3.csv",2025-09-07,"2","2","1"
"7-20-202509-dev-seq-A","7","PA","20","D:/202509-dev-seq/20C-202509-dev-seq/lm/20C/A/7/PA/0909-PA.csv",2025-09-09,"2","2","1"
"7-20-202509-dev-seq-A","7","PA","20","D:/202509-dev-seq/20C-202509-dev-seq/lm/20C/A/7/PA/0909-PA.csv",2025-09-09,"2","2","1"
"7-20-202509-dev-seq-A","7","PA","20","D:/202509-dev-seq/20C-202509-dev-seq/lm/20C/A/7/PA/0909-PA.csv",2025-09-09,"2","2","1"
"7-20-202509-dev-seq-A","7","PA","20","D:/202509-dev-seq/20C-202509-dev-seq/lm/20C/A/7/PA/0909-PA.csv",2025-09-09,"2","2","1"
"7-20-202509-dev-seq-A","7","PA","20","D:/202509-dev-seq/20C-202509-dev-seq/lm/20C/A/7/PA/0909-PA.csv",2025-09-09,"2","2","1"
"7-20-202509-dev-seq-A","7","PA","20","D:/202509-dev-seq/20C-202509-dev-seq/lm/20C/A/7/PA/0911-PA.csv",2025-09-11,"3","2","2"
"7-20-202509-dev-seq-A","7","PA","20","D:/202509-dev-seq/20C-202509-dev-seq/lm/20C/A/7/PA/0911-PA.csv",2025-09-11,"3","2","2"
"7-20-202509-dev-seq-A","7","PA","20","D:/202509-dev-seq/20C-202509-dev-seq/lm/20C/A/7/PA/0911-PA.csv",2025-09-11,"3","2","2"
"7-20-202509-dev-seq-A","7","PA","20","D:/202509-dev-seq/20C-202509-dev-seq/lm/20C/A/7/PA/0911-PA.csv",2025-09-11,"3","2","2"
"7-20-202509-dev-seq-A","7","PA","20","D:/202509-dev-seq/20C-202509-dev-seq/lm/20C/A/7/PA/0911-PA.csv",2025-09-11,"3","2","2"
"7-20-202509-dev-seq-A","7","PA","20","D:/202509-dev-seq/20C-202509-dev-seq/lm/20C/A/7/PA/0913-PA.csv",2025-09-13,"3","2","2"
"7-20-202509-dev-seq-A","7","PA","20","D:/202509-dev-seq/20C-202509-dev-seq/lm/20C/A/7/PA/0913-PA.csv",2025-09-13,"3","2","2"
"7-20-202509-dev-seq-A","7","PA","20","D:/202509-dev-seq/20C-202509-dev-seq/lm/20C/A/7/PA/0913-PA.csv",2025-09-13,"3","2","2"
"7-20-202509-dev-seq-A","7","PA","20","D:/202509-dev-seq/20C-202509-dev-seq/lm/20C/A/7/PA/0913-PA.csv",2025-09-13,"3","2","2"
"7-20-202509-dev-seq-A","7","PA","20","D:/202509-dev-seq/20C-202509-dev-seq/lm/20C/A/7/PA/0913-PA.csv",2025-09-13,"3","2","2"
"7-20-202509-dev-seq-A","7","PA","20","D:/202509-dev-seq/20C-202509-dev-seq/lm/20C/A/7/PA/0915-PA.csv",2025-09-15,"3","2","2"
"7-20-202509-dev-seq-A","7","PA","20","D:/202509-dev-seq/20C-202509-dev-seq/lm/20C/A/7/PA/0915-PA.csv",2025-09-15,"3","2","2"
"7-20-202509-dev-seq-A","7","PA","20","D:/202509-dev-seq/20C-202509-dev-seq/lm/20C/A/7/PA/0915-PA.csv",2025-09-15,"3","2","2"
"7-20-202509-dev-seq-A","7","PA","20","D:/202509-dev-seq/20C-202509-dev-seq/lm/20C/A/7/PA/0915-PA.csv",2025-09-15,"3","2","2"
"7-20-202509-dev-seq-A","7","PA","20","D:/202509-dev-seq/20C-202509-dev-seq/lm/20C/A/7/PA/0915-PA.csv",2025-09-15,"3","2","2"
"7-20-202509-dev-seq-A","7","PA","20","D:/202509-dev-seq/20C-202509-dev-seq/lm/20C/A/7/PA/0917-PA.csv",2025-09-17,"4","3","2"
"7-20-202509-dev-seq-A","7","PA","20","D:/202509-dev-seq/20C-202509-dev-seq/lm/20C/A/7/PA/0917-PA.csv",2025-09-17,"4","3","2"
"7-20-202509-dev-seq-A","7","PA","20","D:/202509-dev-seq/20C-202509-dev-seq/lm/20C/A/7/PA/0917-PA.csv",2025-09-17,"4","3","2"
"7-20-202509-dev-seq-A","7","PA","20","D:/202509-dev-seq/20C-202509-dev-seq/lm/20C/A/7/PA/0917-PA.csv",2025-09-17,"4","3","2"
"7-20-202509-dev-seq-A","7","PA","20","D:/202509-dev-seq/20C-202509-dev-seq/lm/20C/A/7/PA/0917-PA.csv",2025-09-17,"4","3","2"
"7-20-202509-dev-seq-A","7","PA","20","D:/202509-dev-seq/20C-202509-dev-seq/lm/20C/A/7/PA/0919-PA-3.csv",2025-09-19,"6","3","3"
"7-20-202509-dev-seq-A","7","PA","20","D:/202509-dev-seq/20C-202509-dev-seq/lm/20C/A/7/PA/0919-PA-3.csv",2025-09-19,"6","3","3"
"7-20-202509-dev-seq-A","7","PA","20","D:/202509-dev-seq/20C-202509-dev-seq/lm/20C/A/7/PA/0919-PA-3.csv",2025-09-19,"6","3","3"
"7-20-202509-dev-seq-A","7","PA","20","D:/202509-dev-seq/20C-202509-dev-seq/lm/20C/A/7/PA/0919-PA-3.csv",2025-09-19,"6","3","3"
"7-20-202509-dev-seq-A","7","PA","20","D:/202509-dev-seq/20C-202509-dev-seq/lm/20C/A/7/PA/0919-PA-3.csv",2025-09-19,"6","3","3"
"7-20-202509-dev-seq-A","7","PA","20","D:/202509-dev-seq/20C-202509-dev-seq/lm/20C/A/7/PA/0921-PA-3.csv",2025-09-21,"8","4","3"
"7-20-202509-dev-seq-A","7","PA","20","D:/202509-dev-seq/20C-202509-dev-seq/lm/20C/A/7/PA/0921-PA-3.csv",2025-09-21,"8","4","3"
"7-20-202509-dev-seq-A","7","PA","20","D:/202509-dev-seq/20C-202509-dev-seq/lm/20C/A/7/PA/0921-PA-3.csv",2025-09-21,"8","4","3"
"7-20-202509-dev-seq-A","7","PA","20","D:/202509-dev-seq/20C-202509-dev-seq/lm/20C/A/7/PA/0921-PA-3.csv",2025-09-21,"8","4","3"
"7-20-202509-dev-seq-A","7","PA","20","D:/202509-dev-seq/20C-202509-dev-seq/lm/20C/A/7/PA/0921-PA-3.csv",2025-09-21,"8","4","3"
"7-20-202509-dev-seq-A","7","PA","20","D:/202509-dev-seq/20C-202509-dev-seq/lm/20C/A/7/PA/0923-PA-2.csv",2025-09-23,"8","4","3"
"7-20-202509-dev-seq-A","7","PA","20","D:/202509-dev-seq/20C-202509-dev-seq/lm/20C/A/7/PA/0923-PA-2.csv",2025-09-23,"8","4","3"
"7-20-202509-dev-seq-A","7","PA","20","D:/202509-dev-seq/20C-202509-dev-seq/lm/20C/A/7/PA/0923-PA-2.csv",2025-09-23,"8","4","3"
"7-20-202509-dev-seq-A","7","PA","20","D:/202509-dev-seq/20C-202509-dev-seq/lm/20C/A/7/PA/0923-PA-2.csv",2025-09-23,"8","4","3"
"7-20-202509-dev-seq-A","7","PA","20","D:/202509-dev-seq/20C-202509-dev-seq/lm/20C/A/7/PA/0923-PA-2.csv",2025-09-23,"8","4","3"
"7-20-202509-dev-seq-A","7","PA","20","D:/202509-dev-seq/20C-202509-dev-seq/lm/20C/A/7/PA/0925-PA-2.csv",2025-09-25,"8","4","3"
"7-20-202509-dev-seq-A","7","PA","20","D:/202509-dev-seq/20C-202509-dev-seq/lm/20C/A/7/PA/0925-PA-2.csv",2025-09-25,"8","4","3"
"7-20-202509-dev-seq-A","7","PA","20","D:/202509-dev-seq/20C-202509-dev-seq/lm/20C/A/7/PA/0925-PA-2.csv",2025-09-25,"8","4","3"
"7-20-202509-dev-seq-A","7","PA","20","D:/202509-dev-seq/20C-202509-dev-seq/lm/20C/A/7/PA/0925-PA-2.csv",2025-09-25,"8","4","3"
"7-20-202509-dev-seq-A","7","PA","20","D:/202509-dev-seq/20C-202509-dev-seq/lm/20C/A/7/PA/0925-PA-2.csv",2025-09-25,"8","4","3"
"7-20-202509-dev-seq-A","7","PA","20","D:/202509-dev-seq/20C-202509-dev-seq/lm/20C/A/7/PA/0927-PA.csv",2025-09-27,"8","4","3"
"7-20-202509-dev-seq-A","7","PA","20","D:/202509-dev-seq/20C-202509-dev-seq/lm/20C/A/7/PA/0927-PA.csv",2025-09-27,"8","4","3"
"7-20-202509-dev-seq-A","7","PA","20","D:/202509-dev-seq/20C-202509-dev-seq/lm/20C/A/7/PA/0927-PA.csv",2025-09-27,"8","4","3"
"7-20-202509-dev-seq-A","7","PA","20","D:/202509-dev-seq/20C-202509-dev-seq/lm/20C/A/7/PA/0927-PA.csv",2025-09-27,"8","4","3"
"7-20-202509-dev-seq-A","7","PA","20","D:/202509-dev-seq/20C-202509-dev-seq/lm/20C/A/7/PA/0927-PA.csv",2025-09-27,"8","4","3"
"7-20-202509-dev-seq-A","7","PA","20","D:/202509-dev-seq/20C-202509-dev-seq/lm/20C/A/7/PA/0929-PA-2.csv",2025-09-29,"8","4","3"
"7-20-202509-dev-seq-A","7","PA","20","D:/202509-dev-seq/20C-202509-dev-seq/lm/20C/A/7/PA/0929-PA-2.csv",2025-09-29,"8","4","3"
"7-20-202509-dev-seq-A","7","PA","20","D:/202509-dev-seq/20C-202509-dev-seq/lm/20C/A/7/PA/0929-PA-2.csv",2025-09-29,"8","4","3"
"7-20-202509-dev-seq-A","7","PA","20","D:/202509-dev-seq/20C-202509-dev-seq/lm/20C/A/7/PA/0929-PA-2.csv",2025-09-29,"8","4","3"
"7-20-202509-dev-seq-A","7","PA","20","D:/202509-dev-seq/20C-202509-dev-seq/lm/20C/A/7/PA/0929-PA-2.csv",2025-09-29,"8","4","3"
"7-20-202509-dev-seq-A","7","PA","20","D:/202509-dev-seq/20C-202509-dev-seq/lm/20C/A/7/PA/1001-PA-5.csv",2025-10-01,"8","4","3"
"7-20-202509-dev-seq-A","7","PA","20","D:/202509-dev-seq/20C-202509-dev-seq/lm/20C/A/7/PA/1001-PA-5.csv",2025-10-01,"8","4","3"
"7-20-202509-dev-seq-A","7","PA","20","D:/202509-dev-seq/20C-202509-dev-seq/lm/20C/A/7/PA/1001-PA-5.csv",2025-10-01,"8","4","3"
"7-20-202509-dev-seq-A","7","PA","20","D:/202509-dev-seq/20C-202509-dev-seq/lm/20C/A/7/PA/1001-PA-5.csv",2025-10-01,"8","4","3"
"7-20-202509-dev-seq-A","7","PA","20","D:/202509-dev-seq/20C-202509-dev-seq/lm/20C/A/7/PA/1001-PA-5.csv",2025-10-01,"8","4","3"
"7-20-202509-dev-seq-A","7","PA","20","D:/202509-dev-seq/20C-202509-dev-seq/lm/20C/A/7/PA/1003-PA-2.csv",2025-10-03,"9","5","4"
"7-20-202509-dev-seq-A","7","PA","20","D:/202509-dev-seq/20C-202509-dev-seq/lm/20C/A/7/PA/1003-PA-2.csv",2025-10-03,"9","5","4"
"7-20-202509-dev-seq-A","7","PA","20","D:/202509-dev-seq/20C-202509-dev-seq/lm/20C/A/7/PA/1003-PA-2.csv",2025-10-03,"9","5","4"
"7-20-202509-dev-seq-A","7","PA","20","D:/202509-dev-seq/20C-202509-dev-seq/lm/20C/A/7/PA/1003-PA-2.csv",2025-10-03,"9","5","4"
"7-20-202509-dev-seq-A","7","PA","20","D:/202509-dev-seq/20C-202509-dev-seq/lm/20C/A/7/PA/1003-PA-2.csv",2025-10-03,"9","5","4"
"7-20-202509-dev-seq-A","7","PA","20","D:/202509-dev-seq/20C-202509-dev-seq/lm/20C/A/7/PA/1005-PA-3.csv",2025-10-05,"7","5","4"
"7-20-202509-dev-seq-A","7","PA","20","D:/202509-dev-seq/20C-202509-dev-seq/lm/20C/A/7/PA/1005-PA-3.csv",2025-10-05,"7","5","4"
"7-20-202509-dev-seq-A","7","PA","20","D:/202509-dev-seq/20C-202509-dev-seq/lm/20C/A/7/PA/1005-PA-3.csv",2025-10-05,"7","5","4"
"7-20-202509-dev-seq-A","7","PA","20","D:/202509-dev-seq/20C-202509-dev-seq/lm/20C/A/7/PA/1005-PA-3.csv",2025-10-05,"7","5","4"
"7-20-202509-dev-seq-A","7","PA","20","D:/202509-dev-seq/20C-202509-dev-seq/lm/20C/A/7/PA/1005-PA-3.csv",2025-10-05,"7","5","4"
"7-20-202509-dev-seq-A","7","PA","20","D:/202509-dev-seq/20C-202509-dev-seq/lm/20C/A/7/PA/1007-PA.csv",2025-10-07,"7","5","4"
"7-20-202509-dev-seq-A","7","PA","20","D:/202509-dev-seq/20C-202509-dev-seq/lm/20C/A/7/PA/1007-PA.csv",2025-10-07,"7","5","4"
"7-20-202509-dev-seq-A","7","PA","20","D:/202509-dev-seq/20C-202509-dev-seq/lm/20C/A/7/PA/1007-PA.csv",2025-10-07,"7","5","4"
"7-20-202509-dev-seq-A","7","PA","20","D:/202509-dev-seq/20C-202509-dev-seq/lm/20C/A/7/PA/1007-PA.csv",2025-10-07,"7","5","4"
"7-20-202509-dev-seq-A","7","PA","20","D:/202509-dev-seq/20C-202509-dev-seq/lm/20C/A/7/PA/1007-PA.csv",2025-10-07,"7","5","4"
"7-20-202509-dev-seq-A","7","PA","20","D:/202509-dev-seq/20C-202509-dev-seq/lm/20C/A/7/PA/1009-PA-2.csv",2025-10-09,"7","5","4"
"7-20-202509-dev-seq-A","7","PA","20","D:/202509-dev-seq/20C-202509-dev-seq/lm/20C/A/7/PA/1009-PA-2.csv",2025-10-09,"7","5","4"
"7-20-202509-dev-seq-A","7","PA","20","D:/202509-dev-seq/20C-202509-dev-seq/lm/20C/A/7/PA/1009-PA-2.csv",2025-10-09,"7","5","4"
"7-20-202509-dev-seq-A","7","PA","20","D:/202509-dev-seq/20C-202509-dev-seq/lm/20C/A/7/PA/1009-PA-2.csv",2025-10-09,"7","5","4"
"7-20-202509-dev-seq-A","7","PA","20","D:/202509-dev-seq/20C-202509-dev-seq/lm/20C/A/7/PA/1009-PA-2.csv",2025-10-09,"7","5","4"
"7-20-202509-dev-seq-A","7","PA","20","D:/202509-dev-seq/20C-202509-dev-seq/lm/20C/A/7/PA/1011-PA-2.csv",2025-10-11,"7","5","4"
"7-20-202509-dev-seq-A","7","PA","20","D:/202509-dev-seq/20C-202509-dev-seq/lm/20C/A/7/PA/1011-PA-2.csv",2025-10-11,"7","5","4"
"7-20-202509-dev-seq-A","7","PA","20","D:/202509-dev-seq/20C-202509-dev-seq/lm/20C/A/7/PA/1011-PA-2.csv",2025-10-11,"7","5","4"
"7-20-202509-dev-seq-A","7","PA","20","D:/202509-dev-seq/20C-202509-dev-seq/lm/20C/A/7/PA/1011-PA-2.csv",2025-10-11,"7","5","4"
"7-20-202509-dev-seq-A","7","PA","20","D:/202509-dev-seq/20C-202509-dev-seq/lm/20C/A/7/PA/1011-PA-2.csv",2025-10-11,"7","5","4"
"7-20-202509-dev-seq-A","7","PA","20","D:/202509-dev-seq/20C-202509-dev-seq/lm/20C/A/7/PA/1013-PA.csv",2025-10-13,"7","5","4"
"7-20-202509-dev-seq-A","7","PA","20","D:/202509-dev-seq/20C-202509-dev-seq/lm/20C/A/7/PA/1013-PA.csv",2025-10-13,"7","5","4"
"7-20-202509-dev-seq-A","7","PA","20","D:/202509-dev-seq/20C-202509-dev-seq/lm/20C/A/7/PA/1013-PA.csv",2025-10-13,"7","5","4"
"7-20-202509-dev-seq-A","7","PA","20","D:/202509-dev-seq/20C-202509-dev-seq/lm/20C/A/7/PA/1013-PA.csv",2025-10-13,"7","5","4"
"7-20-202509-dev-seq-A","7","PA","20","D:/202509-dev-seq/20C-202509-dev-seq/lm/20C/A/7/PA/1013-PA.csv",2025-10-13,"7","5","4"
"7-20-202509-dev-seq-A","7","PA","20","D:/202509-dev-seq/20C-202509-dev-seq/lm/20C/A/7/PA/1016-PA.csv",2025-10-16,"7","5","4"
"7-20-202509-dev-seq-A","7","PA","20","D:/202509-dev-seq/20C-202509-dev-seq/lm/20C/A/7/PA/1016-PA.csv",2025-10-16,"7","5","4"
"7-20-202509-dev-seq-A","7","PA","20","D:/202509-dev-seq/20C-202509-dev-seq/lm/20C/A/7/PA/1016-PA.csv",2025-10-16,"7","5","4"
"7-20-202509-dev-seq-A","7","PA","20","D:/202509-dev-seq/20C-202509-dev-seq/lm/20C/A/7/PA/1016-PA.csv",2025-10-16,"7","5","4"
"7-20-202509-dev-seq-A","7","PA","20","D:/202509-dev-seq/20C-202509-dev-seq/lm/20C/A/7/PA/1016-PA.csv",2025-10-16,"7","5","4"
"7-20-202509-dev-seq-A","7","TA","20","D:/202509-dev-seq/20C-202509-dev-seq/lm/20C/A/7/TA/0905-TA.csv",2025-09-05,"1","1","1"
"7-20-202509-dev-seq-A","7","TA","20","D:/202509-dev-seq/20C-202509-dev-seq/lm/20C/A/7/TA/0905-TA.csv",2025-09-05,"1","1","1"
"7-20-202509-dev-seq-A","7","TA","20","D:/202509-dev-seq/20C-202509-dev-seq/lm/20C/A/7/TA/0905-TA.csv",2025-09-05,"1","1","1"
"7-20-202509-dev-seq-A","7","TA","20","D:/202509-dev-seq/20C-202509-dev-seq/lm/20C/A/7/TA/0905-TA.csv",2025-09-05,"1","1","1"
"7-20-202509-dev-seq-A","7","TA","20","D:/202509-dev-seq/20C-202509-dev-seq/lm/20C/A/7/TA/0905-TA.csv",2025-09-05,"1","1","1"
"7-20-202509-dev-seq-A","7","TA","20","D:/202509-dev-seq/20C-202509-dev-seq/lm/20C/A/7/TA/0905-TA.csv",2025-09-05,"1","1","1"
"7-20-202509-dev-seq-A","7","TA","20","D:/202509-dev-seq/20C-202509-dev-seq/lm/20C/A/7/TA/0905-TA.csv",2025-09-05,"1","1","1"
"7-20-202509-dev-seq-A","7","TA","20","D:/202509-dev-seq/20C-202509-dev-seq/lm/20C/A/7/TA/0905-TA.csv",2025-09-05,"1","1","1"
"7-20-202509-dev-seq-A","7","TA","20","D:/202509-dev-seq/20C-202509-dev-seq/lm/20C/A/7/TA/0907-TA.csv",2025-09-07,"2","2","1"
"7-20-202509-dev-seq-A","7","TA","20","D:/202509-dev-seq/20C-202509-dev-seq/lm/20C/A/7/TA/0907-TA.csv",2025-09-07,"2","2","1"
"7-20-202509-dev-seq-A","7","TA","20","D:/202509-dev-seq/20C-202509-dev-seq/lm/20C/A/7/TA/0907-TA.csv",2025-09-07,"2","2","1"
"7-20-202509-dev-seq-A","7","TA","20","D:/202509-dev-seq/20C-202509-dev-seq/lm/20C/A/7/TA/0907-TA.csv",2025-09-07,"2","2","1"
"7-20-202509-dev-seq-A","7","TA","20","D:/202509-dev-seq/20C-202509-dev-seq/lm/20C/A/7/TA/0907-TA.csv",2025-09-07,"2","2","1"
"7-20-202509-dev-seq-A","7","TA","20","D:/202509-dev-seq/20C-202509-dev-seq/lm/20C/A/7/TA/0907-TA.csv",2025-09-07,"2","2","1"
"7-20-202509-dev-seq-A","7","TA","20","D:/202509-dev-seq/20C-202509-dev-seq/lm/20C/A/7/TA/0907-TA.csv",2025-09-07,"2","2","1"
"7-20-202509-dev-seq-A","7","TA","20","D:/202509-dev-seq/20C-202509-dev-seq/lm/20C/A/7/TA/0907-TA.csv",2025-09-07,"2","2","1"
"7-20-202509-dev-seq-A","7","TA","20","D:/202509-dev-seq/20C-202509-dev-seq/lm/20C/A/7/TA/0909-TA-2.csv",2025-09-09,"2","2","1"
"7-20-202509-dev-seq-A","7","TA","20","D:/202509-dev-seq/20C-202509-dev-seq/lm/20C/A/7/TA/0909-TA-2.csv",2025-09-09,"2","2","1"
"7-20-202509-dev-seq-A","7","TA","20","D:/202509-dev-seq/20C-202509-dev-seq/lm/20C/A/7/TA/0909-TA-2.csv",2025-09-09,"2","2","1"
"7-20-202509-dev-seq-A","7","TA","20","D:/202509-dev-seq/20C-202509-dev-seq/lm/20C/A/7/TA/0909-TA-2.csv",2025-09-09,"2","2","1"
"7-20-202509-dev-seq-A","7","TA","20","D:/202509-dev-seq/20C-202509-dev-seq/lm/20C/A/7/TA/0909-TA-2.csv",2025-09-09,"2","2","1"
"7-20-202509-dev-seq-A","7","TA","20","D:/202509-dev-seq/20C-202509-dev-seq/lm/20C/A/7/TA/0909-TA-2.csv",2025-09-09,"2","2","1"
"7-20-202509-dev-seq-A","7","TA","20","D:/202509-dev-seq/20C-202509-dev-seq/lm/20C/A/7/TA/0909-TA-2.csv",2025-09-09,"2","2","1"
"7-20-202509-dev-seq-A","7","TA","20","D:/202509-dev-seq/20C-202509-dev-seq/lm/20C/A/7/TA/0909-TA-2.csv",2025-09-09,"2","2","1"
"7-20-202509-dev-seq-A","7","TA","20","D:/202509-dev-seq/20C-202509-dev-seq/lm/20C/A/7/TA/0911-TA.csv",2025-09-11,"3","2","2"
"7-20-202509-dev-seq-A","7","TA","20","D:/202509-dev-seq/20C-202509-dev-seq/lm/20C/A/7/TA/0911-TA.csv",2025-09-11,"3","2","2"
"7-20-202509-dev-seq-A","7","TA","20","D:/202509-dev-seq/20C-202509-dev-seq/lm/20C/A/7/TA/0911-TA.csv",2025-09-11,"3","2","2"
"7-20-202509-dev-seq-A","7","TA","20","D:/202509-dev-seq/20C-202509-dev-seq/lm/20C/A/7/TA/0911-TA.csv",2025-09-11,"3","2","2"
"7-20-202509-dev-seq-A","7","TA","20","D:/202509-dev-seq/20C-202509-dev-seq/lm/20C/A/7/TA/0911-TA.csv",2025-09-11,"3","2","2"
"7-20-202509-dev-seq-A","7","TA","20","D:/202509-dev-seq/20C-202509-dev-seq/lm/20C/A/7/TA/0911-TA.csv",2025-09-11,"3","2","2"
"7-20-202509-dev-seq-A","7","TA","20","D:/202509-dev-seq/20C-202509-dev-seq/lm/20C/A/7/TA/0911-TA.csv",2025-09-11,"3","2","2"
"7-20-202509-dev-seq-A","7","TA","20","D:/202509-dev-seq/20C-202509-dev-seq/lm/20C/A/7/TA/0911-TA.csv",2025-09-11,"3","2","2"
"7-20-202509-dev-seq-A","7","TA","20","D:/202509-dev-seq/20C-202509-dev-seq/lm/20C/A/7/TA/0913-TA-2.csv",2025-09-13,"3","2","2"
"7-20-202509-dev-seq-A","7","TA","20","D:/202509-dev-seq/20C-202509-dev-seq/lm/20C/A/7/TA/0913-TA-2.csv",2025-09-13,"3","2","2"
"7-20-202509-dev-seq-A","7","TA","20","D:/202509-dev-seq/20C-202509-dev-seq/lm/20C/A/7/TA/0913-TA-2.csv",2025-09-13,"3","2","2"
"7-20-202509-dev-seq-A","7","TA","20","D:/202509-dev-seq/20C-202509-dev-seq/lm/20C/A/7/TA/0913-TA-2.csv",2025-09-13,"3","2","2"
"7-20-202509-dev-seq-A","7","TA","20","D:/202509-dev-seq/20C-202509-dev-seq/lm/20C/A/7/TA/0913-TA-2.csv",2025-09-13,"3","2","2"
"7-20-202509-dev-seq-A","7","TA","20","D:/202509-dev-seq/20C-202509-dev-seq/lm/20C/A/7/TA/0913-TA-2.csv",2025-09-13,"3","2","2"
"7-20-202509-dev-seq-A","7","TA","20","D:/202509-dev-seq/20C-202509-dev-seq/lm/20C/A/7/TA/0913-TA-2.csv",2025-09-13,"3","2","2"
"7-20-202509-dev-seq-A","7","TA","20","D:/202509-dev-seq/20C-202509-dev-seq/lm/20C/A/7/TA/0913-TA-2.csv",2025-09-13,"3","2","2"
"7-20-202509-dev-seq-A","7","TA","20","D:/202509-dev-seq/20C-202509-dev-seq/lm/20C/A/7/TA/0915-TA-3.csv",2025-09-15,"3","2","2"
"7-20-202509-dev-seq-A","7","TA","20","D:/202509-dev-seq/20C-202509-dev-seq/lm/20C/A/7/TA/0915-TA-3.csv",2025-09-15,"3","2","2"
"7-20-202509-dev-seq-A","7","TA","20","D:/202509-dev-seq/20C-202509-dev-seq/lm/20C/A/7/TA/0915-TA-3.csv",2025-09-15,"3","2","2"
"7-20-202509-dev-seq-A","7","TA","20","D:/202509-dev-seq/20C-202509-dev-seq/lm/20C/A/7/TA/0915-TA-3.csv",2025-09-15,"3","2","2"
"7-20-202509-dev-seq-A","7","TA","20","D:/202509-dev-seq/20C-202509-dev-seq/lm/20C/A/7/TA/0915-TA-3.csv",2025-09-15,"3","2","2"
"7-20-202509-dev-seq-A","7","TA","20","D:/202509-dev-seq/20C-202509-dev-seq/lm/20C/A/7/TA/0915-TA-3.csv",2025-09-15,"3","2","2"
"7-20-202509-dev-seq-A","7","TA","20","D:/202509-dev-seq/20C-202509-dev-seq/lm/20C/A/7/TA/0915-TA-3.csv",2025-09-15,"3","2","2"
"7-20-202509-dev-seq-A","7","TA","20","D:/202509-dev-seq/20C-202509-dev-seq/lm/20C/A/7/TA/0915-TA-3.csv",2025-09-15,"3","2","2"
"7-20-202509-dev-seq-A","7","TA","20","D:/202509-dev-seq/20C-202509-dev-seq/lm/20C/A/7/TA/0917-TA-4.csv",2025-09-17,"4","3","2"
"7-20-202509-dev-seq-A","7","TA","20","D:/202509-dev-seq/20C-202509-dev-seq/lm/20C/A/7/TA/0917-TA-4.csv",2025-09-17,"4","3","2"
"7-20-202509-dev-seq-A","7","TA","20","D:/202509-dev-seq/20C-202509-dev-seq/lm/20C/A/7/TA/0917-TA-4.csv",2025-09-17,"4","3","2"
"7-20-202509-dev-seq-A","7","TA","20","D:/202509-dev-seq/20C-202509-dev-seq/lm/20C/A/7/TA/0917-TA-4.csv",2025-09-17,"4","3","2"
"7-20-202509-dev-seq-A","7","TA","20","D:/202509-dev-seq/20C-202509-dev-seq/lm/20C/A/7/TA/0917-TA-4.csv",2025-09-17,"4","3","2"
"7-20-202509-dev-seq-A","7","TA","20","D:/202509-dev-seq/20C-202509-dev-seq/lm/20C/A/7/TA/0917-TA-4.csv",2025-09-17,"4","3","2"
"7-20-202509-dev-seq-A","7","TA","20","D:/202509-dev-seq/20C-202509-dev-seq/lm/20C/A/7/TA/0917-TA-4.csv",2025-09-17,"4","3","2"
"7-20-202509-dev-seq-A","7","TA","20","D:/202509-dev-seq/20C-202509-dev-seq/lm/20C/A/7/TA/0917-TA-4.csv",2025-09-17,"4","3","2"
"7-20-202509-dev-seq-A","7","TA","20","D:/202509-dev-seq/20C-202509-dev-seq/lm/20C/A/7/TA/0919-TA-2.csv",2025-09-19,"6","3","3"
"7-20-202509-dev-seq-A","7","TA","20","D:/202509-dev-seq/20C-202509-dev-seq/lm/20C/A/7/TA/0919-TA-2.csv",2025-09-19,"6","3","3"
"7-20-202509-dev-seq-A","7","TA","20","D:/202509-dev-seq/20C-202509-dev-seq/lm/20C/A/7/TA/0919-TA-2.csv",2025-09-19,"6","3","3"
"7-20-202509-dev-seq-A","7","TA","20","D:/202509-dev-seq/20C-202509-dev-seq/lm/20C/A/7/TA/0919-TA-2.csv",2025-09-19,"6","3","3"
"7-20-202509-dev-seq-A","7","TA","20","D:/202509-dev-seq/20C-202509-dev-seq/lm/20C/A/7/TA/0919-TA-2.csv",2025-09-19,"6","3","3"
"7-20-202509-dev-seq-A","7","TA","20","D:/202509-dev-seq/20C-202509-dev-seq/lm/20C/A/7/TA/0919-TA-2.csv",2025-09-19,"6","3","3"
"7-20-202509-dev-seq-A","7","TA","20","D:/202509-dev-seq/20C-202509-dev-seq/lm/20C/A/7/TA/0919-TA-2.csv",2025-09-19,"6","3","3"
"7-20-202509-dev-seq-A","7","TA","20","D:/202509-dev-seq/20C-202509-dev-seq/lm/20C/A/7/TA/0919-TA-2.csv",2025-09-19,"6","3","3"
"7-20-202509-dev-seq-A","7","TA","20","D:/202509-dev-seq/20C-202509-dev-seq/lm/20C/A/7/TA/0921-TA-2.csv",2025-09-21,"8","4","3"
"7-20-202509-dev-seq-A","7","TA","20","D:/202509-dev-seq/20C-202509-dev-seq/lm/20C/A/7/TA/0921-TA-2.csv",2025-09-21,"8","4","3"
"7-20-202509-dev-seq-A","7","TA","20","D:/202509-dev-seq/20C-202509-dev-seq/lm/20C/A/7/TA/0921-TA-2.csv",2025-09-21,"8","4","3"
"7-20-202509-dev-seq-A","7","TA","20","D:/202509-dev-seq/20C-202509-dev-seq/lm/20C/A/7/TA/0921-TA-2.csv",2025-09-21,"8","4","3"
"7-20-202509-dev-seq-A","7","TA","20","D:/202509-dev-seq/20C-202509-dev-seq/lm/20C/A/7/TA/0921-TA-2.csv",2025-09-21,"8","4","3"
"7-20-202509-dev-seq-A","7","TA","20","D:/202509-dev-seq/20C-202509-dev-seq/lm/20C/A/7/TA/0921-TA-2.csv",2025-09-21,"8","4","3"
"7-20-202509-dev-seq-A","7","TA","20","D:/202509-dev-seq/20C-202509-dev-seq/lm/20C/A/7/TA/0921-TA-2.csv",2025-09-21,"8","4","3"
"7-20-202509-dev-seq-A","7","TA","20","D:/202509-dev-seq/20C-202509-dev-seq/lm/20C/A/7/TA/0921-TA-2.csv",2025-09-21,"8","4","3"
"7-20-202509-dev-seq-A","7","TA","20","D:/202509-dev-seq/20C-202509-dev-seq/lm/20C/A/7/TA/0923-TA-3.csv",2025-09-23,"8","4","3"
"7-20-202509-dev-seq-A","7","TA","20","D:/202509-dev-seq/20C-202509-dev-seq/lm/20C/A/7/TA/0923-TA-3.csv",2025-09-23,"8","4","3"
"7-20-202509-dev-seq-A","7","TA","20","D:/202509-dev-seq/20C-202509-dev-seq/lm/20C/A/7/TA/0923-TA-3.csv",2025-09-23,"8","4","3"
"7-20-202509-dev-seq-A","7","TA","20","D:/202509-dev-seq/20C-202509-dev-seq/lm/20C/A/7/TA/0923-TA-3.csv",2025-09-23,"8","4","3"
"7-20-202509-dev-seq-A","7","TA","20","D:/202509-dev-seq/20C-202509-dev-seq/lm/20C/A/7/TA/0923-TA-3.csv",2025-09-23,"8","4","3"
"7-20-202509-dev-seq-A","7","TA","20","D:/202509-dev-seq/20C-202509-dev-seq/lm/20C/A/7/TA/0923-TA-3.csv",2025-09-23,"8","4","3"
"7-20-202509-dev-seq-A","7","TA","20","D:/202509-dev-seq/20C-202509-dev-seq/lm/20C/A/7/TA/0923-TA-3.csv",2025-09-23,"8","4","3"
"7-20-202509-dev-seq-A","7","TA","20","D:/202509-dev-seq/20C-202509-dev-seq/lm/20C/A/7/TA/0923-TA-3.csv",2025-09-23,"8","4","3"
"7-20-202509-dev-seq-A","7","TA","20","D:/202509-dev-seq/20C-202509-dev-seq/lm/20C/A/7/TA/0925-TA-2.csv",2025-09-25,"8","4","3"
"7-20-202509-dev-seq-A","7","TA","20","D:/202509-dev-seq/20C-202509-dev-seq/lm/20C/A/7/TA/0925-TA-2.csv",2025-09-25,"8","4","3"
"7-20-202509-dev-seq-A","7","TA","20","D:/202509-dev-seq/20C-202509-dev-seq/lm/20C/A/7/TA/0925-TA-2.csv",2025-09-25,"8","4","3"
"7-20-202509-dev-seq-A","7","TA","20","D:/202509-dev-seq/20C-202509-dev-seq/lm/20C/A/7/TA/0925-TA-2.csv",2025-09-25,"8","4","3"
"7-20-202509-dev-seq-A","7","TA","20","D:/202509-dev-seq/20C-202509-dev-seq/lm/20C/A/7/TA/0925-TA-2.csv",2025-09-25,"8","4","3"
"7-20-202509-dev-seq-A","7","TA","20","D:/202509-dev-seq/20C-202509-dev-seq/lm/20C/A/7/TA/0925-TA-2.csv",2025-09-25,"8","4","3"
"7-20-202509-dev-seq-A","7","TA","20","D:/202509-dev-seq/20C-202509-dev-seq/lm/20C/A/7/TA/0925-TA-2.csv",2025-09-25,"8","4","3"
"7-20-202509-dev-seq-A","7","TA","20","D:/202509-dev-seq/20C-202509-dev-seq/lm/20C/A/7/TA/0925-TA-2.csv",2025-09-25,"8","4","3"
"7-20-202509-dev-seq-A","7","TA","20","D:/202509-dev-seq/20C-202509-dev-seq/lm/20C/A/7/TA/0927-TA-2.csv",2025-09-27,"8","4","3"
"7-20-202509-dev-seq-A","7","TA","20","D:/202509-dev-seq/20C-202509-dev-seq/lm/20C/A/7/TA/0927-TA-2.csv",2025-09-27,"8","4","3"
"7-20-202509-dev-seq-A","7","TA","20","D:/202509-dev-seq/20C-202509-dev-seq/lm/20C/A/7/TA/0927-TA-2.csv",2025-09-27,"8","4","3"
"7-20-202509-dev-seq-A","7","TA","20","D:/202509-dev-seq/20C-202509-dev-seq/lm/20C/A/7/TA/0927-TA-2.csv",2025-09-27,"8","4","3"
"7-20-202509-dev-seq-A","7","TA","20","D:/202509-dev-seq/20C-202509-dev-seq/lm/20C/A/7/TA/0927-TA-2.csv",2025-09-27,"8","4","3"
"7-20-202509-dev-seq-A","7","TA","20","D:/202509-dev-seq/20C-202509-dev-seq/lm/20C/A/7/TA/0927-TA-2.csv",2025-09-27,"8","4","3"
"7-20-202509-dev-seq-A","7","TA","20","D:/202509-dev-seq/20C-202509-dev-seq/lm/20C/A/7/TA/0927-TA-2.csv",2025-09-27,"8","4","3"
"7-20-202509-dev-seq-A","7","TA","20","D:/202509-dev-seq/20C-202509-dev-seq/lm/20C/A/7/TA/0927-TA-2.csv",2025-09-27,"8","4","3"
"7-20-202509-dev-seq-A","7","TA","20","D:/202509-dev-seq/20C-202509-dev-seq/lm/20C/A/7/TA/0929-TA-4.csv",2025-09-29,"8","4","3"
"7-20-202509-dev-seq-A","7","TA","20","D:/202509-dev-seq/20C-202509-dev-seq/lm/20C/A/7/TA/0929-TA-4.csv",2025-09-29,"8","4","3"
"7-20-202509-dev-seq-A","7","TA","20","D:/202509-dev-seq/20C-202509-dev-seq/lm/20C/A/7/TA/0929-TA-4.csv",2025-09-29,"8","4","3"
"7-20-202509-dev-seq-A","7","TA","20","D:/202509-dev-seq/20C-202509-dev-seq/lm/20C/A/7/TA/0929-TA-4.csv",2025-09-29,"8","4","3"
"7-20-202509-dev-seq-A","7","TA","20","D:/202509-dev-seq/20C-202509-dev-seq/lm/20C/A/7/TA/0929-TA-4.csv",2025-09-29,"8","4","3"
"7-20-202509-dev-seq-A","7","TA","20","D:/202509-dev-seq/20C-202509-dev-seq/lm/20C/A/7/TA/0929-TA-4.csv",2025-09-29,"8","4","3"
"7-20-202509-dev-seq-A","7","TA","20","D:/202509-dev-seq/20C-202509-dev-seq/lm/20C/A/7/TA/0929-TA-4.csv",2025-09-29,"8","4","3"
"7-20-202509-dev-seq-A","7","TA","20","D:/202509-dev-seq/20C-202509-dev-seq/lm/20C/A/7/TA/0929-TA-4.csv",2025-09-29,"8","4","3"
"7-20-202509-dev-seq-A","7","TA","20","D:/202509-dev-seq/20C-202509-dev-seq/lm/20C/A/7/TA/1001-TA-3.csv",2025-10-01,"8","4","3"
"7-20-202509-dev-seq-A","7","TA","20","D:/202509-dev-seq/20C-202509-dev-seq/lm/20C/A/7/TA/1001-TA-3.csv",2025-10-01,"8","4","3"
"7-20-202509-dev-seq-A","7","TA","20","D:/202509-dev-seq/20C-202509-dev-seq/lm/20C/A/7/TA/1001-TA-3.csv",2025-10-01,"8","4","3"
"7-20-202509-dev-seq-A","7","TA","20","D:/202509-dev-seq/20C-202509-dev-seq/lm/20C/A/7/TA/1001-TA-3.csv",2025-10-01,"8","4","3"
"7-20-202509-dev-seq-A","7","TA","20","D:/202509-dev-seq/20C-202509-dev-seq/lm/20C/A/7/TA/1001-TA-3.csv",2025-10-01,"8","4","3"
"7-20-202509-dev-seq-A","7","TA","20","D:/202509-dev-seq/20C-202509-dev-seq/lm/20C/A/7/TA/1001-TA-3.csv",2025-10-01,"8","4","3"
"7-20-202509-dev-seq-A","7","TA","20","D:/202509-dev-seq/20C-202509-dev-seq/lm/20C/A/7/TA/1001-TA-3.csv",2025-10-01,"8","4","3"
"7-20-202509-dev-seq-A","7","TA","20","D:/202509-dev-seq/20C-202509-dev-seq/lm/20C/A/7/TA/1001-TA-3.csv",2025-10-01,"8","4","3"
"7-20-202509-dev-seq-A","7","TA","20","D:/202509-dev-seq/20C-202509-dev-seq/lm/20C/A/7/TA/1003-TA-2.csv",2025-10-03,"9","5","4"
"7-20-202509-dev-seq-A","7","TA","20","D:/202509-dev-seq/20C-202509-dev-seq/lm/20C/A/7/TA/1003-TA-2.csv",2025-10-03,"9","5","4"
"7-20-202509-dev-seq-A","7","TA","20","D:/202509-dev-seq/20C-202509-dev-seq/lm/20C/A/7/TA/1003-TA-2.csv",2025-10-03,"9","5","4"
"7-20-202509-dev-seq-A","7","TA","20","D:/202509-dev-seq/20C-202509-dev-seq/lm/20C/A/7/TA/1003-TA-2.csv",2025-10-03,"9","5","4"
"7-20-202509-dev-seq-A","7","TA","20","D:/202509-dev-seq/20C-202509-dev-seq/lm/20C/A/7/TA/1003-TA-2.csv",2025-10-03,"9","5","4"
"7-20-202509-dev-seq-A","7","TA","20","D:/202509-dev-seq/20C-202509-dev-seq/lm/20C/A/7/TA/1003-TA-2.csv",2025-10-03,"9","5","4"
"7-20-202509-dev-seq-A","7","TA","20","D:/202509-dev-seq/20C-202509-dev-seq/lm/20C/A/7/TA/1003-TA-2.csv",2025-10-03,"9","5","4"
"7-20-202509-dev-seq-A","7","TA","20","D:/202509-dev-seq/20C-202509-dev-seq/lm/20C/A/7/TA/1003-TA-2.csv",2025-10-03,"9","5","4"
"7-20-202509-dev-seq-A","7","TA","20","D:/202509-dev-seq/20C-202509-dev-seq/lm/20C/A/7/TA/1005-TA-2.csv",2025-10-05,"7","5","4"
"7-20-202509-dev-seq-A","7","TA","20","D:/202509-dev-seq/20C-202509-dev-seq/lm/20C/A/7/TA/1005-TA-2.csv",2025-10-05,"7","5","4"
"7-20-202509-dev-seq-A","7","TA","20","D:/202509-dev-seq/20C-202509-dev-seq/lm/20C/A/7/TA/1005-TA-2.csv",2025-10-05,"7","5","4"
"7-20-202509-dev-seq-A","7","TA","20","D:/202509-dev-seq/20C-202509-dev-seq/lm/20C/A/7/TA/1005-TA-2.csv",2025-10-05,"7","5","4"
"7-20-202509-dev-seq-A","7","TA","20","D:/202509-dev-seq/20C-202509-dev-seq/lm/20C/A/7/TA/1005-TA-2.csv",2025-10-05,"7","5","4"
"7-20-202509-dev-seq-A","7","TA","20","D:/202509-dev-seq/20C-202509-dev-seq/lm/20C/A/7/TA/1005-TA-2.csv",2025-10-05,"7","5","4"
"7-20-202509-dev-seq-A","7","TA","20","D:/202509-dev-seq/20C-202509-dev-seq/lm/20C/A/7/TA/1005-TA-2.csv",2025-10-05,"7","5","4"
"7-20-202509-dev-seq-A","7","TA","20","D:/202509-dev-seq/20C-202509-dev-seq/lm/20C/A/7/TA/1005-TA-2.csv",2025-10-05,"7","5","4"
"7-20-202509-dev-seq-A","7","TA","20","D:/202509-dev-seq/20C-202509-dev-seq/lm/20C/A/7/TA/1007-TA.csv",2025-10-07,"7","5","4"
"7-20-202509-dev-seq-A","7","TA","20","D:/202509-dev-seq/20C-202509-dev-seq/lm/20C/A/7/TA/1007-TA.csv",2025-10-07,"7","5","4"
"7-20-202509-dev-seq-A","7","TA","20","D:/202509-dev-seq/20C-202509-dev-seq/lm/20C/A/7/TA/1007-TA.csv",2025-10-07,"7","5","4"
"7-20-202509-dev-seq-A","7","TA","20","D:/202509-dev-seq/20C-202509-dev-seq/lm/20C/A/7/TA/1007-TA.csv",2025-10-07,"7","5","4"
"7-20-202509-dev-seq-A","7","TA","20","D:/202509-dev-seq/20C-202509-dev-seq/lm/20C/A/7/TA/1007-TA.csv",2025-10-07,"7","5","4"
"7-20-202509-dev-seq-A","7","TA","20","D:/202509-dev-seq/20C-202509-dev-seq/lm/20C/A/7/TA/1007-TA.csv",2025-10-07,"7","5","4"
"7-20-202509-dev-seq-A","7","TA","20","D:/202509-dev-seq/20C-202509-dev-seq/lm/20C/A/7/TA/1007-TA.csv",2025-10-07,"7","5","4"
"7-20-202509-dev-seq-A","7","TA","20","D:/202509-dev-seq/20C-202509-dev-seq/lm/20C/A/7/TA/1007-TA.csv",2025-10-07,"7","5","4"
"7-20-202509-dev-seq-A","7","TA","20","D:/202509-dev-seq/20C-202509-dev-seq/lm/20C/A/7/TA/1009-TA-2.csv",2025-10-09,"7","5","4"
"7-20-202509-dev-seq-A","7","TA","20","D:/202509-dev-seq/20C-202509-dev-seq/lm/20C/A/7/TA/1009-TA-2.csv",2025-10-09,"7","5","4"
"7-20-202509-dev-seq-A","7","TA","20","D:/202509-dev-seq/20C-202509-dev-seq/lm/20C/A/7/TA/1009-TA-2.csv",2025-10-09,"7","5","4"
"7-20-202509-dev-seq-A","7","TA","20","D:/202509-dev-seq/20C-202509-dev-seq/lm/20C/A/7/TA/1009-TA-2.csv",2025-10-09,"7","5","4"
"7-20-202509-dev-seq-A","7","TA","20","D:/202509-dev-seq/20C-202509-dev-seq/lm/20C/A/7/TA/1009-TA-2.csv",2025-10-09,"7","5","4"
"7-20-202509-dev-seq-A","7","TA","20","D:/202509-dev-seq/20C-202509-dev-seq/lm/20C/A/7/TA/1009-TA-2.csv",2025-10-09,"7","5","4"
"7-20-202509-dev-seq-A","7","TA","20","D:/202509-dev-seq/20C-202509-dev-seq/lm/20C/A/7/TA/1009-TA-2.csv",2025-10-09,"7","5","4"
"7-20-202509-dev-seq-A","7","TA","20","D:/202509-dev-seq/20C-202509-dev-seq/lm/20C/A/7/TA/1009-TA-2.csv",2025-10-09,"7","5","4"
"7-20-202509-dev-seq-A","7","TA","20","D:/202509-dev-seq/20C-202509-dev-seq/lm/20C/A/7/TA/1011-TA.csv",2025-10-11,"7","5","4"
"7-20-202509-dev-seq-A","7","TA","20","D:/202509-dev-seq/20C-202509-dev-seq/lm/20C/A/7/TA/1011-TA.csv",2025-10-11,"7","5","4"
"7-20-202509-dev-seq-A","7","TA","20","D:/202509-dev-seq/20C-202509-dev-seq/lm/20C/A/7/TA/1011-TA.csv",2025-10-11,"7","5","4"
"7-20-202509-dev-seq-A","7","TA","20","D:/202509-dev-seq/20C-202509-dev-seq/lm/20C/A/7/TA/1011-TA.csv",2025-10-11,"7","5","4"
"7-20-202509-dev-seq-A","7","TA","20","D:/202509-dev-seq/20C-202509-dev-seq/lm/20C/A/7/TA/1011-TA.csv",2025-10-11,"7","5","4"
"7-20-202509-dev-seq-A","7","TA","20","D:/202509-dev-seq/20C-202509-dev-seq/lm/20C/A/7/TA/1011-TA.csv",2025-10-11,"7","5","4"
"7-20-202509-dev-seq-A","7","TA","20","D:/202509-dev-seq/20C-202509-dev-seq/lm/20C/A/7/TA/1011-TA.csv",2025-10-11,"7","5","4"
"7-20-202509-dev-seq-A","7","TA","20","D:/202509-dev-seq/20C-202509-dev-seq/lm/20C/A/7/TA/1011-TA.csv",2025-10-11,"7","5","4"
"7-20-202509-dev-seq-A","7","TA","20","D:/202509-dev-seq/20C-202509-dev-seq/lm/20C/A/7/TA/1013-TA.csv",2025-10-13,"7","5","4"
"7-20-202509-dev-seq-A","7","TA","20","D:/202509-dev-seq/20C-202509-dev-seq/lm/20C/A/7/TA/1013-TA.csv",2025-10-13,"7","5","4"
"7-20-202509-dev-seq-A","7","TA","20","D:/202509-dev-seq/20C-202509-dev-seq/lm/20C/A/7/TA/1013-TA.csv",2025-10-13,"7","5","4"
"7-20-202509-dev-seq-A","7","TA","20","D:/202509-dev-seq/20C-202509-dev-seq/lm/20C/A/7/TA/1013-TA.csv",2025-10-13,"7","5","4"
"7-20-202509-dev-seq-A","7","TA","20","D:/202509-dev-seq/20C-202509-dev-seq/lm/20C/A/7/TA/1013-TA.csv",2025-10-13,"7","5","4"
"7-20-202509-dev-seq-A","7","TA","20","D:/202509-dev-seq/20C-202509-dev-seq/lm/20C/A/7/TA/1013-TA.csv",2025-10-13,"7","5","4"
"7-20-202509-dev-seq-A","7","TA","20","D:/202509-dev-seq/20C-202509-dev-seq/lm/20C/A/7/TA/1013-TA.csv",2025-10-13,"7","5","4"
"7-20-202509-dev-seq-A","7","TA","20","D:/202509-dev-seq/20C-202509-dev-seq/lm/20C/A/7/TA/1013-TA.csv",2025-10-13,"7","5","4"
"7-20-202509-dev-seq-A","7","TA","20","D:/202509-dev-seq/20C-202509-dev-seq/lm/20C/A/7/TA/1016-TA-2.csv",2025-10-16,"7","5","4"
"7-20-202509-dev-seq-A","7","TA","20","D:/202509-dev-seq/20C-202509-dev-seq/lm/20C/A/7/TA/1016-TA-2.csv",2025-10-16,"7","5","4"
"7-20-202509-dev-seq-A","7","TA","20","D:/202509-dev-seq/20C-202509-dev-seq/lm/20C/A/7/TA/1016-TA-2.csv",2025-10-16,"7","5","4"
"7-20-202509-dev-seq-A","7","TA","20","D:/202509-dev-seq/20C-202509-dev-seq/lm/20C/A/7/TA/1016-TA-2.csv",2025-10-16,"7","5","4"
"7-20-202509-dev-seq-A","7","TA","20","D:/202509-dev-seq/20C-202509-dev-seq/lm/20C/A/7/TA/1016-TA-2.csv",2025-10-16,"7","5","4"
"7-20-202509-dev-seq-A","7","TA","20","D:/202509-dev-seq/20C-202509-dev-seq/lm/20C/A/7/TA/1016-TA-2.csv",2025-10-16,"7","5","4"
"7-20-202509-dev-seq-A","7","TA","20","D:/202509-dev-seq/20C-202509-dev-seq/lm/20C/A/7/TA/1016-TA-2.csv",2025-10-16,"7","5","4"
"7-20-202509-dev-seq-A","7","TA","20","D:/202509-dev-seq/20C-202509-dev-seq/lm/20C/A/7/TA/1016-TA-2.csv",2025-10-16,"7","5","4"
"17-20-202510-dev-seq-A","17","OA","20","202510-dev-tif/lm/20C/A/17/OA/1026-OA-2.csv",2025-10-26,"3","2","1"
"17-20-202510-dev-seq-A","17","OA","20","202510-dev-tif/lm/20C/A/17/OA/1026-OA-2.csv",2025-10-26,"3","2","1"
"17-20-202510-dev-seq-A","17","OA","20","202510-dev-tif/lm/20C/A/17/OA/1026-OA-2.csv",2025-10-26,"3","2","1"
"17-20-202510-dev-seq-A","17","OA","20","202510-dev-tif/lm/20C/A/17/OA/1026-OA-2.csv",2025-10-26,"3","2","1"
"17-20-202510-dev-seq-A","17","OA","20","202510-dev-tif/lm/20C/A/17/OA/1028-OA.csv",2025-10-28,"4","3","2"
"17-20-202510-dev-seq-A","17","OA","20","202510-dev-tif/lm/20C/A/17/OA/1028-OA.csv",2025-10-28,"4","3","2"
"17-20-202510-dev-seq-A","17","OA","20","202510-dev-tif/lm/20C/A/17/OA/1028-OA.csv",2025-10-28,"4","3","2"
"17-20-202510-dev-seq-A","17","OA","20","202510-dev-tif/lm/20C/A/17/OA/1028-OA.csv",2025-10-28,"4","3","2"
"17-20-202510-dev-seq-A","17","OA","20","202510-dev-tif/lm/20C/A/17/OA/1030-OA-2.csv",2025-10-30,"4","2","2"
"17-20-202510-dev-seq-A","17","OA","20","202510-dev-tif/lm/20C/A/17/OA/1030-OA-2.csv",2025-10-30,"4","2","2"
"17-20-202510-dev-seq-A","17","OA","20","202510-dev-tif/lm/20C/A/17/OA/1030-OA-2.csv",2025-10-30,"4","2","2"
"17-20-202510-dev-seq-A","17","OA","20","202510-dev-tif/lm/20C/A/17/OA/1030-OA-2.csv",2025-10-30,"4","2","2"
"17-20-202510-dev-seq-A","17","OA","20","202510-dev-tif/lm/20C/A/17/OA/1101-OA-2.csv",2025-11-01,"4","4","3"
"17-20-202510-dev-seq-A","17","OA","20","202510-dev-tif/lm/20C/A/17/OA/1101-OA-2.csv",2025-11-01,"4","4","3"
"17-20-202510-dev-seq-A","17","OA","20","202510-dev-tif/lm/20C/A/17/OA/1101-OA-2.csv",2025-11-01,"4","4","3"
"17-20-202510-dev-seq-A","17","OA","20","202510-dev-tif/lm/20C/A/17/OA/1101-OA-2.csv",2025-11-01,"4","4","3"
"17-20-202510-dev-seq-A","17","OA","20","202510-dev-tif/lm/20C/A/17/OA/1103-OA-2.csv",2025-11-03,"6","4","3"
"17-20-202510-dev-seq-A","17","OA","20","202510-dev-tif/lm/20C/A/17/OA/1103-OA-2.csv",2025-11-03,"6","4","3"
"17-20-202510-dev-seq-A","17","OA","20","202510-dev-tif/lm/20C/A/17/OA/1103-OA-2.csv",2025-11-03,"6","4","3"
"17-20-202510-dev-seq-A","17","OA","20","202510-dev-tif/lm/20C/A/17/OA/1103-OA-2.csv",2025-11-03,"6","4","3"
"17-20-202510-dev-seq-A","17","OA","20","202510-dev-tif/lm/20C/A/17/OA/1105-OA.csv",2025-11-05,"6","4","3"
"17-20-202510-dev-seq-A","17","OA","20","202510-dev-tif/lm/20C/A/17/OA/1105-OA.csv",2025-11-05,"6","4","3"
"17-20-202510-dev-seq-A","17","OA","20","202510-dev-tif/lm/20C/A/17/OA/1105-OA.csv",2025-11-05,"6","4","3"
"17-20-202510-dev-seq-A","17","OA","20","202510-dev-tif/lm/20C/A/17/OA/1105-OA.csv",2025-11-05,"6","4","3"
"17-20-202510-dev-seq-A","17","OA","20","202510-dev-tif/lm/20C/A/17/OA/1107-OA-2.csv",2025-11-07,"6","4","3"
"17-20-202510-dev-seq-A","17","OA","20","202510-dev-tif/lm/20C/A/17/OA/1107-OA-2.csv",2025-11-07,"6","4","3"
"17-20-202510-dev-seq-A","17","OA","20","202510-dev-tif/lm/20C/A/17/OA/1107-OA-2.csv",2025-11-07,"6","4","3"
"17-20-202510-dev-seq-A","17","OA","20","202510-dev-tif/lm/20C/A/17/OA/1107-OA-2.csv",2025-11-07,"6","4","3"
"17-20-202510-dev-seq-A","17","OA","20","202510-dev-tif/lm/20C/A/17/OA/1110-OA-2.csv",2025-11-10,"6","4","3"
"17-20-202510-dev-seq-A","17","OA","20","202510-dev-tif/lm/20C/A/17/OA/1110-OA-2.csv",2025-11-10,"6","4","3"
"17-20-202510-dev-seq-A","17","OA","20","202510-dev-tif/lm/20C/A/17/OA/1110-OA-2.csv",2025-11-10,"6","4","3"
"17-20-202510-dev-seq-A","17","OA","20","202510-dev-tif/lm/20C/A/17/OA/1110-OA-2.csv",2025-11-10,"6","4","3"
"17-20-202510-dev-seq-A","17","OA","20","202510-dev-tif/lm/20C/A/17/OA/1111-OA.csv",2025-11-11,"5","4","3"
"17-20-202510-dev-seq-A","17","OA","20","202510-dev-tif/lm/20C/A/17/OA/1111-OA.csv",2025-11-11,"5","4","3"
"17-20-202510-dev-seq-A","17","OA","20","202510-dev-tif/lm/20C/A/17/OA/1111-OA.csv",2025-11-11,"5","4","3"
"17-20-202510-dev-seq-A","17","OA","20","202510-dev-tif/lm/20C/A/17/OA/1111-OA.csv",2025-11-11,"5","4","3"
"17-20-202510-dev-seq-A","17","OA","20","202510-dev-tif/lm/20C/A/17/OA/1113-OA-3.csv",2025-11-13,"6","4","3"
"17-20-202510-dev-seq-A","17","OA","20","202510-dev-tif/lm/20C/A/17/OA/1113-OA-3.csv",2025-11-13,"6","4","3"
"17-20-202510-dev-seq-A","17","OA","20","202510-dev-tif/lm/20C/A/17/OA/1113-OA-3.csv",2025-11-13,"6","4","3"
"17-20-202510-dev-seq-A","17","OA","20","202510-dev-tif/lm/20C/A/17/OA/1113-OA-3.csv",2025-11-13,"6","4","3"
"17-20-202510-dev-seq-A","17","OA","20","202510-dev-tif/lm/20C/A/17/OA/1115-OA-3.csv",2025-11-15,"5","4","3"
"17-20-202510-dev-seq-A","17","OA","20","202510-dev-tif/lm/20C/A/17/OA/1115-OA-3.csv",2025-11-15,"5","4","3"
"17-20-202510-dev-seq-A","17","OA","20","202510-dev-tif/lm/20C/A/17/OA/1115-OA-3.csv",2025-11-15,"5","4","3"
"17-20-202510-dev-seq-A","17","OA","20","202510-dev-tif/lm/20C/A/17/OA/1115-OA-3.csv",2025-11-15,"5","4","3"
"17-20-202510-dev-seq-A","17","OA","20","202510-dev-tif/lm/20C/A/17/OA/1117-OA-3.csv",2025-11-17,"8","6","4"
"17-20-202510-dev-seq-A","17","OA","20","202510-dev-tif/lm/20C/A/17/OA/1117-OA-3.csv",2025-11-17,"8","6","4"
"17-20-202510-dev-seq-A","17","OA","20","202510-dev-tif/lm/20C/A/17/OA/1117-OA-3.csv",2025-11-17,"8","6","4"
"17-20-202510-dev-seq-A","17","OA","20","202510-dev-tif/lm/20C/A/17/OA/1117-OA-3.csv",2025-11-17,"8","6","4"
"17-20-202510-dev-seq-A","17","OA","20","202510-dev-tif/lm/20C/A/17/OA/1119-OA-4.csv",2025-11-19,"9","6","4"
"17-20-202510-dev-seq-A","17","OA","20","202510-dev-tif/lm/20C/A/17/OA/1119-OA-4.csv",2025-11-19,"9","6","4"
"17-20-202510-dev-seq-A","17","OA","20","202510-dev-tif/lm/20C/A/17/OA/1119-OA-4.csv",2025-11-19,"9","6","4"
"17-20-202510-dev-seq-A","17","OA","20","202510-dev-tif/lm/20C/A/17/OA/1119-OA-4.csv",2025-11-19,"9","6","4"
"17-20-202510-dev-seq-A","17","OA","20","202510-dev-tif/lm/20C/A/17/OA/1123-OA-2.csv",2025-11-23,"9","6","4"
"17-20-202510-dev-seq-A","17","OA","20","202510-dev-tif/lm/20C/A/17/OA/1123-OA-2.csv",2025-11-23,"9","6","4"
"17-20-202510-dev-seq-A","17","OA","20","202510-dev-tif/lm/20C/A/17/OA/1123-OA-2.csv",2025-11-23,"9","6","4"
"17-20-202510-dev-seq-A","17","OA","20","202510-dev-tif/lm/20C/A/17/OA/1123-OA-2.csv",2025-11-23,"9","6","4"
"17-20-202510-dev-seq-A","17","PA","20","202510-dev-tif/lm/20C/A/17/PA/1026-PA.csv",2025-10-26,"3","2","1"
"17-20-202510-dev-seq-A","17","PA","20","202510-dev-tif/lm/20C/A/17/PA/1026-PA.csv",2025-10-26,"3","2","1"
"17-20-202510-dev-seq-A","17","PA","20","202510-dev-tif/lm/20C/A/17/PA/1026-PA.csv",2025-10-26,"3","2","1"
"17-20-202510-dev-seq-A","17","PA","20","202510-dev-tif/lm/20C/A/17/PA/1026-PA.csv",2025-10-26,"3","2","1"
"17-20-202510-dev-seq-A","17","PA","20","202510-dev-tif/lm/20C/A/17/PA/1026-PA.csv",2025-10-26,"3","2","1"
"17-20-202510-dev-seq-A","17","PA","20","202510-dev-tif/lm/20C/A/17/PA/1028-PA-4.csv",2025-10-28,"4","3","2"
"17-20-202510-dev-seq-A","17","PA","20","202510-dev-tif/lm/20C/A/17/PA/1028-PA-4.csv",2025-10-28,"4","3","2"
"17-20-202510-dev-seq-A","17","PA","20","202510-dev-tif/lm/20C/A/17/PA/1028-PA-4.csv",2025-10-28,"4","3","2"
"17-20-202510-dev-seq-A","17","PA","20","202510-dev-tif/lm/20C/A/17/PA/1028-PA-4.csv",2025-10-28,"4","3","2"
"17-20-202510-dev-seq-A","17","PA","20","202510-dev-tif/lm/20C/A/17/PA/1028-PA-4.csv",2025-10-28,"4","3","2"
"17-20-202510-dev-seq-A","17","PA","20","202510-dev-tif/lm/20C/A/17/PA/1030-PA-3.csv",2025-10-30,"4","2","2"
"17-20-202510-dev-seq-A","17","PA","20","202510-dev-tif/lm/20C/A/17/PA/1030-PA-3.csv",2025-10-30,"4","2","2"
"17-20-202510-dev-seq-A","17","PA","20","202510-dev-tif/lm/20C/A/17/PA/1030-PA-3.csv",2025-10-30,"4","2","2"
"17-20-202510-dev-seq-A","17","PA","20","202510-dev-tif/lm/20C/A/17/PA/1030-PA-3.csv",2025-10-30,"4","2","2"
"17-20-202510-dev-seq-A","17","PA","20","202510-dev-tif/lm/20C/A/17/PA/1030-PA-3.csv",2025-10-30,"4","2","2"
"17-20-202510-dev-seq-A","17","PA","20","202510-dev-tif/lm/20C/A/17/PA/1101-PA-2.csv",2025-11-01,"4","4","3"
"17-20-202510-dev-seq-A","17","PA","20","202510-dev-tif/lm/20C/A/17/PA/1101-PA-2.csv",2025-11-01,"4","4","3"
"17-20-202510-dev-seq-A","17","PA","20","202510-dev-tif/lm/20C/A/17/PA/1101-PA-2.csv",2025-11-01,"4","4","3"
"17-20-202510-dev-seq-A","17","PA","20","202510-dev-tif/lm/20C/A/17/PA/1101-PA-2.csv",2025-11-01,"4","4","3"
"17-20-202510-dev-seq-A","17","PA","20","202510-dev-tif/lm/20C/A/17/PA/1101-PA-2.csv",2025-11-01,"4","4","3"
"17-20-202510-dev-seq-A","17","PA","20","202510-dev-tif/lm/20C/A/17/PA/1103-PA-4.csv",2025-11-03,"6","4","3"
"17-20-202510-dev-seq-A","17","PA","20","202510-dev-tif/lm/20C/A/17/PA/1103-PA-4.csv",2025-11-03,"6","4","3"
"17-20-202510-dev-seq-A","17","PA","20","202510-dev-tif/lm/20C/A/17/PA/1103-PA-4.csv",2025-11-03,"6","4","3"
"17-20-202510-dev-seq-A","17","PA","20","202510-dev-tif/lm/20C/A/17/PA/1103-PA-4.csv",2025-11-03,"6","4","3"
"17-20-202510-dev-seq-A","17","PA","20","202510-dev-tif/lm/20C/A/17/PA/1103-PA-4.csv",2025-11-03,"6","4","3"
"17-20-202510-dev-seq-A","17","PA","20","202510-dev-tif/lm/20C/A/17/PA/1105-PA-2.csv",2025-11-05,"6","4","3"
"17-20-202510-dev-seq-A","17","PA","20","202510-dev-tif/lm/20C/A/17/PA/1105-PA-2.csv",2025-11-05,"6","4","3"
"17-20-202510-dev-seq-A","17","PA","20","202510-dev-tif/lm/20C/A/17/PA/1105-PA-2.csv",2025-11-05,"6","4","3"
"17-20-202510-dev-seq-A","17","PA","20","202510-dev-tif/lm/20C/A/17/PA/1105-PA-2.csv",2025-11-05,"6","4","3"
"17-20-202510-dev-seq-A","17","PA","20","202510-dev-tif/lm/20C/A/17/PA/1105-PA-2.csv",2025-11-05,"6","4","3"
"17-20-202510-dev-seq-A","17","PA","20","202510-dev-tif/lm/20C/A/17/PA/1107-PA-3.csv",2025-11-07,"6","4","3"
"17-20-202510-dev-seq-A","17","PA","20","202510-dev-tif/lm/20C/A/17/PA/1107-PA-3.csv",2025-11-07,"6","4","3"
"17-20-202510-dev-seq-A","17","PA","20","202510-dev-tif/lm/20C/A/17/PA/1107-PA-3.csv",2025-11-07,"6","4","3"
"17-20-202510-dev-seq-A","17","PA","20","202510-dev-tif/lm/20C/A/17/PA/1107-PA-3.csv",2025-11-07,"6","4","3"
"17-20-202510-dev-seq-A","17","PA","20","202510-dev-tif/lm/20C/A/17/PA/1107-PA-3.csv",2025-11-07,"6","4","3"
"17-20-202510-dev-seq-A","17","PA","20","202510-dev-tif/lm/20C/A/17/PA/1110-PA-4.csv",2025-11-10,"6","4","3"
"17-20-202510-dev-seq-A","17","PA","20","202510-dev-tif/lm/20C/A/17/PA/1110-PA-4.csv",2025-11-10,"6","4","3"
"17-20-202510-dev-seq-A","17","PA","20","202510-dev-tif/lm/20C/A/17/PA/1110-PA-4.csv",2025-11-10,"6","4","3"
"17-20-202510-dev-seq-A","17","PA","20","202510-dev-tif/lm/20C/A/17/PA/1110-PA-4.csv",2025-11-10,"6","4","3"
"17-20-202510-dev-seq-A","17","PA","20","202510-dev-tif/lm/20C/A/17/PA/1110-PA-4.csv",2025-11-10,"6","4","3"
"17-20-202510-dev-seq-A","17","PA","20","202510-dev-tif/lm/20C/A/17/PA/1111-PA-3.csv",2025-11-11,"5","4","3"
"17-20-202510-dev-seq-A","17","PA","20","202510-dev-tif/lm/20C/A/17/PA/1111-PA-3.csv",2025-11-11,"5","4","3"
"17-20-202510-dev-seq-A","17","PA","20","202510-dev-tif/lm/20C/A/17/PA/1111-PA-3.csv",2025-11-11,"5","4","3"
"17-20-202510-dev-seq-A","17","PA","20","202510-dev-tif/lm/20C/A/17/PA/1111-PA-3.csv",2025-11-11,"5","4","3"
"17-20-202510-dev-seq-A","17","PA","20","202510-dev-tif/lm/20C/A/17/PA/1111-PA-3.csv",2025-11-11,"5","4","3"
"17-20-202510-dev-seq-A","17","PA","20","202510-dev-tif/lm/20C/A/17/PA/1113-PA-2.csv",2025-11-13,"6","4","3"
"17-20-202510-dev-seq-A","17","PA","20","202510-dev-tif/lm/20C/A/17/PA/1113-PA-2.csv",2025-11-13,"6","4","3"
"17-20-202510-dev-seq-A","17","PA","20","202510-dev-tif/lm/20C/A/17/PA/1113-PA-2.csv",2025-11-13,"6","4","3"
"17-20-202510-dev-seq-A","17","PA","20","202510-dev-tif/lm/20C/A/17/PA/1113-PA-2.csv",2025-11-13,"6","4","3"
"17-20-202510-dev-seq-A","17","PA","20","202510-dev-tif/lm/20C/A/17/PA/1113-PA-2.csv",2025-11-13,"6","4","3"
"17-20-202510-dev-seq-A","17","PA","20","202510-dev-tif/lm/20C/A/17/PA/1115-PA-2.csv",2025-11-15,"5","4","3"
"17-20-202510-dev-seq-A","17","PA","20","202510-dev-tif/lm/20C/A/17/PA/1115-PA-2.csv",2025-11-15,"5","4","3"
"17-20-202510-dev-seq-A","17","PA","20","202510-dev-tif/lm/20C/A/17/PA/1115-PA-2.csv",2025-11-15,"5","4","3"
"17-20-202510-dev-seq-A","17","PA","20","202510-dev-tif/lm/20C/A/17/PA/1115-PA-2.csv",2025-11-15,"5","4","3"
"17-20-202510-dev-seq-A","17","PA","20","202510-dev-tif/lm/20C/A/17/PA/1115-PA-2.csv",2025-11-15,"5","4","3"
"17-20-202510-dev-seq-A","17","PA","20","202510-dev-tif/lm/20C/A/17/PA/1117-PA-3.csv",2025-11-17,"8","6","4"
"17-20-202510-dev-seq-A","17","PA","20","202510-dev-tif/lm/20C/A/17/PA/1117-PA-3.csv",2025-11-17,"8","6","4"
"17-20-202510-dev-seq-A","17","PA","20","202510-dev-tif/lm/20C/A/17/PA/1117-PA-3.csv",2025-11-17,"8","6","4"
"17-20-202510-dev-seq-A","17","PA","20","202510-dev-tif/lm/20C/A/17/PA/1117-PA-3.csv",2025-11-17,"8","6","4"
"17-20-202510-dev-seq-A","17","PA","20","202510-dev-tif/lm/20C/A/17/PA/1117-PA-3.csv",2025-11-17,"8","6","4"
"17-20-202510-dev-seq-A","17","PA","20","202510-dev-tif/lm/20C/A/17/PA/1119-PA-3.csv",2025-11-19,"9","6","4"
"17-20-202510-dev-seq-A","17","PA","20","202510-dev-tif/lm/20C/A/17/PA/1119-PA-3.csv",2025-11-19,"9","6","4"
"17-20-202510-dev-seq-A","17","PA","20","202510-dev-tif/lm/20C/A/17/PA/1119-PA-3.csv",2025-11-19,"9","6","4"
"17-20-202510-dev-seq-A","17","PA","20","202510-dev-tif/lm/20C/A/17/PA/1119-PA-3.csv",2025-11-19,"9","6","4"
"17-20-202510-dev-seq-A","17","PA","20","202510-dev-tif/lm/20C/A/17/PA/1119-PA-3.csv",2025-11-19,"9","6","4"
"17-20-202510-dev-seq-A","17","PA","20","202510-dev-tif/lm/20C/A/17/PA/1123-PA-3.csv",2025-11-23,"9","6","4"
"17-20-202510-dev-seq-A","17","PA","20","202510-dev-tif/lm/20C/A/17/PA/1123-PA-3.csv",2025-11-23,"9","6","4"
"17-20-202510-dev-seq-A","17","PA","20","202510-dev-tif/lm/20C/A/17/PA/1123-PA-3.csv",2025-11-23,"9","6","4"
"17-20-202510-dev-seq-A","17","PA","20","202510-dev-tif/lm/20C/A/17/PA/1123-PA-3.csv",2025-11-23,"9","6","4"
"17-20-202510-dev-seq-A","17","PA","20","202510-dev-tif/lm/20C/A/17/PA/1123-PA-3.csv",2025-11-23,"9","6","4"
"17-20-202510-dev-seq-A","17","TA","20","202510-dev-tif/lm/20C/A/17/TA/1026-TA-3.csv",2025-10-26,"3","2","1"
"17-20-202510-dev-seq-A","17","TA","20","202510-dev-tif/lm/20C/A/17/TA/1026-TA-3.csv",2025-10-26,"3","2","1"
"17-20-202510-dev-seq-A","17","TA","20","202510-dev-tif/lm/20C/A/17/TA/1026-TA-3.csv",2025-10-26,"3","2","1"
"17-20-202510-dev-seq-A","17","TA","20","202510-dev-tif/lm/20C/A/17/TA/1026-TA-3.csv",2025-10-26,"3","2","1"
"17-20-202510-dev-seq-A","17","TA","20","202510-dev-tif/lm/20C/A/17/TA/1026-TA-3.csv",2025-10-26,"3","2","1"
"17-20-202510-dev-seq-A","17","TA","20","202510-dev-tif/lm/20C/A/17/TA/1026-TA-3.csv",2025-10-26,"3","2","1"
"17-20-202510-dev-seq-A","17","TA","20","202510-dev-tif/lm/20C/A/17/TA/1026-TA-3.csv",2025-10-26,"3","2","1"
"17-20-202510-dev-seq-A","17","TA","20","202510-dev-tif/lm/20C/A/17/TA/1026-TA-3.csv",2025-10-26,"3","2","1"
"17-20-202510-dev-seq-A","17","TA","20","202510-dev-tif/lm/20C/A/17/TA/1028-TA-4.csv",2025-10-28,"4","3","2"
"17-20-202510-dev-seq-A","17","TA","20","202510-dev-tif/lm/20C/A/17/TA/1028-TA-4.csv",2025-10-28,"4","3","2"
"17-20-202510-dev-seq-A","17","TA","20","202510-dev-tif/lm/20C/A/17/TA/1028-TA-4.csv",2025-10-28,"4","3","2"
"17-20-202510-dev-seq-A","17","TA","20","202510-dev-tif/lm/20C/A/17/TA/1028-TA-4.csv",2025-10-28,"4","3","2"
"17-20-202510-dev-seq-A","17","TA","20","202510-dev-tif/lm/20C/A/17/TA/1028-TA-4.csv",2025-10-28,"4","3","2"
"17-20-202510-dev-seq-A","17","TA","20","202510-dev-tif/lm/20C/A/17/TA/1028-TA-4.csv",2025-10-28,"4","3","2"
"17-20-202510-dev-seq-A","17","TA","20","202510-dev-tif/lm/20C/A/17/TA/1028-TA-4.csv",2025-10-28,"4","3","2"
"17-20-202510-dev-seq-A","17","TA","20","202510-dev-tif/lm/20C/A/17/TA/1028-TA-4.csv",2025-10-28,"4","3","2"
"17-20-202510-dev-seq-A","17","TA","20","202510-dev-tif/lm/20C/A/17/TA/1030-TA.csv",2025-10-30,"4","2","2"
"17-20-202510-dev-seq-A","17","TA","20","202510-dev-tif/lm/20C/A/17/TA/1030-TA.csv",2025-10-30,"4","2","2"
"17-20-202510-dev-seq-A","17","TA","20","202510-dev-tif/lm/20C/A/17/TA/1030-TA.csv",2025-10-30,"4","2","2"
"17-20-202510-dev-seq-A","17","TA","20","202510-dev-tif/lm/20C/A/17/TA/1030-TA.csv",2025-10-30,"4","2","2"
"17-20-202510-dev-seq-A","17","TA","20","202510-dev-tif/lm/20C/A/17/TA/1030-TA.csv",2025-10-30,"4","2","2"
"17-20-202510-dev-seq-A","17","TA","20","202510-dev-tif/lm/20C/A/17/TA/1030-TA.csv",2025-10-30,"4","2","2"
"17-20-202510-dev-seq-A","17","TA","20","202510-dev-tif/lm/20C/A/17/TA/1030-TA.csv",2025-10-30,"4","2","2"
"17-20-202510-dev-seq-A","17","TA","20","202510-dev-tif/lm/20C/A/17/TA/1030-TA.csv",2025-10-30,"4","2","2"
"17-20-202510-dev-seq-A","17","TA","20","202510-dev-tif/lm/20C/A/17/TA/1101-TA.csv",2025-11-01,"4","4","3"
"17-20-202510-dev-seq-A","17","TA","20","202510-dev-tif/lm/20C/A/17/TA/1101-TA.csv",2025-11-01,"4","4","3"
"17-20-202510-dev-seq-A","17","TA","20","202510-dev-tif/lm/20C/A/17/TA/1101-TA.csv",2025-11-01,"4","4","3"
"17-20-202510-dev-seq-A","17","TA","20","202510-dev-tif/lm/20C/A/17/TA/1101-TA.csv",2025-11-01,"4","4","3"
"17-20-202510-dev-seq-A","17","TA","20","202510-dev-tif/lm/20C/A/17/TA/1101-TA.csv",2025-11-01,"4","4","3"
"17-20-202510-dev-seq-A","17","TA","20","202510-dev-tif/lm/20C/A/17/TA/1101-TA.csv",2025-11-01,"4","4","3"
"17-20-202510-dev-seq-A","17","TA","20","202510-dev-tif/lm/20C/A/17/TA/1101-TA.csv",2025-11-01,"4","4","3"
"17-20-202510-dev-seq-A","17","TA","20","202510-dev-tif/lm/20C/A/17/TA/1101-TA.csv",2025-11-01,"4","4","3"
"17-20-202510-dev-seq-A","17","TA","20","202510-dev-tif/lm/20C/A/17/TA/1103-TA-3.csv",2025-11-03,"6","4","3"
"17-20-202510-dev-seq-A","17","TA","20","202510-dev-tif/lm/20C/A/17/TA/1103-TA-3.csv",2025-11-03,"6","4","3"
"17-20-202510-dev-seq-A","17","TA","20","202510-dev-tif/lm/20C/A/17/TA/1103-TA-3.csv",2025-11-03,"6","4","3"
"17-20-202510-dev-seq-A","17","TA","20","202510-dev-tif/lm/20C/A/17/TA/1103-TA-3.csv",2025-11-03,"6","4","3"
"17-20-202510-dev-seq-A","17","TA","20","202510-dev-tif/lm/20C/A/17/TA/1103-TA-3.csv",2025-11-03,"6","4","3"
"17-20-202510-dev-seq-A","17","TA","20","202510-dev-tif/lm/20C/A/17/TA/1103-TA-3.csv",2025-11-03,"6","4","3"
"17-20-202510-dev-seq-A","17","TA","20","202510-dev-tif/lm/20C/A/17/TA/1103-TA-3.csv",2025-11-03,"6","4","3"
"17-20-202510-dev-seq-A","17","TA","20","202510-dev-tif/lm/20C/A/17/TA/1103-TA-3.csv",2025-11-03,"6","4","3"
"17-20-202510-dev-seq-A","17","TA","20","202510-dev-tif/lm/20C/A/17/TA/1105-TA-2.csv",2025-11-05,"6","4","3"
"17-20-202510-dev-seq-A","17","TA","20","202510-dev-tif/lm/20C/A/17/TA/1105-TA-2.csv",2025-11-05,"6","4","3"
"17-20-202510-dev-seq-A","17","TA","20","202510-dev-tif/lm/20C/A/17/TA/1105-TA-2.csv",2025-11-05,"6","4","3"
"17-20-202510-dev-seq-A","17","TA","20","202510-dev-tif/lm/20C/A/17/TA/1105-TA-2.csv",2025-11-05,"6","4","3"
"17-20-202510-dev-seq-A","17","TA","20","202510-dev-tif/lm/20C/A/17/TA/1105-TA-2.csv",2025-11-05,"6","4","3"
"17-20-202510-dev-seq-A","17","TA","20","202510-dev-tif/lm/20C/A/17/TA/1105-TA-2.csv",2025-11-05,"6","4","3"
"17-20-202510-dev-seq-A","17","TA","20","202510-dev-tif/lm/20C/A/17/TA/1105-TA-2.csv",2025-11-05,"6","4","3"
"17-20-202510-dev-seq-A","17","TA","20","202510-dev-tif/lm/20C/A/17/TA/1105-TA-2.csv",2025-11-05,"6","4","3"
"17-20-202510-dev-seq-A","17","TA","20","202510-dev-tif/lm/20C/A/17/TA/1107-TA-2.csv",2025-11-07,"6","4","3"
"17-20-202510-dev-seq-A","17","TA","20","202510-dev-tif/lm/20C/A/17/TA/1107-TA-2.csv",2025-11-07,"6","4","3"
"17-20-202510-dev-seq-A","17","TA","20","202510-dev-tif/lm/20C/A/17/TA/1107-TA-2.csv",2025-11-07,"6","4","3"
"17-20-202510-dev-seq-A","17","TA","20","202510-dev-tif/lm/20C/A/17/TA/1107-TA-2.csv",2025-11-07,"6","4","3"
"17-20-202510-dev-seq-A","17","TA","20","202510-dev-tif/lm/20C/A/17/TA/1107-TA-2.csv",2025-11-07,"6","4","3"
"17-20-202510-dev-seq-A","17","TA","20","202510-dev-tif/lm/20C/A/17/TA/1107-TA-2.csv",2025-11-07,"6","4","3"
"17-20-202510-dev-seq-A","17","TA","20","202510-dev-tif/lm/20C/A/17/TA/1107-TA-2.csv",2025-11-07,"6","4","3"
"17-20-202510-dev-seq-A","17","TA","20","202510-dev-tif/lm/20C/A/17/TA/1107-TA-2.csv",2025-11-07,"6","4","3"
"17-20-202510-dev-seq-A","17","TA","20","202510-dev-tif/lm/20C/A/17/TA/1110-TA-2.csv",2025-11-10,"6","4","3"
"17-20-202510-dev-seq-A","17","TA","20","202510-dev-tif/lm/20C/A/17/TA/1110-TA-2.csv",2025-11-10,"6","4","3"
"17-20-202510-dev-seq-A","17","TA","20","202510-dev-tif/lm/20C/A/17/TA/1110-TA-2.csv",2025-11-10,"6","4","3"
"17-20-202510-dev-seq-A","17","TA","20","202510-dev-tif/lm/20C/A/17/TA/1110-TA-2.csv",2025-11-10,"6","4","3"
"17-20-202510-dev-seq-A","17","TA","20","202510-dev-tif/lm/20C/A/17/TA/1110-TA-2.csv",2025-11-10,"6","4","3"
"17-20-202510-dev-seq-A","17","TA","20","202510-dev-tif/lm/20C/A/17/TA/1110-TA-2.csv",2025-11-10,"6","4","3"
"17-20-202510-dev-seq-A","17","TA","20","202510-dev-tif/lm/20C/A/17/TA/1110-TA-2.csv",2025-11-10,"6","4","3"
"17-20-202510-dev-seq-A","17","TA","20","202510-dev-tif/lm/20C/A/17/TA/1110-TA-2.csv",2025-11-10,"6","4","3"
"17-20-202510-dev-seq-A","17","TA","20","202510-dev-tif/lm/20C/A/17/TA/1111-TA-2.csv",2025-11-11,"5","4","3"
"17-20-202510-dev-seq-A","17","TA","20","202510-dev-tif/lm/20C/A/17/TA/1111-TA-2.csv",2025-11-11,"5","4","3"
"17-20-202510-dev-seq-A","17","TA","20","202510-dev-tif/lm/20C/A/17/TA/1111-TA-2.csv",2025-11-11,"5","4","3"
"17-20-202510-dev-seq-A","17","TA","20","202510-dev-tif/lm/20C/A/17/TA/1111-TA-2.csv",2025-11-11,"5","4","3"
"17-20-202510-dev-seq-A","17","TA","20","202510-dev-tif/lm/20C/A/17/TA/1111-TA-2.csv",2025-11-11,"5","4","3"
"17-20-202510-dev-seq-A","17","TA","20","202510-dev-tif/lm/20C/A/17/TA/1111-TA-2.csv",2025-11-11,"5","4","3"
"17-20-202510-dev-seq-A","17","TA","20","202510-dev-tif/lm/20C/A/17/TA/1111-TA-2.csv",2025-11-11,"5","4","3"
"17-20-202510-dev-seq-A","17","TA","20","202510-dev-tif/lm/20C/A/17/TA/1111-TA-2.csv",2025-11-11,"5","4","3"
"17-20-202510-dev-seq-A","17","TA","20","202510-dev-tif/lm/20C/A/17/TA/1113-TA-3.csv",2025-11-13,"6","4","3"
"17-20-202510-dev-seq-A","17","TA","20","202510-dev-tif/lm/20C/A/17/TA/1113-TA-3.csv",2025-11-13,"6","4","3"
"17-20-202510-dev-seq-A","17","TA","20","202510-dev-tif/lm/20C/A/17/TA/1113-TA-3.csv",2025-11-13,"6","4","3"
"17-20-202510-dev-seq-A","17","TA","20","202510-dev-tif/lm/20C/A/17/TA/1113-TA-3.csv",2025-11-13,"6","4","3"
"17-20-202510-dev-seq-A","17","TA","20","202510-dev-tif/lm/20C/A/17/TA/1113-TA-3.csv",2025-11-13,"6","4","3"
"17-20-202510-dev-seq-A","17","TA","20","202510-dev-tif/lm/20C/A/17/TA/1113-TA-3.csv",2025-11-13,"6","4","3"
"17-20-202510-dev-seq-A","17","TA","20","202510-dev-tif/lm/20C/A/17/TA/1113-TA-3.csv",2025-11-13,"6","4","3"
"17-20-202510-dev-seq-A","17","TA","20","202510-dev-tif/lm/20C/A/17/TA/1113-TA-3.csv",2025-11-13,"6","4","3"
"17-20-202510-dev-seq-A","17","TA","20","202510-dev-tif/lm/20C/A/17/TA/1115-TA-3.csv",2025-11-15,"5","4","3"
"17-20-202510-dev-seq-A","17","TA","20","202510-dev-tif/lm/20C/A/17/TA/1115-TA-3.csv",2025-11-15,"5","4","3"
"17-20-202510-dev-seq-A","17","TA","20","202510-dev-tif/lm/20C/A/17/TA/1115-TA-3.csv",2025-11-15,"5","4","3"
"17-20-202510-dev-seq-A","17","TA","20","202510-dev-tif/lm/20C/A/17/TA/1115-TA-3.csv",2025-11-15,"5","4","3"
"17-20-202510-dev-seq-A","17","TA","20","202510-dev-tif/lm/20C/A/17/TA/1115-TA-3.csv",2025-11-15,"5","4","3"
"17-20-202510-dev-seq-A","17","TA","20","202510-dev-tif/lm/20C/A/17/TA/1115-TA-3.csv",2025-11-15,"5","4","3"
"17-20-202510-dev-seq-A","17","TA","20","202510-dev-tif/lm/20C/A/17/TA/1115-TA-3.csv",2025-11-15,"5","4","3"
"17-20-202510-dev-seq-A","17","TA","20","202510-dev-tif/lm/20C/A/17/TA/1115-TA-3.csv",2025-11-15,"5","4","3"
"17-20-202510-dev-seq-A","17","TA","20","202510-dev-tif/lm/20C/A/17/TA/1117-TA.csv",2025-11-17,"8","6","4"
"17-20-202510-dev-seq-A","17","TA","20","202510-dev-tif/lm/20C/A/17/TA/1117-TA.csv",2025-11-17,"8","6","4"
"17-20-202510-dev-seq-A","17","TA","20","202510-dev-tif/lm/20C/A/17/TA/1117-TA.csv",2025-11-17,"8","6","4"
"17-20-202510-dev-seq-A","17","TA","20","202510-dev-tif/lm/20C/A/17/TA/1117-TA.csv",2025-11-17,"8","6","4"
"17-20-202510-dev-seq-A","17","TA","20","202510-dev-tif/lm/20C/A/17/TA/1117-TA.csv",2025-11-17,"8","6","4"
"17-20-202510-dev-seq-A","17","TA","20","202510-dev-tif/lm/20C/A/17/TA/1117-TA.csv",2025-11-17,"8","6","4"
"17-20-202510-dev-seq-A","17","TA","20","202510-dev-tif/lm/20C/A/17/TA/1117-TA.csv",2025-11-17,"8","6","4"
"17-20-202510-dev-seq-A","17","TA","20","202510-dev-tif/lm/20C/A/17/TA/1117-TA.csv",2025-11-17,"8","6","4"
"17-20-202510-dev-seq-A","17","TA","20","202510-dev-tif/lm/20C/A/17/TA/1119-TA.csv",2025-11-19,"9","6","4"
"17-20-202510-dev-seq-A","17","TA","20","202510-dev-tif/lm/20C/A/17/TA/1119-TA.csv",2025-11-19,"9","6","4"
"17-20-202510-dev-seq-A","17","TA","20","202510-dev-tif/lm/20C/A/17/TA/1119-TA.csv",2025-11-19,"9","6","4"
"17-20-202510-dev-seq-A","17","TA","20","202510-dev-tif/lm/20C/A/17/TA/1119-TA.csv",2025-11-19,"9","6","4"
"17-20-202510-dev-seq-A","17","TA","20","202510-dev-tif/lm/20C/A/17/TA/1119-TA.csv",2025-11-19,"9","6","4"
"17-20-202510-dev-seq-A","17","TA","20","202510-dev-tif/lm/20C/A/17/TA/1119-TA.csv",2025-11-19,"9","6","4"
"17-20-202510-dev-seq-A","17","TA","20","202510-dev-tif/lm/20C/A/17/TA/1119-TA.csv",2025-11-19,"9","6","4"
"17-20-202510-dev-seq-A","17","TA","20","202510-dev-tif/lm/20C/A/17/TA/1119-TA.csv",2025-11-19,"9","6","4"
"17-20-202510-dev-seq-A","17","TA","20","202510-dev-tif/lm/20C/A/17/TA/1123-TA-3.csv",2025-11-23,"9","6","4"
"17-20-202510-dev-seq-A","17","TA","20","202510-dev-tif/lm/20C/A/17/TA/1123-TA-3.csv",2025-11-23,"9","6","4"
"17-20-202510-dev-seq-A","17","TA","20","202510-dev-tif/lm/20C/A/17/TA/1123-TA-3.csv",2025-11-23,"9","6","4"
"17-20-202510-dev-seq-A","17","TA","20","202510-dev-tif/lm/20C/A/17/TA/1123-TA-3.csv",2025-11-23,"9","6","4"
"17-20-202510-dev-seq-A","17","TA","20","202510-dev-tif/lm/20C/A/17/TA/1123-TA-3.csv",2025-11-23,"9","6","4"
"17-20-202510-dev-seq-A","17","TA","20","202510-dev-tif/lm/20C/A/17/TA/1123-TA-3.csv",2025-11-23,"9","6","4"
"17-20-202510-dev-seq-A","17","TA","20","202510-dev-tif/lm/20C/A/17/TA/1123-TA-3.csv",2025-11-23,"9","6","4"
"17-20-202510-dev-seq-A","17","TA","20","202510-dev-tif/lm/20C/A/17/TA/1123-TA-3.csv",2025-11-23,"9","6","4"
"2-20-202510-dev-seq-A","2","OA","20","202510-dev-tif/lm/20C/A/2/OA/1022-OA-2.csv",2025-10-22,"1","1","1"
"2-20-202510-dev-seq-A","2","OA","20","202510-dev-tif/lm/20C/A/2/OA/1022-OA-2.csv",2025-10-22,"1","1","1"
"2-20-202510-dev-seq-A","2","OA","20","202510-dev-tif/lm/20C/A/2/OA/1022-OA-2.csv",2025-10-22,"1","1","1"
"2-20-202510-dev-seq-A","2","OA","20","202510-dev-tif/lm/20C/A/2/OA/1022-OA-2.csv",2025-10-22,"1","1","1"
"2-20-202510-dev-seq-A","2","OA","20","202510-dev-tif/lm/20C/A/2/OA/1024-OA-2.csv",2025-10-24,"1","1","1"
"2-20-202510-dev-seq-A","2","OA","20","202510-dev-tif/lm/20C/A/2/OA/1024-OA-2.csv",2025-10-24,"1","1","1"
"2-20-202510-dev-seq-A","2","OA","20","202510-dev-tif/lm/20C/A/2/OA/1024-OA-2.csv",2025-10-24,"1","1","1"
"2-20-202510-dev-seq-A","2","OA","20","202510-dev-tif/lm/20C/A/2/OA/1024-OA-2.csv",2025-10-24,"1","1","1"
"2-20-202510-dev-seq-A","2","OA","20","202510-dev-tif/lm/20C/A/2/OA/1026-OA-3.csv",2025-10-26,"2","1","1"
"2-20-202510-dev-seq-A","2","OA","20","202510-dev-tif/lm/20C/A/2/OA/1026-OA-3.csv",2025-10-26,"2","1","1"
"2-20-202510-dev-seq-A","2","OA","20","202510-dev-tif/lm/20C/A/2/OA/1026-OA-3.csv",2025-10-26,"2","1","1"
"2-20-202510-dev-seq-A","2","OA","20","202510-dev-tif/lm/20C/A/2/OA/1026-OA-3.csv",2025-10-26,"2","1","1"
"2-20-202510-dev-seq-A","2","OA","20","202510-dev-tif/lm/20C/A/2/OA/1028-OA.csv",2025-10-28,"3","2","2"
"2-20-202510-dev-seq-A","2","OA","20","202510-dev-tif/lm/20C/A/2/OA/1028-OA.csv",2025-10-28,"3","2","2"
"2-20-202510-dev-seq-A","2","OA","20","202510-dev-tif/lm/20C/A/2/OA/1028-OA.csv",2025-10-28,"3","2","2"
"2-20-202510-dev-seq-A","2","OA","20","202510-dev-tif/lm/20C/A/2/OA/1028-OA.csv",2025-10-28,"3","2","2"
"2-20-202510-dev-seq-A","2","OA","20","202510-dev-tif/lm/20C/A/2/OA/1030-OA-2.csv",2025-10-30,"3","2","2"
"2-20-202510-dev-seq-A","2","OA","20","202510-dev-tif/lm/20C/A/2/OA/1030-OA-2.csv",2025-10-30,"3","2","2"
"2-20-202510-dev-seq-A","2","OA","20","202510-dev-tif/lm/20C/A/2/OA/1030-OA-2.csv",2025-10-30,"3","2","2"
"2-20-202510-dev-seq-A","2","OA","20","202510-dev-tif/lm/20C/A/2/OA/1030-OA-2.csv",2025-10-30,"3","2","2"
"2-20-202510-dev-seq-A","2","OA","20","202510-dev-tif/lm/20C/A/2/OA/1101-OA-2.csv",2025-11-01,"4","3","2"
"2-20-202510-dev-seq-A","2","OA","20","202510-dev-tif/lm/20C/A/2/OA/1101-OA-2.csv",2025-11-01,"4","3","2"
"2-20-202510-dev-seq-A","2","OA","20","202510-dev-tif/lm/20C/A/2/OA/1101-OA-2.csv",2025-11-01,"4","3","2"
"2-20-202510-dev-seq-A","2","OA","20","202510-dev-tif/lm/20C/A/2/OA/1101-OA-2.csv",2025-11-01,"4","3","2"
"2-20-202510-dev-seq-A","2","OA","20","202510-dev-tif/lm/20C/A/2/OA/1103-OA.csv",2025-11-03,"6","3","3"
"2-20-202510-dev-seq-A","2","OA","20","202510-dev-tif/lm/20C/A/2/OA/1103-OA.csv",2025-11-03,"6","3","3"
"2-20-202510-dev-seq-A","2","OA","20","202510-dev-tif/lm/20C/A/2/OA/1103-OA.csv",2025-11-03,"6","3","3"
"2-20-202510-dev-seq-A","2","OA","20","202510-dev-tif/lm/20C/A/2/OA/1103-OA.csv",2025-11-03,"6","3","3"
"2-20-202510-dev-seq-A","2","OA","20","202510-dev-tif/lm/20C/A/2/OA/1105-OA-2.csv",2025-11-05,"5","4","3"
"2-20-202510-dev-seq-A","2","OA","20","202510-dev-tif/lm/20C/A/2/OA/1105-OA-2.csv",2025-11-05,"5","4","3"
"2-20-202510-dev-seq-A","2","OA","20","202510-dev-tif/lm/20C/A/2/OA/1105-OA-2.csv",2025-11-05,"5","4","3"
"2-20-202510-dev-seq-A","2","OA","20","202510-dev-tif/lm/20C/A/2/OA/1105-OA-2.csv",2025-11-05,"5","4","3"
"2-20-202510-dev-seq-A","2","OA","20","202510-dev-tif/lm/20C/A/2/OA/1107-OA-2.csv",2025-11-07,"5","4","3"
"2-20-202510-dev-seq-A","2","OA","20","202510-dev-tif/lm/20C/A/2/OA/1107-OA-2.csv",2025-11-07,"5","4","3"
"2-20-202510-dev-seq-A","2","OA","20","202510-dev-tif/lm/20C/A/2/OA/1107-OA-2.csv",2025-11-07,"5","4","3"
"2-20-202510-dev-seq-A","2","OA","20","202510-dev-tif/lm/20C/A/2/OA/1107-OA-2.csv",2025-11-07,"5","4","3"
"2-20-202510-dev-seq-A","2","OA","20","202510-dev-tif/lm/20C/A/2/OA/1110-OA.csv",2025-11-10,"5","4","3"
"2-20-202510-dev-seq-A","2","OA","20","202510-dev-tif/lm/20C/A/2/OA/1110-OA.csv",2025-11-10,"5","4","3"
"2-20-202510-dev-seq-A","2","OA","20","202510-dev-tif/lm/20C/A/2/OA/1110-OA.csv",2025-11-10,"5","4","3"
"2-20-202510-dev-seq-A","2","OA","20","202510-dev-tif/lm/20C/A/2/OA/1110-OA.csv",2025-11-10,"5","4","3"
"2-20-202510-dev-seq-A","2","OA","20","202510-dev-tif/lm/20C/A/2/OA/1111-OA.csv",2025-11-11,"5","4","3"
"2-20-202510-dev-seq-A","2","OA","20","202510-dev-tif/lm/20C/A/2/OA/1111-OA.csv",2025-11-11,"5","4","3"
"2-20-202510-dev-seq-A","2","OA","20","202510-dev-tif/lm/20C/A/2/OA/1111-OA.csv",2025-11-11,"5","4","3"
"2-20-202510-dev-seq-A","2","OA","20","202510-dev-tif/lm/20C/A/2/OA/1111-OA.csv",2025-11-11,"5","4","3"
"2-20-202510-dev-seq-A","2","OA","20","202510-dev-tif/lm/20C/A/2/OA/1113-OA-3.csv",2025-11-13,"8","4","3"
"2-20-202510-dev-seq-A","2","OA","20","202510-dev-tif/lm/20C/A/2/OA/1113-OA-3.csv",2025-11-13,"8","4","3"
"2-20-202510-dev-seq-A","2","OA","20","202510-dev-tif/lm/20C/A/2/OA/1113-OA-3.csv",2025-11-13,"8","4","3"
"2-20-202510-dev-seq-A","2","OA","20","202510-dev-tif/lm/20C/A/2/OA/1113-OA-3.csv",2025-11-13,"8","4","3"
"2-20-202510-dev-seq-A","2","OA","20","202510-dev-tif/lm/20C/A/2/OA/1115-OA-3.csv",2025-11-15,"9","6","4"
"2-20-202510-dev-seq-A","2","OA","20","202510-dev-tif/lm/20C/A/2/OA/1115-OA-3.csv",2025-11-15,"9","6","4"
"2-20-202510-dev-seq-A","2","OA","20","202510-dev-tif/lm/20C/A/2/OA/1115-OA-3.csv",2025-11-15,"9","6","4"
"2-20-202510-dev-seq-A","2","OA","20","202510-dev-tif/lm/20C/A/2/OA/1115-OA-3.csv",2025-11-15,"9","6","4"
"2-20-202510-dev-seq-A","2","OA","20","202510-dev-tif/lm/20C/A/2/OA/1117-OA-2.csv",2025-11-17,"9","6","4"
"2-20-202510-dev-seq-A","2","OA","20","202510-dev-tif/lm/20C/A/2/OA/1117-OA-2.csv",2025-11-17,"9","6","4"
"2-20-202510-dev-seq-A","2","OA","20","202510-dev-tif/lm/20C/A/2/OA/1117-OA-2.csv",2025-11-17,"9","6","4"
"2-20-202510-dev-seq-A","2","OA","20","202510-dev-tif/lm/20C/A/2/OA/1117-OA-2.csv",2025-11-17,"9","6","4"
"2-20-202510-dev-seq-A","2","OA","20","202510-dev-tif/lm/20C/A/2/OA/1119-OA-5.csv",2025-11-19,"9","6","4"
"2-20-202510-dev-seq-A","2","OA","20","202510-dev-tif/lm/20C/A/2/OA/1119-OA-5.csv",2025-11-19,"9","6","4"
"2-20-202510-dev-seq-A","2","OA","20","202510-dev-tif/lm/20C/A/2/OA/1119-OA-5.csv",2025-11-19,"9","6","4"
"2-20-202510-dev-seq-A","2","OA","20","202510-dev-tif/lm/20C/A/2/OA/1119-OA-5.csv",2025-11-19,"9","6","4"
"2-20-202510-dev-seq-A","2","OA","20","202510-dev-tif/lm/20C/A/2/OA/1123-OA-2.csv",2025-11-23,"9","6","4"
"2-20-202510-dev-seq-A","2","OA","20","202510-dev-tif/lm/20C/A/2/OA/1123-OA-2.csv",2025-11-23,"9","6","4"
"2-20-202510-dev-seq-A","2","OA","20","202510-dev-tif/lm/20C/A/2/OA/1123-OA-2.csv",2025-11-23,"9","6","4"
"2-20-202510-dev-seq-A","2","OA","20","202510-dev-tif/lm/20C/A/2/OA/1123-OA-2.csv",2025-11-23,"9","6","4"
"2-20-202510-dev-seq-A","2","PA","20","202510-dev-tif/lm/20C/A/2/PA/1022-PA.csv",2025-10-22,"1","1","1"
"2-20-202510-dev-seq-A","2","PA","20","202510-dev-tif/lm/20C/A/2/PA/1022-PA.csv",2025-10-22,"1","1","1"
"2-20-202510-dev-seq-A","2","PA","20","202510-dev-tif/lm/20C/A/2/PA/1022-PA.csv",2025-10-22,"1","1","1"
"2-20-202510-dev-seq-A","2","PA","20","202510-dev-tif/lm/20C/A/2/PA/1022-PA.csv",2025-10-22,"1","1","1"
"2-20-202510-dev-seq-A","2","PA","20","202510-dev-tif/lm/20C/A/2/PA/1022-PA.csv",2025-10-22,"1","1","1"
"2-20-202510-dev-seq-A","2","PA","20","202510-dev-tif/lm/20C/A/2/PA/1024-PA.csv",2025-10-24,"1","1","1"
"2-20-202510-dev-seq-A","2","PA","20","202510-dev-tif/lm/20C/A/2/PA/1024-PA.csv",2025-10-24,"1","1","1"
"2-20-202510-dev-seq-A","2","PA","20","202510-dev-tif/lm/20C/A/2/PA/1024-PA.csv",2025-10-24,"1","1","1"
"2-20-202510-dev-seq-A","2","PA","20","202510-dev-tif/lm/20C/A/2/PA/1024-PA.csv",2025-10-24,"1","1","1"
"2-20-202510-dev-seq-A","2","PA","20","202510-dev-tif/lm/20C/A/2/PA/1024-PA.csv",2025-10-24,"1","1","1"
"2-20-202510-dev-seq-A","2","PA","20","202510-dev-tif/lm/20C/A/2/PA/1026-PA-2.csv",2025-10-26,"2","1","1"
"2-20-202510-dev-seq-A","2","PA","20","202510-dev-tif/lm/20C/A/2/PA/1026-PA-2.csv",2025-10-26,"2","1","1"
"2-20-202510-dev-seq-A","2","PA","20","202510-dev-tif/lm/20C/A/2/PA/1026-PA-2.csv",2025-10-26,"2","1","1"
"2-20-202510-dev-seq-A","2","PA","20","202510-dev-tif/lm/20C/A/2/PA/1026-PA-2.csv",2025-10-26,"2","1","1"
"2-20-202510-dev-seq-A","2","PA","20","202510-dev-tif/lm/20C/A/2/PA/1026-PA-2.csv",2025-10-26,"2","1","1"
"2-20-202510-dev-seq-A","2","PA","20","202510-dev-tif/lm/20C/A/2/PA/1028-PA.csv",2025-10-28,"3","2","2"
"2-20-202510-dev-seq-A","2","PA","20","202510-dev-tif/lm/20C/A/2/PA/1028-PA.csv",2025-10-28,"3","2","2"
"2-20-202510-dev-seq-A","2","PA","20","202510-dev-tif/lm/20C/A/2/PA/1028-PA.csv",2025-10-28,"3","2","2"
"2-20-202510-dev-seq-A","2","PA","20","202510-dev-tif/lm/20C/A/2/PA/1028-PA.csv",2025-10-28,"3","2","2"
"2-20-202510-dev-seq-A","2","PA","20","202510-dev-tif/lm/20C/A/2/PA/1028-PA.csv",2025-10-28,"3","2","2"
"2-20-202510-dev-seq-A","2","PA","20","202510-dev-tif/lm/20C/A/2/PA/1030-PA-3.csv",2025-10-30,"3","2","2"
"2-20-202510-dev-seq-A","2","PA","20","202510-dev-tif/lm/20C/A/2/PA/1030-PA-3.csv",2025-10-30,"3","2","2"
"2-20-202510-dev-seq-A","2","PA","20","202510-dev-tif/lm/20C/A/2/PA/1030-PA-3.csv",2025-10-30,"3","2","2"
"2-20-202510-dev-seq-A","2","PA","20","202510-dev-tif/lm/20C/A/2/PA/1030-PA-3.csv",2025-10-30,"3","2","2"
"2-20-202510-dev-seq-A","2","PA","20","202510-dev-tif/lm/20C/A/2/PA/1030-PA-3.csv",2025-10-30,"3","2","2"
"2-20-202510-dev-seq-A","2","PA","20","202510-dev-tif/lm/20C/A/2/PA/1101-PA-2.csv",2025-11-01,"4","3","2"
"2-20-202510-dev-seq-A","2","PA","20","202510-dev-tif/lm/20C/A/2/PA/1101-PA-2.csv",2025-11-01,"4","3","2"
"2-20-202510-dev-seq-A","2","PA","20","202510-dev-tif/lm/20C/A/2/PA/1101-PA-2.csv",2025-11-01,"4","3","2"
"2-20-202510-dev-seq-A","2","PA","20","202510-dev-tif/lm/20C/A/2/PA/1101-PA-2.csv",2025-11-01,"4","3","2"
"2-20-202510-dev-seq-A","2","PA","20","202510-dev-tif/lm/20C/A/2/PA/1101-PA-2.csv",2025-11-01,"4","3","2"
"2-20-202510-dev-seq-A","2","PA","20","202510-dev-tif/lm/20C/A/2/PA/1103-PA.csv",2025-11-03,"6","3","3"
"2-20-202510-dev-seq-A","2","PA","20","202510-dev-tif/lm/20C/A/2/PA/1103-PA.csv",2025-11-03,"6","3","3"
"2-20-202510-dev-seq-A","2","PA","20","202510-dev-tif/lm/20C/A/2/PA/1103-PA.csv",2025-11-03,"6","3","3"
"2-20-202510-dev-seq-A","2","PA","20","202510-dev-tif/lm/20C/A/2/PA/1103-PA.csv",2025-11-03,"6","3","3"
"2-20-202510-dev-seq-A","2","PA","20","202510-dev-tif/lm/20C/A/2/PA/1103-PA.csv",2025-11-03,"6","3","3"
"2-20-202510-dev-seq-A","2","PA","20","202510-dev-tif/lm/20C/A/2/PA/1105-PA-2.csv",2025-11-05,"5","4","3"
"2-20-202510-dev-seq-A","2","PA","20","202510-dev-tif/lm/20C/A/2/PA/1105-PA-2.csv",2025-11-05,"5","4","3"
"2-20-202510-dev-seq-A","2","PA","20","202510-dev-tif/lm/20C/A/2/PA/1105-PA-2.csv",2025-11-05,"5","4","3"
"2-20-202510-dev-seq-A","2","PA","20","202510-dev-tif/lm/20C/A/2/PA/1105-PA-2.csv",2025-11-05,"5","4","3"
"2-20-202510-dev-seq-A","2","PA","20","202510-dev-tif/lm/20C/A/2/PA/1105-PA-2.csv",2025-11-05,"5","4","3"
"2-20-202510-dev-seq-A","2","PA","20","202510-dev-tif/lm/20C/A/2/PA/1107-PA.csv",2025-11-07,"5","4","3"
"2-20-202510-dev-seq-A","2","PA","20","202510-dev-tif/lm/20C/A/2/PA/1107-PA.csv",2025-11-07,"5","4","3"
"2-20-202510-dev-seq-A","2","PA","20","202510-dev-tif/lm/20C/A/2/PA/1107-PA.csv",2025-11-07,"5","4","3"
"2-20-202510-dev-seq-A","2","PA","20","202510-dev-tif/lm/20C/A/2/PA/1107-PA.csv",2025-11-07,"5","4","3"
"2-20-202510-dev-seq-A","2","PA","20","202510-dev-tif/lm/20C/A/2/PA/1107-PA.csv",2025-11-07,"5","4","3"
"2-20-202510-dev-seq-A","2","PA","20","202510-dev-tif/lm/20C/A/2/PA/1110-PA-2.csv",2025-11-10,"5","4","3"
"2-20-202510-dev-seq-A","2","PA","20","202510-dev-tif/lm/20C/A/2/PA/1110-PA-2.csv",2025-11-10,"5","4","3"
"2-20-202510-dev-seq-A","2","PA","20","202510-dev-tif/lm/20C/A/2/PA/1110-PA-2.csv",2025-11-10,"5","4","3"
"2-20-202510-dev-seq-A","2","PA","20","202510-dev-tif/lm/20C/A/2/PA/1110-PA-2.csv",2025-11-10,"5","4","3"
"2-20-202510-dev-seq-A","2","PA","20","202510-dev-tif/lm/20C/A/2/PA/1110-PA-2.csv",2025-11-10,"5","4","3"
"2-20-202510-dev-seq-A","2","PA","20","202510-dev-tif/lm/20C/A/2/PA/1111-PA-3.csv",2025-11-11,"5","4","3"
"2-20-202510-dev-seq-A","2","PA","20","202510-dev-tif/lm/20C/A/2/PA/1111-PA-3.csv",2025-11-11,"5","4","3"
"2-20-202510-dev-seq-A","2","PA","20","202510-dev-tif/lm/20C/A/2/PA/1111-PA-3.csv",2025-11-11,"5","4","3"
"2-20-202510-dev-seq-A","2","PA","20","202510-dev-tif/lm/20C/A/2/PA/1111-PA-3.csv",2025-11-11,"5","4","3"
"2-20-202510-dev-seq-A","2","PA","20","202510-dev-tif/lm/20C/A/2/PA/1111-PA-3.csv",2025-11-11,"5","4","3"
"2-20-202510-dev-seq-A","2","PA","20","202510-dev-tif/lm/20C/A/2/PA/1113-PA.csv",2025-11-13,"8","4","3"
"2-20-202510-dev-seq-A","2","PA","20","202510-dev-tif/lm/20C/A/2/PA/1113-PA.csv",2025-11-13,"8","4","3"
"2-20-202510-dev-seq-A","2","PA","20","202510-dev-tif/lm/20C/A/2/PA/1113-PA.csv",2025-11-13,"8","4","3"
"2-20-202510-dev-seq-A","2","PA","20","202510-dev-tif/lm/20C/A/2/PA/1113-PA.csv",2025-11-13,"8","4","3"
"2-20-202510-dev-seq-A","2","PA","20","202510-dev-tif/lm/20C/A/2/PA/1113-PA.csv",2025-11-13,"8","4","3"
"2-20-202510-dev-seq-A","2","PA","20","202510-dev-tif/lm/20C/A/2/PA/1115-PA-3.csv",2025-11-15,"9","6","4"
"2-20-202510-dev-seq-A","2","PA","20","202510-dev-tif/lm/20C/A/2/PA/1115-PA-3.csv",2025-11-15,"9","6","4"
"2-20-202510-dev-seq-A","2","PA","20","202510-dev-tif/lm/20C/A/2/PA/1115-PA-3.csv",2025-11-15,"9","6","4"
"2-20-202510-dev-seq-A","2","PA","20","202510-dev-tif/lm/20C/A/2/PA/1115-PA-3.csv",2025-11-15,"9","6","4"
"2-20-202510-dev-seq-A","2","PA","20","202510-dev-tif/lm/20C/A/2/PA/1115-PA-3.csv",2025-11-15,"9","6","4"
"2-20-202510-dev-seq-A","2","PA","20","202510-dev-tif/lm/20C/A/2/PA/1117--PA-3.csv",2025-11-17,"9","6","4"
"2-20-202510-dev-seq-A","2","PA","20","202510-dev-tif/lm/20C/A/2/PA/1117--PA-3.csv",2025-11-17,"9","6","4"
"2-20-202510-dev-seq-A","2","PA","20","202510-dev-tif/lm/20C/A/2/PA/1117--PA-3.csv",2025-11-17,"9","6","4"
"2-20-202510-dev-seq-A","2","PA","20","202510-dev-tif/lm/20C/A/2/PA/1117--PA-3.csv",2025-11-17,"9","6","4"
"2-20-202510-dev-seq-A","2","PA","20","202510-dev-tif/lm/20C/A/2/PA/1117--PA-3.csv",2025-11-17,"9","6","4"
"2-20-202510-dev-seq-A","2","PA","20","202510-dev-tif/lm/20C/A/2/PA/1119-PA-4.csv",2025-11-19,"9","6","4"
"2-20-202510-dev-seq-A","2","PA","20","202510-dev-tif/lm/20C/A/2/PA/1119-PA-4.csv",2025-11-19,"9","6","4"
"2-20-202510-dev-seq-A","2","PA","20","202510-dev-tif/lm/20C/A/2/PA/1119-PA-4.csv",2025-11-19,"9","6","4"
"2-20-202510-dev-seq-A","2","PA","20","202510-dev-tif/lm/20C/A/2/PA/1119-PA-4.csv",2025-11-19,"9","6","4"
"2-20-202510-dev-seq-A","2","PA","20","202510-dev-tif/lm/20C/A/2/PA/1119-PA-4.csv",2025-11-19,"9","6","4"
"2-20-202510-dev-seq-A","2","PA","20","202510-dev-tif/lm/20C/A/2/PA/1123-PA-3.csv",2025-11-23,"9","6","4"
"2-20-202510-dev-seq-A","2","PA","20","202510-dev-tif/lm/20C/A/2/PA/1123-PA-3.csv",2025-11-23,"9","6","4"
"2-20-202510-dev-seq-A","2","PA","20","202510-dev-tif/lm/20C/A/2/PA/1123-PA-3.csv",2025-11-23,"9","6","4"
"2-20-202510-dev-seq-A","2","PA","20","202510-dev-tif/lm/20C/A/2/PA/1123-PA-3.csv",2025-11-23,"9","6","4"
"2-20-202510-dev-seq-A","2","PA","20","202510-dev-tif/lm/20C/A/2/PA/1123-PA-3.csv",2025-11-23,"9","6","4"
"2-20-202510-dev-seq-A","2","TA","20","202510-dev-tif/lm/20C/A/2/TA/1022-TA.csv",2025-10-22,"1","1","1"
"2-20-202510-dev-seq-A","2","TA","20","202510-dev-tif/lm/20C/A/2/TA/1022-TA.csv",2025-10-22,"1","1","1"
"2-20-202510-dev-seq-A","2","TA","20","202510-dev-tif/lm/20C/A/2/TA/1022-TA.csv",2025-10-22,"1","1","1"
"2-20-202510-dev-seq-A","2","TA","20","202510-dev-tif/lm/20C/A/2/TA/1022-TA.csv",2025-10-22,"1","1","1"
"2-20-202510-dev-seq-A","2","TA","20","202510-dev-tif/lm/20C/A/2/TA/1022-TA.csv",2025-10-22,"1","1","1"
"2-20-202510-dev-seq-A","2","TA","20","202510-dev-tif/lm/20C/A/2/TA/1022-TA.csv",2025-10-22,"1","1","1"
"2-20-202510-dev-seq-A","2","TA","20","202510-dev-tif/lm/20C/A/2/TA/1022-TA.csv",2025-10-22,"1","1","1"
"2-20-202510-dev-seq-A","2","TA","20","202510-dev-tif/lm/20C/A/2/TA/1022-TA.csv",2025-10-22,"1","1","1"
"2-20-202510-dev-seq-A","2","TA","20","202510-dev-tif/lm/20C/A/2/TA/1024-TA.csv",2025-10-24,"1","1","1"
"2-20-202510-dev-seq-A","2","TA","20","202510-dev-tif/lm/20C/A/2/TA/1024-TA.csv",2025-10-24,"1","1","1"
"2-20-202510-dev-seq-A","2","TA","20","202510-dev-tif/lm/20C/A/2/TA/1024-TA.csv",2025-10-24,"1","1","1"
"2-20-202510-dev-seq-A","2","TA","20","202510-dev-tif/lm/20C/A/2/TA/1024-TA.csv",2025-10-24,"1","1","1"
"2-20-202510-dev-seq-A","2","TA","20","202510-dev-tif/lm/20C/A/2/TA/1024-TA.csv",2025-10-24,"1","1","1"
"2-20-202510-dev-seq-A","2","TA","20","202510-dev-tif/lm/20C/A/2/TA/1024-TA.csv",2025-10-24,"1","1","1"
"2-20-202510-dev-seq-A","2","TA","20","202510-dev-tif/lm/20C/A/2/TA/1024-TA.csv",2025-10-24,"1","1","1"
"2-20-202510-dev-seq-A","2","TA","20","202510-dev-tif/lm/20C/A/2/TA/1024-TA.csv",2025-10-24,"1","1","1"
"2-20-202510-dev-seq-A","2","TA","20","202510-dev-tif/lm/20C/A/2/TA/1026-TA-3.csv",2025-10-26,"2","1","1"
"2-20-202510-dev-seq-A","2","TA","20","202510-dev-tif/lm/20C/A/2/TA/1026-TA-3.csv",2025-10-26,"2","1","1"
"2-20-202510-dev-seq-A","2","TA","20","202510-dev-tif/lm/20C/A/2/TA/1026-TA-3.csv",2025-10-26,"2","1","1"
"2-20-202510-dev-seq-A","2","TA","20","202510-dev-tif/lm/20C/A/2/TA/1026-TA-3.csv",2025-10-26,"2","1","1"
"2-20-202510-dev-seq-A","2","TA","20","202510-dev-tif/lm/20C/A/2/TA/1026-TA-3.csv",2025-10-26,"2","1","1"
"2-20-202510-dev-seq-A","2","TA","20","202510-dev-tif/lm/20C/A/2/TA/1026-TA-3.csv",2025-10-26,"2","1","1"
"2-20-202510-dev-seq-A","2","TA","20","202510-dev-tif/lm/20C/A/2/TA/1026-TA-3.csv",2025-10-26,"2","1","1"
"2-20-202510-dev-seq-A","2","TA","20","202510-dev-tif/lm/20C/A/2/TA/1026-TA-3.csv",2025-10-26,"2","1","1"
"2-20-202510-dev-seq-A","2","TA","20","202510-dev-tif/lm/20C/A/2/TA/1028-TA.csv",2025-10-28,"3","2","2"
"2-20-202510-dev-seq-A","2","TA","20","202510-dev-tif/lm/20C/A/2/TA/1028-TA.csv",2025-10-28,"3","2","2"
"2-20-202510-dev-seq-A","2","TA","20","202510-dev-tif/lm/20C/A/2/TA/1028-TA.csv",2025-10-28,"3","2","2"
"2-20-202510-dev-seq-A","2","TA","20","202510-dev-tif/lm/20C/A/2/TA/1028-TA.csv",2025-10-28,"3","2","2"
"2-20-202510-dev-seq-A","2","TA","20","202510-dev-tif/lm/20C/A/2/TA/1028-TA.csv",2025-10-28,"3","2","2"
"2-20-202510-dev-seq-A","2","TA","20","202510-dev-tif/lm/20C/A/2/TA/1028-TA.csv",2025-10-28,"3","2","2"
"2-20-202510-dev-seq-A","2","TA","20","202510-dev-tif/lm/20C/A/2/TA/1028-TA.csv",2025-10-28,"3","2","2"
"2-20-202510-dev-seq-A","2","TA","20","202510-dev-tif/lm/20C/A/2/TA/1028-TA.csv",2025-10-28,"3","2","2"
"2-20-202510-dev-seq-A","2","TA","20","202510-dev-tif/lm/20C/A/2/TA/1030-TA-2.csv",2025-10-30,"3","2","2"
"2-20-202510-dev-seq-A","2","TA","20","202510-dev-tif/lm/20C/A/2/TA/1030-TA-2.csv",2025-10-30,"3","2","2"
"2-20-202510-dev-seq-A","2","TA","20","202510-dev-tif/lm/20C/A/2/TA/1030-TA-2.csv",2025-10-30,"3","2","2"
"2-20-202510-dev-seq-A","2","TA","20","202510-dev-tif/lm/20C/A/2/TA/1030-TA-2.csv",2025-10-30,"3","2","2"
"2-20-202510-dev-seq-A","2","TA","20","202510-dev-tif/lm/20C/A/2/TA/1030-TA-2.csv",2025-10-30,"3","2","2"
"2-20-202510-dev-seq-A","2","TA","20","202510-dev-tif/lm/20C/A/2/TA/1030-TA-2.csv",2025-10-30,"3","2","2"
"2-20-202510-dev-seq-A","2","TA","20","202510-dev-tif/lm/20C/A/2/TA/1030-TA-2.csv",2025-10-30,"3","2","2"
"2-20-202510-dev-seq-A","2","TA","20","202510-dev-tif/lm/20C/A/2/TA/1030-TA-2.csv",2025-10-30,"3","2","2"
"2-20-202510-dev-seq-A","2","TA","20","202510-dev-tif/lm/20C/A/2/TA/1101-TA-5.csv",2025-11-01,"4","3","2"
"2-20-202510-dev-seq-A","2","TA","20","202510-dev-tif/lm/20C/A/2/TA/1101-TA-5.csv",2025-11-01,"4","3","2"
"2-20-202510-dev-seq-A","2","TA","20","202510-dev-tif/lm/20C/A/2/TA/1101-TA-5.csv",2025-11-01,"4","3","2"
"2-20-202510-dev-seq-A","2","TA","20","202510-dev-tif/lm/20C/A/2/TA/1101-TA-5.csv",2025-11-01,"4","3","2"
"2-20-202510-dev-seq-A","2","TA","20","202510-dev-tif/lm/20C/A/2/TA/1101-TA-5.csv",2025-11-01,"4","3","2"
"2-20-202510-dev-seq-A","2","TA","20","202510-dev-tif/lm/20C/A/2/TA/1101-TA-5.csv",2025-11-01,"4","3","2"
"2-20-202510-dev-seq-A","2","TA","20","202510-dev-tif/lm/20C/A/2/TA/1101-TA-5.csv",2025-11-01,"4","3","2"
"2-20-202510-dev-seq-A","2","TA","20","202510-dev-tif/lm/20C/A/2/TA/1101-TA-5.csv",2025-11-01,"4","3","2"
"2-20-202510-dev-seq-A","2","TA","20","202510-dev-tif/lm/20C/A/2/TA/1103-TA-2.csv",2025-11-03,"6","3","3"
"2-20-202510-dev-seq-A","2","TA","20","202510-dev-tif/lm/20C/A/2/TA/1103-TA-2.csv",2025-11-03,"6","3","3"
"2-20-202510-dev-seq-A","2","TA","20","202510-dev-tif/lm/20C/A/2/TA/1103-TA-2.csv",2025-11-03,"6","3","3"
"2-20-202510-dev-seq-A","2","TA","20","202510-dev-tif/lm/20C/A/2/TA/1103-TA-2.csv",2025-11-03,"6","3","3"
"2-20-202510-dev-seq-A","2","TA","20","202510-dev-tif/lm/20C/A/2/TA/1103-TA-2.csv",2025-11-03,"6","3","3"
"2-20-202510-dev-seq-A","2","TA","20","202510-dev-tif/lm/20C/A/2/TA/1103-TA-2.csv",2025-11-03,"6","3","3"
"2-20-202510-dev-seq-A","2","TA","20","202510-dev-tif/lm/20C/A/2/TA/1103-TA-2.csv",2025-11-03,"6","3","3"
"2-20-202510-dev-seq-A","2","TA","20","202510-dev-tif/lm/20C/A/2/TA/1103-TA-2.csv",2025-11-03,"6","3","3"
"2-20-202510-dev-seq-A","2","TA","20","202510-dev-tif/lm/20C/A/2/TA/1105-TA-3.csv",2025-11-05,"5","4","3"
"2-20-202510-dev-seq-A","2","TA","20","202510-dev-tif/lm/20C/A/2/TA/1105-TA-3.csv",2025-11-05,"5","4","3"
"2-20-202510-dev-seq-A","2","TA","20","202510-dev-tif/lm/20C/A/2/TA/1105-TA-3.csv",2025-11-05,"5","4","3"
"2-20-202510-dev-seq-A","2","TA","20","202510-dev-tif/lm/20C/A/2/TA/1105-TA-3.csv",2025-11-05,"5","4","3"
"2-20-202510-dev-seq-A","2","TA","20","202510-dev-tif/lm/20C/A/2/TA/1105-TA-3.csv",2025-11-05,"5","4","3"
"2-20-202510-dev-seq-A","2","TA","20","202510-dev-tif/lm/20C/A/2/TA/1105-TA-3.csv",2025-11-05,"5","4","3"
"2-20-202510-dev-seq-A","2","TA","20","202510-dev-tif/lm/20C/A/2/TA/1105-TA-3.csv",2025-11-05,"5","4","3"
"2-20-202510-dev-seq-A","2","TA","20","202510-dev-tif/lm/20C/A/2/TA/1105-TA-3.csv",2025-11-05,"5","4","3"
"2-20-202510-dev-seq-A","2","TA","20","202510-dev-tif/lm/20C/A/2/TA/1107-TA-4.csv",2025-11-07,"5","4","3"
"2-20-202510-dev-seq-A","2","TA","20","202510-dev-tif/lm/20C/A/2/TA/1107-TA-4.csv",2025-11-07,"5","4","3"
"2-20-202510-dev-seq-A","2","TA","20","202510-dev-tif/lm/20C/A/2/TA/1107-TA-4.csv",2025-11-07,"5","4","3"
"2-20-202510-dev-seq-A","2","TA","20","202510-dev-tif/lm/20C/A/2/TA/1107-TA-4.csv",2025-11-07,"5","4","3"
"2-20-202510-dev-seq-A","2","TA","20","202510-dev-tif/lm/20C/A/2/TA/1107-TA-4.csv",2025-11-07,"5","4","3"
"2-20-202510-dev-seq-A","2","TA","20","202510-dev-tif/lm/20C/A/2/TA/1107-TA-4.csv",2025-11-07,"5","4","3"
"2-20-202510-dev-seq-A","2","TA","20","202510-dev-tif/lm/20C/A/2/TA/1107-TA-4.csv",2025-11-07,"5","4","3"
"2-20-202510-dev-seq-A","2","TA","20","202510-dev-tif/lm/20C/A/2/TA/1107-TA-4.csv",2025-11-07,"5","4","3"
"2-20-202510-dev-seq-A","2","TA","20","202510-dev-tif/lm/20C/A/2/TA/1110-TA-2.csv",2025-11-10,"5","4","3"
"2-20-202510-dev-seq-A","2","TA","20","202510-dev-tif/lm/20C/A/2/TA/1110-TA-2.csv",2025-11-10,"5","4","3"
"2-20-202510-dev-seq-A","2","TA","20","202510-dev-tif/lm/20C/A/2/TA/1110-TA-2.csv",2025-11-10,"5","4","3"
"2-20-202510-dev-seq-A","2","TA","20","202510-dev-tif/lm/20C/A/2/TA/1110-TA-2.csv",2025-11-10,"5","4","3"
"2-20-202510-dev-seq-A","2","TA","20","202510-dev-tif/lm/20C/A/2/TA/1110-TA-2.csv",2025-11-10,"5","4","3"
"2-20-202510-dev-seq-A","2","TA","20","202510-dev-tif/lm/20C/A/2/TA/1110-TA-2.csv",2025-11-10,"5","4","3"
"2-20-202510-dev-seq-A","2","TA","20","202510-dev-tif/lm/20C/A/2/TA/1110-TA-2.csv",2025-11-10,"5","4","3"
"2-20-202510-dev-seq-A","2","TA","20","202510-dev-tif/lm/20C/A/2/TA/1110-TA-2.csv",2025-11-10,"5","4","3"
"2-20-202510-dev-seq-A","2","TA","20","202510-dev-tif/lm/20C/A/2/TA/1111-TA-2.csv",2025-11-11,"5","4","3"
"2-20-202510-dev-seq-A","2","TA","20","202510-dev-tif/lm/20C/A/2/TA/1111-TA-2.csv",2025-11-11,"5","4","3"
"2-20-202510-dev-seq-A","2","TA","20","202510-dev-tif/lm/20C/A/2/TA/1111-TA-2.csv",2025-11-11,"5","4","3"
"2-20-202510-dev-seq-A","2","TA","20","202510-dev-tif/lm/20C/A/2/TA/1111-TA-2.csv",2025-11-11,"5","4","3"
"2-20-202510-dev-seq-A","2","TA","20","202510-dev-tif/lm/20C/A/2/TA/1111-TA-2.csv",2025-11-11,"5","4","3"
"2-20-202510-dev-seq-A","2","TA","20","202510-dev-tif/lm/20C/A/2/TA/1111-TA-2.csv",2025-11-11,"5","4","3"
"2-20-202510-dev-seq-A","2","TA","20","202510-dev-tif/lm/20C/A/2/TA/1111-TA-2.csv",2025-11-11,"5","4","3"
"2-20-202510-dev-seq-A","2","TA","20","202510-dev-tif/lm/20C/A/2/TA/1111-TA-2.csv",2025-11-11,"5","4","3"
"2-20-202510-dev-seq-A","2","TA","20","202510-dev-tif/lm/20C/A/2/TA/1113-TA-3.csv",2025-11-13,"8","4","3"
"2-20-202510-dev-seq-A","2","TA","20","202510-dev-tif/lm/20C/A/2/TA/1113-TA-3.csv",2025-11-13,"8","4","3"
"2-20-202510-dev-seq-A","2","TA","20","202510-dev-tif/lm/20C/A/2/TA/1113-TA-3.csv",2025-11-13,"8","4","3"
"2-20-202510-dev-seq-A","2","TA","20","202510-dev-tif/lm/20C/A/2/TA/1113-TA-3.csv",2025-11-13,"8","4","3"
"2-20-202510-dev-seq-A","2","TA","20","202510-dev-tif/lm/20C/A/2/TA/1113-TA-3.csv",2025-11-13,"8","4","3"
"2-20-202510-dev-seq-A","2","TA","20","202510-dev-tif/lm/20C/A/2/TA/1113-TA-3.csv",2025-11-13,"8","4","3"
"2-20-202510-dev-seq-A","2","TA","20","202510-dev-tif/lm/20C/A/2/TA/1113-TA-3.csv",2025-11-13,"8","4","3"
"2-20-202510-dev-seq-A","2","TA","20","202510-dev-tif/lm/20C/A/2/TA/1113-TA-3.csv",2025-11-13,"8","4","3"
"2-20-202510-dev-seq-A","2","TA","20","202510-dev-tif/lm/20C/A/2/TA/1115-TA-2.csv",2025-11-15,"9","6","4"
"2-20-202510-dev-seq-A","2","TA","20","202510-dev-tif/lm/20C/A/2/TA/1115-TA-2.csv",2025-11-15,"9","6","4"
"2-20-202510-dev-seq-A","2","TA","20","202510-dev-tif/lm/20C/A/2/TA/1115-TA-2.csv",2025-11-15,"9","6","4"
"2-20-202510-dev-seq-A","2","TA","20","202510-dev-tif/lm/20C/A/2/TA/1115-TA-2.csv",2025-11-15,"9","6","4"
"2-20-202510-dev-seq-A","2","TA","20","202510-dev-tif/lm/20C/A/2/TA/1115-TA-2.csv",2025-11-15,"9","6","4"
"2-20-202510-dev-seq-A","2","TA","20","202510-dev-tif/lm/20C/A/2/TA/1115-TA-2.csv",2025-11-15,"9","6","4"
"2-20-202510-dev-seq-A","2","TA","20","202510-dev-tif/lm/20C/A/2/TA/1115-TA-2.csv",2025-11-15,"9","6","4"
"2-20-202510-dev-seq-A","2","TA","20","202510-dev-tif/lm/20C/A/2/TA/1115-TA-2.csv",2025-11-15,"9","6","4"
"2-20-202510-dev-seq-A","2","TA","20","202510-dev-tif/lm/20C/A/2/TA/1117-TA-3.csv",2025-11-17,"9","6","4"
"2-20-202510-dev-seq-A","2","TA","20","202510-dev-tif/lm/20C/A/2/TA/1117-TA-3.csv",2025-11-17,"9","6","4"
"2-20-202510-dev-seq-A","2","TA","20","202510-dev-tif/lm/20C/A/2/TA/1117-TA-3.csv",2025-11-17,"9","6","4"
"2-20-202510-dev-seq-A","2","TA","20","202510-dev-tif/lm/20C/A/2/TA/1117-TA-3.csv",2025-11-17,"9","6","4"
"2-20-202510-dev-seq-A","2","TA","20","202510-dev-tif/lm/20C/A/2/TA/1117-TA-3.csv",2025-11-17,"9","6","4"
"2-20-202510-dev-seq-A","2","TA","20","202510-dev-tif/lm/20C/A/2/TA/1117-TA-3.csv",2025-11-17,"9","6","4"
"2-20-202510-dev-seq-A","2","TA","20","202510-dev-tif/lm/20C/A/2/TA/1117-TA-3.csv",2025-11-17,"9","6","4"
"2-20-202510-dev-seq-A","2","TA","20","202510-dev-tif/lm/20C/A/2/TA/1117-TA-3.csv",2025-11-17,"9","6","4"
"2-20-202510-dev-seq-A","2","TA","20","202510-dev-tif/lm/20C/A/2/TA/1119-TA-3.csv",2025-11-19,"9","6","4"
"2-20-202510-dev-seq-A","2","TA","20","202510-dev-tif/lm/20C/A/2/TA/1119-TA-3.csv",2025-11-19,"9","6","4"
"2-20-202510-dev-seq-A","2","TA","20","202510-dev-tif/lm/20C/A/2/TA/1119-TA-3.csv",2025-11-19,"9","6","4"
"2-20-202510-dev-seq-A","2","TA","20","202510-dev-tif/lm/20C/A/2/TA/1119-TA-3.csv",2025-11-19,"9","6","4"
"2-20-202510-dev-seq-A","2","TA","20","202510-dev-tif/lm/20C/A/2/TA/1119-TA-3.csv",2025-11-19,"9","6","4"
"2-20-202510-dev-seq-A","2","TA","20","202510-dev-tif/lm/20C/A/2/TA/1119-TA-3.csv",2025-11-19,"9","6","4"
"2-20-202510-dev-seq-A","2","TA","20","202510-dev-tif/lm/20C/A/2/TA/1119-TA-3.csv",2025-11-19,"9","6","4"
"2-20-202510-dev-seq-A","2","TA","20","202510-dev-tif/lm/20C/A/2/TA/1119-TA-3.csv",2025-11-19,"9","6","4"
"2-20-202510-dev-seq-A","2","TA","20","202510-dev-tif/lm/20C/A/2/TA/1123-TA-3.csv",2025-11-23,"9","6","4"
"2-20-202510-dev-seq-A","2","TA","20","202510-dev-tif/lm/20C/A/2/TA/1123-TA-3.csv",2025-11-23,"9","6","4"
"2-20-202510-dev-seq-A","2","TA","20","202510-dev-tif/lm/20C/A/2/TA/1123-TA-3.csv",2025-11-23,"9","6","4"
"2-20-202510-dev-seq-A","2","TA","20","202510-dev-tif/lm/20C/A/2/TA/1123-TA-3.csv",2025-11-23,"9","6","4"
"2-20-202510-dev-seq-A","2","TA","20","202510-dev-tif/lm/20C/A/2/TA/1123-TA-3.csv",2025-11-23,"9","6","4"
"2-20-202510-dev-seq-A","2","TA","20","202510-dev-tif/lm/20C/A/2/TA/1123-TA-3.csv",2025-11-23,"9","6","4"
"2-20-202510-dev-seq-A","2","TA","20","202510-dev-tif/lm/20C/A/2/TA/1123-TA-3.csv",2025-11-23,"9","6","4"
"2-20-202510-dev-seq-A","2","TA","20","202510-dev-tif/lm/20C/A/2/TA/1123-TA-3.csv",2025-11-23,"9","6","4"
"24-20-202510-dev-seq-A","24","OA","20","202510-dev-tif/lm/20C/A/24/OA/1025-OA.csv",2025-10-25,"1","1","1"
"24-20-202510-dev-seq-A","24","OA","20","202510-dev-tif/lm/20C/A/24/OA/1025-OA.csv",2025-10-25,"1","1","1"
"24-20-202510-dev-seq-A","24","OA","20","202510-dev-tif/lm/20C/A/24/OA/1025-OA.csv",2025-10-25,"1","1","1"
"24-20-202510-dev-seq-A","24","OA","20","202510-dev-tif/lm/20C/A/24/OA/1025-OA.csv",2025-10-25,"1","1","1"
"24-20-202510-dev-seq-A","24","OA","20","202510-dev-tif/lm/20C/A/24/OA/1027-OA.csv",2025-10-27,"2","1","1"
"24-20-202510-dev-seq-A","24","OA","20","202510-dev-tif/lm/20C/A/24/OA/1027-OA.csv",2025-10-27,"2","1","1"
"24-20-202510-dev-seq-A","24","OA","20","202510-dev-tif/lm/20C/A/24/OA/1027-OA.csv",2025-10-27,"2","1","1"
"24-20-202510-dev-seq-A","24","OA","20","202510-dev-tif/lm/20C/A/24/OA/1027-OA.csv",2025-10-27,"2","1","1"
"24-20-202510-dev-seq-A","24","OA","20","202510-dev-tif/lm/20C/A/24/OA/1029-OA.csv",2025-10-29,"3","2","2"
"24-20-202510-dev-seq-A","24","OA","20","202510-dev-tif/lm/20C/A/24/OA/1029-OA.csv",2025-10-29,"3","2","2"
"24-20-202510-dev-seq-A","24","OA","20","202510-dev-tif/lm/20C/A/24/OA/1029-OA.csv",2025-10-29,"3","2","2"
"24-20-202510-dev-seq-A","24","OA","20","202510-dev-tif/lm/20C/A/24/OA/1029-OA.csv",2025-10-29,"3","2","2"
"24-20-202510-dev-seq-A","24","OA","20","202510-dev-tif/lm/20C/A/24/OA/1030-OA.csv",2025-10-30,"3","3","2"
"24-20-202510-dev-seq-A","24","OA","20","202510-dev-tif/lm/20C/A/24/OA/1030-OA.csv",2025-10-30,"3","3","2"
"24-20-202510-dev-seq-A","24","OA","20","202510-dev-tif/lm/20C/A/24/OA/1030-OA.csv",2025-10-30,"3","3","2"
"24-20-202510-dev-seq-A","24","OA","20","202510-dev-tif/lm/20C/A/24/OA/1030-OA.csv",2025-10-30,"3","3","2"
"24-20-202510-dev-seq-A","24","OA","20","202510-dev-tif/lm/20C/A/24/OA/1031-OA-4.csv",2025-10-31,"4","3","2"
"24-20-202510-dev-seq-A","24","OA","20","202510-dev-tif/lm/20C/A/24/OA/1031-OA-4.csv",2025-10-31,"4","3","2"
"24-20-202510-dev-seq-A","24","OA","20","202510-dev-tif/lm/20C/A/24/OA/1031-OA-4.csv",2025-10-31,"4","3","2"
"24-20-202510-dev-seq-A","24","OA","20","202510-dev-tif/lm/20C/A/24/OA/1031-OA-4.csv",2025-10-31,"4","3","2"
"24-20-202510-dev-seq-A","24","OA","20","202510-dev-tif/lm/20C/A/24/OA/1102-OA-3.csv",2025-11-02,"6","3","3"
"24-20-202510-dev-seq-A","24","OA","20","202510-dev-tif/lm/20C/A/24/OA/1102-OA-3.csv",2025-11-02,"6","3","3"
"24-20-202510-dev-seq-A","24","OA","20","202510-dev-tif/lm/20C/A/24/OA/1102-OA-3.csv",2025-11-02,"6","3","3"
"24-20-202510-dev-seq-A","24","OA","20","202510-dev-tif/lm/20C/A/24/OA/1102-OA-3.csv",2025-11-02,"6","3","3"
"24-20-202510-dev-seq-A","24","OA","20","202510-dev-tif/lm/20C/A/24/OA/1104-OA-2.csv",2025-11-04,"6","4","3"
"24-20-202510-dev-seq-A","24","OA","20","202510-dev-tif/lm/20C/A/24/OA/1104-OA-2.csv",2025-11-04,"6","4","3"
"24-20-202510-dev-seq-A","24","OA","20","202510-dev-tif/lm/20C/A/24/OA/1104-OA-2.csv",2025-11-04,"6","4","3"
"24-20-202510-dev-seq-A","24","OA","20","202510-dev-tif/lm/20C/A/24/OA/1104-OA-2.csv",2025-11-04,"6","4","3"
"24-20-202510-dev-seq-A","24","OA","20","202510-dev-tif/lm/20C/A/24/OA/1106-OA-2.csv",2025-11-06,"8","4","3"
"24-20-202510-dev-seq-A","24","OA","20","202510-dev-tif/lm/20C/A/24/OA/1106-OA-2.csv",2025-11-06,"8","4","3"
"24-20-202510-dev-seq-A","24","OA","20","202510-dev-tif/lm/20C/A/24/OA/1106-OA-2.csv",2025-11-06,"8","4","3"
"24-20-202510-dev-seq-A","24","OA","20","202510-dev-tif/lm/20C/A/24/OA/1106-OA-2.csv",2025-11-06,"8","4","3"
"24-20-202510-dev-seq-A","24","OA","20","202510-dev-tif/lm/20C/A/24/OA/1108-OA.csv",2025-11-08,"9","5","4"
"24-20-202510-dev-seq-A","24","OA","20","202510-dev-tif/lm/20C/A/24/OA/1108-OA.csv",2025-11-08,"9","5","4"
"24-20-202510-dev-seq-A","24","OA","20","202510-dev-tif/lm/20C/A/24/OA/1108-OA.csv",2025-11-08,"9","5","4"
"24-20-202510-dev-seq-A","24","OA","20","202510-dev-tif/lm/20C/A/24/OA/1108-OA.csv",2025-11-08,"9","5","4"
"24-20-202510-dev-seq-A","24","OA","20","202510-dev-tif/lm/20C/A/24/OA/1110-OA-3.csv",2025-11-10,"9","6","4"
"24-20-202510-dev-seq-A","24","OA","20","202510-dev-tif/lm/20C/A/24/OA/1110-OA-3.csv",2025-11-10,"9","6","4"
"24-20-202510-dev-seq-A","24","OA","20","202510-dev-tif/lm/20C/A/24/OA/1110-OA-3.csv",2025-11-10,"9","6","4"
"24-20-202510-dev-seq-A","24","OA","20","202510-dev-tif/lm/20C/A/24/OA/1110-OA-3.csv",2025-11-10,"9","6","4"
"24-20-202510-dev-seq-A","24","OA","20","202510-dev-tif/lm/20C/A/24/OA/1112-OA.csv",2025-11-12,"9","6","4"
"24-20-202510-dev-seq-A","24","OA","20","202510-dev-tif/lm/20C/A/24/OA/1112-OA.csv",2025-11-12,"9","6","4"
"24-20-202510-dev-seq-A","24","OA","20","202510-dev-tif/lm/20C/A/24/OA/1112-OA.csv",2025-11-12,"9","6","4"
"24-20-202510-dev-seq-A","24","OA","20","202510-dev-tif/lm/20C/A/24/OA/1112-OA.csv",2025-11-12,"9","6","4"
"24-20-202510-dev-seq-A","24","OA","20","202510-dev-tif/lm/20C/A/24/OA/1114-OA-4.csv",2025-11-14,"9","6","4"
"24-20-202510-dev-seq-A","24","OA","20","202510-dev-tif/lm/20C/A/24/OA/1114-OA-4.csv",2025-11-14,"9","6","4"
"24-20-202510-dev-seq-A","24","OA","20","202510-dev-tif/lm/20C/A/24/OA/1114-OA-4.csv",2025-11-14,"9","6","4"
"24-20-202510-dev-seq-A","24","OA","20","202510-dev-tif/lm/20C/A/24/OA/1114-OA-4.csv",2025-11-14,"9","6","4"
"24-20-202510-dev-seq-A","24","OA","20","202510-dev-tif/lm/20C/A/24/OA/1116-OA-4.csv",2025-11-16,"9","6","4"
"24-20-202510-dev-seq-A","24","OA","20","202510-dev-tif/lm/20C/A/24/OA/1116-OA-4.csv",2025-11-16,"9","6","4"
"24-20-202510-dev-seq-A","24","OA","20","202510-dev-tif/lm/20C/A/24/OA/1116-OA-4.csv",2025-11-16,"9","6","4"
"24-20-202510-dev-seq-A","24","OA","20","202510-dev-tif/lm/20C/A/24/OA/1116-OA-4.csv",2025-11-16,"9","6","4"
"24-20-202510-dev-seq-A","24","OA","20","202510-dev-tif/lm/20C/A/24/OA/1118-OA-4.csv",2025-11-18,"9","6","4"
"24-20-202510-dev-seq-A","24","OA","20","202510-dev-tif/lm/20C/A/24/OA/1118-OA-4.csv",2025-11-18,"9","6","4"
"24-20-202510-dev-seq-A","24","OA","20","202510-dev-tif/lm/20C/A/24/OA/1118-OA-4.csv",2025-11-18,"9","6","4"
"24-20-202510-dev-seq-A","24","OA","20","202510-dev-tif/lm/20C/A/24/OA/1118-OA-4.csv",2025-11-18,"9","6","4"
"24-20-202510-dev-seq-A","24","OA","20","202510-dev-tif/lm/20C/A/24/OA/1120-OA-3.csv",2025-11-20,"9","5","4"
"24-20-202510-dev-seq-A","24","OA","20","202510-dev-tif/lm/20C/A/24/OA/1120-OA-3.csv",2025-11-20,"9","5","4"
"24-20-202510-dev-seq-A","24","OA","20","202510-dev-tif/lm/20C/A/24/OA/1120-OA-3.csv",2025-11-20,"9","5","4"
"24-20-202510-dev-seq-A","24","OA","20","202510-dev-tif/lm/20C/A/24/OA/1120-OA-3.csv",2025-11-20,"9","5","4"
"24-20-202510-dev-seq-A","24","OA","20","202510-dev-tif/lm/20C/A/24/OA/1121-OA-3.csv",2025-11-21,"9","6","4"
"24-20-202510-dev-seq-A","24","OA","20","202510-dev-tif/lm/20C/A/24/OA/1121-OA-3.csv",2025-11-21,"9","6","4"
"24-20-202510-dev-seq-A","24","OA","20","202510-dev-tif/lm/20C/A/24/OA/1121-OA-3.csv",2025-11-21,"9","6","4"
"24-20-202510-dev-seq-A","24","OA","20","202510-dev-tif/lm/20C/A/24/OA/1121-OA-3.csv",2025-11-21,"9","6","4"
"24-20-202510-dev-seq-A","24","OA","20","202510-dev-tif/lm/20C/A/24/OA/1122-OA-2.csv",2025-11-22,"9","5","4"
"24-20-202510-dev-seq-A","24","OA","20","202510-dev-tif/lm/20C/A/24/OA/1122-OA-2.csv",2025-11-22,"9","5","4"
"24-20-202510-dev-seq-A","24","OA","20","202510-dev-tif/lm/20C/A/24/OA/1122-OA-2.csv",2025-11-22,"9","5","4"
"24-20-202510-dev-seq-A","24","OA","20","202510-dev-tif/lm/20C/A/24/OA/1122-OA-2.csv",2025-11-22,"9","5","4"
"24-20-202510-dev-seq-A","24","OA","20","202510-dev-tif/lm/20C/A/24/OA/1124-OA-2.csv",2025-11-24,"9","5","4"
"24-20-202510-dev-seq-A","24","OA","20","202510-dev-tif/lm/20C/A/24/OA/1124-OA-2.csv",2025-11-24,"9","5","4"
"24-20-202510-dev-seq-A","24","OA","20","202510-dev-tif/lm/20C/A/24/OA/1124-OA-2.csv",2025-11-24,"9","5","4"
"24-20-202510-dev-seq-A","24","OA","20","202510-dev-tif/lm/20C/A/24/OA/1124-OA-2.csv",2025-11-24,"9","5","4"
"24-20-202510-dev-seq-A","24","PA","20","202510-dev-tif/lm/20C/A/24/PA/1025-PA.csv",2025-10-25,"1","1","1"
"24-20-202510-dev-seq-A","24","PA","20","202510-dev-tif/lm/20C/A/24/PA/1025-PA.csv",2025-10-25,"1","1","1"
"24-20-202510-dev-seq-A","24","PA","20","202510-dev-tif/lm/20C/A/24/PA/1025-PA.csv",2025-10-25,"1","1","1"
"24-20-202510-dev-seq-A","24","PA","20","202510-dev-tif/lm/20C/A/24/PA/1025-PA.csv",2025-10-25,"1","1","1"
"24-20-202510-dev-seq-A","24","PA","20","202510-dev-tif/lm/20C/A/24/PA/1025-PA.csv",2025-10-25,"1","1","1"
"24-20-202510-dev-seq-A","24","PA","20","202510-dev-tif/lm/20C/A/24/PA/1027-PA.csv",2025-10-27,"2","1","1"
"24-20-202510-dev-seq-A","24","PA","20","202510-dev-tif/lm/20C/A/24/PA/1027-PA.csv",2025-10-27,"2","1","1"
"24-20-202510-dev-seq-A","24","PA","20","202510-dev-tif/lm/20C/A/24/PA/1027-PA.csv",2025-10-27,"2","1","1"
"24-20-202510-dev-seq-A","24","PA","20","202510-dev-tif/lm/20C/A/24/PA/1027-PA.csv",2025-10-27,"2","1","1"
"24-20-202510-dev-seq-A","24","PA","20","202510-dev-tif/lm/20C/A/24/PA/1027-PA.csv",2025-10-27,"2","1","1"
"24-20-202510-dev-seq-A","24","PA","20","202510-dev-tif/lm/20C/A/24/PA/1029-PA.csv",2025-10-29,"3","2","2"
"24-20-202510-dev-seq-A","24","PA","20","202510-dev-tif/lm/20C/A/24/PA/1029-PA.csv",2025-10-29,"3","2","2"
"24-20-202510-dev-seq-A","24","PA","20","202510-dev-tif/lm/20C/A/24/PA/1029-PA.csv",2025-10-29,"3","2","2"
"24-20-202510-dev-seq-A","24","PA","20","202510-dev-tif/lm/20C/A/24/PA/1029-PA.csv",2025-10-29,"3","2","2"
"24-20-202510-dev-seq-A","24","PA","20","202510-dev-tif/lm/20C/A/24/PA/1029-PA.csv",2025-10-29,"3","2","2"
"24-20-202510-dev-seq-A","24","PA","20","202510-dev-tif/lm/20C/A/24/PA/1030-PA-3.csv",2025-10-30,"3","3","2"
"24-20-202510-dev-seq-A","24","PA","20","202510-dev-tif/lm/20C/A/24/PA/1030-PA-3.csv",2025-10-30,"3","3","2"
"24-20-202510-dev-seq-A","24","PA","20","202510-dev-tif/lm/20C/A/24/PA/1030-PA-3.csv",2025-10-30,"3","3","2"
"24-20-202510-dev-seq-A","24","PA","20","202510-dev-tif/lm/20C/A/24/PA/1030-PA-3.csv",2025-10-30,"3","3","2"
"24-20-202510-dev-seq-A","24","PA","20","202510-dev-tif/lm/20C/A/24/PA/1030-PA-3.csv",2025-10-30,"3","3","2"
"24-20-202510-dev-seq-A","24","PA","20","202510-dev-tif/lm/20C/A/24/PA/1031-PA.csv",2025-10-31,"4","3","2"
"24-20-202510-dev-seq-A","24","PA","20","202510-dev-tif/lm/20C/A/24/PA/1031-PA.csv",2025-10-31,"4","3","2"
"24-20-202510-dev-seq-A","24","PA","20","202510-dev-tif/lm/20C/A/24/PA/1031-PA.csv",2025-10-31,"4","3","2"
"24-20-202510-dev-seq-A","24","PA","20","202510-dev-tif/lm/20C/A/24/PA/1031-PA.csv",2025-10-31,"4","3","2"
"24-20-202510-dev-seq-A","24","PA","20","202510-dev-tif/lm/20C/A/24/PA/1031-PA.csv",2025-10-31,"4","3","2"
"24-20-202510-dev-seq-A","24","PA","20","202510-dev-tif/lm/20C/A/24/PA/1102-PA.csv",2025-11-02,"6","3","3"
"24-20-202510-dev-seq-A","24","PA","20","202510-dev-tif/lm/20C/A/24/PA/1102-PA.csv",2025-11-02,"6","3","3"
"24-20-202510-dev-seq-A","24","PA","20","202510-dev-tif/lm/20C/A/24/PA/1102-PA.csv",2025-11-02,"6","3","3"
"24-20-202510-dev-seq-A","24","PA","20","202510-dev-tif/lm/20C/A/24/PA/1102-PA.csv",2025-11-02,"6","3","3"
"24-20-202510-dev-seq-A","24","PA","20","202510-dev-tif/lm/20C/A/24/PA/1102-PA.csv",2025-11-02,"6","3","3"
"24-20-202510-dev-seq-A","24","PA","20","202510-dev-tif/lm/20C/A/24/PA/1104-PA-2.csv",2025-11-04,"6","4","3"
"24-20-202510-dev-seq-A","24","PA","20","202510-dev-tif/lm/20C/A/24/PA/1104-PA-2.csv",2025-11-04,"6","4","3"
"24-20-202510-dev-seq-A","24","PA","20","202510-dev-tif/lm/20C/A/24/PA/1104-PA-2.csv",2025-11-04,"6","4","3"
"24-20-202510-dev-seq-A","24","PA","20","202510-dev-tif/lm/20C/A/24/PA/1104-PA-2.csv",2025-11-04,"6","4","3"
"24-20-202510-dev-seq-A","24","PA","20","202510-dev-tif/lm/20C/A/24/PA/1104-PA-2.csv",2025-11-04,"6","4","3"
"24-20-202510-dev-seq-A","24","PA","20","202510-dev-tif/lm/20C/A/24/PA/1106-PA-2.csv",2025-11-06,"8","4","3"
"24-20-202510-dev-seq-A","24","PA","20","202510-dev-tif/lm/20C/A/24/PA/1106-PA-2.csv",2025-11-06,"8","4","3"
"24-20-202510-dev-seq-A","24","PA","20","202510-dev-tif/lm/20C/A/24/PA/1106-PA-2.csv",2025-11-06,"8","4","3"
"24-20-202510-dev-seq-A","24","PA","20","202510-dev-tif/lm/20C/A/24/PA/1106-PA-2.csv",2025-11-06,"8","4","3"
"24-20-202510-dev-seq-A","24","PA","20","202510-dev-tif/lm/20C/A/24/PA/1106-PA-2.csv",2025-11-06,"8","4","3"
"24-20-202510-dev-seq-A","24","PA","20","202510-dev-tif/lm/20C/A/24/PA/1108-PA-3.csv",2025-11-08,"9","5","4"
"24-20-202510-dev-seq-A","24","PA","20","202510-dev-tif/lm/20C/A/24/PA/1108-PA-3.csv",2025-11-08,"9","5","4"
"24-20-202510-dev-seq-A","24","PA","20","202510-dev-tif/lm/20C/A/24/PA/1108-PA-3.csv",2025-11-08,"9","5","4"
"24-20-202510-dev-seq-A","24","PA","20","202510-dev-tif/lm/20C/A/24/PA/1108-PA-3.csv",2025-11-08,"9","5","4"
"24-20-202510-dev-seq-A","24","PA","20","202510-dev-tif/lm/20C/A/24/PA/1108-PA-3.csv",2025-11-08,"9","5","4"
"24-20-202510-dev-seq-A","24","PA","20","202510-dev-tif/lm/20C/A/24/PA/1110-PA-2.csv",2025-11-10,"9","6","4"
"24-20-202510-dev-seq-A","24","PA","20","202510-dev-tif/lm/20C/A/24/PA/1110-PA-2.csv",2025-11-10,"9","6","4"
"24-20-202510-dev-seq-A","24","PA","20","202510-dev-tif/lm/20C/A/24/PA/1110-PA-2.csv",2025-11-10,"9","6","4"
"24-20-202510-dev-seq-A","24","PA","20","202510-dev-tif/lm/20C/A/24/PA/1110-PA-2.csv",2025-11-10,"9","6","4"
"24-20-202510-dev-seq-A","24","PA","20","202510-dev-tif/lm/20C/A/24/PA/1110-PA-2.csv",2025-11-10,"9","6","4"
"24-20-202510-dev-seq-A","24","PA","20","202510-dev-tif/lm/20C/A/24/PA/1112-PA-3.csv",2025-11-12,"9","6","4"
"24-20-202510-dev-seq-A","24","PA","20","202510-dev-tif/lm/20C/A/24/PA/1112-PA-3.csv",2025-11-12,"9","6","4"
"24-20-202510-dev-seq-A","24","PA","20","202510-dev-tif/lm/20C/A/24/PA/1112-PA-3.csv",2025-11-12,"9","6","4"
"24-20-202510-dev-seq-A","24","PA","20","202510-dev-tif/lm/20C/A/24/PA/1112-PA-3.csv",2025-11-12,"9","6","4"
"24-20-202510-dev-seq-A","24","PA","20","202510-dev-tif/lm/20C/A/24/PA/1112-PA-3.csv",2025-11-12,"9","6","4"
"24-20-202510-dev-seq-A","24","PA","20","202510-dev-tif/lm/20C/A/24/PA/1114-PA-3.csv",2025-11-14,"9","6","4"
"24-20-202510-dev-seq-A","24","PA","20","202510-dev-tif/lm/20C/A/24/PA/1114-PA-3.csv",2025-11-14,"9","6","4"
"24-20-202510-dev-seq-A","24","PA","20","202510-dev-tif/lm/20C/A/24/PA/1114-PA-3.csv",2025-11-14,"9","6","4"
"24-20-202510-dev-seq-A","24","PA","20","202510-dev-tif/lm/20C/A/24/PA/1114-PA-3.csv",2025-11-14,"9","6","4"
"24-20-202510-dev-seq-A","24","PA","20","202510-dev-tif/lm/20C/A/24/PA/1114-PA-3.csv",2025-11-14,"9","6","4"
"24-20-202510-dev-seq-A","24","PA","20","202510-dev-tif/lm/20C/A/24/PA/1116-PA-3.csv",2025-11-16,"9","6","4"
"24-20-202510-dev-seq-A","24","PA","20","202510-dev-tif/lm/20C/A/24/PA/1116-PA-3.csv",2025-11-16,"9","6","4"
"24-20-202510-dev-seq-A","24","PA","20","202510-dev-tif/lm/20C/A/24/PA/1116-PA-3.csv",2025-11-16,"9","6","4"
"24-20-202510-dev-seq-A","24","PA","20","202510-dev-tif/lm/20C/A/24/PA/1116-PA-3.csv",2025-11-16,"9","6","4"
"24-20-202510-dev-seq-A","24","PA","20","202510-dev-tif/lm/20C/A/24/PA/1116-PA-3.csv",2025-11-16,"9","6","4"
"24-20-202510-dev-seq-A","24","PA","20","202510-dev-tif/lm/20C/A/24/PA/1118-PA-2.csv",2025-11-18,"9","6","4"
"24-20-202510-dev-seq-A","24","PA","20","202510-dev-tif/lm/20C/A/24/PA/1118-PA-2.csv",2025-11-18,"9","6","4"
"24-20-202510-dev-seq-A","24","PA","20","202510-dev-tif/lm/20C/A/24/PA/1118-PA-2.csv",2025-11-18,"9","6","4"
"24-20-202510-dev-seq-A","24","PA","20","202510-dev-tif/lm/20C/A/24/PA/1118-PA-2.csv",2025-11-18,"9","6","4"
"24-20-202510-dev-seq-A","24","PA","20","202510-dev-tif/lm/20C/A/24/PA/1118-PA-2.csv",2025-11-18,"9","6","4"
"24-20-202510-dev-seq-A","24","PA","20","202510-dev-tif/lm/20C/A/24/PA/1120-PA-3.csv",2025-11-20,"9","5","4"
"24-20-202510-dev-seq-A","24","PA","20","202510-dev-tif/lm/20C/A/24/PA/1120-PA-3.csv",2025-11-20,"9","5","4"
"24-20-202510-dev-seq-A","24","PA","20","202510-dev-tif/lm/20C/A/24/PA/1120-PA-3.csv",2025-11-20,"9","5","4"
"24-20-202510-dev-seq-A","24","PA","20","202510-dev-tif/lm/20C/A/24/PA/1120-PA-3.csv",2025-11-20,"9","5","4"
"24-20-202510-dev-seq-A","24","PA","20","202510-dev-tif/lm/20C/A/24/PA/1120-PA-3.csv",2025-11-20,"9","5","4"
"24-20-202510-dev-seq-A","24","PA","20","202510-dev-tif/lm/20C/A/24/PA/1121-PA-2.csv",2025-11-21,"9","6","4"
"24-20-202510-dev-seq-A","24","PA","20","202510-dev-tif/lm/20C/A/24/PA/1121-PA-2.csv",2025-11-21,"9","6","4"
"24-20-202510-dev-seq-A","24","PA","20","202510-dev-tif/lm/20C/A/24/PA/1121-PA-2.csv",2025-11-21,"9","6","4"
"24-20-202510-dev-seq-A","24","PA","20","202510-dev-tif/lm/20C/A/24/PA/1121-PA-2.csv",2025-11-21,"9","6","4"
"24-20-202510-dev-seq-A","24","PA","20","202510-dev-tif/lm/20C/A/24/PA/1121-PA-2.csv",2025-11-21,"9","6","4"
"24-20-202510-dev-seq-A","24","PA","20","202510-dev-tif/lm/20C/A/24/PA/1122-PA-3.csv",2025-11-22,"9","5","4"
"24-20-202510-dev-seq-A","24","PA","20","202510-dev-tif/lm/20C/A/24/PA/1122-PA-3.csv",2025-11-22,"9","5","4"
"24-20-202510-dev-seq-A","24","PA","20","202510-dev-tif/lm/20C/A/24/PA/1122-PA-3.csv",2025-11-22,"9","5","4"
"24-20-202510-dev-seq-A","24","PA","20","202510-dev-tif/lm/20C/A/24/PA/1122-PA-3.csv",2025-11-22,"9","5","4"
"24-20-202510-dev-seq-A","24","PA","20","202510-dev-tif/lm/20C/A/24/PA/1122-PA-3.csv",2025-11-22,"9","5","4"
"24-20-202510-dev-seq-A","24","PA","20","202510-dev-tif/lm/20C/A/24/PA/1124-PA-3.csv",2025-11-24,"9","5","4"
"24-20-202510-dev-seq-A","24","PA","20","202510-dev-tif/lm/20C/A/24/PA/1124-PA-3.csv",2025-11-24,"9","5","4"
"24-20-202510-dev-seq-A","24","PA","20","202510-dev-tif/lm/20C/A/24/PA/1124-PA-3.csv",2025-11-24,"9","5","4"
"24-20-202510-dev-seq-A","24","PA","20","202510-dev-tif/lm/20C/A/24/PA/1124-PA-3.csv",2025-11-24,"9","5","4"
"24-20-202510-dev-seq-A","24","PA","20","202510-dev-tif/lm/20C/A/24/PA/1124-PA-3.csv",2025-11-24,"9","5","4"
"24-20-202510-dev-seq-A","24","TA","20","202510-dev-tif/lm/20C/A/24/TA/1025-TA-2.csv",2025-10-25,"1","1","1"
"24-20-202510-dev-seq-A","24","TA","20","202510-dev-tif/lm/20C/A/24/TA/1025-TA-2.csv",2025-10-25,"1","1","1"
"24-20-202510-dev-seq-A","24","TA","20","202510-dev-tif/lm/20C/A/24/TA/1025-TA-2.csv",2025-10-25,"1","1","1"
"24-20-202510-dev-seq-A","24","TA","20","202510-dev-tif/lm/20C/A/24/TA/1025-TA-2.csv",2025-10-25,"1","1","1"
"24-20-202510-dev-seq-A","24","TA","20","202510-dev-tif/lm/20C/A/24/TA/1025-TA-2.csv",2025-10-25,"1","1","1"
"24-20-202510-dev-seq-A","24","TA","20","202510-dev-tif/lm/20C/A/24/TA/1025-TA-2.csv",2025-10-25,"1","1","1"
"24-20-202510-dev-seq-A","24","TA","20","202510-dev-tif/lm/20C/A/24/TA/1025-TA-2.csv",2025-10-25,"1","1","1"
"24-20-202510-dev-seq-A","24","TA","20","202510-dev-tif/lm/20C/A/24/TA/1025-TA-2.csv",2025-10-25,"1","1","1"
"24-20-202510-dev-seq-A","24","TA","20","202510-dev-tif/lm/20C/A/24/TA/1027-TA.csv",2025-10-27,"2","1","1"
"24-20-202510-dev-seq-A","24","TA","20","202510-dev-tif/lm/20C/A/24/TA/1027-TA.csv",2025-10-27,"2","1","1"
"24-20-202510-dev-seq-A","24","TA","20","202510-dev-tif/lm/20C/A/24/TA/1027-TA.csv",2025-10-27,"2","1","1"
"24-20-202510-dev-seq-A","24","TA","20","202510-dev-tif/lm/20C/A/24/TA/1027-TA.csv",2025-10-27,"2","1","1"
"24-20-202510-dev-seq-A","24","TA","20","202510-dev-tif/lm/20C/A/24/TA/1027-TA.csv",2025-10-27,"2","1","1"
"24-20-202510-dev-seq-A","24","TA","20","202510-dev-tif/lm/20C/A/24/TA/1027-TA.csv",2025-10-27,"2","1","1"
"24-20-202510-dev-seq-A","24","TA","20","202510-dev-tif/lm/20C/A/24/TA/1027-TA.csv",2025-10-27,"2","1","1"
"24-20-202510-dev-seq-A","24","TA","20","202510-dev-tif/lm/20C/A/24/TA/1027-TA.csv",2025-10-27,"2","1","1"
"24-20-202510-dev-seq-A","24","TA","20","202510-dev-tif/lm/20C/A/24/TA/1029-TA-3.csv",2025-10-29,"3","2","2"
"24-20-202510-dev-seq-A","24","TA","20","202510-dev-tif/lm/20C/A/24/TA/1029-TA-3.csv",2025-10-29,"3","2","2"
"24-20-202510-dev-seq-A","24","TA","20","202510-dev-tif/lm/20C/A/24/TA/1029-TA-3.csv",2025-10-29,"3","2","2"
"24-20-202510-dev-seq-A","24","TA","20","202510-dev-tif/lm/20C/A/24/TA/1029-TA-3.csv",2025-10-29,"3","2","2"
"24-20-202510-dev-seq-A","24","TA","20","202510-dev-tif/lm/20C/A/24/TA/1029-TA-3.csv",2025-10-29,"3","2","2"
"24-20-202510-dev-seq-A","24","TA","20","202510-dev-tif/lm/20C/A/24/TA/1029-TA-3.csv",2025-10-29,"3","2","2"
"24-20-202510-dev-seq-A","24","TA","20","202510-dev-tif/lm/20C/A/24/TA/1029-TA-3.csv",2025-10-29,"3","2","2"
"24-20-202510-dev-seq-A","24","TA","20","202510-dev-tif/lm/20C/A/24/TA/1029-TA-3.csv",2025-10-29,"3","2","2"
"24-20-202510-dev-seq-A","24","TA","20","202510-dev-tif/lm/20C/A/24/TA/1030-TA.csv",2025-10-30,"3","3","2"
"24-20-202510-dev-seq-A","24","TA","20","202510-dev-tif/lm/20C/A/24/TA/1030-TA.csv",2025-10-30,"3","3","2"
"24-20-202510-dev-seq-A","24","TA","20","202510-dev-tif/lm/20C/A/24/TA/1030-TA.csv",2025-10-30,"3","3","2"
"24-20-202510-dev-seq-A","24","TA","20","202510-dev-tif/lm/20C/A/24/TA/1030-TA.csv",2025-10-30,"3","3","2"
"24-20-202510-dev-seq-A","24","TA","20","202510-dev-tif/lm/20C/A/24/TA/1030-TA.csv",2025-10-30,"3","3","2"
"24-20-202510-dev-seq-A","24","TA","20","202510-dev-tif/lm/20C/A/24/TA/1030-TA.csv",2025-10-30,"3","3","2"
"24-20-202510-dev-seq-A","24","TA","20","202510-dev-tif/lm/20C/A/24/TA/1030-TA.csv",2025-10-30,"3","3","2"
"24-20-202510-dev-seq-A","24","TA","20","202510-dev-tif/lm/20C/A/24/TA/1030-TA.csv",2025-10-30,"3","3","2"
"24-20-202510-dev-seq-A","24","TA","20","202510-dev-tif/lm/20C/A/24/TA/1031-TA.csv",2025-10-31,"4","3","2"
"24-20-202510-dev-seq-A","24","TA","20","202510-dev-tif/lm/20C/A/24/TA/1031-TA.csv",2025-10-31,"4","3","2"
"24-20-202510-dev-seq-A","24","TA","20","202510-dev-tif/lm/20C/A/24/TA/1031-TA.csv",2025-10-31,"4","3","2"
"24-20-202510-dev-seq-A","24","TA","20","202510-dev-tif/lm/20C/A/24/TA/1031-TA.csv",2025-10-31,"4","3","2"
"24-20-202510-dev-seq-A","24","TA","20","202510-dev-tif/lm/20C/A/24/TA/1031-TA.csv",2025-10-31,"4","3","2"
"24-20-202510-dev-seq-A","24","TA","20","202510-dev-tif/lm/20C/A/24/TA/1031-TA.csv",2025-10-31,"4","3","2"
"24-20-202510-dev-seq-A","24","TA","20","202510-dev-tif/lm/20C/A/24/TA/1031-TA.csv",2025-10-31,"4","3","2"
"24-20-202510-dev-seq-A","24","TA","20","202510-dev-tif/lm/20C/A/24/TA/1031-TA.csv",2025-10-31,"4","3","2"
"24-20-202510-dev-seq-A","24","TA","20","202510-dev-tif/lm/20C/A/24/TA/1102-TA.csv",2025-11-02,"6","3","3"
"24-20-202510-dev-seq-A","24","TA","20","202510-dev-tif/lm/20C/A/24/TA/1102-TA.csv",2025-11-02,"6","3","3"
"24-20-202510-dev-seq-A","24","TA","20","202510-dev-tif/lm/20C/A/24/TA/1102-TA.csv",2025-11-02,"6","3","3"
"24-20-202510-dev-seq-A","24","TA","20","202510-dev-tif/lm/20C/A/24/TA/1102-TA.csv",2025-11-02,"6","3","3"
"24-20-202510-dev-seq-A","24","TA","20","202510-dev-tif/lm/20C/A/24/TA/1102-TA.csv",2025-11-02,"6","3","3"
"24-20-202510-dev-seq-A","24","TA","20","202510-dev-tif/lm/20C/A/24/TA/1102-TA.csv",2025-11-02,"6","3","3"
"24-20-202510-dev-seq-A","24","TA","20","202510-dev-tif/lm/20C/A/24/TA/1102-TA.csv",2025-11-02,"6","3","3"
"24-20-202510-dev-seq-A","24","TA","20","202510-dev-tif/lm/20C/A/24/TA/1102-TA.csv",2025-11-02,"6","3","3"
"24-20-202510-dev-seq-A","24","TA","20","202510-dev-tif/lm/20C/A/24/TA/1104-TA-3.csv",2025-11-04,"6","4","3"
"24-20-202510-dev-seq-A","24","TA","20","202510-dev-tif/lm/20C/A/24/TA/1104-TA-3.csv",2025-11-04,"6","4","3"
"24-20-202510-dev-seq-A","24","TA","20","202510-dev-tif/lm/20C/A/24/TA/1104-TA-3.csv",2025-11-04,"6","4","3"
"24-20-202510-dev-seq-A","24","TA","20","202510-dev-tif/lm/20C/A/24/TA/1104-TA-3.csv",2025-11-04,"6","4","3"
"24-20-202510-dev-seq-A","24","TA","20","202510-dev-tif/lm/20C/A/24/TA/1104-TA-3.csv",2025-11-04,"6","4","3"
"24-20-202510-dev-seq-A","24","TA","20","202510-dev-tif/lm/20C/A/24/TA/1104-TA-3.csv",2025-11-04,"6","4","3"
"24-20-202510-dev-seq-A","24","TA","20","202510-dev-tif/lm/20C/A/24/TA/1104-TA-3.csv",2025-11-04,"6","4","3"
"24-20-202510-dev-seq-A","24","TA","20","202510-dev-tif/lm/20C/A/24/TA/1104-TA-3.csv",2025-11-04,"6","4","3"
"24-20-202510-dev-seq-A","24","TA","20","202510-dev-tif/lm/20C/A/24/TA/1106-TA-5.csv",2025-11-06,"8","4","3"
"24-20-202510-dev-seq-A","24","TA","20","202510-dev-tif/lm/20C/A/24/TA/1106-TA-5.csv",2025-11-06,"8","4","3"
"24-20-202510-dev-seq-A","24","TA","20","202510-dev-tif/lm/20C/A/24/TA/1106-TA-5.csv",2025-11-06,"8","4","3"
"24-20-202510-dev-seq-A","24","TA","20","202510-dev-tif/lm/20C/A/24/TA/1106-TA-5.csv",2025-11-06,"8","4","3"
"24-20-202510-dev-seq-A","24","TA","20","202510-dev-tif/lm/20C/A/24/TA/1106-TA-5.csv",2025-11-06,"8","4","3"
"24-20-202510-dev-seq-A","24","TA","20","202510-dev-tif/lm/20C/A/24/TA/1106-TA-5.csv",2025-11-06,"8","4","3"
"24-20-202510-dev-seq-A","24","TA","20","202510-dev-tif/lm/20C/A/24/TA/1106-TA-5.csv",2025-11-06,"8","4","3"
"24-20-202510-dev-seq-A","24","TA","20","202510-dev-tif/lm/20C/A/24/TA/1106-TA-5.csv",2025-11-06,"8","4","3"
"24-20-202510-dev-seq-A","24","TA","20","202510-dev-tif/lm/20C/A/24/TA/1108-TA-2.csv",2025-11-08,"9","5","4"
"24-20-202510-dev-seq-A","24","TA","20","202510-dev-tif/lm/20C/A/24/TA/1108-TA-2.csv",2025-11-08,"9","5","4"
"24-20-202510-dev-seq-A","24","TA","20","202510-dev-tif/lm/20C/A/24/TA/1108-TA-2.csv",2025-11-08,"9","5","4"
"24-20-202510-dev-seq-A","24","TA","20","202510-dev-tif/lm/20C/A/24/TA/1108-TA-2.csv",2025-11-08,"9","5","4"
"24-20-202510-dev-seq-A","24","TA","20","202510-dev-tif/lm/20C/A/24/TA/1108-TA-2.csv",2025-11-08,"9","5","4"
"24-20-202510-dev-seq-A","24","TA","20","202510-dev-tif/lm/20C/A/24/TA/1108-TA-2.csv",2025-11-08,"9","5","4"
"24-20-202510-dev-seq-A","24","TA","20","202510-dev-tif/lm/20C/A/24/TA/1108-TA-2.csv",2025-11-08,"9","5","4"
"24-20-202510-dev-seq-A","24","TA","20","202510-dev-tif/lm/20C/A/24/TA/1108-TA-2.csv",2025-11-08,"9","5","4"
"24-20-202510-dev-seq-A","24","TA","20","202510-dev-tif/lm/20C/A/24/TA/1110-TA-2.csv",2025-11-10,"9","6","4"
"24-20-202510-dev-seq-A","24","TA","20","202510-dev-tif/lm/20C/A/24/TA/1110-TA-2.csv",2025-11-10,"9","6","4"
"24-20-202510-dev-seq-A","24","TA","20","202510-dev-tif/lm/20C/A/24/TA/1110-TA-2.csv",2025-11-10,"9","6","4"
"24-20-202510-dev-seq-A","24","TA","20","202510-dev-tif/lm/20C/A/24/TA/1110-TA-2.csv",2025-11-10,"9","6","4"
"24-20-202510-dev-seq-A","24","TA","20","202510-dev-tif/lm/20C/A/24/TA/1110-TA-2.csv",2025-11-10,"9","6","4"
"24-20-202510-dev-seq-A","24","TA","20","202510-dev-tif/lm/20C/A/24/TA/1110-TA-2.csv",2025-11-10,"9","6","4"
"24-20-202510-dev-seq-A","24","TA","20","202510-dev-tif/lm/20C/A/24/TA/1110-TA-2.csv",2025-11-10,"9","6","4"
"24-20-202510-dev-seq-A","24","TA","20","202510-dev-tif/lm/20C/A/24/TA/1110-TA-2.csv",2025-11-10,"9","6","4"
"24-20-202510-dev-seq-A","24","TA","20","202510-dev-tif/lm/20C/A/24/TA/1112-TA-2.csv",2025-11-12,"9","6","4"
"24-20-202510-dev-seq-A","24","TA","20","202510-dev-tif/lm/20C/A/24/TA/1112-TA-2.csv",2025-11-12,"9","6","4"
"24-20-202510-dev-seq-A","24","TA","20","202510-dev-tif/lm/20C/A/24/TA/1112-TA-2.csv",2025-11-12,"9","6","4"
"24-20-202510-dev-seq-A","24","TA","20","202510-dev-tif/lm/20C/A/24/TA/1112-TA-2.csv",2025-11-12,"9","6","4"
"24-20-202510-dev-seq-A","24","TA","20","202510-dev-tif/lm/20C/A/24/TA/1112-TA-2.csv",2025-11-12,"9","6","4"
"24-20-202510-dev-seq-A","24","TA","20","202510-dev-tif/lm/20C/A/24/TA/1112-TA-2.csv",2025-11-12,"9","6","4"
"24-20-202510-dev-seq-A","24","TA","20","202510-dev-tif/lm/20C/A/24/TA/1112-TA-2.csv",2025-11-12,"9","6","4"
"24-20-202510-dev-seq-A","24","TA","20","202510-dev-tif/lm/20C/A/24/TA/1112-TA-2.csv",2025-11-12,"9","6","4"
"24-20-202510-dev-seq-A","24","TA","20","202510-dev-tif/lm/20C/A/24/TA/1114-TA-2.csv",2025-11-14,"9","6","4"
"24-20-202510-dev-seq-A","24","TA","20","202510-dev-tif/lm/20C/A/24/TA/1114-TA-2.csv",2025-11-14,"9","6","4"
"24-20-202510-dev-seq-A","24","TA","20","202510-dev-tif/lm/20C/A/24/TA/1114-TA-2.csv",2025-11-14,"9","6","4"
"24-20-202510-dev-seq-A","24","TA","20","202510-dev-tif/lm/20C/A/24/TA/1114-TA-2.csv",2025-11-14,"9","6","4"
"24-20-202510-dev-seq-A","24","TA","20","202510-dev-tif/lm/20C/A/24/TA/1114-TA-2.csv",2025-11-14,"9","6","4"
"24-20-202510-dev-seq-A","24","TA","20","202510-dev-tif/lm/20C/A/24/TA/1114-TA-2.csv",2025-11-14,"9","6","4"
"24-20-202510-dev-seq-A","24","TA","20","202510-dev-tif/lm/20C/A/24/TA/1114-TA-2.csv",2025-11-14,"9","6","4"
"24-20-202510-dev-seq-A","24","TA","20","202510-dev-tif/lm/20C/A/24/TA/1114-TA-2.csv",2025-11-14,"9","6","4"
"24-20-202510-dev-seq-A","24","TA","20","202510-dev-tif/lm/20C/A/24/TA/1116-TA-3.csv",2025-11-16,"9","6","4"
"24-20-202510-dev-seq-A","24","TA","20","202510-dev-tif/lm/20C/A/24/TA/1116-TA-3.csv",2025-11-16,"9","6","4"
"24-20-202510-dev-seq-A","24","TA","20","202510-dev-tif/lm/20C/A/24/TA/1116-TA-3.csv",2025-11-16,"9","6","4"
"24-20-202510-dev-seq-A","24","TA","20","202510-dev-tif/lm/20C/A/24/TA/1116-TA-3.csv",2025-11-16,"9","6","4"
"24-20-202510-dev-seq-A","24","TA","20","202510-dev-tif/lm/20C/A/24/TA/1116-TA-3.csv",2025-11-16,"9","6","4"
"24-20-202510-dev-seq-A","24","TA","20","202510-dev-tif/lm/20C/A/24/TA/1116-TA-3.csv",2025-11-16,"9","6","4"
"24-20-202510-dev-seq-A","24","TA","20","202510-dev-tif/lm/20C/A/24/TA/1116-TA-3.csv",2025-11-16,"9","6","4"
"24-20-202510-dev-seq-A","24","TA","20","202510-dev-tif/lm/20C/A/24/TA/1116-TA-3.csv",2025-11-16,"9","6","4"
"24-20-202510-dev-seq-A","24","TA","20","202510-dev-tif/lm/20C/A/24/TA/1118-TA-2.csv",2025-11-18,"9","6","4"
"24-20-202510-dev-seq-A","24","TA","20","202510-dev-tif/lm/20C/A/24/TA/1118-TA-2.csv",2025-11-18,"9","6","4"
"24-20-202510-dev-seq-A","24","TA","20","202510-dev-tif/lm/20C/A/24/TA/1118-TA-2.csv",2025-11-18,"9","6","4"
"24-20-202510-dev-seq-A","24","TA","20","202510-dev-tif/lm/20C/A/24/TA/1118-TA-2.csv",2025-11-18,"9","6","4"
"24-20-202510-dev-seq-A","24","TA","20","202510-dev-tif/lm/20C/A/24/TA/1118-TA-2.csv",2025-11-18,"9","6","4"
"24-20-202510-dev-seq-A","24","TA","20","202510-dev-tif/lm/20C/A/24/TA/1118-TA-2.csv",2025-11-18,"9","6","4"
"24-20-202510-dev-seq-A","24","TA","20","202510-dev-tif/lm/20C/A/24/TA/1118-TA-2.csv",2025-11-18,"9","6","4"
"24-20-202510-dev-seq-A","24","TA","20","202510-dev-tif/lm/20C/A/24/TA/1118-TA-2.csv",2025-11-18,"9","6","4"
"24-20-202510-dev-seq-A","24","TA","20","202510-dev-tif/lm/20C/A/24/TA/1120-TA.csv",2025-11-20,"9","5","4"
"24-20-202510-dev-seq-A","24","TA","20","202510-dev-tif/lm/20C/A/24/TA/1120-TA.csv",2025-11-20,"9","5","4"
"24-20-202510-dev-seq-A","24","TA","20","202510-dev-tif/lm/20C/A/24/TA/1120-TA.csv",2025-11-20,"9","5","4"
"24-20-202510-dev-seq-A","24","TA","20","202510-dev-tif/lm/20C/A/24/TA/1120-TA.csv",2025-11-20,"9","5","4"
"24-20-202510-dev-seq-A","24","TA","20","202510-dev-tif/lm/20C/A/24/TA/1120-TA.csv",2025-11-20,"9","5","4"
"24-20-202510-dev-seq-A","24","TA","20","202510-dev-tif/lm/20C/A/24/TA/1120-TA.csv",2025-11-20,"9","5","4"
"24-20-202510-dev-seq-A","24","TA","20","202510-dev-tif/lm/20C/A/24/TA/1120-TA.csv",2025-11-20,"9","5","4"
"24-20-202510-dev-seq-A","24","TA","20","202510-dev-tif/lm/20C/A/24/TA/1120-TA.csv",2025-11-20,"9","5","4"
"24-20-202510-dev-seq-A","24","TA","20","202510-dev-tif/lm/20C/A/24/TA/1121-TA.csv",2025-11-21,"9","6","4"
"24-20-202510-dev-seq-A","24","TA","20","202510-dev-tif/lm/20C/A/24/TA/1121-TA.csv",2025-11-21,"9","6","4"
"24-20-202510-dev-seq-A","24","TA","20","202510-dev-tif/lm/20C/A/24/TA/1121-TA.csv",2025-11-21,"9","6","4"
"24-20-202510-dev-seq-A","24","TA","20","202510-dev-tif/lm/20C/A/24/TA/1121-TA.csv",2025-11-21,"9","6","4"
"24-20-202510-dev-seq-A","24","TA","20","202510-dev-tif/lm/20C/A/24/TA/1121-TA.csv",2025-11-21,"9","6","4"
"24-20-202510-dev-seq-A","24","TA","20","202510-dev-tif/lm/20C/A/24/TA/1121-TA.csv",2025-11-21,"9","6","4"
"24-20-202510-dev-seq-A","24","TA","20","202510-dev-tif/lm/20C/A/24/TA/1121-TA.csv",2025-11-21,"9","6","4"
"24-20-202510-dev-seq-A","24","TA","20","202510-dev-tif/lm/20C/A/24/TA/1121-TA.csv",2025-11-21,"9","6","4"
"24-20-202510-dev-seq-A","24","TA","20","202510-dev-tif/lm/20C/A/24/TA/1122-TA-3.csv",2025-11-22,"9","5","4"
"24-20-202510-dev-seq-A","24","TA","20","202510-dev-tif/lm/20C/A/24/TA/1122-TA-3.csv",2025-11-22,"9","5","4"
"24-20-202510-dev-seq-A","24","TA","20","202510-dev-tif/lm/20C/A/24/TA/1122-TA-3.csv",2025-11-22,"9","5","4"
"24-20-202510-dev-seq-A","24","TA","20","202510-dev-tif/lm/20C/A/24/TA/1122-TA-3.csv",2025-11-22,"9","5","4"
"24-20-202510-dev-seq-A","24","TA","20","202510-dev-tif/lm/20C/A/24/TA/1122-TA-3.csv",2025-11-22,"9","5","4"
"24-20-202510-dev-seq-A","24","TA","20","202510-dev-tif/lm/20C/A/24/TA/1122-TA-3.csv",2025-11-22,"9","5","4"
"24-20-202510-dev-seq-A","24","TA","20","202510-dev-tif/lm/20C/A/24/TA/1122-TA-3.csv",2025-11-22,"9","5","4"
"24-20-202510-dev-seq-A","24","TA","20","202510-dev-tif/lm/20C/A/24/TA/1122-TA-3.csv",2025-11-22,"9","5","4"
"24-20-202510-dev-seq-A","24","TA","20","202510-dev-tif/lm/20C/A/24/TA/1124-TA-2.csv",2025-11-24,"9","5","4"
"24-20-202510-dev-seq-A","24","TA","20","202510-dev-tif/lm/20C/A/24/TA/1124-TA-2.csv",2025-11-24,"9","5","4"
"24-20-202510-dev-seq-A","24","TA","20","202510-dev-tif/lm/20C/A/24/TA/1124-TA-2.csv",2025-11-24,"9","5","4"
"24-20-202510-dev-seq-A","24","TA","20","202510-dev-tif/lm/20C/A/24/TA/1124-TA-2.csv",2025-11-24,"9","5","4"
"24-20-202510-dev-seq-A","24","TA","20","202510-dev-tif/lm/20C/A/24/TA/1124-TA-2.csv",2025-11-24,"9","5","4"
"24-20-202510-dev-seq-A","24","TA","20","202510-dev-tif/lm/20C/A/24/TA/1124-TA-2.csv",2025-11-24,"9","5","4"
"24-20-202510-dev-seq-A","24","TA","20","202510-dev-tif/lm/20C/A/24/TA/1124-TA-2.csv",2025-11-24,"9","5","4"
"24-20-202510-dev-seq-A","24","TA","20","202510-dev-tif/lm/20C/A/24/TA/1124-TA-2.csv",2025-11-24,"9","5","4"
"25-20-202510-dev-seq-A","25","OA","20","202510-dev-tif/lm/20C/A/25/OA/1025-OA.csv",2025-10-25,"2","1","1"
"25-20-202510-dev-seq-A","25","OA","20","202510-dev-tif/lm/20C/A/25/OA/1025-OA.csv",2025-10-25,"2","1","1"
"25-20-202510-dev-seq-A","25","OA","20","202510-dev-tif/lm/20C/A/25/OA/1025-OA.csv",2025-10-25,"2","1","1"
"25-20-202510-dev-seq-A","25","OA","20","202510-dev-tif/lm/20C/A/25/OA/1025-OA.csv",2025-10-25,"2","1","1"
"25-20-202510-dev-seq-A","25","OA","20","202510-dev-tif/lm/20C/A/25/OA/1027-OA-3.csv",2025-10-27,"3","2","2"
"25-20-202510-dev-seq-A","25","OA","20","202510-dev-tif/lm/20C/A/25/OA/1027-OA-3.csv",2025-10-27,"3","2","2"
"25-20-202510-dev-seq-A","25","OA","20","202510-dev-tif/lm/20C/A/25/OA/1027-OA-3.csv",2025-10-27,"3","2","2"
"25-20-202510-dev-seq-A","25","OA","20","202510-dev-tif/lm/20C/A/25/OA/1027-OA-3.csv",2025-10-27,"3","2","2"
"25-20-202510-dev-seq-A","25","OA","20","202510-dev-tif/lm/20C/A/25/OA/1029-OA-2.csv",2025-10-29,"3","2","2"
"25-20-202510-dev-seq-A","25","OA","20","202510-dev-tif/lm/20C/A/25/OA/1029-OA-2.csv",2025-10-29,"3","2","2"
"25-20-202510-dev-seq-A","25","OA","20","202510-dev-tif/lm/20C/A/25/OA/1029-OA-2.csv",2025-10-29,"3","2","2"
"25-20-202510-dev-seq-A","25","OA","20","202510-dev-tif/lm/20C/A/25/OA/1029-OA-2.csv",2025-10-29,"3","2","2"
"25-20-202510-dev-seq-A","25","OA","20","202510-dev-tif/lm/20C/A/25/OA/1030-OA.csv",2025-10-30,"4","3","2"
"25-20-202510-dev-seq-A","25","OA","20","202510-dev-tif/lm/20C/A/25/OA/1030-OA.csv",2025-10-30,"4","3","2"
"25-20-202510-dev-seq-A","25","OA","20","202510-dev-tif/lm/20C/A/25/OA/1030-OA.csv",2025-10-30,"4","3","2"
"25-20-202510-dev-seq-A","25","OA","20","202510-dev-tif/lm/20C/A/25/OA/1030-OA.csv",2025-10-30,"4","3","2"
"25-20-202510-dev-seq-A","25","OA","20","202510-dev-tif/lm/20C/A/25/OA/1031-OA.csv",2025-10-31,"4","3","2"
"25-20-202510-dev-seq-A","25","OA","20","202510-dev-tif/lm/20C/A/25/OA/1031-OA.csv",2025-10-31,"4","3","2"
"25-20-202510-dev-seq-A","25","OA","20","202510-dev-tif/lm/20C/A/25/OA/1031-OA.csv",2025-10-31,"4","3","2"
"25-20-202510-dev-seq-A","25","OA","20","202510-dev-tif/lm/20C/A/25/OA/1031-OA.csv",2025-10-31,"4","3","2"
"25-20-202510-dev-seq-A","25","OA","20","202510-dev-tif/lm/20C/A/25/OA/1102-OA.csv",2025-11-02,"6","3","1"
"25-20-202510-dev-seq-A","25","OA","20","202510-dev-tif/lm/20C/A/25/OA/1102-OA.csv",2025-11-02,"6","3","1"
"25-20-202510-dev-seq-A","25","OA","20","202510-dev-tif/lm/20C/A/25/OA/1102-OA.csv",2025-11-02,"6","3","1"
"25-20-202510-dev-seq-A","25","OA","20","202510-dev-tif/lm/20C/A/25/OA/1102-OA.csv",2025-11-02,"6","3","1"
"25-20-202510-dev-seq-A","25","OA","20","202510-dev-tif/lm/20C/A/25/OA/1104-OA-3.csv",2025-11-04,"6","3","2"
"25-20-202510-dev-seq-A","25","OA","20","202510-dev-tif/lm/20C/A/25/OA/1104-OA-3.csv",2025-11-04,"6","3","2"
"25-20-202510-dev-seq-A","25","OA","20","202510-dev-tif/lm/20C/A/25/OA/1104-OA-3.csv",2025-11-04,"6","3","2"
"25-20-202510-dev-seq-A","25","OA","20","202510-dev-tif/lm/20C/A/25/OA/1104-OA-3.csv",2025-11-04,"6","3","2"
"25-20-202510-dev-seq-A","25","OA","20","202510-dev-tif/lm/20C/A/25/OA/1106-OA.csv",2025-11-06,"6","3","3"
"25-20-202510-dev-seq-A","25","OA","20","202510-dev-tif/lm/20C/A/25/OA/1106-OA.csv",2025-11-06,"6","3","3"
"25-20-202510-dev-seq-A","25","OA","20","202510-dev-tif/lm/20C/A/25/OA/1106-OA.csv",2025-11-06,"6","3","3"
"25-20-202510-dev-seq-A","25","OA","20","202510-dev-tif/lm/20C/A/25/OA/1106-OA.csv",2025-11-06,"6","3","3"
"25-20-202510-dev-seq-A","25","OA","20","202510-dev-tif/lm/20C/A/25/OA/1108-OA-3.csv",2025-11-08,"6","3","3"
"25-20-202510-dev-seq-A","25","OA","20","202510-dev-tif/lm/20C/A/25/OA/1108-OA-3.csv",2025-11-08,"6","3","3"
"25-20-202510-dev-seq-A","25","OA","20","202510-dev-tif/lm/20C/A/25/OA/1108-OA-3.csv",2025-11-08,"6","3","3"
"25-20-202510-dev-seq-A","25","OA","20","202510-dev-tif/lm/20C/A/25/OA/1108-OA-3.csv",2025-11-08,"6","3","3"
"25-20-202510-dev-seq-A","25","OA","20","202510-dev-tif/lm/20C/A/25/OA/1110-OA.csv",2025-11-10,"6","4","3"
"25-20-202510-dev-seq-A","25","OA","20","202510-dev-tif/lm/20C/A/25/OA/1110-OA.csv",2025-11-10,"6","4","3"
"25-20-202510-dev-seq-A","25","OA","20","202510-dev-tif/lm/20C/A/25/OA/1110-OA.csv",2025-11-10,"6","4","3"
"25-20-202510-dev-seq-A","25","OA","20","202510-dev-tif/lm/20C/A/25/OA/1110-OA.csv",2025-11-10,"6","4","3"
"25-20-202510-dev-seq-A","25","OA","20","202510-dev-tif/lm/20C/A/25/OA/1112-OA.csv",2025-11-12,"5","4","3"
"25-20-202510-dev-seq-A","25","OA","20","202510-dev-tif/lm/20C/A/25/OA/1112-OA.csv",2025-11-12,"5","4","3"
"25-20-202510-dev-seq-A","25","OA","20","202510-dev-tif/lm/20C/A/25/OA/1112-OA.csv",2025-11-12,"5","4","3"
"25-20-202510-dev-seq-A","25","OA","20","202510-dev-tif/lm/20C/A/25/OA/1112-OA.csv",2025-11-12,"5","4","3"
"25-20-202510-dev-seq-A","25","OA","20","202510-dev-tif/lm/20C/A/25/OA/1114-OA.csv",2025-11-14,"5","4","3"
"25-20-202510-dev-seq-A","25","OA","20","202510-dev-tif/lm/20C/A/25/OA/1114-OA.csv",2025-11-14,"5","4","3"
"25-20-202510-dev-seq-A","25","OA","20","202510-dev-tif/lm/20C/A/25/OA/1114-OA.csv",2025-11-14,"5","4","3"
"25-20-202510-dev-seq-A","25","OA","20","202510-dev-tif/lm/20C/A/25/OA/1114-OA.csv",2025-11-14,"5","4","3"
"25-20-202510-dev-seq-A","25","OA","20","202510-dev-tif/lm/20C/A/25/OA/1116-OA-3.csv",2025-11-16,"6","4","3"
"25-20-202510-dev-seq-A","25","OA","20","202510-dev-tif/lm/20C/A/25/OA/1116-OA-3.csv",2025-11-16,"6","4","3"
"25-20-202510-dev-seq-A","25","OA","20","202510-dev-tif/lm/20C/A/25/OA/1116-OA-3.csv",2025-11-16,"6","4","3"
"25-20-202510-dev-seq-A","25","OA","20","202510-dev-tif/lm/20C/A/25/OA/1116-OA-3.csv",2025-11-16,"6","4","3"
"25-20-202510-dev-seq-A","25","OA","20","202510-dev-tif/lm/20C/A/25/OA/1118-OA.csv",2025-11-18,"5","4","3"
"25-20-202510-dev-seq-A","25","OA","20","202510-dev-tif/lm/20C/A/25/OA/1118-OA.csv",2025-11-18,"5","4","3"
"25-20-202510-dev-seq-A","25","OA","20","202510-dev-tif/lm/20C/A/25/OA/1118-OA.csv",2025-11-18,"5","4","3"
"25-20-202510-dev-seq-A","25","OA","20","202510-dev-tif/lm/20C/A/25/OA/1118-OA.csv",2025-11-18,"5","4","3"
"25-20-202510-dev-seq-A","25","OA","20","202510-dev-tif/lm/20C/A/25/OA/1120-OA.csv",2025-11-20,"8","4","3"
"25-20-202510-dev-seq-A","25","OA","20","202510-dev-tif/lm/20C/A/25/OA/1120-OA.csv",2025-11-20,"8","4","3"
"25-20-202510-dev-seq-A","25","OA","20","202510-dev-tif/lm/20C/A/25/OA/1120-OA.csv",2025-11-20,"8","4","3"
"25-20-202510-dev-seq-A","25","OA","20","202510-dev-tif/lm/20C/A/25/OA/1120-OA.csv",2025-11-20,"8","4","3"
"25-20-202510-dev-seq-A","25","OA","20","202510-dev-tif/lm/20C/A/25/OA/1121-OA-4.csv",2025-11-21,"8","3","3"
"25-20-202510-dev-seq-A","25","OA","20","202510-dev-tif/lm/20C/A/25/OA/1121-OA-4.csv",2025-11-21,"8","3","3"
"25-20-202510-dev-seq-A","25","OA","20","202510-dev-tif/lm/20C/A/25/OA/1121-OA-4.csv",2025-11-21,"8","3","3"
"25-20-202510-dev-seq-A","25","OA","20","202510-dev-tif/lm/20C/A/25/OA/1121-OA-4.csv",2025-11-21,"8","3","3"
"25-20-202510-dev-seq-A","25","OA","20","202510-dev-tif/lm/20C/A/25/OA/1122-OA-2.csv",2025-11-22,"8","4","3"
"25-20-202510-dev-seq-A","25","OA","20","202510-dev-tif/lm/20C/A/25/OA/1122-OA-2.csv",2025-11-22,"8","4","3"
"25-20-202510-dev-seq-A","25","OA","20","202510-dev-tif/lm/20C/A/25/OA/1122-OA-2.csv",2025-11-22,"8","4","3"
"25-20-202510-dev-seq-A","25","OA","20","202510-dev-tif/lm/20C/A/25/OA/1122-OA-2.csv",2025-11-22,"8","4","3"
"25-20-202510-dev-seq-A","25","OA","20","202510-dev-tif/lm/20C/A/25/OA/1124-OA.csv",2025-11-24,"8","6","4"
"25-20-202510-dev-seq-A","25","OA","20","202510-dev-tif/lm/20C/A/25/OA/1124-OA.csv",2025-11-24,"8","6","4"
"25-20-202510-dev-seq-A","25","OA","20","202510-dev-tif/lm/20C/A/25/OA/1124-OA.csv",2025-11-24,"8","6","4"
"25-20-202510-dev-seq-A","25","OA","20","202510-dev-tif/lm/20C/A/25/OA/1124-OA.csv",2025-11-24,"8","6","4"
"25-20-202510-dev-seq-A","25","PA","20","202510-dev-tif/lm/20C/A/25/PA/1025-PA-2.csv",2025-10-25,"2","1","1"
"25-20-202510-dev-seq-A","25","PA","20","202510-dev-tif/lm/20C/A/25/PA/1025-PA-2.csv",2025-10-25,"2","1","1"
"25-20-202510-dev-seq-A","25","PA","20","202510-dev-tif/lm/20C/A/25/PA/1025-PA-2.csv",2025-10-25,"2","1","1"
"25-20-202510-dev-seq-A","25","PA","20","202510-dev-tif/lm/20C/A/25/PA/1025-PA-2.csv",2025-10-25,"2","1","1"
"25-20-202510-dev-seq-A","25","PA","20","202510-dev-tif/lm/20C/A/25/PA/1025-PA-2.csv",2025-10-25,"2","1","1"
"25-20-202510-dev-seq-A","25","PA","20","202510-dev-tif/lm/20C/A/25/PA/1027-PA-4.csv",2025-10-27,"3","2","2"
"25-20-202510-dev-seq-A","25","PA","20","202510-dev-tif/lm/20C/A/25/PA/1027-PA-4.csv",2025-10-27,"3","2","2"
"25-20-202510-dev-seq-A","25","PA","20","202510-dev-tif/lm/20C/A/25/PA/1027-PA-4.csv",2025-10-27,"3","2","2"
"25-20-202510-dev-seq-A","25","PA","20","202510-dev-tif/lm/20C/A/25/PA/1027-PA-4.csv",2025-10-27,"3","2","2"
"25-20-202510-dev-seq-A","25","PA","20","202510-dev-tif/lm/20C/A/25/PA/1027-PA-4.csv",2025-10-27,"3","2","2"
"25-20-202510-dev-seq-A","25","PA","20","202510-dev-tif/lm/20C/A/25/PA/1029-PA-4.csv",2025-10-29,"3","2","2"
"25-20-202510-dev-seq-A","25","PA","20","202510-dev-tif/lm/20C/A/25/PA/1029-PA-4.csv",2025-10-29,"3","2","2"
"25-20-202510-dev-seq-A","25","PA","20","202510-dev-tif/lm/20C/A/25/PA/1029-PA-4.csv",2025-10-29,"3","2","2"
"25-20-202510-dev-seq-A","25","PA","20","202510-dev-tif/lm/20C/A/25/PA/1029-PA-4.csv",2025-10-29,"3","2","2"
"25-20-202510-dev-seq-A","25","PA","20","202510-dev-tif/lm/20C/A/25/PA/1029-PA-4.csv",2025-10-29,"3","2","2"
"25-20-202510-dev-seq-A","25","PA","20","202510-dev-tif/lm/20C/A/25/PA/1030-PA-2.csv",2025-10-30,"4","3","2"
"25-20-202510-dev-seq-A","25","PA","20","202510-dev-tif/lm/20C/A/25/PA/1030-PA-2.csv",2025-10-30,"4","3","2"
"25-20-202510-dev-seq-A","25","PA","20","202510-dev-tif/lm/20C/A/25/PA/1030-PA-2.csv",2025-10-30,"4","3","2"
"25-20-202510-dev-seq-A","25","PA","20","202510-dev-tif/lm/20C/A/25/PA/1030-PA-2.csv",2025-10-30,"4","3","2"
"25-20-202510-dev-seq-A","25","PA","20","202510-dev-tif/lm/20C/A/25/PA/1030-PA-2.csv",2025-10-30,"4","3","2"
"25-20-202510-dev-seq-A","25","PA","20","202510-dev-tif/lm/20C/A/25/PA/1031-PA-4.csv",2025-10-31,"4","3","2"
"25-20-202510-dev-seq-A","25","PA","20","202510-dev-tif/lm/20C/A/25/PA/1031-PA-4.csv",2025-10-31,"4","3","2"
"25-20-202510-dev-seq-A","25","PA","20","202510-dev-tif/lm/20C/A/25/PA/1031-PA-4.csv",2025-10-31,"4","3","2"
"25-20-202510-dev-seq-A","25","PA","20","202510-dev-tif/lm/20C/A/25/PA/1031-PA-4.csv",2025-10-31,"4","3","2"
"25-20-202510-dev-seq-A","25","PA","20","202510-dev-tif/lm/20C/A/25/PA/1031-PA-4.csv",2025-10-31,"4","3","2"
"25-20-202510-dev-seq-A","25","PA","20","202510-dev-tif/lm/20C/A/25/PA/1102-PA-2.csv",2025-11-02,"6","3","1"
"25-20-202510-dev-seq-A","25","PA","20","202510-dev-tif/lm/20C/A/25/PA/1102-PA-2.csv",2025-11-02,"6","3","1"
"25-20-202510-dev-seq-A","25","PA","20","202510-dev-tif/lm/20C/A/25/PA/1102-PA-2.csv",2025-11-02,"6","3","1"
"25-20-202510-dev-seq-A","25","PA","20","202510-dev-tif/lm/20C/A/25/PA/1102-PA-2.csv",2025-11-02,"6","3","1"
"25-20-202510-dev-seq-A","25","PA","20","202510-dev-tif/lm/20C/A/25/PA/1102-PA-2.csv",2025-11-02,"6","3","1"
"25-20-202510-dev-seq-A","25","PA","20","202510-dev-tif/lm/20C/A/25/PA/1104-PA-3.csv",2025-11-04,"6","3","2"
"25-20-202510-dev-seq-A","25","PA","20","202510-dev-tif/lm/20C/A/25/PA/1104-PA-3.csv",2025-11-04,"6","3","2"
"25-20-202510-dev-seq-A","25","PA","20","202510-dev-tif/lm/20C/A/25/PA/1104-PA-3.csv",2025-11-04,"6","3","2"
"25-20-202510-dev-seq-A","25","PA","20","202510-dev-tif/lm/20C/A/25/PA/1104-PA-3.csv",2025-11-04,"6","3","2"
"25-20-202510-dev-seq-A","25","PA","20","202510-dev-tif/lm/20C/A/25/PA/1104-PA-3.csv",2025-11-04,"6","3","2"
"25-20-202510-dev-seq-A","25","PA","20","202510-dev-tif/lm/20C/A/25/PA/1106-PA-3.csv",2025-11-06,"6","3","3"
"25-20-202510-dev-seq-A","25","PA","20","202510-dev-tif/lm/20C/A/25/PA/1106-PA-3.csv",2025-11-06,"6","3","3"
"25-20-202510-dev-seq-A","25","PA","20","202510-dev-tif/lm/20C/A/25/PA/1106-PA-3.csv",2025-11-06,"6","3","3"
"25-20-202510-dev-seq-A","25","PA","20","202510-dev-tif/lm/20C/A/25/PA/1106-PA-3.csv",2025-11-06,"6","3","3"
"25-20-202510-dev-seq-A","25","PA","20","202510-dev-tif/lm/20C/A/25/PA/1106-PA-3.csv",2025-11-06,"6","3","3"
"25-20-202510-dev-seq-A","25","PA","20","202510-dev-tif/lm/20C/A/25/PA/1108-PA-3.csv",2025-11-08,"6","3","3"
"25-20-202510-dev-seq-A","25","PA","20","202510-dev-tif/lm/20C/A/25/PA/1108-PA-3.csv",2025-11-08,"6","3","3"
"25-20-202510-dev-seq-A","25","PA","20","202510-dev-tif/lm/20C/A/25/PA/1108-PA-3.csv",2025-11-08,"6","3","3"
"25-20-202510-dev-seq-A","25","PA","20","202510-dev-tif/lm/20C/A/25/PA/1108-PA-3.csv",2025-11-08,"6","3","3"
"25-20-202510-dev-seq-A","25","PA","20","202510-dev-tif/lm/20C/A/25/PA/1108-PA-3.csv",2025-11-08,"6","3","3"
"25-20-202510-dev-seq-A","25","PA","20","202510-dev-tif/lm/20C/A/25/PA/1110-PA.csv",2025-11-10,"6","4","3"
"25-20-202510-dev-seq-A","25","PA","20","202510-dev-tif/lm/20C/A/25/PA/1110-PA.csv",2025-11-10,"6","4","3"
"25-20-202510-dev-seq-A","25","PA","20","202510-dev-tif/lm/20C/A/25/PA/1110-PA.csv",2025-11-10,"6","4","3"
"25-20-202510-dev-seq-A","25","PA","20","202510-dev-tif/lm/20C/A/25/PA/1110-PA.csv",2025-11-10,"6","4","3"
"25-20-202510-dev-seq-A","25","PA","20","202510-dev-tif/lm/20C/A/25/PA/1110-PA.csv",2025-11-10,"6","4","3"
"25-20-202510-dev-seq-A","25","PA","20","202510-dev-tif/lm/20C/A/25/PA/1112-PA-2.csv",2025-11-12,"5","4","3"
"25-20-202510-dev-seq-A","25","PA","20","202510-dev-tif/lm/20C/A/25/PA/1112-PA-2.csv",2025-11-12,"5","4","3"
"25-20-202510-dev-seq-A","25","PA","20","202510-dev-tif/lm/20C/A/25/PA/1112-PA-2.csv",2025-11-12,"5","4","3"
"25-20-202510-dev-seq-A","25","PA","20","202510-dev-tif/lm/20C/A/25/PA/1112-PA-2.csv",2025-11-12,"5","4","3"
"25-20-202510-dev-seq-A","25","PA","20","202510-dev-tif/lm/20C/A/25/PA/1112-PA-2.csv",2025-11-12,"5","4","3"
"25-20-202510-dev-seq-A","25","PA","20","202510-dev-tif/lm/20C/A/25/PA/1114-PA-3.csv",2025-11-14,"5","4","3"
"25-20-202510-dev-seq-A","25","PA","20","202510-dev-tif/lm/20C/A/25/PA/1114-PA-3.csv",2025-11-14,"5","4","3"
"25-20-202510-dev-seq-A","25","PA","20","202510-dev-tif/lm/20C/A/25/PA/1114-PA-3.csv",2025-11-14,"5","4","3"
"25-20-202510-dev-seq-A","25","PA","20","202510-dev-tif/lm/20C/A/25/PA/1114-PA-3.csv",2025-11-14,"5","4","3"
"25-20-202510-dev-seq-A","25","PA","20","202510-dev-tif/lm/20C/A/25/PA/1114-PA-3.csv",2025-11-14,"5","4","3"
"25-20-202510-dev-seq-A","25","PA","20","202510-dev-tif/lm/20C/A/25/PA/1116-PA.csv",2025-11-16,"6","4","3"
"25-20-202510-dev-seq-A","25","PA","20","202510-dev-tif/lm/20C/A/25/PA/1116-PA.csv",2025-11-16,"6","4","3"
"25-20-202510-dev-seq-A","25","PA","20","202510-dev-tif/lm/20C/A/25/PA/1116-PA.csv",2025-11-16,"6","4","3"
"25-20-202510-dev-seq-A","25","PA","20","202510-dev-tif/lm/20C/A/25/PA/1116-PA.csv",2025-11-16,"6","4","3"
"25-20-202510-dev-seq-A","25","PA","20","202510-dev-tif/lm/20C/A/25/PA/1116-PA.csv",2025-11-16,"6","4","3"
"25-20-202510-dev-seq-A","25","PA","20","202510-dev-tif/lm/20C/A/25/PA/1118-PA-2.csv",2025-11-18,"5","4","3"
"25-20-202510-dev-seq-A","25","PA","20","202510-dev-tif/lm/20C/A/25/PA/1118-PA-2.csv",2025-11-18,"5","4","3"
"25-20-202510-dev-seq-A","25","PA","20","202510-dev-tif/lm/20C/A/25/PA/1118-PA-2.csv",2025-11-18,"5","4","3"
"25-20-202510-dev-seq-A","25","PA","20","202510-dev-tif/lm/20C/A/25/PA/1118-PA-2.csv",2025-11-18,"5","4","3"
"25-20-202510-dev-seq-A","25","PA","20","202510-dev-tif/lm/20C/A/25/PA/1118-PA-2.csv",2025-11-18,"5","4","3"
"25-20-202510-dev-seq-A","25","PA","20","202510-dev-tif/lm/20C/A/25/PA/1120-PA-2.csv",2025-11-20,"8","4","3"
"25-20-202510-dev-seq-A","25","PA","20","202510-dev-tif/lm/20C/A/25/PA/1120-PA-2.csv",2025-11-20,"8","4","3"
"25-20-202510-dev-seq-A","25","PA","20","202510-dev-tif/lm/20C/A/25/PA/1120-PA-2.csv",2025-11-20,"8","4","3"
"25-20-202510-dev-seq-A","25","PA","20","202510-dev-tif/lm/20C/A/25/PA/1120-PA-2.csv",2025-11-20,"8","4","3"
"25-20-202510-dev-seq-A","25","PA","20","202510-dev-tif/lm/20C/A/25/PA/1120-PA-2.csv",2025-11-20,"8","4","3"
"25-20-202510-dev-seq-A","25","PA","20","202510-dev-tif/lm/20C/A/25/PA/1121-PA.csv",2025-11-21,"8","3","3"
"25-20-202510-dev-seq-A","25","PA","20","202510-dev-tif/lm/20C/A/25/PA/1121-PA.csv",2025-11-21,"8","3","3"
"25-20-202510-dev-seq-A","25","PA","20","202510-dev-tif/lm/20C/A/25/PA/1121-PA.csv",2025-11-21,"8","3","3"
"25-20-202510-dev-seq-A","25","PA","20","202510-dev-tif/lm/20C/A/25/PA/1121-PA.csv",2025-11-21,"8","3","3"
"25-20-202510-dev-seq-A","25","PA","20","202510-dev-tif/lm/20C/A/25/PA/1121-PA.csv",2025-11-21,"8","3","3"
"25-20-202510-dev-seq-A","25","PA","20","202510-dev-tif/lm/20C/A/25/PA/1122-PA-2.csv",2025-11-22,"8","4","3"
"25-20-202510-dev-seq-A","25","PA","20","202510-dev-tif/lm/20C/A/25/PA/1122-PA-2.csv",2025-11-22,"8","4","3"
"25-20-202510-dev-seq-A","25","PA","20","202510-dev-tif/lm/20C/A/25/PA/1122-PA-2.csv",2025-11-22,"8","4","3"
"25-20-202510-dev-seq-A","25","PA","20","202510-dev-tif/lm/20C/A/25/PA/1122-PA-2.csv",2025-11-22,"8","4","3"
"25-20-202510-dev-seq-A","25","PA","20","202510-dev-tif/lm/20C/A/25/PA/1122-PA-2.csv",2025-11-22,"8","4","3"
"25-20-202510-dev-seq-A","25","PA","20","202510-dev-tif/lm/20C/A/25/PA/1124-PA-3.csv",2025-11-24,"8","6","4"
"25-20-202510-dev-seq-A","25","PA","20","202510-dev-tif/lm/20C/A/25/PA/1124-PA-3.csv",2025-11-24,"8","6","4"
"25-20-202510-dev-seq-A","25","PA","20","202510-dev-tif/lm/20C/A/25/PA/1124-PA-3.csv",2025-11-24,"8","6","4"
"25-20-202510-dev-seq-A","25","PA","20","202510-dev-tif/lm/20C/A/25/PA/1124-PA-3.csv",2025-11-24,"8","6","4"
"25-20-202510-dev-seq-A","25","PA","20","202510-dev-tif/lm/20C/A/25/PA/1124-PA-3.csv",2025-11-24,"8","6","4"
"25-20-202510-dev-seq-A","25","TA","20","202510-dev-tif/lm/20C/A/25/TA/1025-TA-2.csv",2025-10-25,"2","1","1"
"25-20-202510-dev-seq-A","25","TA","20","202510-dev-tif/lm/20C/A/25/TA/1025-TA-2.csv",2025-10-25,"2","1","1"
"25-20-202510-dev-seq-A","25","TA","20","202510-dev-tif/lm/20C/A/25/TA/1025-TA-2.csv",2025-10-25,"2","1","1"
"25-20-202510-dev-seq-A","25","TA","20","202510-dev-tif/lm/20C/A/25/TA/1025-TA-2.csv",2025-10-25,"2","1","1"
"25-20-202510-dev-seq-A","25","TA","20","202510-dev-tif/lm/20C/A/25/TA/1025-TA-2.csv",2025-10-25,"2","1","1"
"25-20-202510-dev-seq-A","25","TA","20","202510-dev-tif/lm/20C/A/25/TA/1025-TA-2.csv",2025-10-25,"2","1","1"
"25-20-202510-dev-seq-A","25","TA","20","202510-dev-tif/lm/20C/A/25/TA/1025-TA-2.csv",2025-10-25,"2","1","1"
"25-20-202510-dev-seq-A","25","TA","20","202510-dev-tif/lm/20C/A/25/TA/1025-TA-2.csv",2025-10-25,"2","1","1"
"25-20-202510-dev-seq-A","25","TA","20","202510-dev-tif/lm/20C/A/25/TA/1027-TA-2.csv",2025-10-27,"3","2","2"
"25-20-202510-dev-seq-A","25","TA","20","202510-dev-tif/lm/20C/A/25/TA/1027-TA-2.csv",2025-10-27,"3","2","2"
"25-20-202510-dev-seq-A","25","TA","20","202510-dev-tif/lm/20C/A/25/TA/1027-TA-2.csv",2025-10-27,"3","2","2"
"25-20-202510-dev-seq-A","25","TA","20","202510-dev-tif/lm/20C/A/25/TA/1027-TA-2.csv",2025-10-27,"3","2","2"
"25-20-202510-dev-seq-A","25","TA","20","202510-dev-tif/lm/20C/A/25/TA/1027-TA-2.csv",2025-10-27,"3","2","2"
"25-20-202510-dev-seq-A","25","TA","20","202510-dev-tif/lm/20C/A/25/TA/1027-TA-2.csv",2025-10-27,"3","2","2"
"25-20-202510-dev-seq-A","25","TA","20","202510-dev-tif/lm/20C/A/25/TA/1027-TA-2.csv",2025-10-27,"3","2","2"
"25-20-202510-dev-seq-A","25","TA","20","202510-dev-tif/lm/20C/A/25/TA/1027-TA-2.csv",2025-10-27,"3","2","2"
"25-20-202510-dev-seq-A","25","TA","20","202510-dev-tif/lm/20C/A/25/TA/1029-TA.csv",2025-10-29,"3","2","2"
"25-20-202510-dev-seq-A","25","TA","20","202510-dev-tif/lm/20C/A/25/TA/1029-TA.csv",2025-10-29,"3","2","2"
"25-20-202510-dev-seq-A","25","TA","20","202510-dev-tif/lm/20C/A/25/TA/1029-TA.csv",2025-10-29,"3","2","2"
"25-20-202510-dev-seq-A","25","TA","20","202510-dev-tif/lm/20C/A/25/TA/1029-TA.csv",2025-10-29,"3","2","2"
"25-20-202510-dev-seq-A","25","TA","20","202510-dev-tif/lm/20C/A/25/TA/1029-TA.csv",2025-10-29,"3","2","2"
"25-20-202510-dev-seq-A","25","TA","20","202510-dev-tif/lm/20C/A/25/TA/1029-TA.csv",2025-10-29,"3","2","2"
"25-20-202510-dev-seq-A","25","TA","20","202510-dev-tif/lm/20C/A/25/TA/1029-TA.csv",2025-10-29,"3","2","2"
"25-20-202510-dev-seq-A","25","TA","20","202510-dev-tif/lm/20C/A/25/TA/1029-TA.csv",2025-10-29,"3","2","2"
"25-20-202510-dev-seq-A","25","TA","20","202510-dev-tif/lm/20C/A/25/TA/1030-TA.csv",2025-10-30,"4","3","2"
"25-20-202510-dev-seq-A","25","TA","20","202510-dev-tif/lm/20C/A/25/TA/1030-TA.csv",2025-10-30,"4","3","2"
"25-20-202510-dev-seq-A","25","TA","20","202510-dev-tif/lm/20C/A/25/TA/1030-TA.csv",2025-10-30,"4","3","2"
"25-20-202510-dev-seq-A","25","TA","20","202510-dev-tif/lm/20C/A/25/TA/1030-TA.csv",2025-10-30,"4","3","2"
"25-20-202510-dev-seq-A","25","TA","20","202510-dev-tif/lm/20C/A/25/TA/1030-TA.csv",2025-10-30,"4","3","2"
"25-20-202510-dev-seq-A","25","TA","20","202510-dev-tif/lm/20C/A/25/TA/1030-TA.csv",2025-10-30,"4","3","2"
"25-20-202510-dev-seq-A","25","TA","20","202510-dev-tif/lm/20C/A/25/TA/1030-TA.csv",2025-10-30,"4","3","2"
"25-20-202510-dev-seq-A","25","TA","20","202510-dev-tif/lm/20C/A/25/TA/1030-TA.csv",2025-10-30,"4","3","2"
"25-20-202510-dev-seq-A","25","TA","20","202510-dev-tif/lm/20C/A/25/TA/1031-TA.csv",2025-10-31,"4","3","2"
"25-20-202510-dev-seq-A","25","TA","20","202510-dev-tif/lm/20C/A/25/TA/1031-TA.csv",2025-10-31,"4","3","2"
"25-20-202510-dev-seq-A","25","TA","20","202510-dev-tif/lm/20C/A/25/TA/1031-TA.csv",2025-10-31,"4","3","2"
"25-20-202510-dev-seq-A","25","TA","20","202510-dev-tif/lm/20C/A/25/TA/1031-TA.csv",2025-10-31,"4","3","2"
"25-20-202510-dev-seq-A","25","TA","20","202510-dev-tif/lm/20C/A/25/TA/1031-TA.csv",2025-10-31,"4","3","2"
"25-20-202510-dev-seq-A","25","TA","20","202510-dev-tif/lm/20C/A/25/TA/1031-TA.csv",2025-10-31,"4","3","2"
"25-20-202510-dev-seq-A","25","TA","20","202510-dev-tif/lm/20C/A/25/TA/1031-TA.csv",2025-10-31,"4","3","2"
"25-20-202510-dev-seq-A","25","TA","20","202510-dev-tif/lm/20C/A/25/TA/1031-TA.csv",2025-10-31,"4","3","2"
"25-20-202510-dev-seq-A","25","TA","20","202510-dev-tif/lm/20C/A/25/TA/1102-TA-2.csv",2025-11-02,"6","3","1"
"25-20-202510-dev-seq-A","25","TA","20","202510-dev-tif/lm/20C/A/25/TA/1102-TA-2.csv",2025-11-02,"6","3","1"
"25-20-202510-dev-seq-A","25","TA","20","202510-dev-tif/lm/20C/A/25/TA/1102-TA-2.csv",2025-11-02,"6","3","1"
"25-20-202510-dev-seq-A","25","TA","20","202510-dev-tif/lm/20C/A/25/TA/1102-TA-2.csv",2025-11-02,"6","3","1"
"25-20-202510-dev-seq-A","25","TA","20","202510-dev-tif/lm/20C/A/25/TA/1102-TA-2.csv",2025-11-02,"6","3","1"
"25-20-202510-dev-seq-A","25","TA","20","202510-dev-tif/lm/20C/A/25/TA/1102-TA-2.csv",2025-11-02,"6","3","1"
"25-20-202510-dev-seq-A","25","TA","20","202510-dev-tif/lm/20C/A/25/TA/1102-TA-2.csv",2025-11-02,"6","3","1"
"25-20-202510-dev-seq-A","25","TA","20","202510-dev-tif/lm/20C/A/25/TA/1102-TA-2.csv",2025-11-02,"6","3","1"
"25-20-202510-dev-seq-A","25","TA","20","202510-dev-tif/lm/20C/A/25/TA/1104-TA.csv",2025-11-04,"6","3","2"
"25-20-202510-dev-seq-A","25","TA","20","202510-dev-tif/lm/20C/A/25/TA/1104-TA.csv",2025-11-04,"6","3","2"
"25-20-202510-dev-seq-A","25","TA","20","202510-dev-tif/lm/20C/A/25/TA/1104-TA.csv",2025-11-04,"6","3","2"
"25-20-202510-dev-seq-A","25","TA","20","202510-dev-tif/lm/20C/A/25/TA/1104-TA.csv",2025-11-04,"6","3","2"
"25-20-202510-dev-seq-A","25","TA","20","202510-dev-tif/lm/20C/A/25/TA/1104-TA.csv",2025-11-04,"6","3","2"
"25-20-202510-dev-seq-A","25","TA","20","202510-dev-tif/lm/20C/A/25/TA/1104-TA.csv",2025-11-04,"6","3","2"
"25-20-202510-dev-seq-A","25","TA","20","202510-dev-tif/lm/20C/A/25/TA/1104-TA.csv",2025-11-04,"6","3","2"
"25-20-202510-dev-seq-A","25","TA","20","202510-dev-tif/lm/20C/A/25/TA/1104-TA.csv",2025-11-04,"6","3","2"
"25-20-202510-dev-seq-A","25","TA","20","202510-dev-tif/lm/20C/A/25/TA/1106-TA.csv",2025-11-06,"6","3","3"
"25-20-202510-dev-seq-A","25","TA","20","202510-dev-tif/lm/20C/A/25/TA/1106-TA.csv",2025-11-06,"6","3","3"
"25-20-202510-dev-seq-A","25","TA","20","202510-dev-tif/lm/20C/A/25/TA/1106-TA.csv",2025-11-06,"6","3","3"
"25-20-202510-dev-seq-A","25","TA","20","202510-dev-tif/lm/20C/A/25/TA/1106-TA.csv",2025-11-06,"6","3","3"
"25-20-202510-dev-seq-A","25","TA","20","202510-dev-tif/lm/20C/A/25/TA/1106-TA.csv",2025-11-06,"6","3","3"
"25-20-202510-dev-seq-A","25","TA","20","202510-dev-tif/lm/20C/A/25/TA/1106-TA.csv",2025-11-06,"6","3","3"
"25-20-202510-dev-seq-A","25","TA","20","202510-dev-tif/lm/20C/A/25/TA/1106-TA.csv",2025-11-06,"6","3","3"
"25-20-202510-dev-seq-A","25","TA","20","202510-dev-tif/lm/20C/A/25/TA/1106-TA.csv",2025-11-06,"6","3","3"
"25-20-202510-dev-seq-A","25","TA","20","202510-dev-tif/lm/20C/A/25/TA/1108-TA-2.csv",2025-11-08,"6","3","3"
"25-20-202510-dev-seq-A","25","TA","20","202510-dev-tif/lm/20C/A/25/TA/1108-TA-2.csv",2025-11-08,"6","3","3"
"25-20-202510-dev-seq-A","25","TA","20","202510-dev-tif/lm/20C/A/25/TA/1108-TA-2.csv",2025-11-08,"6","3","3"
"25-20-202510-dev-seq-A","25","TA","20","202510-dev-tif/lm/20C/A/25/TA/1108-TA-2.csv",2025-11-08,"6","3","3"
"25-20-202510-dev-seq-A","25","TA","20","202510-dev-tif/lm/20C/A/25/TA/1108-TA-2.csv",2025-11-08,"6","3","3"
"25-20-202510-dev-seq-A","25","TA","20","202510-dev-tif/lm/20C/A/25/TA/1108-TA-2.csv",2025-11-08,"6","3","3"
"25-20-202510-dev-seq-A","25","TA","20","202510-dev-tif/lm/20C/A/25/TA/1108-TA-2.csv",2025-11-08,"6","3","3"
"25-20-202510-dev-seq-A","25","TA","20","202510-dev-tif/lm/20C/A/25/TA/1108-TA-2.csv",2025-11-08,"6","3","3"
"25-20-202510-dev-seq-A","25","TA","20","202510-dev-tif/lm/20C/A/25/TA/1110-TA-3.csv",2025-11-10,"6","4","3"
"25-20-202510-dev-seq-A","25","TA","20","202510-dev-tif/lm/20C/A/25/TA/1110-TA-3.csv",2025-11-10,"6","4","3"
"25-20-202510-dev-seq-A","25","TA","20","202510-dev-tif/lm/20C/A/25/TA/1110-TA-3.csv",2025-11-10,"6","4","3"
"25-20-202510-dev-seq-A","25","TA","20","202510-dev-tif/lm/20C/A/25/TA/1110-TA-3.csv",2025-11-10,"6","4","3"
"25-20-202510-dev-seq-A","25","TA","20","202510-dev-tif/lm/20C/A/25/TA/1110-TA-3.csv",2025-11-10,"6","4","3"
"25-20-202510-dev-seq-A","25","TA","20","202510-dev-tif/lm/20C/A/25/TA/1110-TA-3.csv",2025-11-10,"6","4","3"
"25-20-202510-dev-seq-A","25","TA","20","202510-dev-tif/lm/20C/A/25/TA/1110-TA-3.csv",2025-11-10,"6","4","3"
"25-20-202510-dev-seq-A","25","TA","20","202510-dev-tif/lm/20C/A/25/TA/1110-TA-3.csv",2025-11-10,"6","4","3"
"25-20-202510-dev-seq-A","25","TA","20","202510-dev-tif/lm/20C/A/25/TA/1112-TA-2.csv",2025-11-12,"5","4","3"
"25-20-202510-dev-seq-A","25","TA","20","202510-dev-tif/lm/20C/A/25/TA/1112-TA-2.csv",2025-11-12,"5","4","3"
"25-20-202510-dev-seq-A","25","TA","20","202510-dev-tif/lm/20C/A/25/TA/1112-TA-2.csv",2025-11-12,"5","4","3"
"25-20-202510-dev-seq-A","25","TA","20","202510-dev-tif/lm/20C/A/25/TA/1112-TA-2.csv",2025-11-12,"5","4","3"
"25-20-202510-dev-seq-A","25","TA","20","202510-dev-tif/lm/20C/A/25/TA/1112-TA-2.csv",2025-11-12,"5","4","3"
"25-20-202510-dev-seq-A","25","TA","20","202510-dev-tif/lm/20C/A/25/TA/1112-TA-2.csv",2025-11-12,"5","4","3"
"25-20-202510-dev-seq-A","25","TA","20","202510-dev-tif/lm/20C/A/25/TA/1112-TA-2.csv",2025-11-12,"5","4","3"
"25-20-202510-dev-seq-A","25","TA","20","202510-dev-tif/lm/20C/A/25/TA/1112-TA-2.csv",2025-11-12,"5","4","3"
"25-20-202510-dev-seq-A","25","TA","20","202510-dev-tif/lm/20C/A/25/TA/1114-TA.csv",2025-11-14,"5","4","3"
"25-20-202510-dev-seq-A","25","TA","20","202510-dev-tif/lm/20C/A/25/TA/1114-TA.csv",2025-11-14,"5","4","3"
"25-20-202510-dev-seq-A","25","TA","20","202510-dev-tif/lm/20C/A/25/TA/1114-TA.csv",2025-11-14,"5","4","3"
"25-20-202510-dev-seq-A","25","TA","20","202510-dev-tif/lm/20C/A/25/TA/1114-TA.csv",2025-11-14,"5","4","3"
"25-20-202510-dev-seq-A","25","TA","20","202510-dev-tif/lm/20C/A/25/TA/1114-TA.csv",2025-11-14,"5","4","3"
"25-20-202510-dev-seq-A","25","TA","20","202510-dev-tif/lm/20C/A/25/TA/1114-TA.csv",2025-11-14,"5","4","3"
"25-20-202510-dev-seq-A","25","TA","20","202510-dev-tif/lm/20C/A/25/TA/1114-TA.csv",2025-11-14,"5","4","3"
"25-20-202510-dev-seq-A","25","TA","20","202510-dev-tif/lm/20C/A/25/TA/1114-TA.csv",2025-11-14,"5","4","3"
"25-20-202510-dev-seq-A","25","TA","20","202510-dev-tif/lm/20C/A/25/TA/1116-TA-2.csv",2025-11-16,"6","4","3"
"25-20-202510-dev-seq-A","25","TA","20","202510-dev-tif/lm/20C/A/25/TA/1116-TA-2.csv",2025-11-16,"6","4","3"
"25-20-202510-dev-seq-A","25","TA","20","202510-dev-tif/lm/20C/A/25/TA/1116-TA-2.csv",2025-11-16,"6","4","3"
"25-20-202510-dev-seq-A","25","TA","20","202510-dev-tif/lm/20C/A/25/TA/1116-TA-2.csv",2025-11-16,"6","4","3"
"25-20-202510-dev-seq-A","25","TA","20","202510-dev-tif/lm/20C/A/25/TA/1116-TA-2.csv",2025-11-16,"6","4","3"
"25-20-202510-dev-seq-A","25","TA","20","202510-dev-tif/lm/20C/A/25/TA/1116-TA-2.csv",2025-11-16,"6","4","3"
"25-20-202510-dev-seq-A","25","TA","20","202510-dev-tif/lm/20C/A/25/TA/1116-TA-2.csv",2025-11-16,"6","4","3"
"25-20-202510-dev-seq-A","25","TA","20","202510-dev-tif/lm/20C/A/25/TA/1116-TA-2.csv",2025-11-16,"6","4","3"
"25-20-202510-dev-seq-A","25","TA","20","202510-dev-tif/lm/20C/A/25/TA/1118-TA-4.csv",2025-11-18,"5","4","3"
"25-20-202510-dev-seq-A","25","TA","20","202510-dev-tif/lm/20C/A/25/TA/1118-TA-4.csv",2025-11-18,"5","4","3"
"25-20-202510-dev-seq-A","25","TA","20","202510-dev-tif/lm/20C/A/25/TA/1118-TA-4.csv",2025-11-18,"5","4","3"
"25-20-202510-dev-seq-A","25","TA","20","202510-dev-tif/lm/20C/A/25/TA/1118-TA-4.csv",2025-11-18,"5","4","3"
"25-20-202510-dev-seq-A","25","TA","20","202510-dev-tif/lm/20C/A/25/TA/1118-TA-4.csv",2025-11-18,"5","4","3"
"25-20-202510-dev-seq-A","25","TA","20","202510-dev-tif/lm/20C/A/25/TA/1118-TA-4.csv",2025-11-18,"5","4","3"
"25-20-202510-dev-seq-A","25","TA","20","202510-dev-tif/lm/20C/A/25/TA/1118-TA-4.csv",2025-11-18,"5","4","3"
"25-20-202510-dev-seq-A","25","TA","20","202510-dev-tif/lm/20C/A/25/TA/1118-TA-4.csv",2025-11-18,"5","4","3"
"25-20-202510-dev-seq-A","25","TA","20","202510-dev-tif/lm/20C/A/25/TA/1120-TA-3.csv",2025-11-20,"8","4","3"
"25-20-202510-dev-seq-A","25","TA","20","202510-dev-tif/lm/20C/A/25/TA/1120-TA-3.csv",2025-11-20,"8","4","3"
"25-20-202510-dev-seq-A","25","TA","20","202510-dev-tif/lm/20C/A/25/TA/1120-TA-3.csv",2025-11-20,"8","4","3"
"25-20-202510-dev-seq-A","25","TA","20","202510-dev-tif/lm/20C/A/25/TA/1120-TA-3.csv",2025-11-20,"8","4","3"
"25-20-202510-dev-seq-A","25","TA","20","202510-dev-tif/lm/20C/A/25/TA/1120-TA-3.csv",2025-11-20,"8","4","3"
"25-20-202510-dev-seq-A","25","TA","20","202510-dev-tif/lm/20C/A/25/TA/1120-TA-3.csv",2025-11-20,"8","4","3"
"25-20-202510-dev-seq-A","25","TA","20","202510-dev-tif/lm/20C/A/25/TA/1120-TA-3.csv",2025-11-20,"8","4","3"
"25-20-202510-dev-seq-A","25","TA","20","202510-dev-tif/lm/20C/A/25/TA/1120-TA-3.csv",2025-11-20,"8","4","3"
"25-20-202510-dev-seq-A","25","TA","20","202510-dev-tif/lm/20C/A/25/TA/1121-TA-2.csv",2025-11-21,"8","3","3"
"25-20-202510-dev-seq-A","25","TA","20","202510-dev-tif/lm/20C/A/25/TA/1121-TA-2.csv",2025-11-21,"8","3","3"
"25-20-202510-dev-seq-A","25","TA","20","202510-dev-tif/lm/20C/A/25/TA/1121-TA-2.csv",2025-11-21,"8","3","3"
"25-20-202510-dev-seq-A","25","TA","20","202510-dev-tif/lm/20C/A/25/TA/1121-TA-2.csv",2025-11-21,"8","3","3"
"25-20-202510-dev-seq-A","25","TA","20","202510-dev-tif/lm/20C/A/25/TA/1121-TA-2.csv",2025-11-21,"8","3","3"
"25-20-202510-dev-seq-A","25","TA","20","202510-dev-tif/lm/20C/A/25/TA/1121-TA-2.csv",2025-11-21,"8","3","3"
"25-20-202510-dev-seq-A","25","TA","20","202510-dev-tif/lm/20C/A/25/TA/1121-TA-2.csv",2025-11-21,"8","3","3"
"25-20-202510-dev-seq-A","25","TA","20","202510-dev-tif/lm/20C/A/25/TA/1121-TA-2.csv",2025-11-21,"8","3","3"
"25-20-202510-dev-seq-A","25","TA","20","202510-dev-tif/lm/20C/A/25/TA/1122-TA.csv",2025-11-22,"8","4","3"
"25-20-202510-dev-seq-A","25","TA","20","202510-dev-tif/lm/20C/A/25/TA/1122-TA.csv",2025-11-22,"8","4","3"
"25-20-202510-dev-seq-A","25","TA","20","202510-dev-tif/lm/20C/A/25/TA/1122-TA.csv",2025-11-22,"8","4","3"
"25-20-202510-dev-seq-A","25","TA","20","202510-dev-tif/lm/20C/A/25/TA/1122-TA.csv",2025-11-22,"8","4","3"
"25-20-202510-dev-seq-A","25","TA","20","202510-dev-tif/lm/20C/A/25/TA/1122-TA.csv",2025-11-22,"8","4","3"
"25-20-202510-dev-seq-A","25","TA","20","202510-dev-tif/lm/20C/A/25/TA/1122-TA.csv",2025-11-22,"8","4","3"
"25-20-202510-dev-seq-A","25","TA","20","202510-dev-tif/lm/20C/A/25/TA/1122-TA.csv",2025-11-22,"8","4","3"
"25-20-202510-dev-seq-A","25","TA","20","202510-dev-tif/lm/20C/A/25/TA/1122-TA.csv",2025-11-22,"8","4","3"
"25-20-202510-dev-seq-A","25","TA","20","202510-dev-tif/lm/20C/A/25/TA/1124-TA-3.csv",2025-11-24,"8","6","4"
"25-20-202510-dev-seq-A","25","TA","20","202510-dev-tif/lm/20C/A/25/TA/1124-TA-3.csv",2025-11-24,"8","6","4"
"25-20-202510-dev-seq-A","25","TA","20","202510-dev-tif/lm/20C/A/25/TA/1124-TA-3.csv",2025-11-24,"8","6","4"
"25-20-202510-dev-seq-A","25","TA","20","202510-dev-tif/lm/20C/A/25/TA/1124-TA-3.csv",2025-11-24,"8","6","4"
"25-20-202510-dev-seq-A","25","TA","20","202510-dev-tif/lm/20C/A/25/TA/1124-TA-3.csv",2025-11-24,"8","6","4"
"25-20-202510-dev-seq-A","25","TA","20","202510-dev-tif/lm/20C/A/25/TA/1124-TA-3.csv",2025-11-24,"8","6","4"
"25-20-202510-dev-seq-A","25","TA","20","202510-dev-tif/lm/20C/A/25/TA/1124-TA-3.csv",2025-11-24,"8","6","4"
"25-20-202510-dev-seq-A","25","TA","20","202510-dev-tif/lm/20C/A/25/TA/1124-TA-3.csv",2025-11-24,"8","6","4"
"26-20-202510-dev-seq-A","26","OA","20","202510-dev-tif/lm/20C/A/26/OA/1025-OA.csv",2025-10-25,"1","1","1"
"26-20-202510-dev-seq-A","26","OA","20","202510-dev-tif/lm/20C/A/26/OA/1025-OA.csv",2025-10-25,"1","1","1"
"26-20-202510-dev-seq-A","26","OA","20","202510-dev-tif/lm/20C/A/26/OA/1025-OA.csv",2025-10-25,"1","1","1"
"26-20-202510-dev-seq-A","26","OA","20","202510-dev-tif/lm/20C/A/26/OA/1025-OA.csv",2025-10-25,"1","1","1"
"26-20-202510-dev-seq-A","26","OA","20","202510-dev-tif/lm/20C/A/26/OA/1027-OA-2.csv",2025-10-27,"2","2","1"
"26-20-202510-dev-seq-A","26","OA","20","202510-dev-tif/lm/20C/A/26/OA/1027-OA-2.csv",2025-10-27,"2","2","1"
"26-20-202510-dev-seq-A","26","OA","20","202510-dev-tif/lm/20C/A/26/OA/1027-OA-2.csv",2025-10-27,"2","2","1"
"26-20-202510-dev-seq-A","26","OA","20","202510-dev-tif/lm/20C/A/26/OA/1027-OA-2.csv",2025-10-27,"2","2","1"
"26-20-202510-dev-seq-A","26","OA","20","202510-dev-tif/lm/20C/A/26/OA/1029-OA-2.csv",2025-10-29,"3","2","2"
"26-20-202510-dev-seq-A","26","OA","20","202510-dev-tif/lm/20C/A/26/OA/1029-OA-2.csv",2025-10-29,"3","2","2"
"26-20-202510-dev-seq-A","26","OA","20","202510-dev-tif/lm/20C/A/26/OA/1029-OA-2.csv",2025-10-29,"3","2","2"
"26-20-202510-dev-seq-A","26","OA","20","202510-dev-tif/lm/20C/A/26/OA/1029-OA-2.csv",2025-10-29,"3","2","2"
"26-20-202510-dev-seq-A","26","OA","20","202510-dev-tif/lm/20C/A/26/OA/1030-OA.csv",2025-10-30,"3","2","2"
"26-20-202510-dev-seq-A","26","OA","20","202510-dev-tif/lm/20C/A/26/OA/1030-OA.csv",2025-10-30,"3","2","2"
"26-20-202510-dev-seq-A","26","OA","20","202510-dev-tif/lm/20C/A/26/OA/1030-OA.csv",2025-10-30,"3","2","2"
"26-20-202510-dev-seq-A","26","OA","20","202510-dev-tif/lm/20C/A/26/OA/1030-OA.csv",2025-10-30,"3","2","2"
"26-20-202510-dev-seq-A","26","OA","20","202510-dev-tif/lm/20C/A/26/OA/1031-OA.csv",2025-10-31,NA,NA,NA
"26-20-202510-dev-seq-A","26","OA","20","202510-dev-tif/lm/20C/A/26/OA/1031-OA.csv",2025-10-31,NA,NA,NA
"26-20-202510-dev-seq-A","26","OA","20","202510-dev-tif/lm/20C/A/26/OA/1031-OA.csv",2025-10-31,NA,NA,NA
"26-20-202510-dev-seq-A","26","OA","20","202510-dev-tif/lm/20C/A/26/OA/1031-OA.csv",2025-10-31,NA,NA,NA
"26-20-202510-dev-seq-A","26","OA","20","202510-dev-tif/lm/20C/A/26/OA/1102-OA-2.csv",2025-11-02,"4","2","2"
"26-20-202510-dev-seq-A","26","OA","20","202510-dev-tif/lm/20C/A/26/OA/1102-OA-2.csv",2025-11-02,"4","2","2"
"26-20-202510-dev-seq-A","26","OA","20","202510-dev-tif/lm/20C/A/26/OA/1102-OA-2.csv",2025-11-02,"4","2","2"
"26-20-202510-dev-seq-A","26","OA","20","202510-dev-tif/lm/20C/A/26/OA/1102-OA-2.csv",2025-11-02,"4","2","2"
"26-20-202510-dev-seq-A","26","OA","20","202510-dev-tif/lm/20C/A/26/OA/1104-OA-2.csv",2025-11-04,"4","2","2"
"26-20-202510-dev-seq-A","26","OA","20","202510-dev-tif/lm/20C/A/26/OA/1104-OA-2.csv",2025-11-04,"4","2","2"
"26-20-202510-dev-seq-A","26","OA","20","202510-dev-tif/lm/20C/A/26/OA/1104-OA-2.csv",2025-11-04,"4","2","2"
"26-20-202510-dev-seq-A","26","OA","20","202510-dev-tif/lm/20C/A/26/OA/1104-OA-2.csv",2025-11-04,"4","2","2"
"26-20-202510-dev-seq-A","26","OA","20","202510-dev-tif/lm/20C/A/26/OA/1106-OA.csv",2025-11-06,"6","3","2"
"26-20-202510-dev-seq-A","26","OA","20","202510-dev-tif/lm/20C/A/26/OA/1106-OA.csv",2025-11-06,"6","3","2"
"26-20-202510-dev-seq-A","26","OA","20","202510-dev-tif/lm/20C/A/26/OA/1106-OA.csv",2025-11-06,"6","3","2"
"26-20-202510-dev-seq-A","26","OA","20","202510-dev-tif/lm/20C/A/26/OA/1106-OA.csv",2025-11-06,"6","3","2"
"26-20-202510-dev-seq-A","26","OA","20","202510-dev-tif/lm/20C/A/26/OA/1108-OA-4.csv",2025-11-08,"6","3","3"
"26-20-202510-dev-seq-A","26","OA","20","202510-dev-tif/lm/20C/A/26/OA/1108-OA-4.csv",2025-11-08,"6","3","3"
"26-20-202510-dev-seq-A","26","OA","20","202510-dev-tif/lm/20C/A/26/OA/1108-OA-4.csv",2025-11-08,"6","3","3"
"26-20-202510-dev-seq-A","26","OA","20","202510-dev-tif/lm/20C/A/26/OA/1108-OA-4.csv",2025-11-08,"6","3","3"
"26-20-202510-dev-seq-A","26","OA","20","202510-dev-tif/lm/20C/A/26/OA/1110-OA-2.csv",2025-11-10,"6","4","3"
"26-20-202510-dev-seq-A","26","OA","20","202510-dev-tif/lm/20C/A/26/OA/1110-OA-2.csv",2025-11-10,"6","4","3"
"26-20-202510-dev-seq-A","26","OA","20","202510-dev-tif/lm/20C/A/26/OA/1110-OA-2.csv",2025-11-10,"6","4","3"
"26-20-202510-dev-seq-A","26","OA","20","202510-dev-tif/lm/20C/A/26/OA/1110-OA-2.csv",2025-11-10,"6","4","3"
"26-20-202510-dev-seq-A","26","OA","20","202510-dev-tif/lm/20C/A/26/OA/1112-OA-2.csv",2025-11-12,"5","3","3"
"26-20-202510-dev-seq-A","26","OA","20","202510-dev-tif/lm/20C/A/26/OA/1112-OA-2.csv",2025-11-12,"5","3","3"
"26-20-202510-dev-seq-A","26","OA","20","202510-dev-tif/lm/20C/A/26/OA/1112-OA-2.csv",2025-11-12,"5","3","3"
"26-20-202510-dev-seq-A","26","OA","20","202510-dev-tif/lm/20C/A/26/OA/1112-OA-2.csv",2025-11-12,"5","3","3"
"26-20-202510-dev-seq-A","26","OA","20","202510-dev-tif/lm/20C/A/26/OA/1114-OA-3.csv",2025-11-14,"5","3","3"
"26-20-202510-dev-seq-A","26","OA","20","202510-dev-tif/lm/20C/A/26/OA/1114-OA-3.csv",2025-11-14,"5","3","3"
"26-20-202510-dev-seq-A","26","OA","20","202510-dev-tif/lm/20C/A/26/OA/1114-OA-3.csv",2025-11-14,"5","3","3"
"26-20-202510-dev-seq-A","26","OA","20","202510-dev-tif/lm/20C/A/26/OA/1114-OA-3.csv",2025-11-14,"5","3","3"
"26-20-202510-dev-seq-A","26","OA","20","202510-dev-tif/lm/20C/A/26/OA/1116-OA-3.csv",2025-11-16,"5","4","3"
"26-20-202510-dev-seq-A","26","OA","20","202510-dev-tif/lm/20C/A/26/OA/1116-OA-3.csv",2025-11-16,"5","4","3"
"26-20-202510-dev-seq-A","26","OA","20","202510-dev-tif/lm/20C/A/26/OA/1116-OA-3.csv",2025-11-16,"5","4","3"
"26-20-202510-dev-seq-A","26","OA","20","202510-dev-tif/lm/20C/A/26/OA/1116-OA-3.csv",2025-11-16,"5","4","3"
"26-20-202510-dev-seq-A","26","OA","20","202510-dev-tif/lm/20C/A/26/OA/1118-OA-3.csv",2025-11-18,"5","4","3"
"26-20-202510-dev-seq-A","26","OA","20","202510-dev-tif/lm/20C/A/26/OA/1118-OA-3.csv",2025-11-18,"5","4","3"
"26-20-202510-dev-seq-A","26","OA","20","202510-dev-tif/lm/20C/A/26/OA/1118-OA-3.csv",2025-11-18,"5","4","3"
"26-20-202510-dev-seq-A","26","OA","20","202510-dev-tif/lm/20C/A/26/OA/1118-OA-3.csv",2025-11-18,"5","4","3"
"26-20-202510-dev-seq-A","26","OA","20","202510-dev-tif/lm/20C/A/26/OA/1120-OA-2.csv",2025-11-20,"5","4","3"
"26-20-202510-dev-seq-A","26","OA","20","202510-dev-tif/lm/20C/A/26/OA/1120-OA-2.csv",2025-11-20,"5","4","3"
"26-20-202510-dev-seq-A","26","OA","20","202510-dev-tif/lm/20C/A/26/OA/1120-OA-2.csv",2025-11-20,"5","4","3"
"26-20-202510-dev-seq-A","26","OA","20","202510-dev-tif/lm/20C/A/26/OA/1120-OA-2.csv",2025-11-20,"5","4","3"
"26-20-202510-dev-seq-A","26","OA","20","202510-dev-tif/lm/20C/A/26/OA/1121-OA-5.csv",2025-11-21,"5","4","3"
"26-20-202510-dev-seq-A","26","OA","20","202510-dev-tif/lm/20C/A/26/OA/1121-OA-5.csv",2025-11-21,"5","4","3"
"26-20-202510-dev-seq-A","26","OA","20","202510-dev-tif/lm/20C/A/26/OA/1121-OA-5.csv",2025-11-21,"5","4","3"
"26-20-202510-dev-seq-A","26","OA","20","202510-dev-tif/lm/20C/A/26/OA/1121-OA-5.csv",2025-11-21,"5","4","3"
"26-20-202510-dev-seq-A","26","OA","20","202510-dev-tif/lm/20C/A/26/OA/1122-OA-2.csv",2025-11-22,"6","3","3"
"26-20-202510-dev-seq-A","26","OA","20","202510-dev-tif/lm/20C/A/26/OA/1122-OA-2.csv",2025-11-22,"6","3","3"
"26-20-202510-dev-seq-A","26","OA","20","202510-dev-tif/lm/20C/A/26/OA/1122-OA-2.csv",2025-11-22,"6","3","3"
"26-20-202510-dev-seq-A","26","OA","20","202510-dev-tif/lm/20C/A/26/OA/1122-OA-2.csv",2025-11-22,"6","3","3"
"26-20-202510-dev-seq-A","26","OA","20","202510-dev-tif/lm/20C/A/26/OA/1124-OA-3.csv",2025-11-24,"6","4","3"
"26-20-202510-dev-seq-A","26","OA","20","202510-dev-tif/lm/20C/A/26/OA/1124-OA-3.csv",2025-11-24,"6","4","3"
"26-20-202510-dev-seq-A","26","OA","20","202510-dev-tif/lm/20C/A/26/OA/1124-OA-3.csv",2025-11-24,"6","4","3"
"26-20-202510-dev-seq-A","26","OA","20","202510-dev-tif/lm/20C/A/26/OA/1124-OA-3.csv",2025-11-24,"6","4","3"
"26-20-202510-dev-seq-A","26","PA","20","202510-dev-tif/lm/20C/A/26/PA/1025-PA-3.csv",2025-10-25,"1","1","1"
"26-20-202510-dev-seq-A","26","PA","20","202510-dev-tif/lm/20C/A/26/PA/1025-PA-3.csv",2025-10-25,"1","1","1"
"26-20-202510-dev-seq-A","26","PA","20","202510-dev-tif/lm/20C/A/26/PA/1025-PA-3.csv",2025-10-25,"1","1","1"
"26-20-202510-dev-seq-A","26","PA","20","202510-dev-tif/lm/20C/A/26/PA/1025-PA-3.csv",2025-10-25,"1","1","1"
"26-20-202510-dev-seq-A","26","PA","20","202510-dev-tif/lm/20C/A/26/PA/1025-PA-3.csv",2025-10-25,"1","1","1"
"26-20-202510-dev-seq-A","26","PA","20","202510-dev-tif/lm/20C/A/26/PA/1027-PA-2.csv",2025-10-27,"2","2","1"
"26-20-202510-dev-seq-A","26","PA","20","202510-dev-tif/lm/20C/A/26/PA/1027-PA-2.csv",2025-10-27,"2","2","1"
"26-20-202510-dev-seq-A","26","PA","20","202510-dev-tif/lm/20C/A/26/PA/1027-PA-2.csv",2025-10-27,"2","2","1"
"26-20-202510-dev-seq-A","26","PA","20","202510-dev-tif/lm/20C/A/26/PA/1027-PA-2.csv",2025-10-27,"2","2","1"
"26-20-202510-dev-seq-A","26","PA","20","202510-dev-tif/lm/20C/A/26/PA/1027-PA-2.csv",2025-10-27,"2","2","1"
"26-20-202510-dev-seq-A","26","PA","20","202510-dev-tif/lm/20C/A/26/PA/1029-PA-3.csv",2025-10-29,"3","2","2"
"26-20-202510-dev-seq-A","26","PA","20","202510-dev-tif/lm/20C/A/26/PA/1029-PA-3.csv",2025-10-29,"3","2","2"
"26-20-202510-dev-seq-A","26","PA","20","202510-dev-tif/lm/20C/A/26/PA/1029-PA-3.csv",2025-10-29,"3","2","2"
"26-20-202510-dev-seq-A","26","PA","20","202510-dev-tif/lm/20C/A/26/PA/1029-PA-3.csv",2025-10-29,"3","2","2"
"26-20-202510-dev-seq-A","26","PA","20","202510-dev-tif/lm/20C/A/26/PA/1029-PA-3.csv",2025-10-29,"3","2","2"
"26-20-202510-dev-seq-A","26","PA","20","202510-dev-tif/lm/20C/A/26/PA/1030-PA.csv",2025-10-30,"3","2","2"
"26-20-202510-dev-seq-A","26","PA","20","202510-dev-tif/lm/20C/A/26/PA/1030-PA.csv",2025-10-30,"3","2","2"
"26-20-202510-dev-seq-A","26","PA","20","202510-dev-tif/lm/20C/A/26/PA/1030-PA.csv",2025-10-30,"3","2","2"
"26-20-202510-dev-seq-A","26","PA","20","202510-dev-tif/lm/20C/A/26/PA/1030-PA.csv",2025-10-30,"3","2","2"
"26-20-202510-dev-seq-A","26","PA","20","202510-dev-tif/lm/20C/A/26/PA/1030-PA.csv",2025-10-30,"3","2","2"
"26-20-202510-dev-seq-A","26","PA","20","202510-dev-tif/lm/20C/A/26/PA/1102-PA-2.csv",2025-11-02,"4","2","2"
"26-20-202510-dev-seq-A","26","PA","20","202510-dev-tif/lm/20C/A/26/PA/1102-PA-2.csv",2025-11-02,"4","2","2"
"26-20-202510-dev-seq-A","26","PA","20","202510-dev-tif/lm/20C/A/26/PA/1102-PA-2.csv",2025-11-02,"4","2","2"
"26-20-202510-dev-seq-A","26","PA","20","202510-dev-tif/lm/20C/A/26/PA/1102-PA-2.csv",2025-11-02,"4","2","2"
"26-20-202510-dev-seq-A","26","PA","20","202510-dev-tif/lm/20C/A/26/PA/1102-PA-2.csv",2025-11-02,"4","2","2"
"26-20-202510-dev-seq-A","26","PA","20","202510-dev-tif/lm/20C/A/26/PA/1104-PA-3.csv",2025-11-04,"4","2","2"
"26-20-202510-dev-seq-A","26","PA","20","202510-dev-tif/lm/20C/A/26/PA/1104-PA-3.csv",2025-11-04,"4","2","2"
"26-20-202510-dev-seq-A","26","PA","20","202510-dev-tif/lm/20C/A/26/PA/1104-PA-3.csv",2025-11-04,"4","2","2"
"26-20-202510-dev-seq-A","26","PA","20","202510-dev-tif/lm/20C/A/26/PA/1104-PA-3.csv",2025-11-04,"4","2","2"
"26-20-202510-dev-seq-A","26","PA","20","202510-dev-tif/lm/20C/A/26/PA/1104-PA-3.csv",2025-11-04,"4","2","2"
"26-20-202510-dev-seq-A","26","PA","20","202510-dev-tif/lm/20C/A/26/PA/1106-PA.csv",2025-11-06,"6","3","2"
"26-20-202510-dev-seq-A","26","PA","20","202510-dev-tif/lm/20C/A/26/PA/1106-PA.csv",2025-11-06,"6","3","2"
"26-20-202510-dev-seq-A","26","PA","20","202510-dev-tif/lm/20C/A/26/PA/1106-PA.csv",2025-11-06,"6","3","2"
"26-20-202510-dev-seq-A","26","PA","20","202510-dev-tif/lm/20C/A/26/PA/1106-PA.csv",2025-11-06,"6","3","2"
"26-20-202510-dev-seq-A","26","PA","20","202510-dev-tif/lm/20C/A/26/PA/1106-PA.csv",2025-11-06,"6","3","2"
"26-20-202510-dev-seq-A","26","PA","20","202510-dev-tif/lm/20C/A/26/PA/1108-PA-3.csv",2025-11-08,"6","3","3"
"26-20-202510-dev-seq-A","26","PA","20","202510-dev-tif/lm/20C/A/26/PA/1108-PA-3.csv",2025-11-08,"6","3","3"
"26-20-202510-dev-seq-A","26","PA","20","202510-dev-tif/lm/20C/A/26/PA/1108-PA-3.csv",2025-11-08,"6","3","3"
"26-20-202510-dev-seq-A","26","PA","20","202510-dev-tif/lm/20C/A/26/PA/1108-PA-3.csv",2025-11-08,"6","3","3"
"26-20-202510-dev-seq-A","26","PA","20","202510-dev-tif/lm/20C/A/26/PA/1108-PA-3.csv",2025-11-08,"6","3","3"
"26-20-202510-dev-seq-A","26","PA","20","202510-dev-tif/lm/20C/A/26/PA/1110-PA.csv",2025-11-10,"6","4","3"
"26-20-202510-dev-seq-A","26","PA","20","202510-dev-tif/lm/20C/A/26/PA/1110-PA.csv",2025-11-10,"6","4","3"
"26-20-202510-dev-seq-A","26","PA","20","202510-dev-tif/lm/20C/A/26/PA/1110-PA.csv",2025-11-10,"6","4","3"
"26-20-202510-dev-seq-A","26","PA","20","202510-dev-tif/lm/20C/A/26/PA/1110-PA.csv",2025-11-10,"6","4","3"
"26-20-202510-dev-seq-A","26","PA","20","202510-dev-tif/lm/20C/A/26/PA/1110-PA.csv",2025-11-10,"6","4","3"
"26-20-202510-dev-seq-A","26","PA","20","202510-dev-tif/lm/20C/A/26/PA/1112-PA-2.csv",2025-11-12,"5","3","3"
"26-20-202510-dev-seq-A","26","PA","20","202510-dev-tif/lm/20C/A/26/PA/1112-PA-2.csv",2025-11-12,"5","3","3"
"26-20-202510-dev-seq-A","26","PA","20","202510-dev-tif/lm/20C/A/26/PA/1112-PA-2.csv",2025-11-12,"5","3","3"
"26-20-202510-dev-seq-A","26","PA","20","202510-dev-tif/lm/20C/A/26/PA/1112-PA-2.csv",2025-11-12,"5","3","3"
"26-20-202510-dev-seq-A","26","PA","20","202510-dev-tif/lm/20C/A/26/PA/1112-PA-2.csv",2025-11-12,"5","3","3"
"26-20-202510-dev-seq-A","26","PA","20","202510-dev-tif/lm/20C/A/26/PA/1114-PA-3.csv",2025-11-14,"5","3","3"
"26-20-202510-dev-seq-A","26","PA","20","202510-dev-tif/lm/20C/A/26/PA/1114-PA-3.csv",2025-11-14,"5","3","3"
"26-20-202510-dev-seq-A","26","PA","20","202510-dev-tif/lm/20C/A/26/PA/1114-PA-3.csv",2025-11-14,"5","3","3"
"26-20-202510-dev-seq-A","26","PA","20","202510-dev-tif/lm/20C/A/26/PA/1114-PA-3.csv",2025-11-14,"5","3","3"
"26-20-202510-dev-seq-A","26","PA","20","202510-dev-tif/lm/20C/A/26/PA/1114-PA-3.csv",2025-11-14,"5","3","3"
"26-20-202510-dev-seq-A","26","PA","20","202510-dev-tif/lm/20C/A/26/PA/1116-PA-2.csv",2025-11-16,"5","4","3"
"26-20-202510-dev-seq-A","26","PA","20","202510-dev-tif/lm/20C/A/26/PA/1116-PA-2.csv",2025-11-16,"5","4","3"
"26-20-202510-dev-seq-A","26","PA","20","202510-dev-tif/lm/20C/A/26/PA/1116-PA-2.csv",2025-11-16,"5","4","3"
"26-20-202510-dev-seq-A","26","PA","20","202510-dev-tif/lm/20C/A/26/PA/1116-PA-2.csv",2025-11-16,"5","4","3"
"26-20-202510-dev-seq-A","26","PA","20","202510-dev-tif/lm/20C/A/26/PA/1116-PA-2.csv",2025-11-16,"5","4","3"
"26-20-202510-dev-seq-A","26","PA","20","202510-dev-tif/lm/20C/A/26/PA/1118-PA-2.csv",2025-11-18,"5","4","3"
"26-20-202510-dev-seq-A","26","PA","20","202510-dev-tif/lm/20C/A/26/PA/1118-PA-2.csv",2025-11-18,"5","4","3"
"26-20-202510-dev-seq-A","26","PA","20","202510-dev-tif/lm/20C/A/26/PA/1118-PA-2.csv",2025-11-18,"5","4","3"
"26-20-202510-dev-seq-A","26","PA","20","202510-dev-tif/lm/20C/A/26/PA/1118-PA-2.csv",2025-11-18,"5","4","3"
"26-20-202510-dev-seq-A","26","PA","20","202510-dev-tif/lm/20C/A/26/PA/1118-PA-2.csv",2025-11-18,"5","4","3"
"26-20-202510-dev-seq-A","26","PA","20","202510-dev-tif/lm/20C/A/26/PA/1120-PA-5.csv",2025-11-20,"5","4","3"
"26-20-202510-dev-seq-A","26","PA","20","202510-dev-tif/lm/20C/A/26/PA/1120-PA-5.csv",2025-11-20,"5","4","3"
"26-20-202510-dev-seq-A","26","PA","20","202510-dev-tif/lm/20C/A/26/PA/1120-PA-5.csv",2025-11-20,"5","4","3"
"26-20-202510-dev-seq-A","26","PA","20","202510-dev-tif/lm/20C/A/26/PA/1120-PA-5.csv",2025-11-20,"5","4","3"
"26-20-202510-dev-seq-A","26","PA","20","202510-dev-tif/lm/20C/A/26/PA/1120-PA-5.csv",2025-11-20,"5","4","3"
"26-20-202510-dev-seq-A","26","PA","20","202510-dev-tif/lm/20C/A/26/PA/1121-PA-3.csv",2025-11-21,"5","4","3"
"26-20-202510-dev-seq-A","26","PA","20","202510-dev-tif/lm/20C/A/26/PA/1121-PA-3.csv",2025-11-21,"5","4","3"
"26-20-202510-dev-seq-A","26","PA","20","202510-dev-tif/lm/20C/A/26/PA/1121-PA-3.csv",2025-11-21,"5","4","3"
"26-20-202510-dev-seq-A","26","PA","20","202510-dev-tif/lm/20C/A/26/PA/1121-PA-3.csv",2025-11-21,"5","4","3"
"26-20-202510-dev-seq-A","26","PA","20","202510-dev-tif/lm/20C/A/26/PA/1121-PA-3.csv",2025-11-21,"5","4","3"
"26-20-202510-dev-seq-A","26","PA","20","202510-dev-tif/lm/20C/A/26/PA/1122-PA-2.csv",2025-11-22,"6","3","3"
"26-20-202510-dev-seq-A","26","PA","20","202510-dev-tif/lm/20C/A/26/PA/1122-PA-2.csv",2025-11-22,"6","3","3"
"26-20-202510-dev-seq-A","26","PA","20","202510-dev-tif/lm/20C/A/26/PA/1122-PA-2.csv",2025-11-22,"6","3","3"
"26-20-202510-dev-seq-A","26","PA","20","202510-dev-tif/lm/20C/A/26/PA/1122-PA-2.csv",2025-11-22,"6","3","3"
"26-20-202510-dev-seq-A","26","PA","20","202510-dev-tif/lm/20C/A/26/PA/1122-PA-2.csv",2025-11-22,"6","3","3"
"26-20-202510-dev-seq-A","26","PA","20","202510-dev-tif/lm/20C/A/26/PA/1124-PA-3.csv",2025-11-24,"6","4","3"
"26-20-202510-dev-seq-A","26","PA","20","202510-dev-tif/lm/20C/A/26/PA/1124-PA-3.csv",2025-11-24,"6","4","3"
"26-20-202510-dev-seq-A","26","PA","20","202510-dev-tif/lm/20C/A/26/PA/1124-PA-3.csv",2025-11-24,"6","4","3"
"26-20-202510-dev-seq-A","26","PA","20","202510-dev-tif/lm/20C/A/26/PA/1124-PA-3.csv",2025-11-24,"6","4","3"
"26-20-202510-dev-seq-A","26","PA","20","202510-dev-tif/lm/20C/A/26/PA/1124-PA-3.csv",2025-11-24,"6","4","3"
"26-20-202510-dev-seq-A","26","TA","20","202510-dev-tif/lm/20C/A/26/TA/1025-TA-2.csv",2025-10-25,"1","1","1"
"26-20-202510-dev-seq-A","26","TA","20","202510-dev-tif/lm/20C/A/26/TA/1025-TA-2.csv",2025-10-25,"1","1","1"
"26-20-202510-dev-seq-A","26","TA","20","202510-dev-tif/lm/20C/A/26/TA/1025-TA-2.csv",2025-10-25,"1","1","1"
"26-20-202510-dev-seq-A","26","TA","20","202510-dev-tif/lm/20C/A/26/TA/1025-TA-2.csv",2025-10-25,"1","1","1"
"26-20-202510-dev-seq-A","26","TA","20","202510-dev-tif/lm/20C/A/26/TA/1025-TA-2.csv",2025-10-25,"1","1","1"
"26-20-202510-dev-seq-A","26","TA","20","202510-dev-tif/lm/20C/A/26/TA/1025-TA-2.csv",2025-10-25,"1","1","1"
"26-20-202510-dev-seq-A","26","TA","20","202510-dev-tif/lm/20C/A/26/TA/1025-TA-2.csv",2025-10-25,"1","1","1"
"26-20-202510-dev-seq-A","26","TA","20","202510-dev-tif/lm/20C/A/26/TA/1025-TA-2.csv",2025-10-25,"1","1","1"
"26-20-202510-dev-seq-A","26","TA","20","202510-dev-tif/lm/20C/A/26/TA/1027-TA-2.csv",2025-10-27,"2","2","1"
"26-20-202510-dev-seq-A","26","TA","20","202510-dev-tif/lm/20C/A/26/TA/1027-TA-2.csv",2025-10-27,"2","2","1"
"26-20-202510-dev-seq-A","26","TA","20","202510-dev-tif/lm/20C/A/26/TA/1027-TA-2.csv",2025-10-27,"2","2","1"
"26-20-202510-dev-seq-A","26","TA","20","202510-dev-tif/lm/20C/A/26/TA/1027-TA-2.csv",2025-10-27,"2","2","1"
"26-20-202510-dev-seq-A","26","TA","20","202510-dev-tif/lm/20C/A/26/TA/1027-TA-2.csv",2025-10-27,"2","2","1"
"26-20-202510-dev-seq-A","26","TA","20","202510-dev-tif/lm/20C/A/26/TA/1027-TA-2.csv",2025-10-27,"2","2","1"
"26-20-202510-dev-seq-A","26","TA","20","202510-dev-tif/lm/20C/A/26/TA/1027-TA-2.csv",2025-10-27,"2","2","1"
"26-20-202510-dev-seq-A","26","TA","20","202510-dev-tif/lm/20C/A/26/TA/1027-TA-2.csv",2025-10-27,"2","2","1"
"26-20-202510-dev-seq-A","26","TA","20","202510-dev-tif/lm/20C/A/26/TA/1029-TA-2.csv",2025-10-29,"3","2","2"
"26-20-202510-dev-seq-A","26","TA","20","202510-dev-tif/lm/20C/A/26/TA/1029-TA-2.csv",2025-10-29,"3","2","2"
"26-20-202510-dev-seq-A","26","TA","20","202510-dev-tif/lm/20C/A/26/TA/1029-TA-2.csv",2025-10-29,"3","2","2"
"26-20-202510-dev-seq-A","26","TA","20","202510-dev-tif/lm/20C/A/26/TA/1029-TA-2.csv",2025-10-29,"3","2","2"
"26-20-202510-dev-seq-A","26","TA","20","202510-dev-tif/lm/20C/A/26/TA/1029-TA-2.csv",2025-10-29,"3","2","2"
"26-20-202510-dev-seq-A","26","TA","20","202510-dev-tif/lm/20C/A/26/TA/1029-TA-2.csv",2025-10-29,"3","2","2"
"26-20-202510-dev-seq-A","26","TA","20","202510-dev-tif/lm/20C/A/26/TA/1029-TA-2.csv",2025-10-29,"3","2","2"
"26-20-202510-dev-seq-A","26","TA","20","202510-dev-tif/lm/20C/A/26/TA/1029-TA-2.csv",2025-10-29,"3","2","2"
"26-20-202510-dev-seq-A","26","TA","20","202510-dev-tif/lm/20C/A/26/TA/1030-TA-3.csv",2025-10-30,"3","2","2"
"26-20-202510-dev-seq-A","26","TA","20","202510-dev-tif/lm/20C/A/26/TA/1030-TA-3.csv",2025-10-30,"3","2","2"
"26-20-202510-dev-seq-A","26","TA","20","202510-dev-tif/lm/20C/A/26/TA/1030-TA-3.csv",2025-10-30,"3","2","2"
"26-20-202510-dev-seq-A","26","TA","20","202510-dev-tif/lm/20C/A/26/TA/1030-TA-3.csv",2025-10-30,"3","2","2"
"26-20-202510-dev-seq-A","26","TA","20","202510-dev-tif/lm/20C/A/26/TA/1030-TA-3.csv",2025-10-30,"3","2","2"
"26-20-202510-dev-seq-A","26","TA","20","202510-dev-tif/lm/20C/A/26/TA/1030-TA-3.csv",2025-10-30,"3","2","2"
"26-20-202510-dev-seq-A","26","TA","20","202510-dev-tif/lm/20C/A/26/TA/1030-TA-3.csv",2025-10-30,"3","2","2"
"26-20-202510-dev-seq-A","26","TA","20","202510-dev-tif/lm/20C/A/26/TA/1030-TA-3.csv",2025-10-30,"3","2","2"
"26-20-202510-dev-seq-A","26","TA","20","202510-dev-tif/lm/20C/A/26/TA/1031-TA.csv",2025-10-31,NA,NA,NA
"26-20-202510-dev-seq-A","26","TA","20","202510-dev-tif/lm/20C/A/26/TA/1031-TA.csv",2025-10-31,NA,NA,NA
"26-20-202510-dev-seq-A","26","TA","20","202510-dev-tif/lm/20C/A/26/TA/1031-TA.csv",2025-10-31,NA,NA,NA
"26-20-202510-dev-seq-A","26","TA","20","202510-dev-tif/lm/20C/A/26/TA/1031-TA.csv",2025-10-31,NA,NA,NA
"26-20-202510-dev-seq-A","26","TA","20","202510-dev-tif/lm/20C/A/26/TA/1031-TA.csv",2025-10-31,NA,NA,NA
"26-20-202510-dev-seq-A","26","TA","20","202510-dev-tif/lm/20C/A/26/TA/1031-TA.csv",2025-10-31,NA,NA,NA
"26-20-202510-dev-seq-A","26","TA","20","202510-dev-tif/lm/20C/A/26/TA/1031-TA.csv",2025-10-31,NA,NA,NA
"26-20-202510-dev-seq-A","26","TA","20","202510-dev-tif/lm/20C/A/26/TA/1031-TA.csv",2025-10-31,NA,NA,NA
"26-20-202510-dev-seq-A","26","TA","20","202510-dev-tif/lm/20C/A/26/TA/1102-TA.csv",2025-11-02,"4","2","2"
"26-20-202510-dev-seq-A","26","TA","20","202510-dev-tif/lm/20C/A/26/TA/1102-TA.csv",2025-11-02,"4","2","2"
"26-20-202510-dev-seq-A","26","TA","20","202510-dev-tif/lm/20C/A/26/TA/1102-TA.csv",2025-11-02,"4","2","2"
"26-20-202510-dev-seq-A","26","TA","20","202510-dev-tif/lm/20C/A/26/TA/1102-TA.csv",2025-11-02,"4","2","2"
"26-20-202510-dev-seq-A","26","TA","20","202510-dev-tif/lm/20C/A/26/TA/1102-TA.csv",2025-11-02,"4","2","2"
"26-20-202510-dev-seq-A","26","TA","20","202510-dev-tif/lm/20C/A/26/TA/1102-TA.csv",2025-11-02,"4","2","2"
"26-20-202510-dev-seq-A","26","TA","20","202510-dev-tif/lm/20C/A/26/TA/1102-TA.csv",2025-11-02,"4","2","2"
"26-20-202510-dev-seq-A","26","TA","20","202510-dev-tif/lm/20C/A/26/TA/1102-TA.csv",2025-11-02,"4","2","2"
"26-20-202510-dev-seq-A","26","TA","20","202510-dev-tif/lm/20C/A/26/TA/1104-TA-4.csv",2025-11-04,"4","2","2"
"26-20-202510-dev-seq-A","26","TA","20","202510-dev-tif/lm/20C/A/26/TA/1104-TA-4.csv",2025-11-04,"4","2","2"
"26-20-202510-dev-seq-A","26","TA","20","202510-dev-tif/lm/20C/A/26/TA/1104-TA-4.csv",2025-11-04,"4","2","2"
"26-20-202510-dev-seq-A","26","TA","20","202510-dev-tif/lm/20C/A/26/TA/1104-TA-4.csv",2025-11-04,"4","2","2"
"26-20-202510-dev-seq-A","26","TA","20","202510-dev-tif/lm/20C/A/26/TA/1104-TA-4.csv",2025-11-04,"4","2","2"
"26-20-202510-dev-seq-A","26","TA","20","202510-dev-tif/lm/20C/A/26/TA/1104-TA-4.csv",2025-11-04,"4","2","2"
"26-20-202510-dev-seq-A","26","TA","20","202510-dev-tif/lm/20C/A/26/TA/1104-TA-4.csv",2025-11-04,"4","2","2"
"26-20-202510-dev-seq-A","26","TA","20","202510-dev-tif/lm/20C/A/26/TA/1104-TA-4.csv",2025-11-04,"4","2","2"
"26-20-202510-dev-seq-A","26","TA","20","202510-dev-tif/lm/20C/A/26/TA/1106-TA-2.csv",2025-11-06,"6","3","2"
"26-20-202510-dev-seq-A","26","TA","20","202510-dev-tif/lm/20C/A/26/TA/1106-TA-2.csv",2025-11-06,"6","3","2"
"26-20-202510-dev-seq-A","26","TA","20","202510-dev-tif/lm/20C/A/26/TA/1106-TA-2.csv",2025-11-06,"6","3","2"
"26-20-202510-dev-seq-A","26","TA","20","202510-dev-tif/lm/20C/A/26/TA/1106-TA-2.csv",2025-11-06,"6","3","2"
"26-20-202510-dev-seq-A","26","TA","20","202510-dev-tif/lm/20C/A/26/TA/1106-TA-2.csv",2025-11-06,"6","3","2"
"26-20-202510-dev-seq-A","26","TA","20","202510-dev-tif/lm/20C/A/26/TA/1106-TA-2.csv",2025-11-06,"6","3","2"
"26-20-202510-dev-seq-A","26","TA","20","202510-dev-tif/lm/20C/A/26/TA/1106-TA-2.csv",2025-11-06,"6","3","2"
"26-20-202510-dev-seq-A","26","TA","20","202510-dev-tif/lm/20C/A/26/TA/1106-TA-2.csv",2025-11-06,"6","3","2"
"26-20-202510-dev-seq-A","26","TA","20","202510-dev-tif/lm/20C/A/26/TA/1108-TA-2.csv",2025-11-08,"6","3","3"
"26-20-202510-dev-seq-A","26","TA","20","202510-dev-tif/lm/20C/A/26/TA/1108-TA-2.csv",2025-11-08,"6","3","3"
"26-20-202510-dev-seq-A","26","TA","20","202510-dev-tif/lm/20C/A/26/TA/1108-TA-2.csv",2025-11-08,"6","3","3"
"26-20-202510-dev-seq-A","26","TA","20","202510-dev-tif/lm/20C/A/26/TA/1108-TA-2.csv",2025-11-08,"6","3","3"
"26-20-202510-dev-seq-A","26","TA","20","202510-dev-tif/lm/20C/A/26/TA/1108-TA-2.csv",2025-11-08,"6","3","3"
"26-20-202510-dev-seq-A","26","TA","20","202510-dev-tif/lm/20C/A/26/TA/1108-TA-2.csv",2025-11-08,"6","3","3"
"26-20-202510-dev-seq-A","26","TA","20","202510-dev-tif/lm/20C/A/26/TA/1108-TA-2.csv",2025-11-08,"6","3","3"
"26-20-202510-dev-seq-A","26","TA","20","202510-dev-tif/lm/20C/A/26/TA/1108-TA-2.csv",2025-11-08,"6","3","3"
"26-20-202510-dev-seq-A","26","TA","20","202510-dev-tif/lm/20C/A/26/TA/1110-TA-2.csv",2025-11-10,"6","4","3"
"26-20-202510-dev-seq-A","26","TA","20","202510-dev-tif/lm/20C/A/26/TA/1110-TA-2.csv",2025-11-10,"6","4","3"
"26-20-202510-dev-seq-A","26","TA","20","202510-dev-tif/lm/20C/A/26/TA/1110-TA-2.csv",2025-11-10,"6","4","3"
"26-20-202510-dev-seq-A","26","TA","20","202510-dev-tif/lm/20C/A/26/TA/1110-TA-2.csv",2025-11-10,"6","4","3"
"26-20-202510-dev-seq-A","26","TA","20","202510-dev-tif/lm/20C/A/26/TA/1110-TA-2.csv",2025-11-10,"6","4","3"
"26-20-202510-dev-seq-A","26","TA","20","202510-dev-tif/lm/20C/A/26/TA/1110-TA-2.csv",2025-11-10,"6","4","3"
"26-20-202510-dev-seq-A","26","TA","20","202510-dev-tif/lm/20C/A/26/TA/1110-TA-2.csv",2025-11-10,"6","4","3"
"26-20-202510-dev-seq-A","26","TA","20","202510-dev-tif/lm/20C/A/26/TA/1110-TA-2.csv",2025-11-10,"6","4","3"
"26-20-202510-dev-seq-A","26","TA","20","202510-dev-tif/lm/20C/A/26/TA/1112-TA-3.csv",2025-11-12,"5","3","3"
"26-20-202510-dev-seq-A","26","TA","20","202510-dev-tif/lm/20C/A/26/TA/1112-TA-3.csv",2025-11-12,"5","3","3"
"26-20-202510-dev-seq-A","26","TA","20","202510-dev-tif/lm/20C/A/26/TA/1112-TA-3.csv",2025-11-12,"5","3","3"
"26-20-202510-dev-seq-A","26","TA","20","202510-dev-tif/lm/20C/A/26/TA/1112-TA-3.csv",2025-11-12,"5","3","3"
"26-20-202510-dev-seq-A","26","TA","20","202510-dev-tif/lm/20C/A/26/TA/1112-TA-3.csv",2025-11-12,"5","3","3"
"26-20-202510-dev-seq-A","26","TA","20","202510-dev-tif/lm/20C/A/26/TA/1112-TA-3.csv",2025-11-12,"5","3","3"
"26-20-202510-dev-seq-A","26","TA","20","202510-dev-tif/lm/20C/A/26/TA/1112-TA-3.csv",2025-11-12,"5","3","3"
"26-20-202510-dev-seq-A","26","TA","20","202510-dev-tif/lm/20C/A/26/TA/1112-TA-3.csv",2025-11-12,"5","3","3"
"26-20-202510-dev-seq-A","26","TA","20","202510-dev-tif/lm/20C/A/26/TA/1114-TA-5.csv",2025-11-14,"5","3","3"
"26-20-202510-dev-seq-A","26","TA","20","202510-dev-tif/lm/20C/A/26/TA/1114-TA-5.csv",2025-11-14,"5","3","3"
"26-20-202510-dev-seq-A","26","TA","20","202510-dev-tif/lm/20C/A/26/TA/1114-TA-5.csv",2025-11-14,"5","3","3"
"26-20-202510-dev-seq-A","26","TA","20","202510-dev-tif/lm/20C/A/26/TA/1114-TA-5.csv",2025-11-14,"5","3","3"
"26-20-202510-dev-seq-A","26","TA","20","202510-dev-tif/lm/20C/A/26/TA/1114-TA-5.csv",2025-11-14,"5","3","3"
"26-20-202510-dev-seq-A","26","TA","20","202510-dev-tif/lm/20C/A/26/TA/1114-TA-5.csv",2025-11-14,"5","3","3"
"26-20-202510-dev-seq-A","26","TA","20","202510-dev-tif/lm/20C/A/26/TA/1114-TA-5.csv",2025-11-14,"5","3","3"
"26-20-202510-dev-seq-A","26","TA","20","202510-dev-tif/lm/20C/A/26/TA/1114-TA-5.csv",2025-11-14,"5","3","3"
"26-20-202510-dev-seq-A","26","TA","20","202510-dev-tif/lm/20C/A/26/TA/1116-TA-2.csv",2025-11-16,"5","4","3"
"26-20-202510-dev-seq-A","26","TA","20","202510-dev-tif/lm/20C/A/26/TA/1116-TA-2.csv",2025-11-16,"5","4","3"
"26-20-202510-dev-seq-A","26","TA","20","202510-dev-tif/lm/20C/A/26/TA/1116-TA-2.csv",2025-11-16,"5","4","3"
"26-20-202510-dev-seq-A","26","TA","20","202510-dev-tif/lm/20C/A/26/TA/1116-TA-2.csv",2025-11-16,"5","4","3"
"26-20-202510-dev-seq-A","26","TA","20","202510-dev-tif/lm/20C/A/26/TA/1116-TA-2.csv",2025-11-16,"5","4","3"
"26-20-202510-dev-seq-A","26","TA","20","202510-dev-tif/lm/20C/A/26/TA/1116-TA-2.csv",2025-11-16,"5","4","3"
"26-20-202510-dev-seq-A","26","TA","20","202510-dev-tif/lm/20C/A/26/TA/1116-TA-2.csv",2025-11-16,"5","4","3"
"26-20-202510-dev-seq-A","26","TA","20","202510-dev-tif/lm/20C/A/26/TA/1116-TA-2.csv",2025-11-16,"5","4","3"
"26-20-202510-dev-seq-A","26","TA","20","202510-dev-tif/lm/20C/A/26/TA/1118-TA-3.csv",2025-11-18,"5","4","3"
"26-20-202510-dev-seq-A","26","TA","20","202510-dev-tif/lm/20C/A/26/TA/1118-TA-3.csv",2025-11-18,"5","4","3"
"26-20-202510-dev-seq-A","26","TA","20","202510-dev-tif/lm/20C/A/26/TA/1118-TA-3.csv",2025-11-18,"5","4","3"
"26-20-202510-dev-seq-A","26","TA","20","202510-dev-tif/lm/20C/A/26/TA/1118-TA-3.csv",2025-11-18,"5","4","3"
"26-20-202510-dev-seq-A","26","TA","20","202510-dev-tif/lm/20C/A/26/TA/1118-TA-3.csv",2025-11-18,"5","4","3"
"26-20-202510-dev-seq-A","26","TA","20","202510-dev-tif/lm/20C/A/26/TA/1118-TA-3.csv",2025-11-18,"5","4","3"
"26-20-202510-dev-seq-A","26","TA","20","202510-dev-tif/lm/20C/A/26/TA/1118-TA-3.csv",2025-11-18,"5","4","3"
"26-20-202510-dev-seq-A","26","TA","20","202510-dev-tif/lm/20C/A/26/TA/1118-TA-3.csv",2025-11-18,"5","4","3"
"26-20-202510-dev-seq-A","26","TA","20","202510-dev-tif/lm/20C/A/26/TA/1120-TA-3.csv",2025-11-20,"5","4","3"
"26-20-202510-dev-seq-A","26","TA","20","202510-dev-tif/lm/20C/A/26/TA/1120-TA-3.csv",2025-11-20,"5","4","3"
"26-20-202510-dev-seq-A","26","TA","20","202510-dev-tif/lm/20C/A/26/TA/1120-TA-3.csv",2025-11-20,"5","4","3"
"26-20-202510-dev-seq-A","26","TA","20","202510-dev-tif/lm/20C/A/26/TA/1120-TA-3.csv",2025-11-20,"5","4","3"
"26-20-202510-dev-seq-A","26","TA","20","202510-dev-tif/lm/20C/A/26/TA/1120-TA-3.csv",2025-11-20,"5","4","3"
"26-20-202510-dev-seq-A","26","TA","20","202510-dev-tif/lm/20C/A/26/TA/1120-TA-3.csv",2025-11-20,"5","4","3"
"26-20-202510-dev-seq-A","26","TA","20","202510-dev-tif/lm/20C/A/26/TA/1120-TA-3.csv",2025-11-20,"5","4","3"
"26-20-202510-dev-seq-A","26","TA","20","202510-dev-tif/lm/20C/A/26/TA/1120-TA-3.csv",2025-11-20,"5","4","3"
"26-20-202510-dev-seq-A","26","TA","20","202510-dev-tif/lm/20C/A/26/TA/1121-TA-5.csv",2025-11-21,"5","4","3"
"26-20-202510-dev-seq-A","26","TA","20","202510-dev-tif/lm/20C/A/26/TA/1121-TA-5.csv",2025-11-21,"5","4","3"
"26-20-202510-dev-seq-A","26","TA","20","202510-dev-tif/lm/20C/A/26/TA/1121-TA-5.csv",2025-11-21,"5","4","3"
"26-20-202510-dev-seq-A","26","TA","20","202510-dev-tif/lm/20C/A/26/TA/1121-TA-5.csv",2025-11-21,"5","4","3"
"26-20-202510-dev-seq-A","26","TA","20","202510-dev-tif/lm/20C/A/26/TA/1121-TA-5.csv",2025-11-21,"5","4","3"
"26-20-202510-dev-seq-A","26","TA","20","202510-dev-tif/lm/20C/A/26/TA/1121-TA-5.csv",2025-11-21,"5","4","3"
"26-20-202510-dev-seq-A","26","TA","20","202510-dev-tif/lm/20C/A/26/TA/1121-TA-5.csv",2025-11-21,"5","4","3"
"26-20-202510-dev-seq-A","26","TA","20","202510-dev-tif/lm/20C/A/26/TA/1121-TA-5.csv",2025-11-21,"5","4","3"
"26-20-202510-dev-seq-A","26","TA","20","202510-dev-tif/lm/20C/A/26/TA/1122-TA-5.csv",2025-11-22,"6","3","3"
"26-20-202510-dev-seq-A","26","TA","20","202510-dev-tif/lm/20C/A/26/TA/1122-TA-5.csv",2025-11-22,"6","3","3"
"26-20-202510-dev-seq-A","26","TA","20","202510-dev-tif/lm/20C/A/26/TA/1122-TA-5.csv",2025-11-22,"6","3","3"
"26-20-202510-dev-seq-A","26","TA","20","202510-dev-tif/lm/20C/A/26/TA/1122-TA-5.csv",2025-11-22,"6","3","3"
"26-20-202510-dev-seq-A","26","TA","20","202510-dev-tif/lm/20C/A/26/TA/1122-TA-5.csv",2025-11-22,"6","3","3"
"26-20-202510-dev-seq-A","26","TA","20","202510-dev-tif/lm/20C/A/26/TA/1122-TA-5.csv",2025-11-22,"6","3","3"
"26-20-202510-dev-seq-A","26","TA","20","202510-dev-tif/lm/20C/A/26/TA/1122-TA-5.csv",2025-11-22,"6","3","3"
"26-20-202510-dev-seq-A","26","TA","20","202510-dev-tif/lm/20C/A/26/TA/1122-TA-5.csv",2025-11-22,"6","3","3"
"26-20-202510-dev-seq-A","26","TA","20","202510-dev-tif/lm/20C/A/26/TA/1124-TA-2.csv",2025-11-24,"6","4","3"
"26-20-202510-dev-seq-A","26","TA","20","202510-dev-tif/lm/20C/A/26/TA/1124-TA-2.csv",2025-11-24,"6","4","3"
"26-20-202510-dev-seq-A","26","TA","20","202510-dev-tif/lm/20C/A/26/TA/1124-TA-2.csv",2025-11-24,"6","4","3"
"26-20-202510-dev-seq-A","26","TA","20","202510-dev-tif/lm/20C/A/26/TA/1124-TA-2.csv",2025-11-24,"6","4","3"
"26-20-202510-dev-seq-A","26","TA","20","202510-dev-tif/lm/20C/A/26/TA/1124-TA-2.csv",2025-11-24,"6","4","3"
"26-20-202510-dev-seq-A","26","TA","20","202510-dev-tif/lm/20C/A/26/TA/1124-TA-2.csv",2025-11-24,"6","4","3"
"26-20-202510-dev-seq-A","26","TA","20","202510-dev-tif/lm/20C/A/26/TA/1124-TA-2.csv",2025-11-24,"6","4","3"
"26-20-202510-dev-seq-A","26","TA","20","202510-dev-tif/lm/20C/A/26/TA/1124-TA-2.csv",2025-11-24,"6","4","3"
"1-20-202510-dev-seq-B","1","OA","20","202510-dev-tif/lm/20C/B/1/OA/1022-OA-2.csv",2025-10-22,"1","1","1"
"1-20-202510-dev-seq-B","1","OA","20","202510-dev-tif/lm/20C/B/1/OA/1022-OA-2.csv",2025-10-22,"1","1","1"
"1-20-202510-dev-seq-B","1","OA","20","202510-dev-tif/lm/20C/B/1/OA/1022-OA-2.csv",2025-10-22,"1","1","1"
"1-20-202510-dev-seq-B","1","OA","20","202510-dev-tif/lm/20C/B/1/OA/1022-OA-2.csv",2025-10-22,"1","1","1"
"1-20-202510-dev-seq-B","1","OA","20","202510-dev-tif/lm/20C/B/1/OA/1024-OA-2.csv",2025-10-24,"2","1","1"
"1-20-202510-dev-seq-B","1","OA","20","202510-dev-tif/lm/20C/B/1/OA/1024-OA-2.csv",2025-10-24,"2","1","1"
"1-20-202510-dev-seq-B","1","OA","20","202510-dev-tif/lm/20C/B/1/OA/1024-OA-2.csv",2025-10-24,"2","1","1"
"1-20-202510-dev-seq-B","1","OA","20","202510-dev-tif/lm/20C/B/1/OA/1024-OA-2.csv",2025-10-24,"2","1","1"
"1-20-202510-dev-seq-B","1","OA","20","202510-dev-tif/lm/20C/B/1/OA/1026-OA-3.csv",2025-10-26,"2","2","1"
"1-20-202510-dev-seq-B","1","OA","20","202510-dev-tif/lm/20C/B/1/OA/1026-OA-3.csv",2025-10-26,"2","2","1"
"1-20-202510-dev-seq-B","1","OA","20","202510-dev-tif/lm/20C/B/1/OA/1026-OA-3.csv",2025-10-26,"2","2","1"
"1-20-202510-dev-seq-B","1","OA","20","202510-dev-tif/lm/20C/B/1/OA/1026-OA-3.csv",2025-10-26,"2","2","1"
"1-20-202510-dev-seq-B","1","OA","20","202510-dev-tif/lm/20C/B/1/OA/1028-OA-2.csv",2025-10-28,"3","2","2"
"1-20-202510-dev-seq-B","1","OA","20","202510-dev-tif/lm/20C/B/1/OA/1028-OA-2.csv",2025-10-28,"3","2","2"
"1-20-202510-dev-seq-B","1","OA","20","202510-dev-tif/lm/20C/B/1/OA/1028-OA-2.csv",2025-10-28,"3","2","2"
"1-20-202510-dev-seq-B","1","OA","20","202510-dev-tif/lm/20C/B/1/OA/1028-OA-2.csv",2025-10-28,"3","2","2"
"1-20-202510-dev-seq-B","1","OA","20","202510-dev-tif/lm/20C/B/1/OA/1030-OA-2.csv",2025-10-30,"4","3","2"
"1-20-202510-dev-seq-B","1","OA","20","202510-dev-tif/lm/20C/B/1/OA/1030-OA-2.csv",2025-10-30,"4","3","2"
"1-20-202510-dev-seq-B","1","OA","20","202510-dev-tif/lm/20C/B/1/OA/1030-OA-2.csv",2025-10-30,"4","3","2"
"1-20-202510-dev-seq-B","1","OA","20","202510-dev-tif/lm/20C/B/1/OA/1030-OA-2.csv",2025-10-30,"4","3","2"
"1-20-202510-dev-seq-B","1","OA","20","202510-dev-tif/lm/20C/B/1/OA/1101-OA.csv",2025-11-01,"6","4","3"
"1-20-202510-dev-seq-B","1","OA","20","202510-dev-tif/lm/20C/B/1/OA/1101-OA.csv",2025-11-01,"6","4","3"
"1-20-202510-dev-seq-B","1","OA","20","202510-dev-tif/lm/20C/B/1/OA/1101-OA.csv",2025-11-01,"6","4","3"
"1-20-202510-dev-seq-B","1","OA","20","202510-dev-tif/lm/20C/B/1/OA/1101-OA.csv",2025-11-01,"6","4","3"
"1-20-202510-dev-seq-B","1","OA","20","202510-dev-tif/lm/20C/B/1/OA/1103-OA.csv",2025-11-03,"6","4","3"
"1-20-202510-dev-seq-B","1","OA","20","202510-dev-tif/lm/20C/B/1/OA/1103-OA.csv",2025-11-03,"6","4","3"
"1-20-202510-dev-seq-B","1","OA","20","202510-dev-tif/lm/20C/B/1/OA/1103-OA.csv",2025-11-03,"6","4","3"
"1-20-202510-dev-seq-B","1","OA","20","202510-dev-tif/lm/20C/B/1/OA/1103-OA.csv",2025-11-03,"6","4","3"
"1-20-202510-dev-seq-B","1","OA","20","202510-dev-tif/lm/20C/B/1/OA/1105-OA-3.csv",2025-11-05,"5","4","3"
"1-20-202510-dev-seq-B","1","OA","20","202510-dev-tif/lm/20C/B/1/OA/1105-OA-3.csv",2025-11-05,"5","4","3"
"1-20-202510-dev-seq-B","1","OA","20","202510-dev-tif/lm/20C/B/1/OA/1105-OA-3.csv",2025-11-05,"5","4","3"
"1-20-202510-dev-seq-B","1","OA","20","202510-dev-tif/lm/20C/B/1/OA/1105-OA-3.csv",2025-11-05,"5","4","3"
"1-20-202510-dev-seq-B","1","OA","20","202510-dev-tif/lm/20C/B/1/OA/1107-OA-2.csv",2025-11-07,"8","4","3"
"1-20-202510-dev-seq-B","1","OA","20","202510-dev-tif/lm/20C/B/1/OA/1107-OA-2.csv",2025-11-07,"8","4","3"
"1-20-202510-dev-seq-B","1","OA","20","202510-dev-tif/lm/20C/B/1/OA/1107-OA-2.csv",2025-11-07,"8","4","3"
"1-20-202510-dev-seq-B","1","OA","20","202510-dev-tif/lm/20C/B/1/OA/1107-OA-2.csv",2025-11-07,"8","4","3"
"1-20-202510-dev-seq-B","1","OA","20","202510-dev-tif/lm/20C/B/1/OA/1110-OA-2.csv",2025-11-10,"9","6","4"
"1-20-202510-dev-seq-B","1","OA","20","202510-dev-tif/lm/20C/B/1/OA/1110-OA-2.csv",2025-11-10,"9","6","4"
"1-20-202510-dev-seq-B","1","OA","20","202510-dev-tif/lm/20C/B/1/OA/1110-OA-2.csv",2025-11-10,"9","6","4"
"1-20-202510-dev-seq-B","1","OA","20","202510-dev-tif/lm/20C/B/1/OA/1110-OA-2.csv",2025-11-10,"9","6","4"
"1-20-202510-dev-seq-B","1","OA","20","202510-dev-tif/lm/20C/B/1/OA/1111-OA.csv",2025-11-11,NA,NA,NA
"1-20-202510-dev-seq-B","1","OA","20","202510-dev-tif/lm/20C/B/1/OA/1111-OA.csv",2025-11-11,NA,NA,NA
"1-20-202510-dev-seq-B","1","OA","20","202510-dev-tif/lm/20C/B/1/OA/1111-OA.csv",2025-11-11,NA,NA,NA
"1-20-202510-dev-seq-B","1","OA","20","202510-dev-tif/lm/20C/B/1/OA/1111-OA.csv",2025-11-11,NA,NA,NA
"1-20-202510-dev-seq-B","1","OA","20","202510-dev-tif/lm/20C/B/1/OA/1113-OA-4.csv",2025-11-13,"9","6","4"
"1-20-202510-dev-seq-B","1","OA","20","202510-dev-tif/lm/20C/B/1/OA/1113-OA-4.csv",2025-11-13,"9","6","4"
"1-20-202510-dev-seq-B","1","OA","20","202510-dev-tif/lm/20C/B/1/OA/1113-OA-4.csv",2025-11-13,"9","6","4"
"1-20-202510-dev-seq-B","1","OA","20","202510-dev-tif/lm/20C/B/1/OA/1113-OA-4.csv",2025-11-13,"9","6","4"
"1-20-202510-dev-seq-B","1","OA","20","202510-dev-tif/lm/20C/B/1/OA/1115-OA.csv",2025-11-15,"9","5","4"
"1-20-202510-dev-seq-B","1","OA","20","202510-dev-tif/lm/20C/B/1/OA/1115-OA.csv",2025-11-15,"9","5","4"
"1-20-202510-dev-seq-B","1","OA","20","202510-dev-tif/lm/20C/B/1/OA/1115-OA.csv",2025-11-15,"9","5","4"
"1-20-202510-dev-seq-B","1","OA","20","202510-dev-tif/lm/20C/B/1/OA/1115-OA.csv",2025-11-15,"9","5","4"
"1-20-202510-dev-seq-B","1","PA","20","202510-dev-tif/lm/20C/B/1/PA/1022-PA.csv",2025-10-22,"1","1","1"
"1-20-202510-dev-seq-B","1","PA","20","202510-dev-tif/lm/20C/B/1/PA/1022-PA.csv",2025-10-22,"1","1","1"
"1-20-202510-dev-seq-B","1","PA","20","202510-dev-tif/lm/20C/B/1/PA/1022-PA.csv",2025-10-22,"1","1","1"
"1-20-202510-dev-seq-B","1","PA","20","202510-dev-tif/lm/20C/B/1/PA/1022-PA.csv",2025-10-22,"1","1","1"
"1-20-202510-dev-seq-B","1","PA","20","202510-dev-tif/lm/20C/B/1/PA/1022-PA.csv",2025-10-22,"1","1","1"
"1-20-202510-dev-seq-B","1","PA","20","202510-dev-tif/lm/20C/B/1/PA/1024-PA.csv",2025-10-24,"2","1","1"
"1-20-202510-dev-seq-B","1","PA","20","202510-dev-tif/lm/20C/B/1/PA/1024-PA.csv",2025-10-24,"2","1","1"
"1-20-202510-dev-seq-B","1","PA","20","202510-dev-tif/lm/20C/B/1/PA/1024-PA.csv",2025-10-24,"2","1","1"
"1-20-202510-dev-seq-B","1","PA","20","202510-dev-tif/lm/20C/B/1/PA/1024-PA.csv",2025-10-24,"2","1","1"
"1-20-202510-dev-seq-B","1","PA","20","202510-dev-tif/lm/20C/B/1/PA/1024-PA.csv",2025-10-24,"2","1","1"
"1-20-202510-dev-seq-B","1","PA","20","202510-dev-tif/lm/20C/B/1/PA/1026-PA-3.csv",2025-10-26,"2","2","1"
"1-20-202510-dev-seq-B","1","PA","20","202510-dev-tif/lm/20C/B/1/PA/1026-PA-3.csv",2025-10-26,"2","2","1"
"1-20-202510-dev-seq-B","1","PA","20","202510-dev-tif/lm/20C/B/1/PA/1026-PA-3.csv",2025-10-26,"2","2","1"
"1-20-202510-dev-seq-B","1","PA","20","202510-dev-tif/lm/20C/B/1/PA/1026-PA-3.csv",2025-10-26,"2","2","1"
"1-20-202510-dev-seq-B","1","PA","20","202510-dev-tif/lm/20C/B/1/PA/1026-PA-3.csv",2025-10-26,"2","2","1"
"1-20-202510-dev-seq-B","1","PA","20","202510-dev-tif/lm/20C/B/1/PA/1028-PA.csv",2025-10-28,"3","2","2"
"1-20-202510-dev-seq-B","1","PA","20","202510-dev-tif/lm/20C/B/1/PA/1028-PA.csv",2025-10-28,"3","2","2"
"1-20-202510-dev-seq-B","1","PA","20","202510-dev-tif/lm/20C/B/1/PA/1028-PA.csv",2025-10-28,"3","2","2"
"1-20-202510-dev-seq-B","1","PA","20","202510-dev-tif/lm/20C/B/1/PA/1028-PA.csv",2025-10-28,"3","2","2"
"1-20-202510-dev-seq-B","1","PA","20","202510-dev-tif/lm/20C/B/1/PA/1028-PA.csv",2025-10-28,"3","2","2"
"1-20-202510-dev-seq-B","1","PA","20","202510-dev-tif/lm/20C/B/1/PA/1030-PA.csv",2025-10-30,"4","3","2"
"1-20-202510-dev-seq-B","1","PA","20","202510-dev-tif/lm/20C/B/1/PA/1030-PA.csv",2025-10-30,"4","3","2"
"1-20-202510-dev-seq-B","1","PA","20","202510-dev-tif/lm/20C/B/1/PA/1030-PA.csv",2025-10-30,"4","3","2"
"1-20-202510-dev-seq-B","1","PA","20","202510-dev-tif/lm/20C/B/1/PA/1030-PA.csv",2025-10-30,"4","3","2"
"1-20-202510-dev-seq-B","1","PA","20","202510-dev-tif/lm/20C/B/1/PA/1030-PA.csv",2025-10-30,"4","3","2"
"1-20-202510-dev-seq-B","1","PA","20","202510-dev-tif/lm/20C/B/1/PA/1101-PA.csv",2025-11-01,"6","4","3"
"1-20-202510-dev-seq-B","1","PA","20","202510-dev-tif/lm/20C/B/1/PA/1101-PA.csv",2025-11-01,"6","4","3"
"1-20-202510-dev-seq-B","1","PA","20","202510-dev-tif/lm/20C/B/1/PA/1101-PA.csv",2025-11-01,"6","4","3"
"1-20-202510-dev-seq-B","1","PA","20","202510-dev-tif/lm/20C/B/1/PA/1101-PA.csv",2025-11-01,"6","4","3"
"1-20-202510-dev-seq-B","1","PA","20","202510-dev-tif/lm/20C/B/1/PA/1101-PA.csv",2025-11-01,"6","4","3"
"1-20-202510-dev-seq-B","1","PA","20","202510-dev-tif/lm/20C/B/1/PA/1103-PA-4.csv",2025-11-03,"6","4","3"
"1-20-202510-dev-seq-B","1","PA","20","202510-dev-tif/lm/20C/B/1/PA/1103-PA-4.csv",2025-11-03,"6","4","3"
"1-20-202510-dev-seq-B","1","PA","20","202510-dev-tif/lm/20C/B/1/PA/1103-PA-4.csv",2025-11-03,"6","4","3"
"1-20-202510-dev-seq-B","1","PA","20","202510-dev-tif/lm/20C/B/1/PA/1103-PA-4.csv",2025-11-03,"6","4","3"
"1-20-202510-dev-seq-B","1","PA","20","202510-dev-tif/lm/20C/B/1/PA/1103-PA-4.csv",2025-11-03,"6","4","3"
"1-20-202510-dev-seq-B","1","PA","20","202510-dev-tif/lm/20C/B/1/PA/1105-PA-3.csv",2025-11-05,"5","4","3"
"1-20-202510-dev-seq-B","1","PA","20","202510-dev-tif/lm/20C/B/1/PA/1105-PA-3.csv",2025-11-05,"5","4","3"
"1-20-202510-dev-seq-B","1","PA","20","202510-dev-tif/lm/20C/B/1/PA/1105-PA-3.csv",2025-11-05,"5","4","3"
"1-20-202510-dev-seq-B","1","PA","20","202510-dev-tif/lm/20C/B/1/PA/1105-PA-3.csv",2025-11-05,"5","4","3"
"1-20-202510-dev-seq-B","1","PA","20","202510-dev-tif/lm/20C/B/1/PA/1105-PA-3.csv",2025-11-05,"5","4","3"
"1-20-202510-dev-seq-B","1","PA","20","202510-dev-tif/lm/20C/B/1/PA/1107-PA-3.csv",2025-11-07,"8","4","3"
"1-20-202510-dev-seq-B","1","PA","20","202510-dev-tif/lm/20C/B/1/PA/1107-PA-3.csv",2025-11-07,"8","4","3"
"1-20-202510-dev-seq-B","1","PA","20","202510-dev-tif/lm/20C/B/1/PA/1107-PA-3.csv",2025-11-07,"8","4","3"
"1-20-202510-dev-seq-B","1","PA","20","202510-dev-tif/lm/20C/B/1/PA/1107-PA-3.csv",2025-11-07,"8","4","3"
"1-20-202510-dev-seq-B","1","PA","20","202510-dev-tif/lm/20C/B/1/PA/1107-PA-3.csv",2025-11-07,"8","4","3"
"1-20-202510-dev-seq-B","1","PA","20","202510-dev-tif/lm/20C/B/1/PA/1110-PA-5.csv",2025-11-10,"9","6","4"
"1-20-202510-dev-seq-B","1","PA","20","202510-dev-tif/lm/20C/B/1/PA/1110-PA-5.csv",2025-11-10,"9","6","4"
"1-20-202510-dev-seq-B","1","PA","20","202510-dev-tif/lm/20C/B/1/PA/1110-PA-5.csv",2025-11-10,"9","6","4"
"1-20-202510-dev-seq-B","1","PA","20","202510-dev-tif/lm/20C/B/1/PA/1110-PA-5.csv",2025-11-10,"9","6","4"
"1-20-202510-dev-seq-B","1","PA","20","202510-dev-tif/lm/20C/B/1/PA/1110-PA-5.csv",2025-11-10,"9","6","4"
"1-20-202510-dev-seq-B","1","PA","20","202510-dev-tif/lm/20C/B/1/PA/1113-PA-3.csv",2025-11-13,"9","6","4"
"1-20-202510-dev-seq-B","1","PA","20","202510-dev-tif/lm/20C/B/1/PA/1113-PA-3.csv",2025-11-13,"9","6","4"
"1-20-202510-dev-seq-B","1","PA","20","202510-dev-tif/lm/20C/B/1/PA/1113-PA-3.csv",2025-11-13,"9","6","4"
"1-20-202510-dev-seq-B","1","PA","20","202510-dev-tif/lm/20C/B/1/PA/1113-PA-3.csv",2025-11-13,"9","6","4"
"1-20-202510-dev-seq-B","1","PA","20","202510-dev-tif/lm/20C/B/1/PA/1113-PA-3.csv",2025-11-13,"9","6","4"
"1-20-202510-dev-seq-B","1","PA","20","202510-dev-tif/lm/20C/B/1/PA/1115-PA.csv",2025-11-15,"9","5","4"
"1-20-202510-dev-seq-B","1","PA","20","202510-dev-tif/lm/20C/B/1/PA/1115-PA.csv",2025-11-15,"9","5","4"
"1-20-202510-dev-seq-B","1","PA","20","202510-dev-tif/lm/20C/B/1/PA/1115-PA.csv",2025-11-15,"9","5","4"
"1-20-202510-dev-seq-B","1","PA","20","202510-dev-tif/lm/20C/B/1/PA/1115-PA.csv",2025-11-15,"9","5","4"
"1-20-202510-dev-seq-B","1","PA","20","202510-dev-tif/lm/20C/B/1/PA/1115-PA.csv",2025-11-15,"9","5","4"
"1-20-202510-dev-seq-B","1","TA","20","202510-dev-tif/lm/20C/B/1/TA/1022-TA.csv",2025-10-22,"1","1","1"
"1-20-202510-dev-seq-B","1","TA","20","202510-dev-tif/lm/20C/B/1/TA/1022-TA.csv",2025-10-22,"1","1","1"
"1-20-202510-dev-seq-B","1","TA","20","202510-dev-tif/lm/20C/B/1/TA/1022-TA.csv",2025-10-22,"1","1","1"
"1-20-202510-dev-seq-B","1","TA","20","202510-dev-tif/lm/20C/B/1/TA/1022-TA.csv",2025-10-22,"1","1","1"
"1-20-202510-dev-seq-B","1","TA","20","202510-dev-tif/lm/20C/B/1/TA/1022-TA.csv",2025-10-22,"1","1","1"
"1-20-202510-dev-seq-B","1","TA","20","202510-dev-tif/lm/20C/B/1/TA/1022-TA.csv",2025-10-22,"1","1","1"
"1-20-202510-dev-seq-B","1","TA","20","202510-dev-tif/lm/20C/B/1/TA/1022-TA.csv",2025-10-22,"1","1","1"
"1-20-202510-dev-seq-B","1","TA","20","202510-dev-tif/lm/20C/B/1/TA/1022-TA.csv",2025-10-22,"1","1","1"
"1-20-202510-dev-seq-B","1","TA","20","202510-dev-tif/lm/20C/B/1/TA/1024-TA.csv",2025-10-24,"2","1","1"
"1-20-202510-dev-seq-B","1","TA","20","202510-dev-tif/lm/20C/B/1/TA/1024-TA.csv",2025-10-24,"2","1","1"
"1-20-202510-dev-seq-B","1","TA","20","202510-dev-tif/lm/20C/B/1/TA/1024-TA.csv",2025-10-24,"2","1","1"
"1-20-202510-dev-seq-B","1","TA","20","202510-dev-tif/lm/20C/B/1/TA/1024-TA.csv",2025-10-24,"2","1","1"
"1-20-202510-dev-seq-B","1","TA","20","202510-dev-tif/lm/20C/B/1/TA/1024-TA.csv",2025-10-24,"2","1","1"
"1-20-202510-dev-seq-B","1","TA","20","202510-dev-tif/lm/20C/B/1/TA/1024-TA.csv",2025-10-24,"2","1","1"
"1-20-202510-dev-seq-B","1","TA","20","202510-dev-tif/lm/20C/B/1/TA/1024-TA.csv",2025-10-24,"2","1","1"
"1-20-202510-dev-seq-B","1","TA","20","202510-dev-tif/lm/20C/B/1/TA/1024-TA.csv",2025-10-24,"2","1","1"
"1-20-202510-dev-seq-B","1","TA","20","202510-dev-tif/lm/20C/B/1/TA/1026-TA-4.csv",2025-10-26,"2","2","1"
"1-20-202510-dev-seq-B","1","TA","20","202510-dev-tif/lm/20C/B/1/TA/1026-TA-4.csv",2025-10-26,"2","2","1"
"1-20-202510-dev-seq-B","1","TA","20","202510-dev-tif/lm/20C/B/1/TA/1026-TA-4.csv",2025-10-26,"2","2","1"
"1-20-202510-dev-seq-B","1","TA","20","202510-dev-tif/lm/20C/B/1/TA/1026-TA-4.csv",2025-10-26,"2","2","1"
"1-20-202510-dev-seq-B","1","TA","20","202510-dev-tif/lm/20C/B/1/TA/1026-TA-4.csv",2025-10-26,"2","2","1"
"1-20-202510-dev-seq-B","1","TA","20","202510-dev-tif/lm/20C/B/1/TA/1026-TA-4.csv",2025-10-26,"2","2","1"
"1-20-202510-dev-seq-B","1","TA","20","202510-dev-tif/lm/20C/B/1/TA/1026-TA-4.csv",2025-10-26,"2","2","1"
"1-20-202510-dev-seq-B","1","TA","20","202510-dev-tif/lm/20C/B/1/TA/1026-TA-4.csv",2025-10-26,"2","2","1"
"1-20-202510-dev-seq-B","1","TA","20","202510-dev-tif/lm/20C/B/1/TA/1028-TA.csv",2025-10-28,"3","2","2"
"1-20-202510-dev-seq-B","1","TA","20","202510-dev-tif/lm/20C/B/1/TA/1028-TA.csv",2025-10-28,"3","2","2"
"1-20-202510-dev-seq-B","1","TA","20","202510-dev-tif/lm/20C/B/1/TA/1028-TA.csv",2025-10-28,"3","2","2"
"1-20-202510-dev-seq-B","1","TA","20","202510-dev-tif/lm/20C/B/1/TA/1028-TA.csv",2025-10-28,"3","2","2"
"1-20-202510-dev-seq-B","1","TA","20","202510-dev-tif/lm/20C/B/1/TA/1028-TA.csv",2025-10-28,"3","2","2"
"1-20-202510-dev-seq-B","1","TA","20","202510-dev-tif/lm/20C/B/1/TA/1028-TA.csv",2025-10-28,"3","2","2"
"1-20-202510-dev-seq-B","1","TA","20","202510-dev-tif/lm/20C/B/1/TA/1028-TA.csv",2025-10-28,"3","2","2"
"1-20-202510-dev-seq-B","1","TA","20","202510-dev-tif/lm/20C/B/1/TA/1028-TA.csv",2025-10-28,"3","2","2"
"1-20-202510-dev-seq-B","1","TA","20","202510-dev-tif/lm/20C/B/1/TA/1030-TA-3.csv",2025-10-30,"4","3","2"
"1-20-202510-dev-seq-B","1","TA","20","202510-dev-tif/lm/20C/B/1/TA/1030-TA-3.csv",2025-10-30,"4","3","2"
"1-20-202510-dev-seq-B","1","TA","20","202510-dev-tif/lm/20C/B/1/TA/1030-TA-3.csv",2025-10-30,"4","3","2"
"1-20-202510-dev-seq-B","1","TA","20","202510-dev-tif/lm/20C/B/1/TA/1030-TA-3.csv",2025-10-30,"4","3","2"
"1-20-202510-dev-seq-B","1","TA","20","202510-dev-tif/lm/20C/B/1/TA/1030-TA-3.csv",2025-10-30,"4","3","2"
"1-20-202510-dev-seq-B","1","TA","20","202510-dev-tif/lm/20C/B/1/TA/1030-TA-3.csv",2025-10-30,"4","3","2"
"1-20-202510-dev-seq-B","1","TA","20","202510-dev-tif/lm/20C/B/1/TA/1030-TA-3.csv",2025-10-30,"4","3","2"
"1-20-202510-dev-seq-B","1","TA","20","202510-dev-tif/lm/20C/B/1/TA/1030-TA-3.csv",2025-10-30,"4","3","2"
"1-20-202510-dev-seq-B","1","TA","20","202510-dev-tif/lm/20C/B/1/TA/1101-TA-3.csv",2025-11-01,"6","4","3"
"1-20-202510-dev-seq-B","1","TA","20","202510-dev-tif/lm/20C/B/1/TA/1101-TA-3.csv",2025-11-01,"6","4","3"
"1-20-202510-dev-seq-B","1","TA","20","202510-dev-tif/lm/20C/B/1/TA/1101-TA-3.csv",2025-11-01,"6","4","3"
"1-20-202510-dev-seq-B","1","TA","20","202510-dev-tif/lm/20C/B/1/TA/1101-TA-3.csv",2025-11-01,"6","4","3"
"1-20-202510-dev-seq-B","1","TA","20","202510-dev-tif/lm/20C/B/1/TA/1101-TA-3.csv",2025-11-01,"6","4","3"
"1-20-202510-dev-seq-B","1","TA","20","202510-dev-tif/lm/20C/B/1/TA/1101-TA-3.csv",2025-11-01,"6","4","3"
"1-20-202510-dev-seq-B","1","TA","20","202510-dev-tif/lm/20C/B/1/TA/1101-TA-3.csv",2025-11-01,"6","4","3"
"1-20-202510-dev-seq-B","1","TA","20","202510-dev-tif/lm/20C/B/1/TA/1101-TA-3.csv",2025-11-01,"6","4","3"
"1-20-202510-dev-seq-B","1","TA","20","202510-dev-tif/lm/20C/B/1/TA/1103-TA.csv",2025-11-03,"6","4","3"
"1-20-202510-dev-seq-B","1","TA","20","202510-dev-tif/lm/20C/B/1/TA/1103-TA.csv",2025-11-03,"6","4","3"
"1-20-202510-dev-seq-B","1","TA","20","202510-dev-tif/lm/20C/B/1/TA/1103-TA.csv",2025-11-03,"6","4","3"
"1-20-202510-dev-seq-B","1","TA","20","202510-dev-tif/lm/20C/B/1/TA/1103-TA.csv",2025-11-03,"6","4","3"
"1-20-202510-dev-seq-B","1","TA","20","202510-dev-tif/lm/20C/B/1/TA/1103-TA.csv",2025-11-03,"6","4","3"
"1-20-202510-dev-seq-B","1","TA","20","202510-dev-tif/lm/20C/B/1/TA/1103-TA.csv",2025-11-03,"6","4","3"
"1-20-202510-dev-seq-B","1","TA","20","202510-dev-tif/lm/20C/B/1/TA/1103-TA.csv",2025-11-03,"6","4","3"
"1-20-202510-dev-seq-B","1","TA","20","202510-dev-tif/lm/20C/B/1/TA/1103-TA.csv",2025-11-03,"6","4","3"
"1-20-202510-dev-seq-B","1","TA","20","202510-dev-tif/lm/20C/B/1/TA/1105-TA-5.csv",2025-11-05,"5","4","3"
"1-20-202510-dev-seq-B","1","TA","20","202510-dev-tif/lm/20C/B/1/TA/1105-TA-5.csv",2025-11-05,"5","4","3"
"1-20-202510-dev-seq-B","1","TA","20","202510-dev-tif/lm/20C/B/1/TA/1105-TA-5.csv",2025-11-05,"5","4","3"
"1-20-202510-dev-seq-B","1","TA","20","202510-dev-tif/lm/20C/B/1/TA/1105-TA-5.csv",2025-11-05,"5","4","3"
"1-20-202510-dev-seq-B","1","TA","20","202510-dev-tif/lm/20C/B/1/TA/1105-TA-5.csv",2025-11-05,"5","4","3"
"1-20-202510-dev-seq-B","1","TA","20","202510-dev-tif/lm/20C/B/1/TA/1105-TA-5.csv",2025-11-05,"5","4","3"
"1-20-202510-dev-seq-B","1","TA","20","202510-dev-tif/lm/20C/B/1/TA/1105-TA-5.csv",2025-11-05,"5","4","3"
"1-20-202510-dev-seq-B","1","TA","20","202510-dev-tif/lm/20C/B/1/TA/1105-TA-5.csv",2025-11-05,"5","4","3"
"1-20-202510-dev-seq-B","1","TA","20","202510-dev-tif/lm/20C/B/1/TA/1107-TA-4.csv",2025-11-07,"8","4","3"
"1-20-202510-dev-seq-B","1","TA","20","202510-dev-tif/lm/20C/B/1/TA/1107-TA-4.csv",2025-11-07,"8","4","3"
"1-20-202510-dev-seq-B","1","TA","20","202510-dev-tif/lm/20C/B/1/TA/1107-TA-4.csv",2025-11-07,"8","4","3"
"1-20-202510-dev-seq-B","1","TA","20","202510-dev-tif/lm/20C/B/1/TA/1107-TA-4.csv",2025-11-07,"8","4","3"
"1-20-202510-dev-seq-B","1","TA","20","202510-dev-tif/lm/20C/B/1/TA/1107-TA-4.csv",2025-11-07,"8","4","3"
"1-20-202510-dev-seq-B","1","TA","20","202510-dev-tif/lm/20C/B/1/TA/1107-TA-4.csv",2025-11-07,"8","4","3"
"1-20-202510-dev-seq-B","1","TA","20","202510-dev-tif/lm/20C/B/1/TA/1107-TA-4.csv",2025-11-07,"8","4","3"
"1-20-202510-dev-seq-B","1","TA","20","202510-dev-tif/lm/20C/B/1/TA/1107-TA-4.csv",2025-11-07,"8","4","3"
"1-20-202510-dev-seq-B","1","TA","20","202510-dev-tif/lm/20C/B/1/TA/1110-TA-2.csv",2025-11-10,"9","6","4"
"1-20-202510-dev-seq-B","1","TA","20","202510-dev-tif/lm/20C/B/1/TA/1110-TA-2.csv",2025-11-10,"9","6","4"
"1-20-202510-dev-seq-B","1","TA","20","202510-dev-tif/lm/20C/B/1/TA/1110-TA-2.csv",2025-11-10,"9","6","4"
"1-20-202510-dev-seq-B","1","TA","20","202510-dev-tif/lm/20C/B/1/TA/1110-TA-2.csv",2025-11-10,"9","6","4"
"1-20-202510-dev-seq-B","1","TA","20","202510-dev-tif/lm/20C/B/1/TA/1110-TA-2.csv",2025-11-10,"9","6","4"
"1-20-202510-dev-seq-B","1","TA","20","202510-dev-tif/lm/20C/B/1/TA/1110-TA-2.csv",2025-11-10,"9","6","4"
"1-20-202510-dev-seq-B","1","TA","20","202510-dev-tif/lm/20C/B/1/TA/1110-TA-2.csv",2025-11-10,"9","6","4"
"1-20-202510-dev-seq-B","1","TA","20","202510-dev-tif/lm/20C/B/1/TA/1110-TA-2.csv",2025-11-10,"9","6","4"
"1-20-202510-dev-seq-B","1","TA","20","202510-dev-tif/lm/20C/B/1/TA/1111-TA-3.csv",2025-11-11,NA,NA,NA
"1-20-202510-dev-seq-B","1","TA","20","202510-dev-tif/lm/20C/B/1/TA/1111-TA-3.csv",2025-11-11,NA,NA,NA
"1-20-202510-dev-seq-B","1","TA","20","202510-dev-tif/lm/20C/B/1/TA/1111-TA-3.csv",2025-11-11,NA,NA,NA
"1-20-202510-dev-seq-B","1","TA","20","202510-dev-tif/lm/20C/B/1/TA/1111-TA-3.csv",2025-11-11,NA,NA,NA
"1-20-202510-dev-seq-B","1","TA","20","202510-dev-tif/lm/20C/B/1/TA/1111-TA-3.csv",2025-11-11,NA,NA,NA
"1-20-202510-dev-seq-B","1","TA","20","202510-dev-tif/lm/20C/B/1/TA/1111-TA-3.csv",2025-11-11,NA,NA,NA
"1-20-202510-dev-seq-B","1","TA","20","202510-dev-tif/lm/20C/B/1/TA/1111-TA-3.csv",2025-11-11,NA,NA,NA
"1-20-202510-dev-seq-B","1","TA","20","202510-dev-tif/lm/20C/B/1/TA/1111-TA-3.csv",2025-11-11,NA,NA,NA
"1-20-202510-dev-seq-B","1","TA","20","202510-dev-tif/lm/20C/B/1/TA/1113-TA.csv",2025-11-13,"9","6","4"
"1-20-202510-dev-seq-B","1","TA","20","202510-dev-tif/lm/20C/B/1/TA/1113-TA.csv",2025-11-13,"9","6","4"
"1-20-202510-dev-seq-B","1","TA","20","202510-dev-tif/lm/20C/B/1/TA/1113-TA.csv",2025-11-13,"9","6","4"
"1-20-202510-dev-seq-B","1","TA","20","202510-dev-tif/lm/20C/B/1/TA/1113-TA.csv",2025-11-13,"9","6","4"
"1-20-202510-dev-seq-B","1","TA","20","202510-dev-tif/lm/20C/B/1/TA/1113-TA.csv",2025-11-13,"9","6","4"
"1-20-202510-dev-seq-B","1","TA","20","202510-dev-tif/lm/20C/B/1/TA/1113-TA.csv",2025-11-13,"9","6","4"
"1-20-202510-dev-seq-B","1","TA","20","202510-dev-tif/lm/20C/B/1/TA/1113-TA.csv",2025-11-13,"9","6","4"
"1-20-202510-dev-seq-B","1","TA","20","202510-dev-tif/lm/20C/B/1/TA/1113-TA.csv",2025-11-13,"9","6","4"
"1-20-202510-dev-seq-B","1","TA","20","202510-dev-tif/lm/20C/B/1/TA/1115-TA.csv",2025-11-15,"9","5","4"
"1-20-202510-dev-seq-B","1","TA","20","202510-dev-tif/lm/20C/B/1/TA/1115-TA.csv",2025-11-15,"9","5","4"
"1-20-202510-dev-seq-B","1","TA","20","202510-dev-tif/lm/20C/B/1/TA/1115-TA.csv",2025-11-15,"9","5","4"
"1-20-202510-dev-seq-B","1","TA","20","202510-dev-tif/lm/20C/B/1/TA/1115-TA.csv",2025-11-15,"9","5","4"
"1-20-202510-dev-seq-B","1","TA","20","202510-dev-tif/lm/20C/B/1/TA/1115-TA.csv",2025-11-15,"9","5","4"
"1-20-202510-dev-seq-B","1","TA","20","202510-dev-tif/lm/20C/B/1/TA/1115-TA.csv",2025-11-15,"9","5","4"
"1-20-202510-dev-seq-B","1","TA","20","202510-dev-tif/lm/20C/B/1/TA/1115-TA.csv",2025-11-15,"9","5","4"
"1-20-202510-dev-seq-B","1","TA","20","202510-dev-tif/lm/20C/B/1/TA/1115-TA.csv",2025-11-15,"9","5","4"
"2-20-202510-dev-seq-B","2","OA","20","202510-dev-tif/lm/20C/B/2/OA/1022-OA.csv",2025-10-22,"1","1","1"
"2-20-202510-dev-seq-B","2","OA","20","202510-dev-tif/lm/20C/B/2/OA/1022-OA.csv",2025-10-22,"1","1","1"
"2-20-202510-dev-seq-B","2","OA","20","202510-dev-tif/lm/20C/B/2/OA/1022-OA.csv",2025-10-22,"1","1","1"
"2-20-202510-dev-seq-B","2","OA","20","202510-dev-tif/lm/20C/B/2/OA/1022-OA.csv",2025-10-22,"1","1","1"
"2-20-202510-dev-seq-B","2","OA","20","202510-dev-tif/lm/20C/B/2/OA/1024-OA.csv",2025-10-24,"2","1","1"
"2-20-202510-dev-seq-B","2","OA","20","202510-dev-tif/lm/20C/B/2/OA/1024-OA.csv",2025-10-24,"2","1","1"
"2-20-202510-dev-seq-B","2","OA","20","202510-dev-tif/lm/20C/B/2/OA/1024-OA.csv",2025-10-24,"2","1","1"
"2-20-202510-dev-seq-B","2","OA","20","202510-dev-tif/lm/20C/B/2/OA/1024-OA.csv",2025-10-24,"2","1","1"
"2-20-202510-dev-seq-B","2","OA","20","202510-dev-tif/lm/20C/B/2/OA/1026-OA-2.csv",2025-10-26,"1","1","1"
"2-20-202510-dev-seq-B","2","OA","20","202510-dev-tif/lm/20C/B/2/OA/1026-OA-2.csv",2025-10-26,"1","1","1"
"2-20-202510-dev-seq-B","2","OA","20","202510-dev-tif/lm/20C/B/2/OA/1026-OA-2.csv",2025-10-26,"1","1","1"
"2-20-202510-dev-seq-B","2","OA","20","202510-dev-tif/lm/20C/B/2/OA/1026-OA-2.csv",2025-10-26,"1","1","1"
"2-20-202510-dev-seq-B","2","OA","20","202510-dev-tif/lm/20C/B/2/OA/1028-OA.csv",2025-10-28,"2","1","1"
"2-20-202510-dev-seq-B","2","OA","20","202510-dev-tif/lm/20C/B/2/OA/1028-OA.csv",2025-10-28,"2","1","1"
"2-20-202510-dev-seq-B","2","OA","20","202510-dev-tif/lm/20C/B/2/OA/1028-OA.csv",2025-10-28,"2","1","1"
"2-20-202510-dev-seq-B","2","OA","20","202510-dev-tif/lm/20C/B/2/OA/1028-OA.csv",2025-10-28,"2","1","1"
"2-20-202510-dev-seq-B","2","OA","20","202510-dev-tif/lm/20C/B/2/OA/1030-OA.csv",2025-10-30,"3","2","1"
"2-20-202510-dev-seq-B","2","OA","20","202510-dev-tif/lm/20C/B/2/OA/1030-OA.csv",2025-10-30,"3","2","1"
"2-20-202510-dev-seq-B","2","OA","20","202510-dev-tif/lm/20C/B/2/OA/1030-OA.csv",2025-10-30,"3","2","1"
"2-20-202510-dev-seq-B","2","OA","20","202510-dev-tif/lm/20C/B/2/OA/1030-OA.csv",2025-10-30,"3","2","1"
"2-20-202510-dev-seq-B","2","OA","20","202510-dev-tif/lm/20C/B/2/OA/1101-OA-2.csv",2025-11-01,"4","3","2"
"2-20-202510-dev-seq-B","2","OA","20","202510-dev-tif/lm/20C/B/2/OA/1101-OA-2.csv",2025-11-01,"4","3","2"
"2-20-202510-dev-seq-B","2","OA","20","202510-dev-tif/lm/20C/B/2/OA/1101-OA-2.csv",2025-11-01,"4","3","2"
"2-20-202510-dev-seq-B","2","OA","20","202510-dev-tif/lm/20C/B/2/OA/1101-OA-2.csv",2025-11-01,"4","3","2"
"2-20-202510-dev-seq-B","2","OA","20","202510-dev-tif/lm/20C/B/2/OA/1103-OA.csv",2025-11-03,"6","4","3"
"2-20-202510-dev-seq-B","2","OA","20","202510-dev-tif/lm/20C/B/2/OA/1103-OA.csv",2025-11-03,"6","4","3"
"2-20-202510-dev-seq-B","2","OA","20","202510-dev-tif/lm/20C/B/2/OA/1103-OA.csv",2025-11-03,"6","4","3"
"2-20-202510-dev-seq-B","2","OA","20","202510-dev-tif/lm/20C/B/2/OA/1103-OA.csv",2025-11-03,"6","4","3"
"2-20-202510-dev-seq-B","2","OA","20","202510-dev-tif/lm/20C/B/2/OA/1105-OA-3.csv",2025-11-05,"6","4","3"
"2-20-202510-dev-seq-B","2","OA","20","202510-dev-tif/lm/20C/B/2/OA/1105-OA-3.csv",2025-11-05,"6","4","3"
"2-20-202510-dev-seq-B","2","OA","20","202510-dev-tif/lm/20C/B/2/OA/1105-OA-3.csv",2025-11-05,"6","4","3"
"2-20-202510-dev-seq-B","2","OA","20","202510-dev-tif/lm/20C/B/2/OA/1105-OA-3.csv",2025-11-05,"6","4","3"
"2-20-202510-dev-seq-B","2","OA","20","202510-dev-tif/lm/20C/B/2/OA/1107-OA-3.csv",2025-11-07,"8","3","3"
"2-20-202510-dev-seq-B","2","OA","20","202510-dev-tif/lm/20C/B/2/OA/1107-OA-3.csv",2025-11-07,"8","3","3"
"2-20-202510-dev-seq-B","2","OA","20","202510-dev-tif/lm/20C/B/2/OA/1107-OA-3.csv",2025-11-07,"8","3","3"
"2-20-202510-dev-seq-B","2","OA","20","202510-dev-tif/lm/20C/B/2/OA/1107-OA-3.csv",2025-11-07,"8","3","3"
"2-20-202510-dev-seq-B","2","OA","20","202510-dev-tif/lm/20C/B/2/OA/1110-OA.csv",2025-11-10,"9","5","4"
"2-20-202510-dev-seq-B","2","OA","20","202510-dev-tif/lm/20C/B/2/OA/1110-OA.csv",2025-11-10,"9","5","4"
"2-20-202510-dev-seq-B","2","OA","20","202510-dev-tif/lm/20C/B/2/OA/1110-OA.csv",2025-11-10,"9","5","4"
"2-20-202510-dev-seq-B","2","OA","20","202510-dev-tif/lm/20C/B/2/OA/1110-OA.csv",2025-11-10,"9","5","4"
"2-20-202510-dev-seq-B","2","OA","20","202510-dev-tif/lm/20C/B/2/OA/1111-OA.csv",2025-11-11,"9","5","4"
"2-20-202510-dev-seq-B","2","OA","20","202510-dev-tif/lm/20C/B/2/OA/1111-OA.csv",2025-11-11,"9","5","4"
"2-20-202510-dev-seq-B","2","OA","20","202510-dev-tif/lm/20C/B/2/OA/1111-OA.csv",2025-11-11,"9","5","4"
"2-20-202510-dev-seq-B","2","OA","20","202510-dev-tif/lm/20C/B/2/OA/1111-OA.csv",2025-11-11,"9","5","4"
"2-20-202510-dev-seq-B","2","OA","20","202510-dev-tif/lm/20C/B/2/OA/1113-OA.csv",2025-11-13,"9","5","4"
"2-20-202510-dev-seq-B","2","OA","20","202510-dev-tif/lm/20C/B/2/OA/1113-OA.csv",2025-11-13,"9","5","4"
"2-20-202510-dev-seq-B","2","OA","20","202510-dev-tif/lm/20C/B/2/OA/1113-OA.csv",2025-11-13,"9","5","4"
"2-20-202510-dev-seq-B","2","OA","20","202510-dev-tif/lm/20C/B/2/OA/1113-OA.csv",2025-11-13,"9","5","4"
"2-20-202510-dev-seq-B","2","OA","20","202510-dev-tif/lm/20C/B/2/OA/1115-OA.csv",2025-11-15,"9","5","4"
"2-20-202510-dev-seq-B","2","OA","20","202510-dev-tif/lm/20C/B/2/OA/1115-OA.csv",2025-11-15,"9","5","4"
"2-20-202510-dev-seq-B","2","OA","20","202510-dev-tif/lm/20C/B/2/OA/1115-OA.csv",2025-11-15,"9","5","4"
"2-20-202510-dev-seq-B","2","OA","20","202510-dev-tif/lm/20C/B/2/OA/1115-OA.csv",2025-11-15,"9","5","4"
"2-20-202510-dev-seq-B","2","OA","20","202510-dev-tif/lm/20C/B/2/OA/1117-OA.csv",2025-11-17,"9","6","4"
"2-20-202510-dev-seq-B","2","OA","20","202510-dev-tif/lm/20C/B/2/OA/1117-OA.csv",2025-11-17,"9","6","4"
"2-20-202510-dev-seq-B","2","OA","20","202510-dev-tif/lm/20C/B/2/OA/1117-OA.csv",2025-11-17,"9","6","4"
"2-20-202510-dev-seq-B","2","OA","20","202510-dev-tif/lm/20C/B/2/OA/1117-OA.csv",2025-11-17,"9","6","4"
"2-20-202510-dev-seq-B","2","OA","20","202510-dev-tif/lm/20C/B/2/OA/1119-OA-2.csv",2025-11-19,"9","6","4"
"2-20-202510-dev-seq-B","2","OA","20","202510-dev-tif/lm/20C/B/2/OA/1119-OA-2.csv",2025-11-19,"9","6","4"
"2-20-202510-dev-seq-B","2","OA","20","202510-dev-tif/lm/20C/B/2/OA/1119-OA-2.csv",2025-11-19,"9","6","4"
"2-20-202510-dev-seq-B","2","OA","20","202510-dev-tif/lm/20C/B/2/OA/1119-OA-2.csv",2025-11-19,"9","6","4"
"2-20-202510-dev-seq-B","2","PA","20","202510-dev-tif/lm/20C/B/2/PA/1022-PA.csv",2025-10-22,"1","1","1"
"2-20-202510-dev-seq-B","2","PA","20","202510-dev-tif/lm/20C/B/2/PA/1022-PA.csv",2025-10-22,"1","1","1"
"2-20-202510-dev-seq-B","2","PA","20","202510-dev-tif/lm/20C/B/2/PA/1022-PA.csv",2025-10-22,"1","1","1"
"2-20-202510-dev-seq-B","2","PA","20","202510-dev-tif/lm/20C/B/2/PA/1022-PA.csv",2025-10-22,"1","1","1"
"2-20-202510-dev-seq-B","2","PA","20","202510-dev-tif/lm/20C/B/2/PA/1022-PA.csv",2025-10-22,"1","1","1"
"2-20-202510-dev-seq-B","2","PA","20","202510-dev-tif/lm/20C/B/2/PA/1024-PA-2.csv",2025-10-24,"2","1","1"
"2-20-202510-dev-seq-B","2","PA","20","202510-dev-tif/lm/20C/B/2/PA/1024-PA-2.csv",2025-10-24,"2","1","1"
"2-20-202510-dev-seq-B","2","PA","20","202510-dev-tif/lm/20C/B/2/PA/1024-PA-2.csv",2025-10-24,"2","1","1"
"2-20-202510-dev-seq-B","2","PA","20","202510-dev-tif/lm/20C/B/2/PA/1024-PA-2.csv",2025-10-24,"2","1","1"
"2-20-202510-dev-seq-B","2","PA","20","202510-dev-tif/lm/20C/B/2/PA/1024-PA-2.csv",2025-10-24,"2","1","1"
"2-20-202510-dev-seq-B","2","PA","20","202510-dev-tif/lm/20C/B/2/PA/1026-PA-2.csv",2025-10-26,"1","1","1"
"2-20-202510-dev-seq-B","2","PA","20","202510-dev-tif/lm/20C/B/2/PA/1026-PA-2.csv",2025-10-26,"1","1","1"
"2-20-202510-dev-seq-B","2","PA","20","202510-dev-tif/lm/20C/B/2/PA/1026-PA-2.csv",2025-10-26,"1","1","1"
"2-20-202510-dev-seq-B","2","PA","20","202510-dev-tif/lm/20C/B/2/PA/1026-PA-2.csv",2025-10-26,"1","1","1"
"2-20-202510-dev-seq-B","2","PA","20","202510-dev-tif/lm/20C/B/2/PA/1026-PA-2.csv",2025-10-26,"1","1","1"
"2-20-202510-dev-seq-B","2","PA","20","202510-dev-tif/lm/20C/B/2/PA/1028-PA-2.csv",2025-10-28,"2","1","1"
"2-20-202510-dev-seq-B","2","PA","20","202510-dev-tif/lm/20C/B/2/PA/1028-PA-2.csv",2025-10-28,"2","1","1"
"2-20-202510-dev-seq-B","2","PA","20","202510-dev-tif/lm/20C/B/2/PA/1028-PA-2.csv",2025-10-28,"2","1","1"
"2-20-202510-dev-seq-B","2","PA","20","202510-dev-tif/lm/20C/B/2/PA/1028-PA-2.csv",2025-10-28,"2","1","1"
"2-20-202510-dev-seq-B","2","PA","20","202510-dev-tif/lm/20C/B/2/PA/1028-PA-2.csv",2025-10-28,"2","1","1"
"2-20-202510-dev-seq-B","2","PA","20","202510-dev-tif/lm/20C/B/2/PA/1030-PA-3.csv",2025-10-30,"3","2","1"
"2-20-202510-dev-seq-B","2","PA","20","202510-dev-tif/lm/20C/B/2/PA/1030-PA-3.csv",2025-10-30,"3","2","1"
"2-20-202510-dev-seq-B","2","PA","20","202510-dev-tif/lm/20C/B/2/PA/1030-PA-3.csv",2025-10-30,"3","2","1"
"2-20-202510-dev-seq-B","2","PA","20","202510-dev-tif/lm/20C/B/2/PA/1030-PA-3.csv",2025-10-30,"3","2","1"
"2-20-202510-dev-seq-B","2","PA","20","202510-dev-tif/lm/20C/B/2/PA/1030-PA-3.csv",2025-10-30,"3","2","1"
"2-20-202510-dev-seq-B","2","PA","20","202510-dev-tif/lm/20C/B/2/PA/1101-PA.csv",2025-11-01,"4","3","2"
"2-20-202510-dev-seq-B","2","PA","20","202510-dev-tif/lm/20C/B/2/PA/1101-PA.csv",2025-11-01,"4","3","2"
"2-20-202510-dev-seq-B","2","PA","20","202510-dev-tif/lm/20C/B/2/PA/1101-PA.csv",2025-11-01,"4","3","2"
"2-20-202510-dev-seq-B","2","PA","20","202510-dev-tif/lm/20C/B/2/PA/1101-PA.csv",2025-11-01,"4","3","2"
"2-20-202510-dev-seq-B","2","PA","20","202510-dev-tif/lm/20C/B/2/PA/1101-PA.csv",2025-11-01,"4","3","2"
"2-20-202510-dev-seq-B","2","PA","20","202510-dev-tif/lm/20C/B/2/PA/1103-PA.csv",2025-11-03,"6","4","3"
"2-20-202510-dev-seq-B","2","PA","20","202510-dev-tif/lm/20C/B/2/PA/1103-PA.csv",2025-11-03,"6","4","3"
"2-20-202510-dev-seq-B","2","PA","20","202510-dev-tif/lm/20C/B/2/PA/1103-PA.csv",2025-11-03,"6","4","3"
"2-20-202510-dev-seq-B","2","PA","20","202510-dev-tif/lm/20C/B/2/PA/1103-PA.csv",2025-11-03,"6","4","3"
"2-20-202510-dev-seq-B","2","PA","20","202510-dev-tif/lm/20C/B/2/PA/1103-PA.csv",2025-11-03,"6","4","3"
"2-20-202510-dev-seq-B","2","PA","20","202510-dev-tif/lm/20C/B/2/PA/1105-PA-2.csv",2025-11-05,"6","4","3"
"2-20-202510-dev-seq-B","2","PA","20","202510-dev-tif/lm/20C/B/2/PA/1105-PA-2.csv",2025-11-05,"6","4","3"
"2-20-202510-dev-seq-B","2","PA","20","202510-dev-tif/lm/20C/B/2/PA/1105-PA-2.csv",2025-11-05,"6","4","3"
"2-20-202510-dev-seq-B","2","PA","20","202510-dev-tif/lm/20C/B/2/PA/1105-PA-2.csv",2025-11-05,"6","4","3"
"2-20-202510-dev-seq-B","2","PA","20","202510-dev-tif/lm/20C/B/2/PA/1105-PA-2.csv",2025-11-05,"6","4","3"
"2-20-202510-dev-seq-B","2","PA","20","202510-dev-tif/lm/20C/B/2/PA/1107-PA-3.csv",2025-11-07,"8","3","3"
"2-20-202510-dev-seq-B","2","PA","20","202510-dev-tif/lm/20C/B/2/PA/1107-PA-3.csv",2025-11-07,"8","3","3"
"2-20-202510-dev-seq-B","2","PA","20","202510-dev-tif/lm/20C/B/2/PA/1107-PA-3.csv",2025-11-07,"8","3","3"
"2-20-202510-dev-seq-B","2","PA","20","202510-dev-tif/lm/20C/B/2/PA/1107-PA-3.csv",2025-11-07,"8","3","3"
"2-20-202510-dev-seq-B","2","PA","20","202510-dev-tif/lm/20C/B/2/PA/1107-PA-3.csv",2025-11-07,"8","3","3"
"2-20-202510-dev-seq-B","2","PA","20","202510-dev-tif/lm/20C/B/2/PA/1110-PA.csv",2025-11-10,"9","5","4"
"2-20-202510-dev-seq-B","2","PA","20","202510-dev-tif/lm/20C/B/2/PA/1110-PA.csv",2025-11-10,"9","5","4"
"2-20-202510-dev-seq-B","2","PA","20","202510-dev-tif/lm/20C/B/2/PA/1110-PA.csv",2025-11-10,"9","5","4"
"2-20-202510-dev-seq-B","2","PA","20","202510-dev-tif/lm/20C/B/2/PA/1110-PA.csv",2025-11-10,"9","5","4"
"2-20-202510-dev-seq-B","2","PA","20","202510-dev-tif/lm/20C/B/2/PA/1110-PA.csv",2025-11-10,"9","5","4"
"2-20-202510-dev-seq-B","2","PA","20","202510-dev-tif/lm/20C/B/2/PA/1111-PA-3.csv",2025-11-11,"9","5","4"
"2-20-202510-dev-seq-B","2","PA","20","202510-dev-tif/lm/20C/B/2/PA/1111-PA-3.csv",2025-11-11,"9","5","4"
"2-20-202510-dev-seq-B","2","PA","20","202510-dev-tif/lm/20C/B/2/PA/1111-PA-3.csv",2025-11-11,"9","5","4"
"2-20-202510-dev-seq-B","2","PA","20","202510-dev-tif/lm/20C/B/2/PA/1111-PA-3.csv",2025-11-11,"9","5","4"
"2-20-202510-dev-seq-B","2","PA","20","202510-dev-tif/lm/20C/B/2/PA/1111-PA-3.csv",2025-11-11,"9","5","4"
"2-20-202510-dev-seq-B","2","PA","20","202510-dev-tif/lm/20C/B/2/PA/1113-PA.csv",2025-11-13,"9","5","4"
"2-20-202510-dev-seq-B","2","PA","20","202510-dev-tif/lm/20C/B/2/PA/1113-PA.csv",2025-11-13,"9","5","4"
"2-20-202510-dev-seq-B","2","PA","20","202510-dev-tif/lm/20C/B/2/PA/1113-PA.csv",2025-11-13,"9","5","4"
"2-20-202510-dev-seq-B","2","PA","20","202510-dev-tif/lm/20C/B/2/PA/1113-PA.csv",2025-11-13,"9","5","4"
"2-20-202510-dev-seq-B","2","PA","20","202510-dev-tif/lm/20C/B/2/PA/1113-PA.csv",2025-11-13,"9","5","4"
"2-20-202510-dev-seq-B","2","PA","20","202510-dev-tif/lm/20C/B/2/PA/1115-PA-3.csv",2025-11-15,"9","5","4"
"2-20-202510-dev-seq-B","2","PA","20","202510-dev-tif/lm/20C/B/2/PA/1115-PA-3.csv",2025-11-15,"9","5","4"
"2-20-202510-dev-seq-B","2","PA","20","202510-dev-tif/lm/20C/B/2/PA/1115-PA-3.csv",2025-11-15,"9","5","4"
"2-20-202510-dev-seq-B","2","PA","20","202510-dev-tif/lm/20C/B/2/PA/1115-PA-3.csv",2025-11-15,"9","5","4"
"2-20-202510-dev-seq-B","2","PA","20","202510-dev-tif/lm/20C/B/2/PA/1115-PA-3.csv",2025-11-15,"9","5","4"
"2-20-202510-dev-seq-B","2","PA","20","202510-dev-tif/lm/20C/B/2/PA/1117-PA.csv",2025-11-17,"9","6","4"
"2-20-202510-dev-seq-B","2","PA","20","202510-dev-tif/lm/20C/B/2/PA/1117-PA.csv",2025-11-17,"9","6","4"
"2-20-202510-dev-seq-B","2","PA","20","202510-dev-tif/lm/20C/B/2/PA/1117-PA.csv",2025-11-17,"9","6","4"
"2-20-202510-dev-seq-B","2","PA","20","202510-dev-tif/lm/20C/B/2/PA/1117-PA.csv",2025-11-17,"9","6","4"
"2-20-202510-dev-seq-B","2","PA","20","202510-dev-tif/lm/20C/B/2/PA/1117-PA.csv",2025-11-17,"9","6","4"
"2-20-202510-dev-seq-B","2","PA","20","202510-dev-tif/lm/20C/B/2/PA/1119-PA-2.csv",2025-11-19,"9","6","4"
"2-20-202510-dev-seq-B","2","PA","20","202510-dev-tif/lm/20C/B/2/PA/1119-PA-2.csv",2025-11-19,"9","6","4"
"2-20-202510-dev-seq-B","2","PA","20","202510-dev-tif/lm/20C/B/2/PA/1119-PA-2.csv",2025-11-19,"9","6","4"
"2-20-202510-dev-seq-B","2","PA","20","202510-dev-tif/lm/20C/B/2/PA/1119-PA-2.csv",2025-11-19,"9","6","4"
"2-20-202510-dev-seq-B","2","PA","20","202510-dev-tif/lm/20C/B/2/PA/1119-PA-2.csv",2025-11-19,"9","6","4"
"2-20-202510-dev-seq-B","2","TA","20","202510-dev-tif/lm/20C/B/2/TA/1022-TA-2.csv",2025-10-22,"1","1","1"
"2-20-202510-dev-seq-B","2","TA","20","202510-dev-tif/lm/20C/B/2/TA/1022-TA-2.csv",2025-10-22,"1","1","1"
"2-20-202510-dev-seq-B","2","TA","20","202510-dev-tif/lm/20C/B/2/TA/1022-TA-2.csv",2025-10-22,"1","1","1"
"2-20-202510-dev-seq-B","2","TA","20","202510-dev-tif/lm/20C/B/2/TA/1022-TA-2.csv",2025-10-22,"1","1","1"
"2-20-202510-dev-seq-B","2","TA","20","202510-dev-tif/lm/20C/B/2/TA/1022-TA-2.csv",2025-10-22,"1","1","1"
"2-20-202510-dev-seq-B","2","TA","20","202510-dev-tif/lm/20C/B/2/TA/1022-TA-2.csv",2025-10-22,"1","1","1"
"2-20-202510-dev-seq-B","2","TA","20","202510-dev-tif/lm/20C/B/2/TA/1022-TA-2.csv",2025-10-22,"1","1","1"
"2-20-202510-dev-seq-B","2","TA","20","202510-dev-tif/lm/20C/B/2/TA/1022-TA-2.csv",2025-10-22,"1","1","1"
"2-20-202510-dev-seq-B","2","TA","20","202510-dev-tif/lm/20C/B/2/TA/1024-TA-3.csv",2025-10-24,"2","1","1"
"2-20-202510-dev-seq-B","2","TA","20","202510-dev-tif/lm/20C/B/2/TA/1024-TA-3.csv",2025-10-24,"2","1","1"
"2-20-202510-dev-seq-B","2","TA","20","202510-dev-tif/lm/20C/B/2/TA/1024-TA-3.csv",2025-10-24,"2","1","1"
"2-20-202510-dev-seq-B","2","TA","20","202510-dev-tif/lm/20C/B/2/TA/1024-TA-3.csv",2025-10-24,"2","1","1"
"2-20-202510-dev-seq-B","2","TA","20","202510-dev-tif/lm/20C/B/2/TA/1024-TA-3.csv",2025-10-24,"2","1","1"
"2-20-202510-dev-seq-B","2","TA","20","202510-dev-tif/lm/20C/B/2/TA/1024-TA-3.csv",2025-10-24,"2","1","1"
"2-20-202510-dev-seq-B","2","TA","20","202510-dev-tif/lm/20C/B/2/TA/1024-TA-3.csv",2025-10-24,"2","1","1"
"2-20-202510-dev-seq-B","2","TA","20","202510-dev-tif/lm/20C/B/2/TA/1024-TA-3.csv",2025-10-24,"2","1","1"
"2-20-202510-dev-seq-B","2","TA","20","202510-dev-tif/lm/20C/B/2/TA/1026-TA-2.csv",2025-10-26,"1","1","1"
"2-20-202510-dev-seq-B","2","TA","20","202510-dev-tif/lm/20C/B/2/TA/1026-TA-2.csv",2025-10-26,"1","1","1"
"2-20-202510-dev-seq-B","2","TA","20","202510-dev-tif/lm/20C/B/2/TA/1026-TA-2.csv",2025-10-26,"1","1","1"
"2-20-202510-dev-seq-B","2","TA","20","202510-dev-tif/lm/20C/B/2/TA/1026-TA-2.csv",2025-10-26,"1","1","1"
"2-20-202510-dev-seq-B","2","TA","20","202510-dev-tif/lm/20C/B/2/TA/1026-TA-2.csv",2025-10-26,"1","1","1"
"2-20-202510-dev-seq-B","2","TA","20","202510-dev-tif/lm/20C/B/2/TA/1026-TA-2.csv",2025-10-26,"1","1","1"
"2-20-202510-dev-seq-B","2","TA","20","202510-dev-tif/lm/20C/B/2/TA/1026-TA-2.csv",2025-10-26,"1","1","1"
"2-20-202510-dev-seq-B","2","TA","20","202510-dev-tif/lm/20C/B/2/TA/1026-TA-2.csv",2025-10-26,"1","1","1"
"2-20-202510-dev-seq-B","2","TA","20","202510-dev-tif/lm/20C/B/2/TA/1028-TA-3.csv",2025-10-28,"2","1","1"
"2-20-202510-dev-seq-B","2","TA","20","202510-dev-tif/lm/20C/B/2/TA/1028-TA-3.csv",2025-10-28,"2","1","1"
"2-20-202510-dev-seq-B","2","TA","20","202510-dev-tif/lm/20C/B/2/TA/1028-TA-3.csv",2025-10-28,"2","1","1"
"2-20-202510-dev-seq-B","2","TA","20","202510-dev-tif/lm/20C/B/2/TA/1028-TA-3.csv",2025-10-28,"2","1","1"
"2-20-202510-dev-seq-B","2","TA","20","202510-dev-tif/lm/20C/B/2/TA/1028-TA-3.csv",2025-10-28,"2","1","1"
"2-20-202510-dev-seq-B","2","TA","20","202510-dev-tif/lm/20C/B/2/TA/1028-TA-3.csv",2025-10-28,"2","1","1"
"2-20-202510-dev-seq-B","2","TA","20","202510-dev-tif/lm/20C/B/2/TA/1028-TA-3.csv",2025-10-28,"2","1","1"
"2-20-202510-dev-seq-B","2","TA","20","202510-dev-tif/lm/20C/B/2/TA/1028-TA-3.csv",2025-10-28,"2","1","1"
"2-20-202510-dev-seq-B","2","TA","20","202510-dev-tif/lm/20C/B/2/TA/1030-TA.csv",2025-10-30,"3","2","1"
"2-20-202510-dev-seq-B","2","TA","20","202510-dev-tif/lm/20C/B/2/TA/1030-TA.csv",2025-10-30,"3","2","1"
"2-20-202510-dev-seq-B","2","TA","20","202510-dev-tif/lm/20C/B/2/TA/1030-TA.csv",2025-10-30,"3","2","1"
"2-20-202510-dev-seq-B","2","TA","20","202510-dev-tif/lm/20C/B/2/TA/1030-TA.csv",2025-10-30,"3","2","1"
"2-20-202510-dev-seq-B","2","TA","20","202510-dev-tif/lm/20C/B/2/TA/1030-TA.csv",2025-10-30,"3","2","1"
"2-20-202510-dev-seq-B","2","TA","20","202510-dev-tif/lm/20C/B/2/TA/1030-TA.csv",2025-10-30,"3","2","1"
"2-20-202510-dev-seq-B","2","TA","20","202510-dev-tif/lm/20C/B/2/TA/1030-TA.csv",2025-10-30,"3","2","1"
"2-20-202510-dev-seq-B","2","TA","20","202510-dev-tif/lm/20C/B/2/TA/1030-TA.csv",2025-10-30,"3","2","1"
"2-20-202510-dev-seq-B","2","TA","20","202510-dev-tif/lm/20C/B/2/TA/1101-TA.csv",2025-11-01,"4","3","2"
"2-20-202510-dev-seq-B","2","TA","20","202510-dev-tif/lm/20C/B/2/TA/1101-TA.csv",2025-11-01,"4","3","2"
"2-20-202510-dev-seq-B","2","TA","20","202510-dev-tif/lm/20C/B/2/TA/1101-TA.csv",2025-11-01,"4","3","2"
"2-20-202510-dev-seq-B","2","TA","20","202510-dev-tif/lm/20C/B/2/TA/1101-TA.csv",2025-11-01,"4","3","2"
"2-20-202510-dev-seq-B","2","TA","20","202510-dev-tif/lm/20C/B/2/TA/1101-TA.csv",2025-11-01,"4","3","2"
"2-20-202510-dev-seq-B","2","TA","20","202510-dev-tif/lm/20C/B/2/TA/1101-TA.csv",2025-11-01,"4","3","2"
"2-20-202510-dev-seq-B","2","TA","20","202510-dev-tif/lm/20C/B/2/TA/1101-TA.csv",2025-11-01,"4","3","2"
"2-20-202510-dev-seq-B","2","TA","20","202510-dev-tif/lm/20C/B/2/TA/1101-TA.csv",2025-11-01,"4","3","2"
"2-20-202510-dev-seq-B","2","TA","20","202510-dev-tif/lm/20C/B/2/TA/1103-TA.csv",2025-11-03,"6","4","3"
"2-20-202510-dev-seq-B","2","TA","20","202510-dev-tif/lm/20C/B/2/TA/1103-TA.csv",2025-11-03,"6","4","3"
"2-20-202510-dev-seq-B","2","TA","20","202510-dev-tif/lm/20C/B/2/TA/1103-TA.csv",2025-11-03,"6","4","3"
"2-20-202510-dev-seq-B","2","TA","20","202510-dev-tif/lm/20C/B/2/TA/1103-TA.csv",2025-11-03,"6","4","3"
"2-20-202510-dev-seq-B","2","TA","20","202510-dev-tif/lm/20C/B/2/TA/1103-TA.csv",2025-11-03,"6","4","3"
"2-20-202510-dev-seq-B","2","TA","20","202510-dev-tif/lm/20C/B/2/TA/1103-TA.csv",2025-11-03,"6","4","3"
"2-20-202510-dev-seq-B","2","TA","20","202510-dev-tif/lm/20C/B/2/TA/1103-TA.csv",2025-11-03,"6","4","3"
"2-20-202510-dev-seq-B","2","TA","20","202510-dev-tif/lm/20C/B/2/TA/1103-TA.csv",2025-11-03,"6","4","3"
"2-20-202510-dev-seq-B","2","TA","20","202510-dev-tif/lm/20C/B/2/TA/1105-TA-3.csv",2025-11-05,"6","4","3"
"2-20-202510-dev-seq-B","2","TA","20","202510-dev-tif/lm/20C/B/2/TA/1105-TA-3.csv",2025-11-05,"6","4","3"
"2-20-202510-dev-seq-B","2","TA","20","202510-dev-tif/lm/20C/B/2/TA/1105-TA-3.csv",2025-11-05,"6","4","3"
"2-20-202510-dev-seq-B","2","TA","20","202510-dev-tif/lm/20C/B/2/TA/1105-TA-3.csv",2025-11-05,"6","4","3"
"2-20-202510-dev-seq-B","2","TA","20","202510-dev-tif/lm/20C/B/2/TA/1105-TA-3.csv",2025-11-05,"6","4","3"
"2-20-202510-dev-seq-B","2","TA","20","202510-dev-tif/lm/20C/B/2/TA/1105-TA-3.csv",2025-11-05,"6","4","3"
"2-20-202510-dev-seq-B","2","TA","20","202510-dev-tif/lm/20C/B/2/TA/1105-TA-3.csv",2025-11-05,"6","4","3"
"2-20-202510-dev-seq-B","2","TA","20","202510-dev-tif/lm/20C/B/2/TA/1105-TA-3.csv",2025-11-05,"6","4","3"
"2-20-202510-dev-seq-B","2","TA","20","202510-dev-tif/lm/20C/B/2/TA/1107-TA.csv",2025-11-07,"8","3","3"
"2-20-202510-dev-seq-B","2","TA","20","202510-dev-tif/lm/20C/B/2/TA/1107-TA.csv",2025-11-07,"8","3","3"
"2-20-202510-dev-seq-B","2","TA","20","202510-dev-tif/lm/20C/B/2/TA/1107-TA.csv",2025-11-07,"8","3","3"
"2-20-202510-dev-seq-B","2","TA","20","202510-dev-tif/lm/20C/B/2/TA/1107-TA.csv",2025-11-07,"8","3","3"
"2-20-202510-dev-seq-B","2","TA","20","202510-dev-tif/lm/20C/B/2/TA/1107-TA.csv",2025-11-07,"8","3","3"
"2-20-202510-dev-seq-B","2","TA","20","202510-dev-tif/lm/20C/B/2/TA/1107-TA.csv",2025-11-07,"8","3","3"
"2-20-202510-dev-seq-B","2","TA","20","202510-dev-tif/lm/20C/B/2/TA/1107-TA.csv",2025-11-07,"8","3","3"
"2-20-202510-dev-seq-B","2","TA","20","202510-dev-tif/lm/20C/B/2/TA/1107-TA.csv",2025-11-07,"8","3","3"
"2-20-202510-dev-seq-B","2","TA","20","202510-dev-tif/lm/20C/B/2/TA/1110-TA-2.csv",2025-11-10,"9","5","4"
"2-20-202510-dev-seq-B","2","TA","20","202510-dev-tif/lm/20C/B/2/TA/1110-TA-2.csv",2025-11-10,"9","5","4"
"2-20-202510-dev-seq-B","2","TA","20","202510-dev-tif/lm/20C/B/2/TA/1110-TA-2.csv",2025-11-10,"9","5","4"
"2-20-202510-dev-seq-B","2","TA","20","202510-dev-tif/lm/20C/B/2/TA/1110-TA-2.csv",2025-11-10,"9","5","4"
"2-20-202510-dev-seq-B","2","TA","20","202510-dev-tif/lm/20C/B/2/TA/1110-TA-2.csv",2025-11-10,"9","5","4"
"2-20-202510-dev-seq-B","2","TA","20","202510-dev-tif/lm/20C/B/2/TA/1110-TA-2.csv",2025-11-10,"9","5","4"
"2-20-202510-dev-seq-B","2","TA","20","202510-dev-tif/lm/20C/B/2/TA/1110-TA-2.csv",2025-11-10,"9","5","4"
"2-20-202510-dev-seq-B","2","TA","20","202510-dev-tif/lm/20C/B/2/TA/1110-TA-2.csv",2025-11-10,"9","5","4"
"2-20-202510-dev-seq-B","2","TA","20","202510-dev-tif/lm/20C/B/2/TA/1111-TA.csv",2025-11-11,"9","5","4"
"2-20-202510-dev-seq-B","2","TA","20","202510-dev-tif/lm/20C/B/2/TA/1111-TA.csv",2025-11-11,"9","5","4"
"2-20-202510-dev-seq-B","2","TA","20","202510-dev-tif/lm/20C/B/2/TA/1111-TA.csv",2025-11-11,"9","5","4"
"2-20-202510-dev-seq-B","2","TA","20","202510-dev-tif/lm/20C/B/2/TA/1111-TA.csv",2025-11-11,"9","5","4"
"2-20-202510-dev-seq-B","2","TA","20","202510-dev-tif/lm/20C/B/2/TA/1111-TA.csv",2025-11-11,"9","5","4"
"2-20-202510-dev-seq-B","2","TA","20","202510-dev-tif/lm/20C/B/2/TA/1111-TA.csv",2025-11-11,"9","5","4"
"2-20-202510-dev-seq-B","2","TA","20","202510-dev-tif/lm/20C/B/2/TA/1111-TA.csv",2025-11-11,"9","5","4"
"2-20-202510-dev-seq-B","2","TA","20","202510-dev-tif/lm/20C/B/2/TA/1111-TA.csv",2025-11-11,"9","5","4"
"2-20-202510-dev-seq-B","2","TA","20","202510-dev-tif/lm/20C/B/2/TA/1113-TA-3.csv",2025-11-13,"9","5","4"
"2-20-202510-dev-seq-B","2","TA","20","202510-dev-tif/lm/20C/B/2/TA/1113-TA-3.csv",2025-11-13,"9","5","4"
"2-20-202510-dev-seq-B","2","TA","20","202510-dev-tif/lm/20C/B/2/TA/1113-TA-3.csv",2025-11-13,"9","5","4"
"2-20-202510-dev-seq-B","2","TA","20","202510-dev-tif/lm/20C/B/2/TA/1113-TA-3.csv",2025-11-13,"9","5","4"
"2-20-202510-dev-seq-B","2","TA","20","202510-dev-tif/lm/20C/B/2/TA/1113-TA-3.csv",2025-11-13,"9","5","4"
"2-20-202510-dev-seq-B","2","TA","20","202510-dev-tif/lm/20C/B/2/TA/1113-TA-3.csv",2025-11-13,"9","5","4"
"2-20-202510-dev-seq-B","2","TA","20","202510-dev-tif/lm/20C/B/2/TA/1113-TA-3.csv",2025-11-13,"9","5","4"
"2-20-202510-dev-seq-B","2","TA","20","202510-dev-tif/lm/20C/B/2/TA/1113-TA-3.csv",2025-11-13,"9","5","4"
"2-20-202510-dev-seq-B","2","TA","20","202510-dev-tif/lm/20C/B/2/TA/1115-TA-2.csv",2025-11-15,"9","5","4"
"2-20-202510-dev-seq-B","2","TA","20","202510-dev-tif/lm/20C/B/2/TA/1115-TA-2.csv",2025-11-15,"9","5","4"
"2-20-202510-dev-seq-B","2","TA","20","202510-dev-tif/lm/20C/B/2/TA/1115-TA-2.csv",2025-11-15,"9","5","4"
"2-20-202510-dev-seq-B","2","TA","20","202510-dev-tif/lm/20C/B/2/TA/1115-TA-2.csv",2025-11-15,"9","5","4"
"2-20-202510-dev-seq-B","2","TA","20","202510-dev-tif/lm/20C/B/2/TA/1115-TA-2.csv",2025-11-15,"9","5","4"
"2-20-202510-dev-seq-B","2","TA","20","202510-dev-tif/lm/20C/B/2/TA/1115-TA-2.csv",2025-11-15,"9","5","4"
"2-20-202510-dev-seq-B","2","TA","20","202510-dev-tif/lm/20C/B/2/TA/1115-TA-2.csv",2025-11-15,"9","5","4"
"2-20-202510-dev-seq-B","2","TA","20","202510-dev-tif/lm/20C/B/2/TA/1115-TA-2.csv",2025-11-15,"9","5","4"
"2-20-202510-dev-seq-B","2","TA","20","202510-dev-tif/lm/20C/B/2/TA/1117-TA.csv",2025-11-17,"9","6","4"
"2-20-202510-dev-seq-B","2","TA","20","202510-dev-tif/lm/20C/B/2/TA/1117-TA.csv",2025-11-17,"9","6","4"
"2-20-202510-dev-seq-B","2","TA","20","202510-dev-tif/lm/20C/B/2/TA/1117-TA.csv",2025-11-17,"9","6","4"
"2-20-202510-dev-seq-B","2","TA","20","202510-dev-tif/lm/20C/B/2/TA/1117-TA.csv",2025-11-17,"9","6","4"
"2-20-202510-dev-seq-B","2","TA","20","202510-dev-tif/lm/20C/B/2/TA/1117-TA.csv",2025-11-17,"9","6","4"
"2-20-202510-dev-seq-B","2","TA","20","202510-dev-tif/lm/20C/B/2/TA/1117-TA.csv",2025-11-17,"9","6","4"
"2-20-202510-dev-seq-B","2","TA","20","202510-dev-tif/lm/20C/B/2/TA/1117-TA.csv",2025-11-17,"9","6","4"
"2-20-202510-dev-seq-B","2","TA","20","202510-dev-tif/lm/20C/B/2/TA/1117-TA.csv",2025-11-17,"9","6","4"
"2-20-202510-dev-seq-B","2","TA","20","202510-dev-tif/lm/20C/B/2/TA/1119-TA-4.csv",2025-11-19,"9","6","4"
"2-20-202510-dev-seq-B","2","TA","20","202510-dev-tif/lm/20C/B/2/TA/1119-TA-4.csv",2025-11-19,"9","6","4"
"2-20-202510-dev-seq-B","2","TA","20","202510-dev-tif/lm/20C/B/2/TA/1119-TA-4.csv",2025-11-19,"9","6","4"
"2-20-202510-dev-seq-B","2","TA","20","202510-dev-tif/lm/20C/B/2/TA/1119-TA-4.csv",2025-11-19,"9","6","4"
"2-20-202510-dev-seq-B","2","TA","20","202510-dev-tif/lm/20C/B/2/TA/1119-TA-4.csv",2025-11-19,"9","6","4"
"2-20-202510-dev-seq-B","2","TA","20","202510-dev-tif/lm/20C/B/2/TA/1119-TA-4.csv",2025-11-19,"9","6","4"
"2-20-202510-dev-seq-B","2","TA","20","202510-dev-tif/lm/20C/B/2/TA/1119-TA-4.csv",2025-11-19,"9","6","4"
"2-20-202510-dev-seq-B","2","TA","20","202510-dev-tif/lm/20C/B/2/TA/1119-TA-4.csv",2025-11-19,"9","6","4"
"20-20-202510-dev-seq-B","20","OA","20","202510-dev-tif/lm/20C/B/20/OA/1023-OA-2.csv",2025-10-23,"1","1","1"
"20-20-202510-dev-seq-B","20","OA","20","202510-dev-tif/lm/20C/B/20/OA/1023-OA-2.csv",2025-10-23,"1","1","1"
"20-20-202510-dev-seq-B","20","OA","20","202510-dev-tif/lm/20C/B/20/OA/1023-OA-2.csv",2025-10-23,"1","1","1"
"20-20-202510-dev-seq-B","20","OA","20","202510-dev-tif/lm/20C/B/20/OA/1023-OA-2.csv",2025-10-23,"1","1","1"
"20-20-202510-dev-seq-B","20","OA","20","202510-dev-tif/lm/20C/B/20/OA/1025-OA.csv",2025-10-25,"2","2","1"
"20-20-202510-dev-seq-B","20","OA","20","202510-dev-tif/lm/20C/B/20/OA/1025-OA.csv",2025-10-25,"2","2","1"
"20-20-202510-dev-seq-B","20","OA","20","202510-dev-tif/lm/20C/B/20/OA/1025-OA.csv",2025-10-25,"2","2","1"
"20-20-202510-dev-seq-B","20","OA","20","202510-dev-tif/lm/20C/B/20/OA/1025-OA.csv",2025-10-25,"2","2","1"
"20-20-202510-dev-seq-B","20","OA","20","202510-dev-tif/lm/20C/B/20/OA/1027-OA-2.csv",2025-10-27,"3","2","2"
"20-20-202510-dev-seq-B","20","OA","20","202510-dev-tif/lm/20C/B/20/OA/1027-OA-2.csv",2025-10-27,"3","2","2"
"20-20-202510-dev-seq-B","20","OA","20","202510-dev-tif/lm/20C/B/20/OA/1027-OA-2.csv",2025-10-27,"3","2","2"
"20-20-202510-dev-seq-B","20","OA","20","202510-dev-tif/lm/20C/B/20/OA/1027-OA-2.csv",2025-10-27,"3","2","2"
"20-20-202510-dev-seq-B","20","OA","20","202510-dev-tif/lm/20C/B/20/OA/1029-OA-2.csv",2025-10-29,"4","2","2"
"20-20-202510-dev-seq-B","20","OA","20","202510-dev-tif/lm/20C/B/20/OA/1029-OA-2.csv",2025-10-29,"4","2","2"
"20-20-202510-dev-seq-B","20","OA","20","202510-dev-tif/lm/20C/B/20/OA/1029-OA-2.csv",2025-10-29,"4","2","2"
"20-20-202510-dev-seq-B","20","OA","20","202510-dev-tif/lm/20C/B/20/OA/1029-OA-2.csv",2025-10-29,"4","2","2"
"20-20-202510-dev-seq-B","20","OA","20","202510-dev-tif/lm/20C/B/20/OA/1030-OA.csv",2025-10-30,"6","3","3"
"20-20-202510-dev-seq-B","20","OA","20","202510-dev-tif/lm/20C/B/20/OA/1030-OA.csv",2025-10-30,"6","3","3"
"20-20-202510-dev-seq-B","20","OA","20","202510-dev-tif/lm/20C/B/20/OA/1030-OA.csv",2025-10-30,"6","3","3"
"20-20-202510-dev-seq-B","20","OA","20","202510-dev-tif/lm/20C/B/20/OA/1030-OA.csv",2025-10-30,"6","3","3"
"20-20-202510-dev-seq-B","20","OA","20","202510-dev-tif/lm/20C/B/20/OA/1031-OA.csv",2025-10-31,"6","3","2"
"20-20-202510-dev-seq-B","20","OA","20","202510-dev-tif/lm/20C/B/20/OA/1031-OA.csv",2025-10-31,"6","3","2"
"20-20-202510-dev-seq-B","20","OA","20","202510-dev-tif/lm/20C/B/20/OA/1031-OA.csv",2025-10-31,"6","3","2"
"20-20-202510-dev-seq-B","20","OA","20","202510-dev-tif/lm/20C/B/20/OA/1031-OA.csv",2025-10-31,"6","3","2"
"20-20-202510-dev-seq-B","20","OA","20","202510-dev-tif/lm/20C/B/20/OA/1102-OA-2.csv",2025-11-02,"6","4","3"
"20-20-202510-dev-seq-B","20","OA","20","202510-dev-tif/lm/20C/B/20/OA/1102-OA-2.csv",2025-11-02,"6","4","3"
"20-20-202510-dev-seq-B","20","OA","20","202510-dev-tif/lm/20C/B/20/OA/1102-OA-2.csv",2025-11-02,"6","4","3"
"20-20-202510-dev-seq-B","20","OA","20","202510-dev-tif/lm/20C/B/20/OA/1102-OA-2.csv",2025-11-02,"6","4","3"
"20-20-202510-dev-seq-B","20","OA","20","202510-dev-tif/lm/20C/B/20/OA/1104-OA-2.csv",2025-11-04,"8","4","3"
"20-20-202510-dev-seq-B","20","OA","20","202510-dev-tif/lm/20C/B/20/OA/1104-OA-2.csv",2025-11-04,"8","4","3"
"20-20-202510-dev-seq-B","20","OA","20","202510-dev-tif/lm/20C/B/20/OA/1104-OA-2.csv",2025-11-04,"8","4","3"
"20-20-202510-dev-seq-B","20","OA","20","202510-dev-tif/lm/20C/B/20/OA/1104-OA-2.csv",2025-11-04,"8","4","3"
"20-20-202510-dev-seq-B","20","OA","20","202510-dev-tif/lm/20C/B/20/OA/1106-OA-2.csv",2025-11-06,"8","4","3"
"20-20-202510-dev-seq-B","20","OA","20","202510-dev-tif/lm/20C/B/20/OA/1106-OA-2.csv",2025-11-06,"8","4","3"
"20-20-202510-dev-seq-B","20","OA","20","202510-dev-tif/lm/20C/B/20/OA/1106-OA-2.csv",2025-11-06,"8","4","3"
"20-20-202510-dev-seq-B","20","OA","20","202510-dev-tif/lm/20C/B/20/OA/1106-OA-2.csv",2025-11-06,"8","4","3"
"20-20-202510-dev-seq-B","20","OA","20","202510-dev-tif/lm/20C/B/20/OA/1108-OA-4.csv",2025-11-08,"8","4","3"
"20-20-202510-dev-seq-B","20","OA","20","202510-dev-tif/lm/20C/B/20/OA/1108-OA-4.csv",2025-11-08,"8","4","3"
"20-20-202510-dev-seq-B","20","OA","20","202510-dev-tif/lm/20C/B/20/OA/1108-OA-4.csv",2025-11-08,"8","4","3"
"20-20-202510-dev-seq-B","20","OA","20","202510-dev-tif/lm/20C/B/20/OA/1108-OA-4.csv",2025-11-08,"8","4","3"
"20-20-202510-dev-seq-B","20","OA","20","202510-dev-tif/lm/20C/B/20/OA/1110-OA-4.csv",2025-11-10,"9","5","4"
"20-20-202510-dev-seq-B","20","OA","20","202510-dev-tif/lm/20C/B/20/OA/1110-OA-4.csv",2025-11-10,"9","5","4"
"20-20-202510-dev-seq-B","20","OA","20","202510-dev-tif/lm/20C/B/20/OA/1110-OA-4.csv",2025-11-10,"9","5","4"
"20-20-202510-dev-seq-B","20","OA","20","202510-dev-tif/lm/20C/B/20/OA/1110-OA-4.csv",2025-11-10,"9","5","4"
"20-20-202510-dev-seq-B","20","OA","20","202510-dev-tif/lm/20C/B/20/OA/1112-OA-4.csv",2025-11-12,"7","5","4"
"20-20-202510-dev-seq-B","20","OA","20","202510-dev-tif/lm/20C/B/20/OA/1112-OA-4.csv",2025-11-12,"7","5","4"
"20-20-202510-dev-seq-B","20","OA","20","202510-dev-tif/lm/20C/B/20/OA/1112-OA-4.csv",2025-11-12,"7","5","4"
"20-20-202510-dev-seq-B","20","OA","20","202510-dev-tif/lm/20C/B/20/OA/1112-OA-4.csv",2025-11-12,"7","5","4"
"20-20-202510-dev-seq-B","20","OA","20","202510-dev-tif/lm/20C/B/20/OA/1114-OA.csv",2025-11-14,"7","5","4"
"20-20-202510-dev-seq-B","20","OA","20","202510-dev-tif/lm/20C/B/20/OA/1114-OA.csv",2025-11-14,"7","5","4"
"20-20-202510-dev-seq-B","20","OA","20","202510-dev-tif/lm/20C/B/20/OA/1114-OA.csv",2025-11-14,"7","5","4"
"20-20-202510-dev-seq-B","20","OA","20","202510-dev-tif/lm/20C/B/20/OA/1114-OA.csv",2025-11-14,"7","5","4"
"20-20-202510-dev-seq-B","20","OA","20","202510-dev-tif/lm/20C/B/20/OA/1116-OA-3.csv",2025-11-16,"7","5","4"
"20-20-202510-dev-seq-B","20","OA","20","202510-dev-tif/lm/20C/B/20/OA/1116-OA-3.csv",2025-11-16,"7","5","4"
"20-20-202510-dev-seq-B","20","OA","20","202510-dev-tif/lm/20C/B/20/OA/1116-OA-3.csv",2025-11-16,"7","5","4"
"20-20-202510-dev-seq-B","20","OA","20","202510-dev-tif/lm/20C/B/20/OA/1116-OA-3.csv",2025-11-16,"7","5","4"
"20-20-202510-dev-seq-B","20","OA","20","202510-dev-tif/lm/20C/B/20/OA/1118-OA-3.csv",2025-11-18,"7","5","4"
"20-20-202510-dev-seq-B","20","OA","20","202510-dev-tif/lm/20C/B/20/OA/1118-OA-3.csv",2025-11-18,"7","5","4"
"20-20-202510-dev-seq-B","20","OA","20","202510-dev-tif/lm/20C/B/20/OA/1118-OA-3.csv",2025-11-18,"7","5","4"
"20-20-202510-dev-seq-B","20","OA","20","202510-dev-tif/lm/20C/B/20/OA/1118-OA-3.csv",2025-11-18,"7","5","4"
"20-20-202510-dev-seq-B","20","OA","20","202510-dev-tif/lm/20C/B/20/OA/1120-OA-3.csv",2025-11-20,"7","5","4"
"20-20-202510-dev-seq-B","20","OA","20","202510-dev-tif/lm/20C/B/20/OA/1120-OA-3.csv",2025-11-20,"7","5","4"
"20-20-202510-dev-seq-B","20","OA","20","202510-dev-tif/lm/20C/B/20/OA/1120-OA-3.csv",2025-11-20,"7","5","4"
"20-20-202510-dev-seq-B","20","OA","20","202510-dev-tif/lm/20C/B/20/OA/1120-OA-3.csv",2025-11-20,"7","5","4"
"20-20-202510-dev-seq-B","20","OA","20","202510-dev-tif/lm/20C/B/20/OA/1121-OA-2.csv",2025-11-21,"7","5","4"
"20-20-202510-dev-seq-B","20","OA","20","202510-dev-tif/lm/20C/B/20/OA/1121-OA-2.csv",2025-11-21,"7","5","4"
"20-20-202510-dev-seq-B","20","OA","20","202510-dev-tif/lm/20C/B/20/OA/1121-OA-2.csv",2025-11-21,"7","5","4"
"20-20-202510-dev-seq-B","20","OA","20","202510-dev-tif/lm/20C/B/20/OA/1121-OA-2.csv",2025-11-21,"7","5","4"
"20-20-202510-dev-seq-B","20","OA","20","202510-dev-tif/lm/20C/B/20/OA/1122-OA-2.csv",2025-11-22,"7","6","4"
"20-20-202510-dev-seq-B","20","OA","20","202510-dev-tif/lm/20C/B/20/OA/1122-OA-2.csv",2025-11-22,"7","6","4"
"20-20-202510-dev-seq-B","20","OA","20","202510-dev-tif/lm/20C/B/20/OA/1122-OA-2.csv",2025-11-22,"7","6","4"
"20-20-202510-dev-seq-B","20","OA","20","202510-dev-tif/lm/20C/B/20/OA/1122-OA-2.csv",2025-11-22,"7","6","4"
"20-20-202510-dev-seq-B","20","OA","20","202510-dev-tif/lm/20C/B/20/OA/1124-OA-4.csv",2025-11-24,"7","6","4"
"20-20-202510-dev-seq-B","20","OA","20","202510-dev-tif/lm/20C/B/20/OA/1124-OA-4.csv",2025-11-24,"7","6","4"
"20-20-202510-dev-seq-B","20","OA","20","202510-dev-tif/lm/20C/B/20/OA/1124-OA-4.csv",2025-11-24,"7","6","4"
"20-20-202510-dev-seq-B","20","OA","20","202510-dev-tif/lm/20C/B/20/OA/1124-OA-4.csv",2025-11-24,"7","6","4"
"20-20-202510-dev-seq-B","20","PA","20","202510-dev-tif/lm/20C/B/20/PA/1023-PA-2.csv",2025-10-23,"1","1","1"
"20-20-202510-dev-seq-B","20","PA","20","202510-dev-tif/lm/20C/B/20/PA/1023-PA-2.csv",2025-10-23,"1","1","1"
"20-20-202510-dev-seq-B","20","PA","20","202510-dev-tif/lm/20C/B/20/PA/1023-PA-2.csv",2025-10-23,"1","1","1"
"20-20-202510-dev-seq-B","20","PA","20","202510-dev-tif/lm/20C/B/20/PA/1023-PA-2.csv",2025-10-23,"1","1","1"
"20-20-202510-dev-seq-B","20","PA","20","202510-dev-tif/lm/20C/B/20/PA/1023-PA-2.csv",2025-10-23,"1","1","1"
"20-20-202510-dev-seq-B","20","PA","20","202510-dev-tif/lm/20C/B/20/PA/1025-PA.csv",2025-10-25,"2","2","1"
"20-20-202510-dev-seq-B","20","PA","20","202510-dev-tif/lm/20C/B/20/PA/1025-PA.csv",2025-10-25,"2","2","1"
"20-20-202510-dev-seq-B","20","PA","20","202510-dev-tif/lm/20C/B/20/PA/1025-PA.csv",2025-10-25,"2","2","1"
"20-20-202510-dev-seq-B","20","PA","20","202510-dev-tif/lm/20C/B/20/PA/1025-PA.csv",2025-10-25,"2","2","1"
"20-20-202510-dev-seq-B","20","PA","20","202510-dev-tif/lm/20C/B/20/PA/1025-PA.csv",2025-10-25,"2","2","1"
"20-20-202510-dev-seq-B","20","PA","20","202510-dev-tif/lm/20C/B/20/PA/1027-PA-3.csv",2025-10-27,"3","2","2"
"20-20-202510-dev-seq-B","20","PA","20","202510-dev-tif/lm/20C/B/20/PA/1027-PA-3.csv",2025-10-27,"3","2","2"
"20-20-202510-dev-seq-B","20","PA","20","202510-dev-tif/lm/20C/B/20/PA/1027-PA-3.csv",2025-10-27,"3","2","2"
"20-20-202510-dev-seq-B","20","PA","20","202510-dev-tif/lm/20C/B/20/PA/1027-PA-3.csv",2025-10-27,"3","2","2"
"20-20-202510-dev-seq-B","20","PA","20","202510-dev-tif/lm/20C/B/20/PA/1027-PA-3.csv",2025-10-27,"3","2","2"
"20-20-202510-dev-seq-B","20","PA","20","202510-dev-tif/lm/20C/B/20/PA/1029-PA-2.csv",2025-10-29,"4","2","2"
"20-20-202510-dev-seq-B","20","PA","20","202510-dev-tif/lm/20C/B/20/PA/1029-PA-2.csv",2025-10-29,"4","2","2"
"20-20-202510-dev-seq-B","20","PA","20","202510-dev-tif/lm/20C/B/20/PA/1029-PA-2.csv",2025-10-29,"4","2","2"
"20-20-202510-dev-seq-B","20","PA","20","202510-dev-tif/lm/20C/B/20/PA/1029-PA-2.csv",2025-10-29,"4","2","2"
"20-20-202510-dev-seq-B","20","PA","20","202510-dev-tif/lm/20C/B/20/PA/1029-PA-2.csv",2025-10-29,"4","2","2"
"20-20-202510-dev-seq-B","20","PA","20","202510-dev-tif/lm/20C/B/20/PA/1030-PA-2.csv",2025-10-30,"6","3","3"
"20-20-202510-dev-seq-B","20","PA","20","202510-dev-tif/lm/20C/B/20/PA/1030-PA-2.csv",2025-10-30,"6","3","3"
"20-20-202510-dev-seq-B","20","PA","20","202510-dev-tif/lm/20C/B/20/PA/1030-PA-2.csv",2025-10-30,"6","3","3"
"20-20-202510-dev-seq-B","20","PA","20","202510-dev-tif/lm/20C/B/20/PA/1030-PA-2.csv",2025-10-30,"6","3","3"
"20-20-202510-dev-seq-B","20","PA","20","202510-dev-tif/lm/20C/B/20/PA/1030-PA-2.csv",2025-10-30,"6","3","3"
"20-20-202510-dev-seq-B","20","PA","20","202510-dev-tif/lm/20C/B/20/PA/1031-PA-3.csv",2025-10-31,"6","3","2"
"20-20-202510-dev-seq-B","20","PA","20","202510-dev-tif/lm/20C/B/20/PA/1031-PA-3.csv",2025-10-31,"6","3","2"
"20-20-202510-dev-seq-B","20","PA","20","202510-dev-tif/lm/20C/B/20/PA/1031-PA-3.csv",2025-10-31,"6","3","2"
"20-20-202510-dev-seq-B","20","PA","20","202510-dev-tif/lm/20C/B/20/PA/1031-PA-3.csv",2025-10-31,"6","3","2"
"20-20-202510-dev-seq-B","20","PA","20","202510-dev-tif/lm/20C/B/20/PA/1031-PA-3.csv",2025-10-31,"6","3","2"
"20-20-202510-dev-seq-B","20","PA","20","202510-dev-tif/lm/20C/B/20/PA/1102-PA.csv",2025-11-02,"6","4","3"
"20-20-202510-dev-seq-B","20","PA","20","202510-dev-tif/lm/20C/B/20/PA/1102-PA.csv",2025-11-02,"6","4","3"
"20-20-202510-dev-seq-B","20","PA","20","202510-dev-tif/lm/20C/B/20/PA/1102-PA.csv",2025-11-02,"6","4","3"
"20-20-202510-dev-seq-B","20","PA","20","202510-dev-tif/lm/20C/B/20/PA/1102-PA.csv",2025-11-02,"6","4","3"
"20-20-202510-dev-seq-B","20","PA","20","202510-dev-tif/lm/20C/B/20/PA/1102-PA.csv",2025-11-02,"6","4","3"
"20-20-202510-dev-seq-B","20","PA","20","202510-dev-tif/lm/20C/B/20/PA/1104-PA.csv",2025-11-04,"8","4","3"
"20-20-202510-dev-seq-B","20","PA","20","202510-dev-tif/lm/20C/B/20/PA/1104-PA.csv",2025-11-04,"8","4","3"
"20-20-202510-dev-seq-B","20","PA","20","202510-dev-tif/lm/20C/B/20/PA/1104-PA.csv",2025-11-04,"8","4","3"
"20-20-202510-dev-seq-B","20","PA","20","202510-dev-tif/lm/20C/B/20/PA/1104-PA.csv",2025-11-04,"8","4","3"
"20-20-202510-dev-seq-B","20","PA","20","202510-dev-tif/lm/20C/B/20/PA/1104-PA.csv",2025-11-04,"8","4","3"
"20-20-202510-dev-seq-B","20","PA","20","202510-dev-tif/lm/20C/B/20/PA/1106-PA-2.csv",2025-11-06,"8","4","3"
"20-20-202510-dev-seq-B","20","PA","20","202510-dev-tif/lm/20C/B/20/PA/1106-PA-2.csv",2025-11-06,"8","4","3"
"20-20-202510-dev-seq-B","20","PA","20","202510-dev-tif/lm/20C/B/20/PA/1106-PA-2.csv",2025-11-06,"8","4","3"
"20-20-202510-dev-seq-B","20","PA","20","202510-dev-tif/lm/20C/B/20/PA/1106-PA-2.csv",2025-11-06,"8","4","3"
"20-20-202510-dev-seq-B","20","PA","20","202510-dev-tif/lm/20C/B/20/PA/1106-PA-2.csv",2025-11-06,"8","4","3"
"20-20-202510-dev-seq-B","20","PA","20","202510-dev-tif/lm/20C/B/20/PA/1108-PA.csv",2025-11-08,"8","4","3"
"20-20-202510-dev-seq-B","20","PA","20","202510-dev-tif/lm/20C/B/20/PA/1108-PA.csv",2025-11-08,"8","4","3"
"20-20-202510-dev-seq-B","20","PA","20","202510-dev-tif/lm/20C/B/20/PA/1108-PA.csv",2025-11-08,"8","4","3"
"20-20-202510-dev-seq-B","20","PA","20","202510-dev-tif/lm/20C/B/20/PA/1108-PA.csv",2025-11-08,"8","4","3"
"20-20-202510-dev-seq-B","20","PA","20","202510-dev-tif/lm/20C/B/20/PA/1108-PA.csv",2025-11-08,"8","4","3"
"20-20-202510-dev-seq-B","20","PA","20","202510-dev-tif/lm/20C/B/20/PA/1110-PA-3.csv",2025-11-10,"9","5","4"
"20-20-202510-dev-seq-B","20","PA","20","202510-dev-tif/lm/20C/B/20/PA/1110-PA-3.csv",2025-11-10,"9","5","4"
"20-20-202510-dev-seq-B","20","PA","20","202510-dev-tif/lm/20C/B/20/PA/1110-PA-3.csv",2025-11-10,"9","5","4"
"20-20-202510-dev-seq-B","20","PA","20","202510-dev-tif/lm/20C/B/20/PA/1110-PA-3.csv",2025-11-10,"9","5","4"
"20-20-202510-dev-seq-B","20","PA","20","202510-dev-tif/lm/20C/B/20/PA/1110-PA-3.csv",2025-11-10,"9","5","4"
"20-20-202510-dev-seq-B","20","PA","20","202510-dev-tif/lm/20C/B/20/PA/1112-PA-2.csv",2025-11-12,"7","5","4"
"20-20-202510-dev-seq-B","20","PA","20","202510-dev-tif/lm/20C/B/20/PA/1112-PA-2.csv",2025-11-12,"7","5","4"
"20-20-202510-dev-seq-B","20","PA","20","202510-dev-tif/lm/20C/B/20/PA/1112-PA-2.csv",2025-11-12,"7","5","4"
"20-20-202510-dev-seq-B","20","PA","20","202510-dev-tif/lm/20C/B/20/PA/1112-PA-2.csv",2025-11-12,"7","5","4"
"20-20-202510-dev-seq-B","20","PA","20","202510-dev-tif/lm/20C/B/20/PA/1112-PA-2.csv",2025-11-12,"7","5","4"
"20-20-202510-dev-seq-B","20","PA","20","202510-dev-tif/lm/20C/B/20/PA/1114-PA-2.csv",2025-11-14,"7","5","4"
"20-20-202510-dev-seq-B","20","PA","20","202510-dev-tif/lm/20C/B/20/PA/1114-PA-2.csv",2025-11-14,"7","5","4"
"20-20-202510-dev-seq-B","20","PA","20","202510-dev-tif/lm/20C/B/20/PA/1114-PA-2.csv",2025-11-14,"7","5","4"
"20-20-202510-dev-seq-B","20","PA","20","202510-dev-tif/lm/20C/B/20/PA/1114-PA-2.csv",2025-11-14,"7","5","4"
"20-20-202510-dev-seq-B","20","PA","20","202510-dev-tif/lm/20C/B/20/PA/1114-PA-2.csv",2025-11-14,"7","5","4"
"20-20-202510-dev-seq-B","20","PA","20","202510-dev-tif/lm/20C/B/20/PA/1116-PA.csv",2025-11-16,"7","5","4"
"20-20-202510-dev-seq-B","20","PA","20","202510-dev-tif/lm/20C/B/20/PA/1116-PA.csv",2025-11-16,"7","5","4"
"20-20-202510-dev-seq-B","20","PA","20","202510-dev-tif/lm/20C/B/20/PA/1116-PA.csv",2025-11-16,"7","5","4"
"20-20-202510-dev-seq-B","20","PA","20","202510-dev-tif/lm/20C/B/20/PA/1116-PA.csv",2025-11-16,"7","5","4"
"20-20-202510-dev-seq-B","20","PA","20","202510-dev-tif/lm/20C/B/20/PA/1116-PA.csv",2025-11-16,"7","5","4"
"20-20-202510-dev-seq-B","20","PA","20","202510-dev-tif/lm/20C/B/20/PA/1118-PA.csv",2025-11-18,"7","5","4"
"20-20-202510-dev-seq-B","20","PA","20","202510-dev-tif/lm/20C/B/20/PA/1118-PA.csv",2025-11-18,"7","5","4"
"20-20-202510-dev-seq-B","20","PA","20","202510-dev-tif/lm/20C/B/20/PA/1118-PA.csv",2025-11-18,"7","5","4"
"20-20-202510-dev-seq-B","20","PA","20","202510-dev-tif/lm/20C/B/20/PA/1118-PA.csv",2025-11-18,"7","5","4"
"20-20-202510-dev-seq-B","20","PA","20","202510-dev-tif/lm/20C/B/20/PA/1118-PA.csv",2025-11-18,"7","5","4"
"20-20-202510-dev-seq-B","20","PA","20","202510-dev-tif/lm/20C/B/20/PA/1120-PA.csv",2025-11-20,"7","5","4"
"20-20-202510-dev-seq-B","20","PA","20","202510-dev-tif/lm/20C/B/20/PA/1120-PA.csv",2025-11-20,"7","5","4"
"20-20-202510-dev-seq-B","20","PA","20","202510-dev-tif/lm/20C/B/20/PA/1120-PA.csv",2025-11-20,"7","5","4"
"20-20-202510-dev-seq-B","20","PA","20","202510-dev-tif/lm/20C/B/20/PA/1120-PA.csv",2025-11-20,"7","5","4"
"20-20-202510-dev-seq-B","20","PA","20","202510-dev-tif/lm/20C/B/20/PA/1120-PA.csv",2025-11-20,"7","5","4"
"20-20-202510-dev-seq-B","20","PA","20","202510-dev-tif/lm/20C/B/20/PA/1121-PA-2.csv",2025-11-21,"7","5","4"
"20-20-202510-dev-seq-B","20","PA","20","202510-dev-tif/lm/20C/B/20/PA/1121-PA-2.csv",2025-11-21,"7","5","4"
"20-20-202510-dev-seq-B","20","PA","20","202510-dev-tif/lm/20C/B/20/PA/1121-PA-2.csv",2025-11-21,"7","5","4"
"20-20-202510-dev-seq-B","20","PA","20","202510-dev-tif/lm/20C/B/20/PA/1121-PA-2.csv",2025-11-21,"7","5","4"
"20-20-202510-dev-seq-B","20","PA","20","202510-dev-tif/lm/20C/B/20/PA/1121-PA-2.csv",2025-11-21,"7","5","4"
"20-20-202510-dev-seq-B","20","PA","20","202510-dev-tif/lm/20C/B/20/PA/1122-PA-2.csv",2025-11-22,"7","6","4"
"20-20-202510-dev-seq-B","20","PA","20","202510-dev-tif/lm/20C/B/20/PA/1122-PA-2.csv",2025-11-22,"7","6","4"
"20-20-202510-dev-seq-B","20","PA","20","202510-dev-tif/lm/20C/B/20/PA/1122-PA-2.csv",2025-11-22,"7","6","4"
"20-20-202510-dev-seq-B","20","PA","20","202510-dev-tif/lm/20C/B/20/PA/1122-PA-2.csv",2025-11-22,"7","6","4"
"20-20-202510-dev-seq-B","20","PA","20","202510-dev-tif/lm/20C/B/20/PA/1122-PA-2.csv",2025-11-22,"7","6","4"
"20-20-202510-dev-seq-B","20","PA","20","202510-dev-tif/lm/20C/B/20/PA/1124-PA-6.csv",2025-11-24,"7","6","4"
"20-20-202510-dev-seq-B","20","PA","20","202510-dev-tif/lm/20C/B/20/PA/1124-PA-6.csv",2025-11-24,"7","6","4"
"20-20-202510-dev-seq-B","20","PA","20","202510-dev-tif/lm/20C/B/20/PA/1124-PA-6.csv",2025-11-24,"7","6","4"
"20-20-202510-dev-seq-B","20","PA","20","202510-dev-tif/lm/20C/B/20/PA/1124-PA-6.csv",2025-11-24,"7","6","4"
"20-20-202510-dev-seq-B","20","PA","20","202510-dev-tif/lm/20C/B/20/PA/1124-PA-6.csv",2025-11-24,"7","6","4"
"20-20-202510-dev-seq-B","20","TA","20","202510-dev-tif/lm/20C/B/20/TA/1023-TA.csv",2025-10-23,"1","1","1"
"20-20-202510-dev-seq-B","20","TA","20","202510-dev-tif/lm/20C/B/20/TA/1023-TA.csv",2025-10-23,"1","1","1"
"20-20-202510-dev-seq-B","20","TA","20","202510-dev-tif/lm/20C/B/20/TA/1023-TA.csv",2025-10-23,"1","1","1"
"20-20-202510-dev-seq-B","20","TA","20","202510-dev-tif/lm/20C/B/20/TA/1023-TA.csv",2025-10-23,"1","1","1"
"20-20-202510-dev-seq-B","20","TA","20","202510-dev-tif/lm/20C/B/20/TA/1023-TA.csv",2025-10-23,"1","1","1"
"20-20-202510-dev-seq-B","20","TA","20","202510-dev-tif/lm/20C/B/20/TA/1023-TA.csv",2025-10-23,"1","1","1"
"20-20-202510-dev-seq-B","20","TA","20","202510-dev-tif/lm/20C/B/20/TA/1023-TA.csv",2025-10-23,"1","1","1"
"20-20-202510-dev-seq-B","20","TA","20","202510-dev-tif/lm/20C/B/20/TA/1023-TA.csv",2025-10-23,"1","1","1"
"20-20-202510-dev-seq-B","20","TA","20","202510-dev-tif/lm/20C/B/20/TA/1025-TA-2.csv",2025-10-25,"2","2","1"
"20-20-202510-dev-seq-B","20","TA","20","202510-dev-tif/lm/20C/B/20/TA/1025-TA-2.csv",2025-10-25,"2","2","1"
"20-20-202510-dev-seq-B","20","TA","20","202510-dev-tif/lm/20C/B/20/TA/1025-TA-2.csv",2025-10-25,"2","2","1"
"20-20-202510-dev-seq-B","20","TA","20","202510-dev-tif/lm/20C/B/20/TA/1025-TA-2.csv",2025-10-25,"2","2","1"
"20-20-202510-dev-seq-B","20","TA","20","202510-dev-tif/lm/20C/B/20/TA/1025-TA-2.csv",2025-10-25,"2","2","1"
"20-20-202510-dev-seq-B","20","TA","20","202510-dev-tif/lm/20C/B/20/TA/1025-TA-2.csv",2025-10-25,"2","2","1"
"20-20-202510-dev-seq-B","20","TA","20","202510-dev-tif/lm/20C/B/20/TA/1025-TA-2.csv",2025-10-25,"2","2","1"
"20-20-202510-dev-seq-B","20","TA","20","202510-dev-tif/lm/20C/B/20/TA/1025-TA-2.csv",2025-10-25,"2","2","1"
"20-20-202510-dev-seq-B","20","TA","20","202510-dev-tif/lm/20C/B/20/TA/1027-TA-3.csv",2025-10-27,"3","2","2"
"20-20-202510-dev-seq-B","20","TA","20","202510-dev-tif/lm/20C/B/20/TA/1027-TA-3.csv",2025-10-27,"3","2","2"
"20-20-202510-dev-seq-B","20","TA","20","202510-dev-tif/lm/20C/B/20/TA/1027-TA-3.csv",2025-10-27,"3","2","2"
"20-20-202510-dev-seq-B","20","TA","20","202510-dev-tif/lm/20C/B/20/TA/1027-TA-3.csv",2025-10-27,"3","2","2"
"20-20-202510-dev-seq-B","20","TA","20","202510-dev-tif/lm/20C/B/20/TA/1027-TA-3.csv",2025-10-27,"3","2","2"
"20-20-202510-dev-seq-B","20","TA","20","202510-dev-tif/lm/20C/B/20/TA/1027-TA-3.csv",2025-10-27,"3","2","2"
"20-20-202510-dev-seq-B","20","TA","20","202510-dev-tif/lm/20C/B/20/TA/1027-TA-3.csv",2025-10-27,"3","2","2"
"20-20-202510-dev-seq-B","20","TA","20","202510-dev-tif/lm/20C/B/20/TA/1027-TA-3.csv",2025-10-27,"3","2","2"
"20-20-202510-dev-seq-B","20","TA","20","202510-dev-tif/lm/20C/B/20/TA/1029-TA.csv",2025-10-29,"4","2","2"
"20-20-202510-dev-seq-B","20","TA","20","202510-dev-tif/lm/20C/B/20/TA/1029-TA.csv",2025-10-29,"4","2","2"
"20-20-202510-dev-seq-B","20","TA","20","202510-dev-tif/lm/20C/B/20/TA/1029-TA.csv",2025-10-29,"4","2","2"
"20-20-202510-dev-seq-B","20","TA","20","202510-dev-tif/lm/20C/B/20/TA/1029-TA.csv",2025-10-29,"4","2","2"
"20-20-202510-dev-seq-B","20","TA","20","202510-dev-tif/lm/20C/B/20/TA/1029-TA.csv",2025-10-29,"4","2","2"
"20-20-202510-dev-seq-B","20","TA","20","202510-dev-tif/lm/20C/B/20/TA/1029-TA.csv",2025-10-29,"4","2","2"
"20-20-202510-dev-seq-B","20","TA","20","202510-dev-tif/lm/20C/B/20/TA/1029-TA.csv",2025-10-29,"4","2","2"
"20-20-202510-dev-seq-B","20","TA","20","202510-dev-tif/lm/20C/B/20/TA/1029-TA.csv",2025-10-29,"4","2","2"
"20-20-202510-dev-seq-B","20","TA","20","202510-dev-tif/lm/20C/B/20/TA/1030-TA.csv",2025-10-30,"6","3","3"
"20-20-202510-dev-seq-B","20","TA","20","202510-dev-tif/lm/20C/B/20/TA/1030-TA.csv",2025-10-30,"6","3","3"
"20-20-202510-dev-seq-B","20","TA","20","202510-dev-tif/lm/20C/B/20/TA/1030-TA.csv",2025-10-30,"6","3","3"
"20-20-202510-dev-seq-B","20","TA","20","202510-dev-tif/lm/20C/B/20/TA/1030-TA.csv",2025-10-30,"6","3","3"
"20-20-202510-dev-seq-B","20","TA","20","202510-dev-tif/lm/20C/B/20/TA/1030-TA.csv",2025-10-30,"6","3","3"
"20-20-202510-dev-seq-B","20","TA","20","202510-dev-tif/lm/20C/B/20/TA/1030-TA.csv",2025-10-30,"6","3","3"
"20-20-202510-dev-seq-B","20","TA","20","202510-dev-tif/lm/20C/B/20/TA/1030-TA.csv",2025-10-30,"6","3","3"
"20-20-202510-dev-seq-B","20","TA","20","202510-dev-tif/lm/20C/B/20/TA/1030-TA.csv",2025-10-30,"6","3","3"
"20-20-202510-dev-seq-B","20","TA","20","202510-dev-tif/lm/20C/B/20/TA/1031-TA.csv",2025-10-31,"6","3","2"
"20-20-202510-dev-seq-B","20","TA","20","202510-dev-tif/lm/20C/B/20/TA/1031-TA.csv",2025-10-31,"6","3","2"
"20-20-202510-dev-seq-B","20","TA","20","202510-dev-tif/lm/20C/B/20/TA/1031-TA.csv",2025-10-31,"6","3","2"
"20-20-202510-dev-seq-B","20","TA","20","202510-dev-tif/lm/20C/B/20/TA/1031-TA.csv",2025-10-31,"6","3","2"
"20-20-202510-dev-seq-B","20","TA","20","202510-dev-tif/lm/20C/B/20/TA/1031-TA.csv",2025-10-31,"6","3","2"
"20-20-202510-dev-seq-B","20","TA","20","202510-dev-tif/lm/20C/B/20/TA/1031-TA.csv",2025-10-31,"6","3","2"
"20-20-202510-dev-seq-B","20","TA","20","202510-dev-tif/lm/20C/B/20/TA/1031-TA.csv",2025-10-31,"6","3","2"
"20-20-202510-dev-seq-B","20","TA","20","202510-dev-tif/lm/20C/B/20/TA/1031-TA.csv",2025-10-31,"6","3","2"
"20-20-202510-dev-seq-B","20","TA","20","202510-dev-tif/lm/20C/B/20/TA/1102-TA.csv",2025-11-02,"6","4","3"
"20-20-202510-dev-seq-B","20","TA","20","202510-dev-tif/lm/20C/B/20/TA/1102-TA.csv",2025-11-02,"6","4","3"
"20-20-202510-dev-seq-B","20","TA","20","202510-dev-tif/lm/20C/B/20/TA/1102-TA.csv",2025-11-02,"6","4","3"
"20-20-202510-dev-seq-B","20","TA","20","202510-dev-tif/lm/20C/B/20/TA/1102-TA.csv",2025-11-02,"6","4","3"
"20-20-202510-dev-seq-B","20","TA","20","202510-dev-tif/lm/20C/B/20/TA/1102-TA.csv",2025-11-02,"6","4","3"
"20-20-202510-dev-seq-B","20","TA","20","202510-dev-tif/lm/20C/B/20/TA/1102-TA.csv",2025-11-02,"6","4","3"
"20-20-202510-dev-seq-B","20","TA","20","202510-dev-tif/lm/20C/B/20/TA/1102-TA.csv",2025-11-02,"6","4","3"
"20-20-202510-dev-seq-B","20","TA","20","202510-dev-tif/lm/20C/B/20/TA/1102-TA.csv",2025-11-02,"6","4","3"
"20-20-202510-dev-seq-B","20","TA","20","202510-dev-tif/lm/20C/B/20/TA/1104-TA-2.csv",2025-11-04,"8","4","3"
"20-20-202510-dev-seq-B","20","TA","20","202510-dev-tif/lm/20C/B/20/TA/1104-TA-2.csv",2025-11-04,"8","4","3"
"20-20-202510-dev-seq-B","20","TA","20","202510-dev-tif/lm/20C/B/20/TA/1104-TA-2.csv",2025-11-04,"8","4","3"
"20-20-202510-dev-seq-B","20","TA","20","202510-dev-tif/lm/20C/B/20/TA/1104-TA-2.csv",2025-11-04,"8","4","3"
"20-20-202510-dev-seq-B","20","TA","20","202510-dev-tif/lm/20C/B/20/TA/1104-TA-2.csv",2025-11-04,"8","4","3"
"20-20-202510-dev-seq-B","20","TA","20","202510-dev-tif/lm/20C/B/20/TA/1104-TA-2.csv",2025-11-04,"8","4","3"
"20-20-202510-dev-seq-B","20","TA","20","202510-dev-tif/lm/20C/B/20/TA/1104-TA-2.csv",2025-11-04,"8","4","3"
"20-20-202510-dev-seq-B","20","TA","20","202510-dev-tif/lm/20C/B/20/TA/1104-TA-2.csv",2025-11-04,"8","4","3"
"20-20-202510-dev-seq-B","20","TA","20","202510-dev-tif/lm/20C/B/20/TA/1106-TA.csv",2025-11-06,"8","4","3"
"20-20-202510-dev-seq-B","20","TA","20","202510-dev-tif/lm/20C/B/20/TA/1106-TA.csv",2025-11-06,"8","4","3"
"20-20-202510-dev-seq-B","20","TA","20","202510-dev-tif/lm/20C/B/20/TA/1106-TA.csv",2025-11-06,"8","4","3"
"20-20-202510-dev-seq-B","20","TA","20","202510-dev-tif/lm/20C/B/20/TA/1106-TA.csv",2025-11-06,"8","4","3"
"20-20-202510-dev-seq-B","20","TA","20","202510-dev-tif/lm/20C/B/20/TA/1106-TA.csv",2025-11-06,"8","4","3"
"20-20-202510-dev-seq-B","20","TA","20","202510-dev-tif/lm/20C/B/20/TA/1106-TA.csv",2025-11-06,"8","4","3"
"20-20-202510-dev-seq-B","20","TA","20","202510-dev-tif/lm/20C/B/20/TA/1106-TA.csv",2025-11-06,"8","4","3"
"20-20-202510-dev-seq-B","20","TA","20","202510-dev-tif/lm/20C/B/20/TA/1106-TA.csv",2025-11-06,"8","4","3"
"20-20-202510-dev-seq-B","20","TA","20","202510-dev-tif/lm/20C/B/20/TA/1108-TA-3.csv",2025-11-08,"8","4","3"
"20-20-202510-dev-seq-B","20","TA","20","202510-dev-tif/lm/20C/B/20/TA/1108-TA-3.csv",2025-11-08,"8","4","3"
"20-20-202510-dev-seq-B","20","TA","20","202510-dev-tif/lm/20C/B/20/TA/1108-TA-3.csv",2025-11-08,"8","4","3"
"20-20-202510-dev-seq-B","20","TA","20","202510-dev-tif/lm/20C/B/20/TA/1108-TA-3.csv",2025-11-08,"8","4","3"
"20-20-202510-dev-seq-B","20","TA","20","202510-dev-tif/lm/20C/B/20/TA/1108-TA-3.csv",2025-11-08,"8","4","3"
"20-20-202510-dev-seq-B","20","TA","20","202510-dev-tif/lm/20C/B/20/TA/1108-TA-3.csv",2025-11-08,"8","4","3"
"20-20-202510-dev-seq-B","20","TA","20","202510-dev-tif/lm/20C/B/20/TA/1108-TA-3.csv",2025-11-08,"8","4","3"
"20-20-202510-dev-seq-B","20","TA","20","202510-dev-tif/lm/20C/B/20/TA/1108-TA-3.csv",2025-11-08,"8","4","3"
"20-20-202510-dev-seq-B","20","TA","20","202510-dev-tif/lm/20C/B/20/TA/1110-TA.csv",2025-11-10,"9","5","4"
"20-20-202510-dev-seq-B","20","TA","20","202510-dev-tif/lm/20C/B/20/TA/1110-TA.csv",2025-11-10,"9","5","4"
"20-20-202510-dev-seq-B","20","TA","20","202510-dev-tif/lm/20C/B/20/TA/1110-TA.csv",2025-11-10,"9","5","4"
"20-20-202510-dev-seq-B","20","TA","20","202510-dev-tif/lm/20C/B/20/TA/1110-TA.csv",2025-11-10,"9","5","4"
"20-20-202510-dev-seq-B","20","TA","20","202510-dev-tif/lm/20C/B/20/TA/1110-TA.csv",2025-11-10,"9","5","4"
"20-20-202510-dev-seq-B","20","TA","20","202510-dev-tif/lm/20C/B/20/TA/1110-TA.csv",2025-11-10,"9","5","4"
"20-20-202510-dev-seq-B","20","TA","20","202510-dev-tif/lm/20C/B/20/TA/1110-TA.csv",2025-11-10,"9","5","4"
"20-20-202510-dev-seq-B","20","TA","20","202510-dev-tif/lm/20C/B/20/TA/1110-TA.csv",2025-11-10,"9","5","4"
"20-20-202510-dev-seq-B","20","TA","20","202510-dev-tif/lm/20C/B/20/TA/1112-TA-3.csv",2025-11-12,"7","5","4"
"20-20-202510-dev-seq-B","20","TA","20","202510-dev-tif/lm/20C/B/20/TA/1112-TA-3.csv",2025-11-12,"7","5","4"
"20-20-202510-dev-seq-B","20","TA","20","202510-dev-tif/lm/20C/B/20/TA/1112-TA-3.csv",2025-11-12,"7","5","4"
"20-20-202510-dev-seq-B","20","TA","20","202510-dev-tif/lm/20C/B/20/TA/1112-TA-3.csv",2025-11-12,"7","5","4"
"20-20-202510-dev-seq-B","20","TA","20","202510-dev-tif/lm/20C/B/20/TA/1112-TA-3.csv",2025-11-12,"7","5","4"
"20-20-202510-dev-seq-B","20","TA","20","202510-dev-tif/lm/20C/B/20/TA/1112-TA-3.csv",2025-11-12,"7","5","4"
"20-20-202510-dev-seq-B","20","TA","20","202510-dev-tif/lm/20C/B/20/TA/1112-TA-3.csv",2025-11-12,"7","5","4"
"20-20-202510-dev-seq-B","20","TA","20","202510-dev-tif/lm/20C/B/20/TA/1112-TA-3.csv",2025-11-12,"7","5","4"
"20-20-202510-dev-seq-B","20","TA","20","202510-dev-tif/lm/20C/B/20/TA/1114-TA-2.csv",2025-11-14,"7","5","4"
"20-20-202510-dev-seq-B","20","TA","20","202510-dev-tif/lm/20C/B/20/TA/1114-TA-2.csv",2025-11-14,"7","5","4"
"20-20-202510-dev-seq-B","20","TA","20","202510-dev-tif/lm/20C/B/20/TA/1114-TA-2.csv",2025-11-14,"7","5","4"
"20-20-202510-dev-seq-B","20","TA","20","202510-dev-tif/lm/20C/B/20/TA/1114-TA-2.csv",2025-11-14,"7","5","4"
"20-20-202510-dev-seq-B","20","TA","20","202510-dev-tif/lm/20C/B/20/TA/1114-TA-2.csv",2025-11-14,"7","5","4"
"20-20-202510-dev-seq-B","20","TA","20","202510-dev-tif/lm/20C/B/20/TA/1114-TA-2.csv",2025-11-14,"7","5","4"
"20-20-202510-dev-seq-B","20","TA","20","202510-dev-tif/lm/20C/B/20/TA/1114-TA-2.csv",2025-11-14,"7","5","4"
"20-20-202510-dev-seq-B","20","TA","20","202510-dev-tif/lm/20C/B/20/TA/1114-TA-2.csv",2025-11-14,"7","5","4"
"20-20-202510-dev-seq-B","20","TA","20","202510-dev-tif/lm/20C/B/20/TA/1116-TA-4.csv",2025-11-16,"7","5","4"
"20-20-202510-dev-seq-B","20","TA","20","202510-dev-tif/lm/20C/B/20/TA/1116-TA-4.csv",2025-11-16,"7","5","4"
"20-20-202510-dev-seq-B","20","TA","20","202510-dev-tif/lm/20C/B/20/TA/1116-TA-4.csv",2025-11-16,"7","5","4"
"20-20-202510-dev-seq-B","20","TA","20","202510-dev-tif/lm/20C/B/20/TA/1116-TA-4.csv",2025-11-16,"7","5","4"
"20-20-202510-dev-seq-B","20","TA","20","202510-dev-tif/lm/20C/B/20/TA/1116-TA-4.csv",2025-11-16,"7","5","4"
"20-20-202510-dev-seq-B","20","TA","20","202510-dev-tif/lm/20C/B/20/TA/1116-TA-4.csv",2025-11-16,"7","5","4"
"20-20-202510-dev-seq-B","20","TA","20","202510-dev-tif/lm/20C/B/20/TA/1116-TA-4.csv",2025-11-16,"7","5","4"
"20-20-202510-dev-seq-B","20","TA","20","202510-dev-tif/lm/20C/B/20/TA/1116-TA-4.csv",2025-11-16,"7","5","4"
"20-20-202510-dev-seq-B","20","TA","20","202510-dev-tif/lm/20C/B/20/TA/1118-TA-4.csv",2025-11-18,"7","5","4"
"20-20-202510-dev-seq-B","20","TA","20","202510-dev-tif/lm/20C/B/20/TA/1118-TA-4.csv",2025-11-18,"7","5","4"
"20-20-202510-dev-seq-B","20","TA","20","202510-dev-tif/lm/20C/B/20/TA/1118-TA-4.csv",2025-11-18,"7","5","4"
"20-20-202510-dev-seq-B","20","TA","20","202510-dev-tif/lm/20C/B/20/TA/1118-TA-4.csv",2025-11-18,"7","5","4"
"20-20-202510-dev-seq-B","20","TA","20","202510-dev-tif/lm/20C/B/20/TA/1118-TA-4.csv",2025-11-18,"7","5","4"
"20-20-202510-dev-seq-B","20","TA","20","202510-dev-tif/lm/20C/B/20/TA/1118-TA-4.csv",2025-11-18,"7","5","4"
"20-20-202510-dev-seq-B","20","TA","20","202510-dev-tif/lm/20C/B/20/TA/1118-TA-4.csv",2025-11-18,"7","5","4"
"20-20-202510-dev-seq-B","20","TA","20","202510-dev-tif/lm/20C/B/20/TA/1118-TA-4.csv",2025-11-18,"7","5","4"
"20-20-202510-dev-seq-B","20","TA","20","202510-dev-tif/lm/20C/B/20/TA/1120-TA-2.csv",2025-11-20,"7","5","4"
"20-20-202510-dev-seq-B","20","TA","20","202510-dev-tif/lm/20C/B/20/TA/1120-TA-2.csv",2025-11-20,"7","5","4"
"20-20-202510-dev-seq-B","20","TA","20","202510-dev-tif/lm/20C/B/20/TA/1120-TA-2.csv",2025-11-20,"7","5","4"
"20-20-202510-dev-seq-B","20","TA","20","202510-dev-tif/lm/20C/B/20/TA/1120-TA-2.csv",2025-11-20,"7","5","4"
"20-20-202510-dev-seq-B","20","TA","20","202510-dev-tif/lm/20C/B/20/TA/1120-TA-2.csv",2025-11-20,"7","5","4"
"20-20-202510-dev-seq-B","20","TA","20","202510-dev-tif/lm/20C/B/20/TA/1120-TA-2.csv",2025-11-20,"7","5","4"
"20-20-202510-dev-seq-B","20","TA","20","202510-dev-tif/lm/20C/B/20/TA/1120-TA-2.csv",2025-11-20,"7","5","4"
"20-20-202510-dev-seq-B","20","TA","20","202510-dev-tif/lm/20C/B/20/TA/1120-TA-2.csv",2025-11-20,"7","5","4"
"20-20-202510-dev-seq-B","20","TA","20","202510-dev-tif/lm/20C/B/20/TA/1121-TA.csv",2025-11-21,"7","5","4"
"20-20-202510-dev-seq-B","20","TA","20","202510-dev-tif/lm/20C/B/20/TA/1121-TA.csv",2025-11-21,"7","5","4"
"20-20-202510-dev-seq-B","20","TA","20","202510-dev-tif/lm/20C/B/20/TA/1121-TA.csv",2025-11-21,"7","5","4"
"20-20-202510-dev-seq-B","20","TA","20","202510-dev-tif/lm/20C/B/20/TA/1121-TA.csv",2025-11-21,"7","5","4"
"20-20-202510-dev-seq-B","20","TA","20","202510-dev-tif/lm/20C/B/20/TA/1121-TA.csv",2025-11-21,"7","5","4"
"20-20-202510-dev-seq-B","20","TA","20","202510-dev-tif/lm/20C/B/20/TA/1121-TA.csv",2025-11-21,"7","5","4"
"20-20-202510-dev-seq-B","20","TA","20","202510-dev-tif/lm/20C/B/20/TA/1121-TA.csv",2025-11-21,"7","5","4"
"20-20-202510-dev-seq-B","20","TA","20","202510-dev-tif/lm/20C/B/20/TA/1121-TA.csv",2025-11-21,"7","5","4"
"20-20-202510-dev-seq-B","20","TA","20","202510-dev-tif/lm/20C/B/20/TA/1122-TA-5.csv",2025-11-22,"7","6","4"
"20-20-202510-dev-seq-B","20","TA","20","202510-dev-tif/lm/20C/B/20/TA/1122-TA-5.csv",2025-11-22,"7","6","4"
"20-20-202510-dev-seq-B","20","TA","20","202510-dev-tif/lm/20C/B/20/TA/1122-TA-5.csv",2025-11-22,"7","6","4"
"20-20-202510-dev-seq-B","20","TA","20","202510-dev-tif/lm/20C/B/20/TA/1122-TA-5.csv",2025-11-22,"7","6","4"
"20-20-202510-dev-seq-B","20","TA","20","202510-dev-tif/lm/20C/B/20/TA/1122-TA-5.csv",2025-11-22,"7","6","4"
"20-20-202510-dev-seq-B","20","TA","20","202510-dev-tif/lm/20C/B/20/TA/1122-TA-5.csv",2025-11-22,"7","6","4"
"20-20-202510-dev-seq-B","20","TA","20","202510-dev-tif/lm/20C/B/20/TA/1122-TA-5.csv",2025-11-22,"7","6","4"
"20-20-202510-dev-seq-B","20","TA","20","202510-dev-tif/lm/20C/B/20/TA/1122-TA-5.csv",2025-11-22,"7","6","4"
"20-20-202510-dev-seq-B","20","TA","20","202510-dev-tif/lm/20C/B/20/TA/1124-TA-3.csv",2025-11-24,"7","6","4"
"20-20-202510-dev-seq-B","20","TA","20","202510-dev-tif/lm/20C/B/20/TA/1124-TA-3.csv",2025-11-24,"7","6","4"
"20-20-202510-dev-seq-B","20","TA","20","202510-dev-tif/lm/20C/B/20/TA/1124-TA-3.csv",2025-11-24,"7","6","4"
"20-20-202510-dev-seq-B","20","TA","20","202510-dev-tif/lm/20C/B/20/TA/1124-TA-3.csv",2025-11-24,"7","6","4"
"20-20-202510-dev-seq-B","20","TA","20","202510-dev-tif/lm/20C/B/20/TA/1124-TA-3.csv",2025-11-24,"7","6","4"
"20-20-202510-dev-seq-B","20","TA","20","202510-dev-tif/lm/20C/B/20/TA/1124-TA-3.csv",2025-11-24,"7","6","4"
"20-20-202510-dev-seq-B","20","TA","20","202510-dev-tif/lm/20C/B/20/TA/1124-TA-3.csv",2025-11-24,"7","6","4"
"20-20-202510-dev-seq-B","20","TA","20","202510-dev-tif/lm/20C/B/20/TA/1124-TA-3.csv",2025-11-24,"7","6","4"
"24-20-202510-dev-seq-B","24","OA","20","202510-dev-tif/lm/20C/B/24/OA/1029-OA-2.csv",2025-10-29,"3","2","2"
"24-20-202510-dev-seq-B","24","OA","20","202510-dev-tif/lm/20C/B/24/OA/1029-OA-2.csv",2025-10-29,"3","2","2"
"24-20-202510-dev-seq-B","24","OA","20","202510-dev-tif/lm/20C/B/24/OA/1029-OA-2.csv",2025-10-29,"3","2","2"
"24-20-202510-dev-seq-B","24","OA","20","202510-dev-tif/lm/20C/B/24/OA/1029-OA-2.csv",2025-10-29,"3","2","2"
"24-20-202510-dev-seq-B","24","OA","20","202510-dev-tif/lm/20C/B/24/OA/1031-OA-2.csv",2025-10-31,"4","3","2"
"24-20-202510-dev-seq-B","24","OA","20","202510-dev-tif/lm/20C/B/24/OA/1031-OA-2.csv",2025-10-31,"4","3","2"
"24-20-202510-dev-seq-B","24","OA","20","202510-dev-tif/lm/20C/B/24/OA/1031-OA-2.csv",2025-10-31,"4","3","2"
"24-20-202510-dev-seq-B","24","OA","20","202510-dev-tif/lm/20C/B/24/OA/1031-OA-2.csv",2025-10-31,"4","3","2"
"24-20-202510-dev-seq-B","24","OA","20","202510-dev-tif/lm/20C/B/24/OA/1102-OA-2.csv",2025-11-02,"6","3","2"
"24-20-202510-dev-seq-B","24","OA","20","202510-dev-tif/lm/20C/B/24/OA/1102-OA-2.csv",2025-11-02,"6","3","2"
"24-20-202510-dev-seq-B","24","OA","20","202510-dev-tif/lm/20C/B/24/OA/1102-OA-2.csv",2025-11-02,"6","3","2"
"24-20-202510-dev-seq-B","24","OA","20","202510-dev-tif/lm/20C/B/24/OA/1102-OA-2.csv",2025-11-02,"6","3","2"
"24-20-202510-dev-seq-B","24","OA","20","202510-dev-tif/lm/20C/B/24/OA/1104-OA-2.csv",2025-11-04,"6","3","3"
"24-20-202510-dev-seq-B","24","OA","20","202510-dev-tif/lm/20C/B/24/OA/1104-OA-2.csv",2025-11-04,"6","3","3"
"24-20-202510-dev-seq-B","24","OA","20","202510-dev-tif/lm/20C/B/24/OA/1104-OA-2.csv",2025-11-04,"6","3","3"
"24-20-202510-dev-seq-B","24","OA","20","202510-dev-tif/lm/20C/B/24/OA/1104-OA-2.csv",2025-11-04,"6","3","3"
"24-20-202510-dev-seq-B","24","OA","20","202510-dev-tif/lm/20C/B/24/OA/1106-OA.csv",2025-11-06,"8","3","3"
"24-20-202510-dev-seq-B","24","OA","20","202510-dev-tif/lm/20C/B/24/OA/1106-OA.csv",2025-11-06,"8","3","3"
"24-20-202510-dev-seq-B","24","OA","20","202510-dev-tif/lm/20C/B/24/OA/1106-OA.csv",2025-11-06,"8","3","3"
"24-20-202510-dev-seq-B","24","OA","20","202510-dev-tif/lm/20C/B/24/OA/1106-OA.csv",2025-11-06,"8","3","3"
"24-20-202510-dev-seq-B","24","OA","20","202510-dev-tif/lm/20C/B/24/OA/1108-OA.csv",2025-11-08,"6","4","3"
"24-20-202510-dev-seq-B","24","OA","20","202510-dev-tif/lm/20C/B/24/OA/1108-OA.csv",2025-11-08,"6","4","3"
"24-20-202510-dev-seq-B","24","OA","20","202510-dev-tif/lm/20C/B/24/OA/1108-OA.csv",2025-11-08,"6","4","3"
"24-20-202510-dev-seq-B","24","OA","20","202510-dev-tif/lm/20C/B/24/OA/1108-OA.csv",2025-11-08,"6","4","3"
"24-20-202510-dev-seq-B","24","OA","20","202510-dev-tif/lm/20C/B/24/OA/1110-OA-2.csv",2025-11-10,"8","4","3"
"24-20-202510-dev-seq-B","24","OA","20","202510-dev-tif/lm/20C/B/24/OA/1110-OA-2.csv",2025-11-10,"8","4","3"
"24-20-202510-dev-seq-B","24","OA","20","202510-dev-tif/lm/20C/B/24/OA/1110-OA-2.csv",2025-11-10,"8","4","3"
"24-20-202510-dev-seq-B","24","OA","20","202510-dev-tif/lm/20C/B/24/OA/1110-OA-2.csv",2025-11-10,"8","4","3"
"24-20-202510-dev-seq-B","24","OA","20","202510-dev-tif/lm/20C/B/24/OA/1112-OA-3.csv",2025-11-12,"8","4","3"
"24-20-202510-dev-seq-B","24","OA","20","202510-dev-tif/lm/20C/B/24/OA/1112-OA-3.csv",2025-11-12,"8","4","3"
"24-20-202510-dev-seq-B","24","OA","20","202510-dev-tif/lm/20C/B/24/OA/1112-OA-3.csv",2025-11-12,"8","4","3"
"24-20-202510-dev-seq-B","24","OA","20","202510-dev-tif/lm/20C/B/24/OA/1112-OA-3.csv",2025-11-12,"8","4","3"
"24-20-202510-dev-seq-B","24","OA","20","202510-dev-tif/lm/20C/B/24/OA/1114-OA-3.csv",2025-11-14,"8","4","3"
"24-20-202510-dev-seq-B","24","OA","20","202510-dev-tif/lm/20C/B/24/OA/1114-OA-3.csv",2025-11-14,"8","4","3"
"24-20-202510-dev-seq-B","24","OA","20","202510-dev-tif/lm/20C/B/24/OA/1114-OA-3.csv",2025-11-14,"8","4","3"
"24-20-202510-dev-seq-B","24","OA","20","202510-dev-tif/lm/20C/B/24/OA/1114-OA-3.csv",2025-11-14,"8","4","3"
"24-20-202510-dev-seq-B","24","OA","20","202510-dev-tif/lm/20C/B/24/OA/1116-OA-3.csv",2025-11-16,"9","6","4"
"24-20-202510-dev-seq-B","24","OA","20","202510-dev-tif/lm/20C/B/24/OA/1116-OA-3.csv",2025-11-16,"9","6","4"
"24-20-202510-dev-seq-B","24","OA","20","202510-dev-tif/lm/20C/B/24/OA/1116-OA-3.csv",2025-11-16,"9","6","4"
"24-20-202510-dev-seq-B","24","OA","20","202510-dev-tif/lm/20C/B/24/OA/1116-OA-3.csv",2025-11-16,"9","6","4"
"24-20-202510-dev-seq-B","24","OA","20","202510-dev-tif/lm/20C/B/24/OA/1118-OA.csv",2025-11-18,"9","6","4"
"24-20-202510-dev-seq-B","24","OA","20","202510-dev-tif/lm/20C/B/24/OA/1118-OA.csv",2025-11-18,"9","6","4"
"24-20-202510-dev-seq-B","24","OA","20","202510-dev-tif/lm/20C/B/24/OA/1118-OA.csv",2025-11-18,"9","6","4"
"24-20-202510-dev-seq-B","24","OA","20","202510-dev-tif/lm/20C/B/24/OA/1118-OA.csv",2025-11-18,"9","6","4"
"24-20-202510-dev-seq-B","24","OA","20","202510-dev-tif/lm/20C/B/24/OA/1120-OA-2.csv",2025-11-20,"9","6","4"
"24-20-202510-dev-seq-B","24","OA","20","202510-dev-tif/lm/20C/B/24/OA/1120-OA-2.csv",2025-11-20,"9","6","4"
"24-20-202510-dev-seq-B","24","OA","20","202510-dev-tif/lm/20C/B/24/OA/1120-OA-2.csv",2025-11-20,"9","6","4"
"24-20-202510-dev-seq-B","24","OA","20","202510-dev-tif/lm/20C/B/24/OA/1120-OA-2.csv",2025-11-20,"9","6","4"
"24-20-202510-dev-seq-B","24","OA","20","202510-dev-tif/lm/20C/B/24/OA/1121-OA-2.csv",2025-11-21,"9","6","4"
"24-20-202510-dev-seq-B","24","OA","20","202510-dev-tif/lm/20C/B/24/OA/1121-OA-2.csv",2025-11-21,"9","6","4"
"24-20-202510-dev-seq-B","24","OA","20","202510-dev-tif/lm/20C/B/24/OA/1121-OA-2.csv",2025-11-21,"9","6","4"
"24-20-202510-dev-seq-B","24","OA","20","202510-dev-tif/lm/20C/B/24/OA/1121-OA-2.csv",2025-11-21,"9","6","4"
"24-20-202510-dev-seq-B","24","OA","20","202510-dev-tif/lm/20C/B/24/OA/1122-OA-2.csv",2025-11-22,"9","6","4"
"24-20-202510-dev-seq-B","24","OA","20","202510-dev-tif/lm/20C/B/24/OA/1122-OA-2.csv",2025-11-22,"9","6","4"
"24-20-202510-dev-seq-B","24","OA","20","202510-dev-tif/lm/20C/B/24/OA/1122-OA-2.csv",2025-11-22,"9","6","4"
"24-20-202510-dev-seq-B","24","OA","20","202510-dev-tif/lm/20C/B/24/OA/1122-OA-2.csv",2025-11-22,"9","6","4"
"24-20-202510-dev-seq-B","24","OA","20","202510-dev-tif/lm/20C/B/24/OA/1124-OA-4.csv",2025-11-24,"9","6","4"
"24-20-202510-dev-seq-B","24","OA","20","202510-dev-tif/lm/20C/B/24/OA/1124-OA-4.csv",2025-11-24,"9","6","4"
"24-20-202510-dev-seq-B","24","OA","20","202510-dev-tif/lm/20C/B/24/OA/1124-OA-4.csv",2025-11-24,"9","6","4"
"24-20-202510-dev-seq-B","24","OA","20","202510-dev-tif/lm/20C/B/24/OA/1124-OA-4.csv",2025-11-24,"9","6","4"
"24-20-202510-dev-seq-B","24","PA","20","202510-dev-tif/lm/20C/B/24/PA/1029-PA-3.csv",2025-10-29,"3","2","2"
"24-20-202510-dev-seq-B","24","PA","20","202510-dev-tif/lm/20C/B/24/PA/1029-PA-3.csv",2025-10-29,"3","2","2"
"24-20-202510-dev-seq-B","24","PA","20","202510-dev-tif/lm/20C/B/24/PA/1029-PA-3.csv",2025-10-29,"3","2","2"
"24-20-202510-dev-seq-B","24","PA","20","202510-dev-tif/lm/20C/B/24/PA/1029-PA-3.csv",2025-10-29,"3","2","2"
"24-20-202510-dev-seq-B","24","PA","20","202510-dev-tif/lm/20C/B/24/PA/1029-PA-3.csv",2025-10-29,"3","2","2"
"24-20-202510-dev-seq-B","24","PA","20","202510-dev-tif/lm/20C/B/24/PA/1031-PA-2.csv",2025-10-31,"4","3","2"
"24-20-202510-dev-seq-B","24","PA","20","202510-dev-tif/lm/20C/B/24/PA/1031-PA-2.csv",2025-10-31,"4","3","2"
"24-20-202510-dev-seq-B","24","PA","20","202510-dev-tif/lm/20C/B/24/PA/1031-PA-2.csv",2025-10-31,"4","3","2"
"24-20-202510-dev-seq-B","24","PA","20","202510-dev-tif/lm/20C/B/24/PA/1031-PA-2.csv",2025-10-31,"4","3","2"
"24-20-202510-dev-seq-B","24","PA","20","202510-dev-tif/lm/20C/B/24/PA/1031-PA-2.csv",2025-10-31,"4","3","2"
"24-20-202510-dev-seq-B","24","PA","20","202510-dev-tif/lm/20C/B/24/PA/1102-PA-4.csv",2025-11-02,"6","3","2"
"24-20-202510-dev-seq-B","24","PA","20","202510-dev-tif/lm/20C/B/24/PA/1102-PA-4.csv",2025-11-02,"6","3","2"
"24-20-202510-dev-seq-B","24","PA","20","202510-dev-tif/lm/20C/B/24/PA/1102-PA-4.csv",2025-11-02,"6","3","2"
"24-20-202510-dev-seq-B","24","PA","20","202510-dev-tif/lm/20C/B/24/PA/1102-PA-4.csv",2025-11-02,"6","3","2"
"24-20-202510-dev-seq-B","24","PA","20","202510-dev-tif/lm/20C/B/24/PA/1102-PA-4.csv",2025-11-02,"6","3","2"
"24-20-202510-dev-seq-B","24","PA","20","202510-dev-tif/lm/20C/B/24/PA/1104-PA.csv",2025-11-04,"6","3","3"
"24-20-202510-dev-seq-B","24","PA","20","202510-dev-tif/lm/20C/B/24/PA/1104-PA.csv",2025-11-04,"6","3","3"
"24-20-202510-dev-seq-B","24","PA","20","202510-dev-tif/lm/20C/B/24/PA/1104-PA.csv",2025-11-04,"6","3","3"
"24-20-202510-dev-seq-B","24","PA","20","202510-dev-tif/lm/20C/B/24/PA/1104-PA.csv",2025-11-04,"6","3","3"
"24-20-202510-dev-seq-B","24","PA","20","202510-dev-tif/lm/20C/B/24/PA/1104-PA.csv",2025-11-04,"6","3","3"
"24-20-202510-dev-seq-B","24","PA","20","202510-dev-tif/lm/20C/B/24/PA/1106-PA.csv",2025-11-06,"8","3","3"
"24-20-202510-dev-seq-B","24","PA","20","202510-dev-tif/lm/20C/B/24/PA/1106-PA.csv",2025-11-06,"8","3","3"
"24-20-202510-dev-seq-B","24","PA","20","202510-dev-tif/lm/20C/B/24/PA/1106-PA.csv",2025-11-06,"8","3","3"
"24-20-202510-dev-seq-B","24","PA","20","202510-dev-tif/lm/20C/B/24/PA/1106-PA.csv",2025-11-06,"8","3","3"
"24-20-202510-dev-seq-B","24","PA","20","202510-dev-tif/lm/20C/B/24/PA/1106-PA.csv",2025-11-06,"8","3","3"
"24-20-202510-dev-seq-B","24","PA","20","202510-dev-tif/lm/20C/B/24/PA/1108-PA.csv",2025-11-08,"6","4","3"
"24-20-202510-dev-seq-B","24","PA","20","202510-dev-tif/lm/20C/B/24/PA/1108-PA.csv",2025-11-08,"6","4","3"
"24-20-202510-dev-seq-B","24","PA","20","202510-dev-tif/lm/20C/B/24/PA/1108-PA.csv",2025-11-08,"6","4","3"
"24-20-202510-dev-seq-B","24","PA","20","202510-dev-tif/lm/20C/B/24/PA/1108-PA.csv",2025-11-08,"6","4","3"
"24-20-202510-dev-seq-B","24","PA","20","202510-dev-tif/lm/20C/B/24/PA/1108-PA.csv",2025-11-08,"6","4","3"
"24-20-202510-dev-seq-B","24","PA","20","202510-dev-tif/lm/20C/B/24/PA/1110-PA-3.csv",2025-11-10,"8","4","3"
"24-20-202510-dev-seq-B","24","PA","20","202510-dev-tif/lm/20C/B/24/PA/1110-PA-3.csv",2025-11-10,"8","4","3"
"24-20-202510-dev-seq-B","24","PA","20","202510-dev-tif/lm/20C/B/24/PA/1110-PA-3.csv",2025-11-10,"8","4","3"
"24-20-202510-dev-seq-B","24","PA","20","202510-dev-tif/lm/20C/B/24/PA/1110-PA-3.csv",2025-11-10,"8","4","3"
"24-20-202510-dev-seq-B","24","PA","20","202510-dev-tif/lm/20C/B/24/PA/1110-PA-3.csv",2025-11-10,"8","4","3"
"24-20-202510-dev-seq-B","24","PA","20","202510-dev-tif/lm/20C/B/24/PA/1112-PA-4.csv",2025-11-12,"8","4","3"
"24-20-202510-dev-seq-B","24","PA","20","202510-dev-tif/lm/20C/B/24/PA/1112-PA-4.csv",2025-11-12,"8","4","3"
"24-20-202510-dev-seq-B","24","PA","20","202510-dev-tif/lm/20C/B/24/PA/1112-PA-4.csv",2025-11-12,"8","4","3"
"24-20-202510-dev-seq-B","24","PA","20","202510-dev-tif/lm/20C/B/24/PA/1112-PA-4.csv",2025-11-12,"8","4","3"
"24-20-202510-dev-seq-B","24","PA","20","202510-dev-tif/lm/20C/B/24/PA/1112-PA-4.csv",2025-11-12,"8","4","3"
"24-20-202510-dev-seq-B","24","PA","20","202510-dev-tif/lm/20C/B/24/PA/1114-PA-3.csv",2025-11-14,"8","4","3"
"24-20-202510-dev-seq-B","24","PA","20","202510-dev-tif/lm/20C/B/24/PA/1114-PA-3.csv",2025-11-14,"8","4","3"
"24-20-202510-dev-seq-B","24","PA","20","202510-dev-tif/lm/20C/B/24/PA/1114-PA-3.csv",2025-11-14,"8","4","3"
"24-20-202510-dev-seq-B","24","PA","20","202510-dev-tif/lm/20C/B/24/PA/1114-PA-3.csv",2025-11-14,"8","4","3"
"24-20-202510-dev-seq-B","24","PA","20","202510-dev-tif/lm/20C/B/24/PA/1114-PA-3.csv",2025-11-14,"8","4","3"
"24-20-202510-dev-seq-B","24","PA","20","202510-dev-tif/lm/20C/B/24/PA/1116-PA.csv",2025-11-16,"9","6","4"
"24-20-202510-dev-seq-B","24","PA","20","202510-dev-tif/lm/20C/B/24/PA/1116-PA.csv",2025-11-16,"9","6","4"
"24-20-202510-dev-seq-B","24","PA","20","202510-dev-tif/lm/20C/B/24/PA/1116-PA.csv",2025-11-16,"9","6","4"
"24-20-202510-dev-seq-B","24","PA","20","202510-dev-tif/lm/20C/B/24/PA/1116-PA.csv",2025-11-16,"9","6","4"
"24-20-202510-dev-seq-B","24","PA","20","202510-dev-tif/lm/20C/B/24/PA/1116-PA.csv",2025-11-16,"9","6","4"
"24-20-202510-dev-seq-B","24","PA","20","202510-dev-tif/lm/20C/B/24/PA/1118-PA.csv",2025-11-18,"9","6","4"
"24-20-202510-dev-seq-B","24","PA","20","202510-dev-tif/lm/20C/B/24/PA/1118-PA.csv",2025-11-18,"9","6","4"
"24-20-202510-dev-seq-B","24","PA","20","202510-dev-tif/lm/20C/B/24/PA/1118-PA.csv",2025-11-18,"9","6","4"
"24-20-202510-dev-seq-B","24","PA","20","202510-dev-tif/lm/20C/B/24/PA/1118-PA.csv",2025-11-18,"9","6","4"
"24-20-202510-dev-seq-B","24","PA","20","202510-dev-tif/lm/20C/B/24/PA/1118-PA.csv",2025-11-18,"9","6","4"
"24-20-202510-dev-seq-B","24","PA","20","202510-dev-tif/lm/20C/B/24/PA/1120-PA.csv",2025-11-20,"9","6","4"
"24-20-202510-dev-seq-B","24","PA","20","202510-dev-tif/lm/20C/B/24/PA/1120-PA.csv",2025-11-20,"9","6","4"
"24-20-202510-dev-seq-B","24","PA","20","202510-dev-tif/lm/20C/B/24/PA/1120-PA.csv",2025-11-20,"9","6","4"
"24-20-202510-dev-seq-B","24","PA","20","202510-dev-tif/lm/20C/B/24/PA/1120-PA.csv",2025-11-20,"9","6","4"
"24-20-202510-dev-seq-B","24","PA","20","202510-dev-tif/lm/20C/B/24/PA/1120-PA.csv",2025-11-20,"9","6","4"
"24-20-202510-dev-seq-B","24","PA","20","202510-dev-tif/lm/20C/B/24/PA/1121-PA.csv",2025-11-21,"9","6","4"
"24-20-202510-dev-seq-B","24","PA","20","202510-dev-tif/lm/20C/B/24/PA/1121-PA.csv",2025-11-21,"9","6","4"
"24-20-202510-dev-seq-B","24","PA","20","202510-dev-tif/lm/20C/B/24/PA/1121-PA.csv",2025-11-21,"9","6","4"
"24-20-202510-dev-seq-B","24","PA","20","202510-dev-tif/lm/20C/B/24/PA/1121-PA.csv",2025-11-21,"9","6","4"
"24-20-202510-dev-seq-B","24","PA","20","202510-dev-tif/lm/20C/B/24/PA/1121-PA.csv",2025-11-21,"9","6","4"
"24-20-202510-dev-seq-B","24","PA","20","202510-dev-tif/lm/20C/B/24/PA/1122-PA-2.csv",2025-11-22,"9","6","4"
"24-20-202510-dev-seq-B","24","PA","20","202510-dev-tif/lm/20C/B/24/PA/1122-PA-2.csv",2025-11-22,"9","6","4"
"24-20-202510-dev-seq-B","24","PA","20","202510-dev-tif/lm/20C/B/24/PA/1122-PA-2.csv",2025-11-22,"9","6","4"
"24-20-202510-dev-seq-B","24","PA","20","202510-dev-tif/lm/20C/B/24/PA/1122-PA-2.csv",2025-11-22,"9","6","4"
"24-20-202510-dev-seq-B","24","PA","20","202510-dev-tif/lm/20C/B/24/PA/1122-PA-2.csv",2025-11-22,"9","6","4"
"24-20-202510-dev-seq-B","24","PA","20","202510-dev-tif/lm/20C/B/24/PA/1124-PA.csv",2025-11-24,"9","6","4"
"24-20-202510-dev-seq-B","24","PA","20","202510-dev-tif/lm/20C/B/24/PA/1124-PA.csv",2025-11-24,"9","6","4"
"24-20-202510-dev-seq-B","24","PA","20","202510-dev-tif/lm/20C/B/24/PA/1124-PA.csv",2025-11-24,"9","6","4"
"24-20-202510-dev-seq-B","24","PA","20","202510-dev-tif/lm/20C/B/24/PA/1124-PA.csv",2025-11-24,"9","6","4"
"24-20-202510-dev-seq-B","24","PA","20","202510-dev-tif/lm/20C/B/24/PA/1124-PA.csv",2025-11-24,"9","6","4"
"24-20-202510-dev-seq-B","24","TA","20","202510-dev-tif/lm/20C/B/24/TA/1029-TA-2.csv",2025-10-29,"3","2","2"
"24-20-202510-dev-seq-B","24","TA","20","202510-dev-tif/lm/20C/B/24/TA/1029-TA-2.csv",2025-10-29,"3","2","2"
"24-20-202510-dev-seq-B","24","TA","20","202510-dev-tif/lm/20C/B/24/TA/1029-TA-2.csv",2025-10-29,"3","2","2"
"24-20-202510-dev-seq-B","24","TA","20","202510-dev-tif/lm/20C/B/24/TA/1029-TA-2.csv",2025-10-29,"3","2","2"
"24-20-202510-dev-seq-B","24","TA","20","202510-dev-tif/lm/20C/B/24/TA/1029-TA-2.csv",2025-10-29,"3","2","2"
"24-20-202510-dev-seq-B","24","TA","20","202510-dev-tif/lm/20C/B/24/TA/1029-TA-2.csv",2025-10-29,"3","2","2"
"24-20-202510-dev-seq-B","24","TA","20","202510-dev-tif/lm/20C/B/24/TA/1029-TA-2.csv",2025-10-29,"3","2","2"
"24-20-202510-dev-seq-B","24","TA","20","202510-dev-tif/lm/20C/B/24/TA/1029-TA-2.csv",2025-10-29,"3","2","2"
"24-20-202510-dev-seq-B","24","TA","20","202510-dev-tif/lm/20C/B/24/TA/1031-TA.csv",2025-10-31,"4","3","2"
"24-20-202510-dev-seq-B","24","TA","20","202510-dev-tif/lm/20C/B/24/TA/1031-TA.csv",2025-10-31,"4","3","2"
"24-20-202510-dev-seq-B","24","TA","20","202510-dev-tif/lm/20C/B/24/TA/1031-TA.csv",2025-10-31,"4","3","2"
"24-20-202510-dev-seq-B","24","TA","20","202510-dev-tif/lm/20C/B/24/TA/1031-TA.csv",2025-10-31,"4","3","2"
"24-20-202510-dev-seq-B","24","TA","20","202510-dev-tif/lm/20C/B/24/TA/1031-TA.csv",2025-10-31,"4","3","2"
"24-20-202510-dev-seq-B","24","TA","20","202510-dev-tif/lm/20C/B/24/TA/1031-TA.csv",2025-10-31,"4","3","2"
"24-20-202510-dev-seq-B","24","TA","20","202510-dev-tif/lm/20C/B/24/TA/1031-TA.csv",2025-10-31,"4","3","2"
"24-20-202510-dev-seq-B","24","TA","20","202510-dev-tif/lm/20C/B/24/TA/1031-TA.csv",2025-10-31,"4","3","2"
"24-20-202510-dev-seq-B","24","TA","20","202510-dev-tif/lm/20C/B/24/TA/1102-TA-2.csv",2025-11-02,"6","3","2"
"24-20-202510-dev-seq-B","24","TA","20","202510-dev-tif/lm/20C/B/24/TA/1102-TA-2.csv",2025-11-02,"6","3","2"
"24-20-202510-dev-seq-B","24","TA","20","202510-dev-tif/lm/20C/B/24/TA/1102-TA-2.csv",2025-11-02,"6","3","2"
"24-20-202510-dev-seq-B","24","TA","20","202510-dev-tif/lm/20C/B/24/TA/1102-TA-2.csv",2025-11-02,"6","3","2"
"24-20-202510-dev-seq-B","24","TA","20","202510-dev-tif/lm/20C/B/24/TA/1102-TA-2.csv",2025-11-02,"6","3","2"
"24-20-202510-dev-seq-B","24","TA","20","202510-dev-tif/lm/20C/B/24/TA/1102-TA-2.csv",2025-11-02,"6","3","2"
"24-20-202510-dev-seq-B","24","TA","20","202510-dev-tif/lm/20C/B/24/TA/1102-TA-2.csv",2025-11-02,"6","3","2"
"24-20-202510-dev-seq-B","24","TA","20","202510-dev-tif/lm/20C/B/24/TA/1102-TA-2.csv",2025-11-02,"6","3","2"
"24-20-202510-dev-seq-B","24","TA","20","202510-dev-tif/lm/20C/B/24/TA/1104-TA-2.csv",2025-11-04,"6","3","3"
"24-20-202510-dev-seq-B","24","TA","20","202510-dev-tif/lm/20C/B/24/TA/1104-TA-2.csv",2025-11-04,"6","3","3"
"24-20-202510-dev-seq-B","24","TA","20","202510-dev-tif/lm/20C/B/24/TA/1104-TA-2.csv",2025-11-04,"6","3","3"
"24-20-202510-dev-seq-B","24","TA","20","202510-dev-tif/lm/20C/B/24/TA/1104-TA-2.csv",2025-11-04,"6","3","3"
"24-20-202510-dev-seq-B","24","TA","20","202510-dev-tif/lm/20C/B/24/TA/1104-TA-2.csv",2025-11-04,"6","3","3"
"24-20-202510-dev-seq-B","24","TA","20","202510-dev-tif/lm/20C/B/24/TA/1104-TA-2.csv",2025-11-04,"6","3","3"
"24-20-202510-dev-seq-B","24","TA","20","202510-dev-tif/lm/20C/B/24/TA/1104-TA-2.csv",2025-11-04,"6","3","3"
"24-20-202510-dev-seq-B","24","TA","20","202510-dev-tif/lm/20C/B/24/TA/1104-TA-2.csv",2025-11-04,"6","3","3"
"24-20-202510-dev-seq-B","24","TA","20","202510-dev-tif/lm/20C/B/24/TA/1106-TA.csv",2025-11-06,"8","3","3"
"24-20-202510-dev-seq-B","24","TA","20","202510-dev-tif/lm/20C/B/24/TA/1106-TA.csv",2025-11-06,"8","3","3"
"24-20-202510-dev-seq-B","24","TA","20","202510-dev-tif/lm/20C/B/24/TA/1106-TA.csv",2025-11-06,"8","3","3"
"24-20-202510-dev-seq-B","24","TA","20","202510-dev-tif/lm/20C/B/24/TA/1106-TA.csv",2025-11-06,"8","3","3"
"24-20-202510-dev-seq-B","24","TA","20","202510-dev-tif/lm/20C/B/24/TA/1106-TA.csv",2025-11-06,"8","3","3"
"24-20-202510-dev-seq-B","24","TA","20","202510-dev-tif/lm/20C/B/24/TA/1106-TA.csv",2025-11-06,"8","3","3"
"24-20-202510-dev-seq-B","24","TA","20","202510-dev-tif/lm/20C/B/24/TA/1106-TA.csv",2025-11-06,"8","3","3"
"24-20-202510-dev-seq-B","24","TA","20","202510-dev-tif/lm/20C/B/24/TA/1106-TA.csv",2025-11-06,"8","3","3"
"24-20-202510-dev-seq-B","24","TA","20","202510-dev-tif/lm/20C/B/24/TA/1108-TA-2.csv",2025-11-08,"6","4","3"
"24-20-202510-dev-seq-B","24","TA","20","202510-dev-tif/lm/20C/B/24/TA/1108-TA-2.csv",2025-11-08,"6","4","3"
"24-20-202510-dev-seq-B","24","TA","20","202510-dev-tif/lm/20C/B/24/TA/1108-TA-2.csv",2025-11-08,"6","4","3"
"24-20-202510-dev-seq-B","24","TA","20","202510-dev-tif/lm/20C/B/24/TA/1108-TA-2.csv",2025-11-08,"6","4","3"
"24-20-202510-dev-seq-B","24","TA","20","202510-dev-tif/lm/20C/B/24/TA/1108-TA-2.csv",2025-11-08,"6","4","3"
"24-20-202510-dev-seq-B","24","TA","20","202510-dev-tif/lm/20C/B/24/TA/1108-TA-2.csv",2025-11-08,"6","4","3"
"24-20-202510-dev-seq-B","24","TA","20","202510-dev-tif/lm/20C/B/24/TA/1108-TA-2.csv",2025-11-08,"6","4","3"
"24-20-202510-dev-seq-B","24","TA","20","202510-dev-tif/lm/20C/B/24/TA/1108-TA-2.csv",2025-11-08,"6","4","3"
"24-20-202510-dev-seq-B","24","TA","20","202510-dev-tif/lm/20C/B/24/TA/1110-TA.csv",2025-11-10,"8","4","3"
"24-20-202510-dev-seq-B","24","TA","20","202510-dev-tif/lm/20C/B/24/TA/1110-TA.csv",2025-11-10,"8","4","3"
"24-20-202510-dev-seq-B","24","TA","20","202510-dev-tif/lm/20C/B/24/TA/1110-TA.csv",2025-11-10,"8","4","3"
"24-20-202510-dev-seq-B","24","TA","20","202510-dev-tif/lm/20C/B/24/TA/1110-TA.csv",2025-11-10,"8","4","3"
"24-20-202510-dev-seq-B","24","TA","20","202510-dev-tif/lm/20C/B/24/TA/1110-TA.csv",2025-11-10,"8","4","3"
"24-20-202510-dev-seq-B","24","TA","20","202510-dev-tif/lm/20C/B/24/TA/1110-TA.csv",2025-11-10,"8","4","3"
"24-20-202510-dev-seq-B","24","TA","20","202510-dev-tif/lm/20C/B/24/TA/1110-TA.csv",2025-11-10,"8","4","3"
"24-20-202510-dev-seq-B","24","TA","20","202510-dev-tif/lm/20C/B/24/TA/1110-TA.csv",2025-11-10,"8","4","3"
"24-20-202510-dev-seq-B","24","TA","20","202510-dev-tif/lm/20C/B/24/TA/1112-TA.csv",2025-11-12,"8","4","3"
"24-20-202510-dev-seq-B","24","TA","20","202510-dev-tif/lm/20C/B/24/TA/1112-TA.csv",2025-11-12,"8","4","3"
"24-20-202510-dev-seq-B","24","TA","20","202510-dev-tif/lm/20C/B/24/TA/1112-TA.csv",2025-11-12,"8","4","3"
"24-20-202510-dev-seq-B","24","TA","20","202510-dev-tif/lm/20C/B/24/TA/1112-TA.csv",2025-11-12,"8","4","3"
"24-20-202510-dev-seq-B","24","TA","20","202510-dev-tif/lm/20C/B/24/TA/1112-TA.csv",2025-11-12,"8","4","3"
"24-20-202510-dev-seq-B","24","TA","20","202510-dev-tif/lm/20C/B/24/TA/1112-TA.csv",2025-11-12,"8","4","3"
"24-20-202510-dev-seq-B","24","TA","20","202510-dev-tif/lm/20C/B/24/TA/1112-TA.csv",2025-11-12,"8","4","3"
"24-20-202510-dev-seq-B","24","TA","20","202510-dev-tif/lm/20C/B/24/TA/1112-TA.csv",2025-11-12,"8","4","3"
"24-20-202510-dev-seq-B","24","TA","20","202510-dev-tif/lm/20C/B/24/TA/1114-TA.csv",2025-11-14,"8","4","3"
"24-20-202510-dev-seq-B","24","TA","20","202510-dev-tif/lm/20C/B/24/TA/1114-TA.csv",2025-11-14,"8","4","3"
"24-20-202510-dev-seq-B","24","TA","20","202510-dev-tif/lm/20C/B/24/TA/1114-TA.csv",2025-11-14,"8","4","3"
"24-20-202510-dev-seq-B","24","TA","20","202510-dev-tif/lm/20C/B/24/TA/1114-TA.csv",2025-11-14,"8","4","3"
"24-20-202510-dev-seq-B","24","TA","20","202510-dev-tif/lm/20C/B/24/TA/1114-TA.csv",2025-11-14,"8","4","3"
"24-20-202510-dev-seq-B","24","TA","20","202510-dev-tif/lm/20C/B/24/TA/1114-TA.csv",2025-11-14,"8","4","3"
"24-20-202510-dev-seq-B","24","TA","20","202510-dev-tif/lm/20C/B/24/TA/1114-TA.csv",2025-11-14,"8","4","3"
"24-20-202510-dev-seq-B","24","TA","20","202510-dev-tif/lm/20C/B/24/TA/1114-TA.csv",2025-11-14,"8","4","3"
"24-20-202510-dev-seq-B","24","TA","20","202510-dev-tif/lm/20C/B/24/TA/1116-TA.csv",2025-11-16,"9","6","4"
"24-20-202510-dev-seq-B","24","TA","20","202510-dev-tif/lm/20C/B/24/TA/1116-TA.csv",2025-11-16,"9","6","4"
"24-20-202510-dev-seq-B","24","TA","20","202510-dev-tif/lm/20C/B/24/TA/1116-TA.csv",2025-11-16,"9","6","4"
"24-20-202510-dev-seq-B","24","TA","20","202510-dev-tif/lm/20C/B/24/TA/1116-TA.csv",2025-11-16,"9","6","4"
"24-20-202510-dev-seq-B","24","TA","20","202510-dev-tif/lm/20C/B/24/TA/1116-TA.csv",2025-11-16,"9","6","4"
"24-20-202510-dev-seq-B","24","TA","20","202510-dev-tif/lm/20C/B/24/TA/1116-TA.csv",2025-11-16,"9","6","4"
"24-20-202510-dev-seq-B","24","TA","20","202510-dev-tif/lm/20C/B/24/TA/1116-TA.csv",2025-11-16,"9","6","4"
"24-20-202510-dev-seq-B","24","TA","20","202510-dev-tif/lm/20C/B/24/TA/1116-TA.csv",2025-11-16,"9","6","4"
"24-20-202510-dev-seq-B","24","TA","20","202510-dev-tif/lm/20C/B/24/TA/1118-TA-3.csv",2025-11-18,"9","6","4"
"24-20-202510-dev-seq-B","24","TA","20","202510-dev-tif/lm/20C/B/24/TA/1118-TA-3.csv",2025-11-18,"9","6","4"
"24-20-202510-dev-seq-B","24","TA","20","202510-dev-tif/lm/20C/B/24/TA/1118-TA-3.csv",2025-11-18,"9","6","4"
"24-20-202510-dev-seq-B","24","TA","20","202510-dev-tif/lm/20C/B/24/TA/1118-TA-3.csv",2025-11-18,"9","6","4"
"24-20-202510-dev-seq-B","24","TA","20","202510-dev-tif/lm/20C/B/24/TA/1118-TA-3.csv",2025-11-18,"9","6","4"
"24-20-202510-dev-seq-B","24","TA","20","202510-dev-tif/lm/20C/B/24/TA/1118-TA-3.csv",2025-11-18,"9","6","4"
"24-20-202510-dev-seq-B","24","TA","20","202510-dev-tif/lm/20C/B/24/TA/1118-TA-3.csv",2025-11-18,"9","6","4"
"24-20-202510-dev-seq-B","24","TA","20","202510-dev-tif/lm/20C/B/24/TA/1118-TA-3.csv",2025-11-18,"9","6","4"
"24-20-202510-dev-seq-B","24","TA","20","202510-dev-tif/lm/20C/B/24/TA/1120-TA-2.csv",2025-11-20,"9","6","4"
"24-20-202510-dev-seq-B","24","TA","20","202510-dev-tif/lm/20C/B/24/TA/1120-TA-2.csv",2025-11-20,"9","6","4"
"24-20-202510-dev-seq-B","24","TA","20","202510-dev-tif/lm/20C/B/24/TA/1120-TA-2.csv",2025-11-20,"9","6","4"
"24-20-202510-dev-seq-B","24","TA","20","202510-dev-tif/lm/20C/B/24/TA/1120-TA-2.csv",2025-11-20,"9","6","4"
"24-20-202510-dev-seq-B","24","TA","20","202510-dev-tif/lm/20C/B/24/TA/1120-TA-2.csv",2025-11-20,"9","6","4"
"24-20-202510-dev-seq-B","24","TA","20","202510-dev-tif/lm/20C/B/24/TA/1120-TA-2.csv",2025-11-20,"9","6","4"
"24-20-202510-dev-seq-B","24","TA","20","202510-dev-tif/lm/20C/B/24/TA/1120-TA-2.csv",2025-11-20,"9","6","4"
"24-20-202510-dev-seq-B","24","TA","20","202510-dev-tif/lm/20C/B/24/TA/1120-TA-2.csv",2025-11-20,"9","6","4"
"24-20-202510-dev-seq-B","24","TA","20","202510-dev-tif/lm/20C/B/24/TA/1121-TA.csv",2025-11-21,"9","6","4"
"24-20-202510-dev-seq-B","24","TA","20","202510-dev-tif/lm/20C/B/24/TA/1121-TA.csv",2025-11-21,"9","6","4"
"24-20-202510-dev-seq-B","24","TA","20","202510-dev-tif/lm/20C/B/24/TA/1121-TA.csv",2025-11-21,"9","6","4"
"24-20-202510-dev-seq-B","24","TA","20","202510-dev-tif/lm/20C/B/24/TA/1121-TA.csv",2025-11-21,"9","6","4"
"24-20-202510-dev-seq-B","24","TA","20","202510-dev-tif/lm/20C/B/24/TA/1121-TA.csv",2025-11-21,"9","6","4"
"24-20-202510-dev-seq-B","24","TA","20","202510-dev-tif/lm/20C/B/24/TA/1121-TA.csv",2025-11-21,"9","6","4"
"24-20-202510-dev-seq-B","24","TA","20","202510-dev-tif/lm/20C/B/24/TA/1121-TA.csv",2025-11-21,"9","6","4"
"24-20-202510-dev-seq-B","24","TA","20","202510-dev-tif/lm/20C/B/24/TA/1121-TA.csv",2025-11-21,"9","6","4"
"24-20-202510-dev-seq-B","24","TA","20","202510-dev-tif/lm/20C/B/24/TA/1122-TA-4.csv",2025-11-22,"9","6","4"
"24-20-202510-dev-seq-B","24","TA","20","202510-dev-tif/lm/20C/B/24/TA/1122-TA-4.csv",2025-11-22,"9","6","4"
"24-20-202510-dev-seq-B","24","TA","20","202510-dev-tif/lm/20C/B/24/TA/1122-TA-4.csv",2025-11-22,"9","6","4"
"24-20-202510-dev-seq-B","24","TA","20","202510-dev-tif/lm/20C/B/24/TA/1122-TA-4.csv",2025-11-22,"9","6","4"
"24-20-202510-dev-seq-B","24","TA","20","202510-dev-tif/lm/20C/B/24/TA/1122-TA-4.csv",2025-11-22,"9","6","4"
"24-20-202510-dev-seq-B","24","TA","20","202510-dev-tif/lm/20C/B/24/TA/1122-TA-4.csv",2025-11-22,"9","6","4"
"24-20-202510-dev-seq-B","24","TA","20","202510-dev-tif/lm/20C/B/24/TA/1122-TA-4.csv",2025-11-22,"9","6","4"
"24-20-202510-dev-seq-B","24","TA","20","202510-dev-tif/lm/20C/B/24/TA/1122-TA-4.csv",2025-11-22,"9","6","4"
"24-20-202510-dev-seq-B","24","TA","20","202510-dev-tif/lm/20C/B/24/TA/1124-TA-3.csv",2025-11-24,"9","6","4"
"24-20-202510-dev-seq-B","24","TA","20","202510-dev-tif/lm/20C/B/24/TA/1124-TA-3.csv",2025-11-24,"9","6","4"
"24-20-202510-dev-seq-B","24","TA","20","202510-dev-tif/lm/20C/B/24/TA/1124-TA-3.csv",2025-11-24,"9","6","4"
"24-20-202510-dev-seq-B","24","TA","20","202510-dev-tif/lm/20C/B/24/TA/1124-TA-3.csv",2025-11-24,"9","6","4"
"24-20-202510-dev-seq-B","24","TA","20","202510-dev-tif/lm/20C/B/24/TA/1124-TA-3.csv",2025-11-24,"9","6","4"
"24-20-202510-dev-seq-B","24","TA","20","202510-dev-tif/lm/20C/B/24/TA/1124-TA-3.csv",2025-11-24,"9","6","4"
"24-20-202510-dev-seq-B","24","TA","20","202510-dev-tif/lm/20C/B/24/TA/1124-TA-3.csv",2025-11-24,"9","6","4"
"24-20-202510-dev-seq-B","24","TA","20","202510-dev-tif/lm/20C/B/24/TA/1124-TA-3.csv",2025-11-24,"9","6","4"
"3-20-202510-dev-seq-B","3","OA","20","202510-dev-tif/lm/20C/B/3/OA/1022-OA.csv",2025-10-22,"1","1","1"
"3-20-202510-dev-seq-B","3","OA","20","202510-dev-tif/lm/20C/B/3/OA/1022-OA.csv",2025-10-22,"1","1","1"
"3-20-202510-dev-seq-B","3","OA","20","202510-dev-tif/lm/20C/B/3/OA/1022-OA.csv",2025-10-22,"1","1","1"
"3-20-202510-dev-seq-B","3","OA","20","202510-dev-tif/lm/20C/B/3/OA/1022-OA.csv",2025-10-22,"1","1","1"
"3-20-202510-dev-seq-B","3","OA","20","202510-dev-tif/lm/20C/B/3/OA/1024-OA-3.csv",2025-10-24,"2","1","1"
"3-20-202510-dev-seq-B","3","OA","20","202510-dev-tif/lm/20C/B/3/OA/1024-OA-3.csv",2025-10-24,"2","1","1"
"3-20-202510-dev-seq-B","3","OA","20","202510-dev-tif/lm/20C/B/3/OA/1024-OA-3.csv",2025-10-24,"2","1","1"
"3-20-202510-dev-seq-B","3","OA","20","202510-dev-tif/lm/20C/B/3/OA/1024-OA-3.csv",2025-10-24,"2","1","1"
"3-20-202510-dev-seq-B","3","OA","20","202510-dev-tif/lm/20C/B/3/OA/1026-OA.csv",2025-10-26,"2","1","1"
"3-20-202510-dev-seq-B","3","OA","20","202510-dev-tif/lm/20C/B/3/OA/1026-OA.csv",2025-10-26,"2","1","1"
"3-20-202510-dev-seq-B","3","OA","20","202510-dev-tif/lm/20C/B/3/OA/1026-OA.csv",2025-10-26,"2","1","1"
"3-20-202510-dev-seq-B","3","OA","20","202510-dev-tif/lm/20C/B/3/OA/1026-OA.csv",2025-10-26,"2","1","1"
"3-20-202510-dev-seq-B","3","OA","20","202510-dev-tif/lm/20C/B/3/OA/1028-OA-3.csv",2025-10-28,"3","2","2"
"3-20-202510-dev-seq-B","3","OA","20","202510-dev-tif/lm/20C/B/3/OA/1028-OA-3.csv",2025-10-28,"3","2","2"
"3-20-202510-dev-seq-B","3","OA","20","202510-dev-tif/lm/20C/B/3/OA/1028-OA-3.csv",2025-10-28,"3","2","2"
"3-20-202510-dev-seq-B","3","OA","20","202510-dev-tif/lm/20C/B/3/OA/1028-OA-3.csv",2025-10-28,"3","2","2"
"3-20-202510-dev-seq-B","3","OA","20","202510-dev-tif/lm/20C/B/3/OA/1030-OA.csv",2025-10-30,"3","2","2"
"3-20-202510-dev-seq-B","3","OA","20","202510-dev-tif/lm/20C/B/3/OA/1030-OA.csv",2025-10-30,"3","2","2"
"3-20-202510-dev-seq-B","3","OA","20","202510-dev-tif/lm/20C/B/3/OA/1030-OA.csv",2025-10-30,"3","2","2"
"3-20-202510-dev-seq-B","3","OA","20","202510-dev-tif/lm/20C/B/3/OA/1030-OA.csv",2025-10-30,"3","2","2"
"3-20-202510-dev-seq-B","3","OA","20","202510-dev-tif/lm/20C/B/3/OA/1101-OA.csv",2025-11-01,"3","2","2"
"3-20-202510-dev-seq-B","3","OA","20","202510-dev-tif/lm/20C/B/3/OA/1101-OA.csv",2025-11-01,"3","2","2"
"3-20-202510-dev-seq-B","3","OA","20","202510-dev-tif/lm/20C/B/3/OA/1101-OA.csv",2025-11-01,"3","2","2"
"3-20-202510-dev-seq-B","3","OA","20","202510-dev-tif/lm/20C/B/3/OA/1101-OA.csv",2025-11-01,"3","2","2"
"3-20-202510-dev-seq-B","3","OA","20","202510-dev-tif/lm/20C/B/3/OA/1103-OA.csv",2025-11-03,"3","2","2"
"3-20-202510-dev-seq-B","3","OA","20","202510-dev-tif/lm/20C/B/3/OA/1103-OA.csv",2025-11-03,"3","2","2"
"3-20-202510-dev-seq-B","3","OA","20","202510-dev-tif/lm/20C/B/3/OA/1103-OA.csv",2025-11-03,"3","2","2"
"3-20-202510-dev-seq-B","3","OA","20","202510-dev-tif/lm/20C/B/3/OA/1103-OA.csv",2025-11-03,"3","2","2"
"3-20-202510-dev-seq-B","3","OA","20","202510-dev-tif/lm/20C/B/3/OA/1105-OA-2.csv",2025-11-05,"4","3","2"
"3-20-202510-dev-seq-B","3","OA","20","202510-dev-tif/lm/20C/B/3/OA/1105-OA-2.csv",2025-11-05,"4","3","2"
"3-20-202510-dev-seq-B","3","OA","20","202510-dev-tif/lm/20C/B/3/OA/1105-OA-2.csv",2025-11-05,"4","3","2"
"3-20-202510-dev-seq-B","3","OA","20","202510-dev-tif/lm/20C/B/3/OA/1105-OA-2.csv",2025-11-05,"4","3","2"
"3-20-202510-dev-seq-B","3","OA","20","202510-dev-tif/lm/20C/B/3/OA/1107-OA-2.csv",2025-11-07,"4","3","2"
"3-20-202510-dev-seq-B","3","OA","20","202510-dev-tif/lm/20C/B/3/OA/1107-OA-2.csv",2025-11-07,"4","3","2"
"3-20-202510-dev-seq-B","3","OA","20","202510-dev-tif/lm/20C/B/3/OA/1107-OA-2.csv",2025-11-07,"4","3","2"
"3-20-202510-dev-seq-B","3","OA","20","202510-dev-tif/lm/20C/B/3/OA/1107-OA-2.csv",2025-11-07,"4","3","2"
"3-20-202510-dev-seq-B","3","OA","20","202510-dev-tif/lm/20C/B/3/OA/1110-OA.csv",2025-11-10,"6","3","3"
"3-20-202510-dev-seq-B","3","OA","20","202510-dev-tif/lm/20C/B/3/OA/1110-OA.csv",2025-11-10,"6","3","3"
"3-20-202510-dev-seq-B","3","OA","20","202510-dev-tif/lm/20C/B/3/OA/1110-OA.csv",2025-11-10,"6","3","3"
"3-20-202510-dev-seq-B","3","OA","20","202510-dev-tif/lm/20C/B/3/OA/1110-OA.csv",2025-11-10,"6","3","3"
"3-20-202510-dev-seq-B","3","OA","20","202510-dev-tif/lm/20C/B/3/OA/1111-OA.csv",2025-11-11,"6","3","3"
"3-20-202510-dev-seq-B","3","OA","20","202510-dev-tif/lm/20C/B/3/OA/1111-OA.csv",2025-11-11,"6","3","3"
"3-20-202510-dev-seq-B","3","OA","20","202510-dev-tif/lm/20C/B/3/OA/1111-OA.csv",2025-11-11,"6","3","3"
"3-20-202510-dev-seq-B","3","OA","20","202510-dev-tif/lm/20C/B/3/OA/1111-OA.csv",2025-11-11,"6","3","3"
"3-20-202510-dev-seq-B","3","OA","20","202510-dev-tif/lm/20C/B/3/OA/1113-OA-2.csv",2025-11-13,"8","4","3"
"3-20-202510-dev-seq-B","3","OA","20","202510-dev-tif/lm/20C/B/3/OA/1113-OA-2.csv",2025-11-13,"8","4","3"
"3-20-202510-dev-seq-B","3","OA","20","202510-dev-tif/lm/20C/B/3/OA/1113-OA-2.csv",2025-11-13,"8","4","3"
"3-20-202510-dev-seq-B","3","OA","20","202510-dev-tif/lm/20C/B/3/OA/1113-OA-2.csv",2025-11-13,"8","4","3"
"3-20-202510-dev-seq-B","3","OA","20","202510-dev-tif/lm/20C/B/3/OA/1115-OA.csv",2025-11-15,"8","4","3"
"3-20-202510-dev-seq-B","3","OA","20","202510-dev-tif/lm/20C/B/3/OA/1115-OA.csv",2025-11-15,"8","4","3"
"3-20-202510-dev-seq-B","3","OA","20","202510-dev-tif/lm/20C/B/3/OA/1115-OA.csv",2025-11-15,"8","4","3"
"3-20-202510-dev-seq-B","3","OA","20","202510-dev-tif/lm/20C/B/3/OA/1115-OA.csv",2025-11-15,"8","4","3"
"3-20-202510-dev-seq-B","3","OA","20","202510-dev-tif/lm/20C/B/3/OA/1117-OA-2.csv",2025-11-17,"9","5","4"
"3-20-202510-dev-seq-B","3","OA","20","202510-dev-tif/lm/20C/B/3/OA/1117-OA-2.csv",2025-11-17,"9","5","4"
"3-20-202510-dev-seq-B","3","OA","20","202510-dev-tif/lm/20C/B/3/OA/1117-OA-2.csv",2025-11-17,"9","5","4"
"3-20-202510-dev-seq-B","3","OA","20","202510-dev-tif/lm/20C/B/3/OA/1117-OA-2.csv",2025-11-17,"9","5","4"
"3-20-202510-dev-seq-B","3","OA","20","202510-dev-tif/lm/20C/B/3/OA/1119-OA-5.csv",2025-11-19,"9","5","4"
"3-20-202510-dev-seq-B","3","OA","20","202510-dev-tif/lm/20C/B/3/OA/1119-OA-5.csv",2025-11-19,"9","5","4"
"3-20-202510-dev-seq-B","3","OA","20","202510-dev-tif/lm/20C/B/3/OA/1119-OA-5.csv",2025-11-19,"9","5","4"
"3-20-202510-dev-seq-B","3","OA","20","202510-dev-tif/lm/20C/B/3/OA/1119-OA-5.csv",2025-11-19,"9","5","4"
"3-20-202510-dev-seq-B","3","OA","20","202510-dev-tif/lm/20C/B/3/OA/1123-OA-5.csv",2025-11-23,"9","5","4"
"3-20-202510-dev-seq-B","3","OA","20","202510-dev-tif/lm/20C/B/3/OA/1123-OA-5.csv",2025-11-23,"9","5","4"
"3-20-202510-dev-seq-B","3","OA","20","202510-dev-tif/lm/20C/B/3/OA/1123-OA-5.csv",2025-11-23,"9","5","4"
"3-20-202510-dev-seq-B","3","OA","20","202510-dev-tif/lm/20C/B/3/OA/1123-OA-5.csv",2025-11-23,"9","5","4"
"3-20-202510-dev-seq-B","3","PA","20","202510-dev-tif/lm/20C/B/3/PA/1022-PA.csv",2025-10-22,"1","1","1"
"3-20-202510-dev-seq-B","3","PA","20","202510-dev-tif/lm/20C/B/3/PA/1022-PA.csv",2025-10-22,"1","1","1"
"3-20-202510-dev-seq-B","3","PA","20","202510-dev-tif/lm/20C/B/3/PA/1022-PA.csv",2025-10-22,"1","1","1"
"3-20-202510-dev-seq-B","3","PA","20","202510-dev-tif/lm/20C/B/3/PA/1022-PA.csv",2025-10-22,"1","1","1"
"3-20-202510-dev-seq-B","3","PA","20","202510-dev-tif/lm/20C/B/3/PA/1022-PA.csv",2025-10-22,"1","1","1"
"3-20-202510-dev-seq-B","3","PA","20","202510-dev-tif/lm/20C/B/3/PA/1024-PA.csv",2025-10-24,"2","1","1"
"3-20-202510-dev-seq-B","3","PA","20","202510-dev-tif/lm/20C/B/3/PA/1024-PA.csv",2025-10-24,"2","1","1"
"3-20-202510-dev-seq-B","3","PA","20","202510-dev-tif/lm/20C/B/3/PA/1024-PA.csv",2025-10-24,"2","1","1"
"3-20-202510-dev-seq-B","3","PA","20","202510-dev-tif/lm/20C/B/3/PA/1024-PA.csv",2025-10-24,"2","1","1"
"3-20-202510-dev-seq-B","3","PA","20","202510-dev-tif/lm/20C/B/3/PA/1024-PA.csv",2025-10-24,"2","1","1"
"3-20-202510-dev-seq-B","3","PA","20","202510-dev-tif/lm/20C/B/3/PA/1026-PA-2.csv",2025-10-26,"2","1","1"
"3-20-202510-dev-seq-B","3","PA","20","202510-dev-tif/lm/20C/B/3/PA/1026-PA-2.csv",2025-10-26,"2","1","1"
"3-20-202510-dev-seq-B","3","PA","20","202510-dev-tif/lm/20C/B/3/PA/1026-PA-2.csv",2025-10-26,"2","1","1"
"3-20-202510-dev-seq-B","3","PA","20","202510-dev-tif/lm/20C/B/3/PA/1026-PA-2.csv",2025-10-26,"2","1","1"
"3-20-202510-dev-seq-B","3","PA","20","202510-dev-tif/lm/20C/B/3/PA/1026-PA-2.csv",2025-10-26,"2","1","1"
"3-20-202510-dev-seq-B","3","PA","20","202510-dev-tif/lm/20C/B/3/PA/1028-PA-2.csv",2025-10-28,"3","2","2"
"3-20-202510-dev-seq-B","3","PA","20","202510-dev-tif/lm/20C/B/3/PA/1028-PA-2.csv",2025-10-28,"3","2","2"
"3-20-202510-dev-seq-B","3","PA","20","202510-dev-tif/lm/20C/B/3/PA/1028-PA-2.csv",2025-10-28,"3","2","2"
"3-20-202510-dev-seq-B","3","PA","20","202510-dev-tif/lm/20C/B/3/PA/1028-PA-2.csv",2025-10-28,"3","2","2"
"3-20-202510-dev-seq-B","3","PA","20","202510-dev-tif/lm/20C/B/3/PA/1028-PA-2.csv",2025-10-28,"3","2","2"
"3-20-202510-dev-seq-B","3","PA","20","202510-dev-tif/lm/20C/B/3/PA/1030-PA.csv",2025-10-30,"3","2","2"
"3-20-202510-dev-seq-B","3","PA","20","202510-dev-tif/lm/20C/B/3/PA/1030-PA.csv",2025-10-30,"3","2","2"
"3-20-202510-dev-seq-B","3","PA","20","202510-dev-tif/lm/20C/B/3/PA/1030-PA.csv",2025-10-30,"3","2","2"
"3-20-202510-dev-seq-B","3","PA","20","202510-dev-tif/lm/20C/B/3/PA/1030-PA.csv",2025-10-30,"3","2","2"
"3-20-202510-dev-seq-B","3","PA","20","202510-dev-tif/lm/20C/B/3/PA/1030-PA.csv",2025-10-30,"3","2","2"
"3-20-202510-dev-seq-B","3","PA","20","202510-dev-tif/lm/20C/B/3/PA/1101-PA-2.csv",2025-11-01,"3","2","2"
"3-20-202510-dev-seq-B","3","PA","20","202510-dev-tif/lm/20C/B/3/PA/1101-PA-2.csv",2025-11-01,"3","2","2"
"3-20-202510-dev-seq-B","3","PA","20","202510-dev-tif/lm/20C/B/3/PA/1101-PA-2.csv",2025-11-01,"3","2","2"
"3-20-202510-dev-seq-B","3","PA","20","202510-dev-tif/lm/20C/B/3/PA/1101-PA-2.csv",2025-11-01,"3","2","2"
"3-20-202510-dev-seq-B","3","PA","20","202510-dev-tif/lm/20C/B/3/PA/1101-PA-2.csv",2025-11-01,"3","2","2"
"3-20-202510-dev-seq-B","3","PA","20","202510-dev-tif/lm/20C/B/3/PA/1103-pa-2.csv",2025-11-03,"3","2","2"
"3-20-202510-dev-seq-B","3","PA","20","202510-dev-tif/lm/20C/B/3/PA/1103-pa-2.csv",2025-11-03,"3","2","2"
"3-20-202510-dev-seq-B","3","PA","20","202510-dev-tif/lm/20C/B/3/PA/1103-pa-2.csv",2025-11-03,"3","2","2"
"3-20-202510-dev-seq-B","3","PA","20","202510-dev-tif/lm/20C/B/3/PA/1103-pa-2.csv",2025-11-03,"3","2","2"
"3-20-202510-dev-seq-B","3","PA","20","202510-dev-tif/lm/20C/B/3/PA/1103-pa-2.csv",2025-11-03,"3","2","2"
"3-20-202510-dev-seq-B","3","PA","20","202510-dev-tif/lm/20C/B/3/PA/1105-PA.csv",2025-11-05,"4","3","2"
"3-20-202510-dev-seq-B","3","PA","20","202510-dev-tif/lm/20C/B/3/PA/1105-PA.csv",2025-11-05,"4","3","2"
"3-20-202510-dev-seq-B","3","PA","20","202510-dev-tif/lm/20C/B/3/PA/1105-PA.csv",2025-11-05,"4","3","2"
"3-20-202510-dev-seq-B","3","PA","20","202510-dev-tif/lm/20C/B/3/PA/1105-PA.csv",2025-11-05,"4","3","2"
"3-20-202510-dev-seq-B","3","PA","20","202510-dev-tif/lm/20C/B/3/PA/1105-PA.csv",2025-11-05,"4","3","2"
"3-20-202510-dev-seq-B","3","PA","20","202510-dev-tif/lm/20C/B/3/PA/1107-PA-4.csv",2025-11-07,"4","3","2"
"3-20-202510-dev-seq-B","3","PA","20","202510-dev-tif/lm/20C/B/3/PA/1107-PA-4.csv",2025-11-07,"4","3","2"
"3-20-202510-dev-seq-B","3","PA","20","202510-dev-tif/lm/20C/B/3/PA/1107-PA-4.csv",2025-11-07,"4","3","2"
"3-20-202510-dev-seq-B","3","PA","20","202510-dev-tif/lm/20C/B/3/PA/1107-PA-4.csv",2025-11-07,"4","3","2"
"3-20-202510-dev-seq-B","3","PA","20","202510-dev-tif/lm/20C/B/3/PA/1107-PA-4.csv",2025-11-07,"4","3","2"
"3-20-202510-dev-seq-B","3","PA","20","202510-dev-tif/lm/20C/B/3/PA/1110-PA-2.csv",2025-11-10,"6","3","3"
"3-20-202510-dev-seq-B","3","PA","20","202510-dev-tif/lm/20C/B/3/PA/1110-PA-2.csv",2025-11-10,"6","3","3"
"3-20-202510-dev-seq-B","3","PA","20","202510-dev-tif/lm/20C/B/3/PA/1110-PA-2.csv",2025-11-10,"6","3","3"
"3-20-202510-dev-seq-B","3","PA","20","202510-dev-tif/lm/20C/B/3/PA/1110-PA-2.csv",2025-11-10,"6","3","3"
"3-20-202510-dev-seq-B","3","PA","20","202510-dev-tif/lm/20C/B/3/PA/1110-PA-2.csv",2025-11-10,"6","3","3"
"3-20-202510-dev-seq-B","3","PA","20","202510-dev-tif/lm/20C/B/3/PA/1111-PA-3.csv",2025-11-11,"6","3","3"
"3-20-202510-dev-seq-B","3","PA","20","202510-dev-tif/lm/20C/B/3/PA/1111-PA-3.csv",2025-11-11,"6","3","3"
"3-20-202510-dev-seq-B","3","PA","20","202510-dev-tif/lm/20C/B/3/PA/1111-PA-3.csv",2025-11-11,"6","3","3"
"3-20-202510-dev-seq-B","3","PA","20","202510-dev-tif/lm/20C/B/3/PA/1111-PA-3.csv",2025-11-11,"6","3","3"
"3-20-202510-dev-seq-B","3","PA","20","202510-dev-tif/lm/20C/B/3/PA/1111-PA-3.csv",2025-11-11,"6","3","3"
"3-20-202510-dev-seq-B","3","PA","20","202510-dev-tif/lm/20C/B/3/PA/1113-PA-4.csv",2025-11-13,"8","4","3"
"3-20-202510-dev-seq-B","3","PA","20","202510-dev-tif/lm/20C/B/3/PA/1113-PA-4.csv",2025-11-13,"8","4","3"
"3-20-202510-dev-seq-B","3","PA","20","202510-dev-tif/lm/20C/B/3/PA/1113-PA-4.csv",2025-11-13,"8","4","3"
"3-20-202510-dev-seq-B","3","PA","20","202510-dev-tif/lm/20C/B/3/PA/1113-PA-4.csv",2025-11-13,"8","4","3"
"3-20-202510-dev-seq-B","3","PA","20","202510-dev-tif/lm/20C/B/3/PA/1113-PA-4.csv",2025-11-13,"8","4","3"
"3-20-202510-dev-seq-B","3","PA","20","202510-dev-tif/lm/20C/B/3/PA/1115-PA-5.csv",2025-11-15,"8","4","3"
"3-20-202510-dev-seq-B","3","PA","20","202510-dev-tif/lm/20C/B/3/PA/1115-PA-5.csv",2025-11-15,"8","4","3"
"3-20-202510-dev-seq-B","3","PA","20","202510-dev-tif/lm/20C/B/3/PA/1115-PA-5.csv",2025-11-15,"8","4","3"
"3-20-202510-dev-seq-B","3","PA","20","202510-dev-tif/lm/20C/B/3/PA/1115-PA-5.csv",2025-11-15,"8","4","3"
"3-20-202510-dev-seq-B","3","PA","20","202510-dev-tif/lm/20C/B/3/PA/1115-PA-5.csv",2025-11-15,"8","4","3"
"3-20-202510-dev-seq-B","3","PA","20","202510-dev-tif/lm/20C/B/3/PA/1117-PA-3.csv",2025-11-17,"9","5","4"
"3-20-202510-dev-seq-B","3","PA","20","202510-dev-tif/lm/20C/B/3/PA/1117-PA-3.csv",2025-11-17,"9","5","4"
"3-20-202510-dev-seq-B","3","PA","20","202510-dev-tif/lm/20C/B/3/PA/1117-PA-3.csv",2025-11-17,"9","5","4"
"3-20-202510-dev-seq-B","3","PA","20","202510-dev-tif/lm/20C/B/3/PA/1117-PA-3.csv",2025-11-17,"9","5","4"
"3-20-202510-dev-seq-B","3","PA","20","202510-dev-tif/lm/20C/B/3/PA/1117-PA-3.csv",2025-11-17,"9","5","4"
"3-20-202510-dev-seq-B","3","PA","20","202510-dev-tif/lm/20C/B/3/PA/1119-PA.csv",2025-11-19,"9","5","4"
"3-20-202510-dev-seq-B","3","PA","20","202510-dev-tif/lm/20C/B/3/PA/1119-PA.csv",2025-11-19,"9","5","4"
"3-20-202510-dev-seq-B","3","PA","20","202510-dev-tif/lm/20C/B/3/PA/1119-PA.csv",2025-11-19,"9","5","4"
"3-20-202510-dev-seq-B","3","PA","20","202510-dev-tif/lm/20C/B/3/PA/1119-PA.csv",2025-11-19,"9","5","4"
"3-20-202510-dev-seq-B","3","PA","20","202510-dev-tif/lm/20C/B/3/PA/1119-PA.csv",2025-11-19,"9","5","4"
"3-20-202510-dev-seq-B","3","PA","20","202510-dev-tif/lm/20C/B/3/PA/1123-PA.csv",2025-11-23,"9","5","4"
"3-20-202510-dev-seq-B","3","PA","20","202510-dev-tif/lm/20C/B/3/PA/1123-PA.csv",2025-11-23,"9","5","4"
"3-20-202510-dev-seq-B","3","PA","20","202510-dev-tif/lm/20C/B/3/PA/1123-PA.csv",2025-11-23,"9","5","4"
"3-20-202510-dev-seq-B","3","PA","20","202510-dev-tif/lm/20C/B/3/PA/1123-PA.csv",2025-11-23,"9","5","4"
"3-20-202510-dev-seq-B","3","PA","20","202510-dev-tif/lm/20C/B/3/PA/1123-PA.csv",2025-11-23,"9","5","4"
"3-20-202510-dev-seq-B","3","TA","20","202510-dev-tif/lm/20C/B/3/TA/1022-TA.csv",2025-10-22,"1","1","1"
"3-20-202510-dev-seq-B","3","TA","20","202510-dev-tif/lm/20C/B/3/TA/1022-TA.csv",2025-10-22,"1","1","1"
"3-20-202510-dev-seq-B","3","TA","20","202510-dev-tif/lm/20C/B/3/TA/1022-TA.csv",2025-10-22,"1","1","1"
"3-20-202510-dev-seq-B","3","TA","20","202510-dev-tif/lm/20C/B/3/TA/1022-TA.csv",2025-10-22,"1","1","1"
"3-20-202510-dev-seq-B","3","TA","20","202510-dev-tif/lm/20C/B/3/TA/1022-TA.csv",2025-10-22,"1","1","1"
"3-20-202510-dev-seq-B","3","TA","20","202510-dev-tif/lm/20C/B/3/TA/1022-TA.csv",2025-10-22,"1","1","1"
"3-20-202510-dev-seq-B","3","TA","20","202510-dev-tif/lm/20C/B/3/TA/1022-TA.csv",2025-10-22,"1","1","1"
"3-20-202510-dev-seq-B","3","TA","20","202510-dev-tif/lm/20C/B/3/TA/1022-TA.csv",2025-10-22,"1","1","1"
"3-20-202510-dev-seq-B","3","TA","20","202510-dev-tif/lm/20C/B/3/TA/1024-TA-2.csv",2025-10-24,"2","1","1"
"3-20-202510-dev-seq-B","3","TA","20","202510-dev-tif/lm/20C/B/3/TA/1024-TA-2.csv",2025-10-24,"2","1","1"
"3-20-202510-dev-seq-B","3","TA","20","202510-dev-tif/lm/20C/B/3/TA/1024-TA-2.csv",2025-10-24,"2","1","1"
"3-20-202510-dev-seq-B","3","TA","20","202510-dev-tif/lm/20C/B/3/TA/1024-TA-2.csv",2025-10-24,"2","1","1"
"3-20-202510-dev-seq-B","3","TA","20","202510-dev-tif/lm/20C/B/3/TA/1024-TA-2.csv",2025-10-24,"2","1","1"
"3-20-202510-dev-seq-B","3","TA","20","202510-dev-tif/lm/20C/B/3/TA/1024-TA-2.csv",2025-10-24,"2","1","1"
"3-20-202510-dev-seq-B","3","TA","20","202510-dev-tif/lm/20C/B/3/TA/1024-TA-2.csv",2025-10-24,"2","1","1"
"3-20-202510-dev-seq-B","3","TA","20","202510-dev-tif/lm/20C/B/3/TA/1024-TA-2.csv",2025-10-24,"2","1","1"
"3-20-202510-dev-seq-B","3","TA","20","202510-dev-tif/lm/20C/B/3/TA/1026-TA-2.csv",2025-10-26,"2","1","1"
"3-20-202510-dev-seq-B","3","TA","20","202510-dev-tif/lm/20C/B/3/TA/1026-TA-2.csv",2025-10-26,"2","1","1"
"3-20-202510-dev-seq-B","3","TA","20","202510-dev-tif/lm/20C/B/3/TA/1026-TA-2.csv",2025-10-26,"2","1","1"
"3-20-202510-dev-seq-B","3","TA","20","202510-dev-tif/lm/20C/B/3/TA/1026-TA-2.csv",2025-10-26,"2","1","1"
"3-20-202510-dev-seq-B","3","TA","20","202510-dev-tif/lm/20C/B/3/TA/1026-TA-2.csv",2025-10-26,"2","1","1"
"3-20-202510-dev-seq-B","3","TA","20","202510-dev-tif/lm/20C/B/3/TA/1026-TA-2.csv",2025-10-26,"2","1","1"
"3-20-202510-dev-seq-B","3","TA","20","202510-dev-tif/lm/20C/B/3/TA/1026-TA-2.csv",2025-10-26,"2","1","1"
"3-20-202510-dev-seq-B","3","TA","20","202510-dev-tif/lm/20C/B/3/TA/1026-TA-2.csv",2025-10-26,"2","1","1"
"3-20-202510-dev-seq-B","3","TA","20","202510-dev-tif/lm/20C/B/3/TA/1028-TA-3.csv",2025-10-28,"3","2","2"
"3-20-202510-dev-seq-B","3","TA","20","202510-dev-tif/lm/20C/B/3/TA/1028-TA-3.csv",2025-10-28,"3","2","2"
"3-20-202510-dev-seq-B","3","TA","20","202510-dev-tif/lm/20C/B/3/TA/1028-TA-3.csv",2025-10-28,"3","2","2"
"3-20-202510-dev-seq-B","3","TA","20","202510-dev-tif/lm/20C/B/3/TA/1028-TA-3.csv",2025-10-28,"3","2","2"
"3-20-202510-dev-seq-B","3","TA","20","202510-dev-tif/lm/20C/B/3/TA/1028-TA-3.csv",2025-10-28,"3","2","2"
"3-20-202510-dev-seq-B","3","TA","20","202510-dev-tif/lm/20C/B/3/TA/1028-TA-3.csv",2025-10-28,"3","2","2"
"3-20-202510-dev-seq-B","3","TA","20","202510-dev-tif/lm/20C/B/3/TA/1028-TA-3.csv",2025-10-28,"3","2","2"
"3-20-202510-dev-seq-B","3","TA","20","202510-dev-tif/lm/20C/B/3/TA/1028-TA-3.csv",2025-10-28,"3","2","2"
"3-20-202510-dev-seq-B","3","TA","20","202510-dev-tif/lm/20C/B/3/TA/1030-TA.csv",2025-10-30,"3","2","2"
"3-20-202510-dev-seq-B","3","TA","20","202510-dev-tif/lm/20C/B/3/TA/1030-TA.csv",2025-10-30,"3","2","2"
"3-20-202510-dev-seq-B","3","TA","20","202510-dev-tif/lm/20C/B/3/TA/1030-TA.csv",2025-10-30,"3","2","2"
"3-20-202510-dev-seq-B","3","TA","20","202510-dev-tif/lm/20C/B/3/TA/1030-TA.csv",2025-10-30,"3","2","2"
"3-20-202510-dev-seq-B","3","TA","20","202510-dev-tif/lm/20C/B/3/TA/1030-TA.csv",2025-10-30,"3","2","2"
"3-20-202510-dev-seq-B","3","TA","20","202510-dev-tif/lm/20C/B/3/TA/1030-TA.csv",2025-10-30,"3","2","2"
"3-20-202510-dev-seq-B","3","TA","20","202510-dev-tif/lm/20C/B/3/TA/1030-TA.csv",2025-10-30,"3","2","2"
"3-20-202510-dev-seq-B","3","TA","20","202510-dev-tif/lm/20C/B/3/TA/1030-TA.csv",2025-10-30,"3","2","2"
"3-20-202510-dev-seq-B","3","TA","20","202510-dev-tif/lm/20C/B/3/TA/1101-TA.csv",2025-11-01,"3","2","2"
"3-20-202510-dev-seq-B","3","TA","20","202510-dev-tif/lm/20C/B/3/TA/1101-TA.csv",2025-11-01,"3","2","2"
"3-20-202510-dev-seq-B","3","TA","20","202510-dev-tif/lm/20C/B/3/TA/1101-TA.csv",2025-11-01,"3","2","2"
"3-20-202510-dev-seq-B","3","TA","20","202510-dev-tif/lm/20C/B/3/TA/1101-TA.csv",2025-11-01,"3","2","2"
"3-20-202510-dev-seq-B","3","TA","20","202510-dev-tif/lm/20C/B/3/TA/1101-TA.csv",2025-11-01,"3","2","2"
"3-20-202510-dev-seq-B","3","TA","20","202510-dev-tif/lm/20C/B/3/TA/1101-TA.csv",2025-11-01,"3","2","2"
"3-20-202510-dev-seq-B","3","TA","20","202510-dev-tif/lm/20C/B/3/TA/1101-TA.csv",2025-11-01,"3","2","2"
"3-20-202510-dev-seq-B","3","TA","20","202510-dev-tif/lm/20C/B/3/TA/1101-TA.csv",2025-11-01,"3","2","2"
"3-20-202510-dev-seq-B","3","TA","20","202510-dev-tif/lm/20C/B/3/TA/1103-TA-2.csv",2025-11-03,"3","2","2"
"3-20-202510-dev-seq-B","3","TA","20","202510-dev-tif/lm/20C/B/3/TA/1103-TA-2.csv",2025-11-03,"3","2","2"
"3-20-202510-dev-seq-B","3","TA","20","202510-dev-tif/lm/20C/B/3/TA/1103-TA-2.csv",2025-11-03,"3","2","2"
"3-20-202510-dev-seq-B","3","TA","20","202510-dev-tif/lm/20C/B/3/TA/1103-TA-2.csv",2025-11-03,"3","2","2"
"3-20-202510-dev-seq-B","3","TA","20","202510-dev-tif/lm/20C/B/3/TA/1103-TA-2.csv",2025-11-03,"3","2","2"
"3-20-202510-dev-seq-B","3","TA","20","202510-dev-tif/lm/20C/B/3/TA/1103-TA-2.csv",2025-11-03,"3","2","2"
"3-20-202510-dev-seq-B","3","TA","20","202510-dev-tif/lm/20C/B/3/TA/1103-TA-2.csv",2025-11-03,"3","2","2"
"3-20-202510-dev-seq-B","3","TA","20","202510-dev-tif/lm/20C/B/3/TA/1103-TA-2.csv",2025-11-03,"3","2","2"
"3-20-202510-dev-seq-B","3","TA","20","202510-dev-tif/lm/20C/B/3/TA/1105-TA.csv",2025-11-05,"4","3","2"
"3-20-202510-dev-seq-B","3","TA","20","202510-dev-tif/lm/20C/B/3/TA/1105-TA.csv",2025-11-05,"4","3","2"
"3-20-202510-dev-seq-B","3","TA","20","202510-dev-tif/lm/20C/B/3/TA/1105-TA.csv",2025-11-05,"4","3","2"
"3-20-202510-dev-seq-B","3","TA","20","202510-dev-tif/lm/20C/B/3/TA/1105-TA.csv",2025-11-05,"4","3","2"
"3-20-202510-dev-seq-B","3","TA","20","202510-dev-tif/lm/20C/B/3/TA/1105-TA.csv",2025-11-05,"4","3","2"
"3-20-202510-dev-seq-B","3","TA","20","202510-dev-tif/lm/20C/B/3/TA/1105-TA.csv",2025-11-05,"4","3","2"
"3-20-202510-dev-seq-B","3","TA","20","202510-dev-tif/lm/20C/B/3/TA/1105-TA.csv",2025-11-05,"4","3","2"
"3-20-202510-dev-seq-B","3","TA","20","202510-dev-tif/lm/20C/B/3/TA/1105-TA.csv",2025-11-05,"4","3","2"
"3-20-202510-dev-seq-B","3","TA","20","202510-dev-tif/lm/20C/B/3/TA/1107-TA.csv",2025-11-07,"4","3","2"
"3-20-202510-dev-seq-B","3","TA","20","202510-dev-tif/lm/20C/B/3/TA/1107-TA.csv",2025-11-07,"4","3","2"
"3-20-202510-dev-seq-B","3","TA","20","202510-dev-tif/lm/20C/B/3/TA/1107-TA.csv",2025-11-07,"4","3","2"
"3-20-202510-dev-seq-B","3","TA","20","202510-dev-tif/lm/20C/B/3/TA/1107-TA.csv",2025-11-07,"4","3","2"
"3-20-202510-dev-seq-B","3","TA","20","202510-dev-tif/lm/20C/B/3/TA/1107-TA.csv",2025-11-07,"4","3","2"
"3-20-202510-dev-seq-B","3","TA","20","202510-dev-tif/lm/20C/B/3/TA/1107-TA.csv",2025-11-07,"4","3","2"
"3-20-202510-dev-seq-B","3","TA","20","202510-dev-tif/lm/20C/B/3/TA/1107-TA.csv",2025-11-07,"4","3","2"
"3-20-202510-dev-seq-B","3","TA","20","202510-dev-tif/lm/20C/B/3/TA/1107-TA.csv",2025-11-07,"4","3","2"
"3-20-202510-dev-seq-B","3","TA","20","202510-dev-tif/lm/20C/B/3/TA/1110-TA.csv",2025-11-10,"6","3","3"
"3-20-202510-dev-seq-B","3","TA","20","202510-dev-tif/lm/20C/B/3/TA/1110-TA.csv",2025-11-10,"6","3","3"
"3-20-202510-dev-seq-B","3","TA","20","202510-dev-tif/lm/20C/B/3/TA/1110-TA.csv",2025-11-10,"6","3","3"
"3-20-202510-dev-seq-B","3","TA","20","202510-dev-tif/lm/20C/B/3/TA/1110-TA.csv",2025-11-10,"6","3","3"
"3-20-202510-dev-seq-B","3","TA","20","202510-dev-tif/lm/20C/B/3/TA/1110-TA.csv",2025-11-10,"6","3","3"
"3-20-202510-dev-seq-B","3","TA","20","202510-dev-tif/lm/20C/B/3/TA/1110-TA.csv",2025-11-10,"6","3","3"
"3-20-202510-dev-seq-B","3","TA","20","202510-dev-tif/lm/20C/B/3/TA/1110-TA.csv",2025-11-10,"6","3","3"
"3-20-202510-dev-seq-B","3","TA","20","202510-dev-tif/lm/20C/B/3/TA/1110-TA.csv",2025-11-10,"6","3","3"
"3-20-202510-dev-seq-B","3","TA","20","202510-dev-tif/lm/20C/B/3/TA/1111-TA.csv",2025-11-11,"6","3","3"
"3-20-202510-dev-seq-B","3","TA","20","202510-dev-tif/lm/20C/B/3/TA/1111-TA.csv",2025-11-11,"6","3","3"
"3-20-202510-dev-seq-B","3","TA","20","202510-dev-tif/lm/20C/B/3/TA/1111-TA.csv",2025-11-11,"6","3","3"
"3-20-202510-dev-seq-B","3","TA","20","202510-dev-tif/lm/20C/B/3/TA/1111-TA.csv",2025-11-11,"6","3","3"
"3-20-202510-dev-seq-B","3","TA","20","202510-dev-tif/lm/20C/B/3/TA/1111-TA.csv",2025-11-11,"6","3","3"
"3-20-202510-dev-seq-B","3","TA","20","202510-dev-tif/lm/20C/B/3/TA/1111-TA.csv",2025-11-11,"6","3","3"
"3-20-202510-dev-seq-B","3","TA","20","202510-dev-tif/lm/20C/B/3/TA/1111-TA.csv",2025-11-11,"6","3","3"
"3-20-202510-dev-seq-B","3","TA","20","202510-dev-tif/lm/20C/B/3/TA/1111-TA.csv",2025-11-11,"6","3","3"
"3-20-202510-dev-seq-B","3","TA","20","202510-dev-tif/lm/20C/B/3/TA/1113-TA-3.csv",2025-11-13,"8","4","3"
"3-20-202510-dev-seq-B","3","TA","20","202510-dev-tif/lm/20C/B/3/TA/1113-TA-3.csv",2025-11-13,"8","4","3"
"3-20-202510-dev-seq-B","3","TA","20","202510-dev-tif/lm/20C/B/3/TA/1113-TA-3.csv",2025-11-13,"8","4","3"
"3-20-202510-dev-seq-B","3","TA","20","202510-dev-tif/lm/20C/B/3/TA/1113-TA-3.csv",2025-11-13,"8","4","3"
"3-20-202510-dev-seq-B","3","TA","20","202510-dev-tif/lm/20C/B/3/TA/1113-TA-3.csv",2025-11-13,"8","4","3"
"3-20-202510-dev-seq-B","3","TA","20","202510-dev-tif/lm/20C/B/3/TA/1113-TA-3.csv",2025-11-13,"8","4","3"
"3-20-202510-dev-seq-B","3","TA","20","202510-dev-tif/lm/20C/B/3/TA/1113-TA-3.csv",2025-11-13,"8","4","3"
"3-20-202510-dev-seq-B","3","TA","20","202510-dev-tif/lm/20C/B/3/TA/1113-TA-3.csv",2025-11-13,"8","4","3"
"3-20-202510-dev-seq-B","3","TA","20","202510-dev-tif/lm/20C/B/3/TA/1115-TA.csv",2025-11-15,"8","4","3"
"3-20-202510-dev-seq-B","3","TA","20","202510-dev-tif/lm/20C/B/3/TA/1115-TA.csv",2025-11-15,"8","4","3"
"3-20-202510-dev-seq-B","3","TA","20","202510-dev-tif/lm/20C/B/3/TA/1115-TA.csv",2025-11-15,"8","4","3"
"3-20-202510-dev-seq-B","3","TA","20","202510-dev-tif/lm/20C/B/3/TA/1115-TA.csv",2025-11-15,"8","4","3"
"3-20-202510-dev-seq-B","3","TA","20","202510-dev-tif/lm/20C/B/3/TA/1115-TA.csv",2025-11-15,"8","4","3"
"3-20-202510-dev-seq-B","3","TA","20","202510-dev-tif/lm/20C/B/3/TA/1115-TA.csv",2025-11-15,"8","4","3"
"3-20-202510-dev-seq-B","3","TA","20","202510-dev-tif/lm/20C/B/3/TA/1115-TA.csv",2025-11-15,"8","4","3"
"3-20-202510-dev-seq-B","3","TA","20","202510-dev-tif/lm/20C/B/3/TA/1115-TA.csv",2025-11-15,"8","4","3"
"3-20-202510-dev-seq-B","3","TA","20","202510-dev-tif/lm/20C/B/3/TA/1117-TA-2.csv",2025-11-17,"9","5","4"
"3-20-202510-dev-seq-B","3","TA","20","202510-dev-tif/lm/20C/B/3/TA/1117-TA-2.csv",2025-11-17,"9","5","4"
"3-20-202510-dev-seq-B","3","TA","20","202510-dev-tif/lm/20C/B/3/TA/1117-TA-2.csv",2025-11-17,"9","5","4"
"3-20-202510-dev-seq-B","3","TA","20","202510-dev-tif/lm/20C/B/3/TA/1117-TA-2.csv",2025-11-17,"9","5","4"
"3-20-202510-dev-seq-B","3","TA","20","202510-dev-tif/lm/20C/B/3/TA/1117-TA-2.csv",2025-11-17,"9","5","4"
"3-20-202510-dev-seq-B","3","TA","20","202510-dev-tif/lm/20C/B/3/TA/1117-TA-2.csv",2025-11-17,"9","5","4"
"3-20-202510-dev-seq-B","3","TA","20","202510-dev-tif/lm/20C/B/3/TA/1117-TA-2.csv",2025-11-17,"9","5","4"
"3-20-202510-dev-seq-B","3","TA","20","202510-dev-tif/lm/20C/B/3/TA/1117-TA-2.csv",2025-11-17,"9","5","4"
"3-20-202510-dev-seq-B","3","TA","20","202510-dev-tif/lm/20C/B/3/TA/1119-TA-4.csv",2025-11-19,"9","5","4"
"3-20-202510-dev-seq-B","3","TA","20","202510-dev-tif/lm/20C/B/3/TA/1119-TA-4.csv",2025-11-19,"9","5","4"
"3-20-202510-dev-seq-B","3","TA","20","202510-dev-tif/lm/20C/B/3/TA/1119-TA-4.csv",2025-11-19,"9","5","4"
"3-20-202510-dev-seq-B","3","TA","20","202510-dev-tif/lm/20C/B/3/TA/1119-TA-4.csv",2025-11-19,"9","5","4"
"3-20-202510-dev-seq-B","3","TA","20","202510-dev-tif/lm/20C/B/3/TA/1119-TA-4.csv",2025-11-19,"9","5","4"
"3-20-202510-dev-seq-B","3","TA","20","202510-dev-tif/lm/20C/B/3/TA/1119-TA-4.csv",2025-11-19,"9","5","4"
"3-20-202510-dev-seq-B","3","TA","20","202510-dev-tif/lm/20C/B/3/TA/1119-TA-4.csv",2025-11-19,"9","5","4"
"3-20-202510-dev-seq-B","3","TA","20","202510-dev-tif/lm/20C/B/3/TA/1119-TA-4.csv",2025-11-19,"9","5","4"
"3-20-202510-dev-seq-B","3","TA","20","202510-dev-tif/lm/20C/B/3/TA/1123-TA-2.csv",2025-11-23,"9","5","4"
"3-20-202510-dev-seq-B","3","TA","20","202510-dev-tif/lm/20C/B/3/TA/1123-TA-2.csv",2025-11-23,"9","5","4"
"3-20-202510-dev-seq-B","3","TA","20","202510-dev-tif/lm/20C/B/3/TA/1123-TA-2.csv",2025-11-23,"9","5","4"
"3-20-202510-dev-seq-B","3","TA","20","202510-dev-tif/lm/20C/B/3/TA/1123-TA-2.csv",2025-11-23,"9","5","4"
"3-20-202510-dev-seq-B","3","TA","20","202510-dev-tif/lm/20C/B/3/TA/1123-TA-2.csv",2025-11-23,"9","5","4"
"3-20-202510-dev-seq-B","3","TA","20","202510-dev-tif/lm/20C/B/3/TA/1123-TA-2.csv",2025-11-23,"9","5","4"
"3-20-202510-dev-seq-B","3","TA","20","202510-dev-tif/lm/20C/B/3/TA/1123-TA-2.csv",2025-11-23,"9","5","4"
"3-20-202510-dev-seq-B","3","TA","20","202510-dev-tif/lm/20C/B/3/TA/1123-TA-2.csv",2025-11-23,"9","5","4"
"30-20-202510-dev-seq-B","30","OA","20","202510-dev-tif/lm/20C/B/30/OA/1102-OA-2.csv",2025-11-02,"6","3","2"
"30-20-202510-dev-seq-B","30","OA","20","202510-dev-tif/lm/20C/B/30/OA/1102-OA-2.csv",2025-11-02,"6","3","2"
"30-20-202510-dev-seq-B","30","OA","20","202510-dev-tif/lm/20C/B/30/OA/1102-OA-2.csv",2025-11-02,"6","3","2"
"30-20-202510-dev-seq-B","30","OA","20","202510-dev-tif/lm/20C/B/30/OA/1102-OA-2.csv",2025-11-02,"6","3","2"
"30-20-202510-dev-seq-B","30","OA","20","202510-dev-tif/lm/20C/B/30/OA/1104-OA-2.csv",2025-11-04,NA,NA,NA
"30-20-202510-dev-seq-B","30","OA","20","202510-dev-tif/lm/20C/B/30/OA/1104-OA-2.csv",2025-11-04,NA,NA,NA
"30-20-202510-dev-seq-B","30","OA","20","202510-dev-tif/lm/20C/B/30/OA/1104-OA-2.csv",2025-11-04,NA,NA,NA
"30-20-202510-dev-seq-B","30","OA","20","202510-dev-tif/lm/20C/B/30/OA/1104-OA-2.csv",2025-11-04,NA,NA,NA
"30-20-202510-dev-seq-B","30","OA","20","202510-dev-tif/lm/20C/B/30/OA/1106-OA.csv",2025-11-06,"6","3","2"
"30-20-202510-dev-seq-B","30","OA","20","202510-dev-tif/lm/20C/B/30/OA/1106-OA.csv",2025-11-06,"6","3","2"
"30-20-202510-dev-seq-B","30","OA","20","202510-dev-tif/lm/20C/B/30/OA/1106-OA.csv",2025-11-06,"6","3","2"
"30-20-202510-dev-seq-B","30","OA","20","202510-dev-tif/lm/20C/B/30/OA/1106-OA.csv",2025-11-06,"6","3","2"
"30-20-202510-dev-seq-B","30","OA","20","202510-dev-tif/lm/20C/B/30/OA/1108-OA-2.csv",2025-11-08,"6","4","3"
"30-20-202510-dev-seq-B","30","OA","20","202510-dev-tif/lm/20C/B/30/OA/1108-OA-2.csv",2025-11-08,"6","4","3"
"30-20-202510-dev-seq-B","30","OA","20","202510-dev-tif/lm/20C/B/30/OA/1108-OA-2.csv",2025-11-08,"6","4","3"
"30-20-202510-dev-seq-B","30","OA","20","202510-dev-tif/lm/20C/B/30/OA/1108-OA-2.csv",2025-11-08,"6","4","3"
"30-20-202510-dev-seq-B","30","OA","20","202510-dev-tif/lm/20C/B/30/OA/1110-OA-2.csv",2025-11-10,"8","4","3"
"30-20-202510-dev-seq-B","30","OA","20","202510-dev-tif/lm/20C/B/30/OA/1110-OA-2.csv",2025-11-10,"8","4","3"
"30-20-202510-dev-seq-B","30","OA","20","202510-dev-tif/lm/20C/B/30/OA/1110-OA-2.csv",2025-11-10,"8","4","3"
"30-20-202510-dev-seq-B","30","OA","20","202510-dev-tif/lm/20C/B/30/OA/1110-OA-2.csv",2025-11-10,"8","4","3"
"30-20-202510-dev-seq-B","30","OA","20","202510-dev-tif/lm/20C/B/30/OA/1112-OA-2.csv",2025-11-12,"8","4","3"
"30-20-202510-dev-seq-B","30","OA","20","202510-dev-tif/lm/20C/B/30/OA/1112-OA-2.csv",2025-11-12,"8","4","3"
"30-20-202510-dev-seq-B","30","OA","20","202510-dev-tif/lm/20C/B/30/OA/1112-OA-2.csv",2025-11-12,"8","4","3"
"30-20-202510-dev-seq-B","30","OA","20","202510-dev-tif/lm/20C/B/30/OA/1112-OA-2.csv",2025-11-12,"8","4","3"
"30-20-202510-dev-seq-B","30","OA","20","202510-dev-tif/lm/20C/B/30/OA/1114-OA.csv",2025-11-14,NA,NA,NA
"30-20-202510-dev-seq-B","30","OA","20","202510-dev-tif/lm/20C/B/30/OA/1114-OA.csv",2025-11-14,NA,NA,NA
"30-20-202510-dev-seq-B","30","OA","20","202510-dev-tif/lm/20C/B/30/OA/1114-OA.csv",2025-11-14,NA,NA,NA
"30-20-202510-dev-seq-B","30","OA","20","202510-dev-tif/lm/20C/B/30/OA/1114-OA.csv",2025-11-14,NA,NA,NA
"30-20-202510-dev-seq-B","30","OA","20","202510-dev-tif/lm/20C/B/30/OA/1116-OA.csv",2025-11-16,"8","6","4"
"30-20-202510-dev-seq-B","30","OA","20","202510-dev-tif/lm/20C/B/30/OA/1116-OA.csv",2025-11-16,"8","6","4"
"30-20-202510-dev-seq-B","30","OA","20","202510-dev-tif/lm/20C/B/30/OA/1116-OA.csv",2025-11-16,"8","6","4"
"30-20-202510-dev-seq-B","30","OA","20","202510-dev-tif/lm/20C/B/30/OA/1116-OA.csv",2025-11-16,"8","6","4"
"30-20-202510-dev-seq-B","30","OA","20","202510-dev-tif/lm/20C/B/30/OA/1118-OA.csv",2025-11-18,"8","6","4"
"30-20-202510-dev-seq-B","30","OA","20","202510-dev-tif/lm/20C/B/30/OA/1118-OA.csv",2025-11-18,"8","6","4"
"30-20-202510-dev-seq-B","30","OA","20","202510-dev-tif/lm/20C/B/30/OA/1118-OA.csv",2025-11-18,"8","6","4"
"30-20-202510-dev-seq-B","30","OA","20","202510-dev-tif/lm/20C/B/30/OA/1118-OA.csv",2025-11-18,"8","6","4"
"30-20-202510-dev-seq-B","30","OA","20","202510-dev-tif/lm/20C/B/30/OA/1120-OA.csv",2025-11-20,"8","6","4"
"30-20-202510-dev-seq-B","30","OA","20","202510-dev-tif/lm/20C/B/30/OA/1120-OA.csv",2025-11-20,"8","6","4"
"30-20-202510-dev-seq-B","30","OA","20","202510-dev-tif/lm/20C/B/30/OA/1120-OA.csv",2025-11-20,"8","6","4"
"30-20-202510-dev-seq-B","30","OA","20","202510-dev-tif/lm/20C/B/30/OA/1120-OA.csv",2025-11-20,"8","6","4"
"30-20-202510-dev-seq-B","30","OA","20","202510-dev-tif/lm/20C/B/30/OA/1121-OA-4.csv",2025-11-21,"8","6","4"
"30-20-202510-dev-seq-B","30","OA","20","202510-dev-tif/lm/20C/B/30/OA/1121-OA-4.csv",2025-11-21,"8","6","4"
"30-20-202510-dev-seq-B","30","OA","20","202510-dev-tif/lm/20C/B/30/OA/1121-OA-4.csv",2025-11-21,"8","6","4"
"30-20-202510-dev-seq-B","30","OA","20","202510-dev-tif/lm/20C/B/30/OA/1121-OA-4.csv",2025-11-21,"8","6","4"
"30-20-202510-dev-seq-B","30","OA","20","202510-dev-tif/lm/20C/B/30/OA/1122-OA-3.csv",2025-11-22,"8","6","4"
"30-20-202510-dev-seq-B","30","OA","20","202510-dev-tif/lm/20C/B/30/OA/1122-OA-3.csv",2025-11-22,"8","6","4"
"30-20-202510-dev-seq-B","30","OA","20","202510-dev-tif/lm/20C/B/30/OA/1122-OA-3.csv",2025-11-22,"8","6","4"
"30-20-202510-dev-seq-B","30","OA","20","202510-dev-tif/lm/20C/B/30/OA/1122-OA-3.csv",2025-11-22,"8","6","4"
"30-20-202510-dev-seq-B","30","OA","20","202510-dev-tif/lm/20C/B/30/OA/1124-OA-2.csv",2025-11-24,"8","6","4"
"30-20-202510-dev-seq-B","30","OA","20","202510-dev-tif/lm/20C/B/30/OA/1124-OA-2.csv",2025-11-24,"8","6","4"
"30-20-202510-dev-seq-B","30","OA","20","202510-dev-tif/lm/20C/B/30/OA/1124-OA-2.csv",2025-11-24,"8","6","4"
"30-20-202510-dev-seq-B","30","OA","20","202510-dev-tif/lm/20C/B/30/OA/1124-OA-2.csv",2025-11-24,"8","6","4"
"30-20-202510-dev-seq-B","30","PA","20","202510-dev-tif/lm/20C/B/30/PA/1102-PA.csv",2025-11-02,"6","3","2"
"30-20-202510-dev-seq-B","30","PA","20","202510-dev-tif/lm/20C/B/30/PA/1102-PA.csv",2025-11-02,"6","3","2"
"30-20-202510-dev-seq-B","30","PA","20","202510-dev-tif/lm/20C/B/30/PA/1102-PA.csv",2025-11-02,"6","3","2"
"30-20-202510-dev-seq-B","30","PA","20","202510-dev-tif/lm/20C/B/30/PA/1102-PA.csv",2025-11-02,"6","3","2"
"30-20-202510-dev-seq-B","30","PA","20","202510-dev-tif/lm/20C/B/30/PA/1102-PA.csv",2025-11-02,"6","3","2"
"30-20-202510-dev-seq-B","30","PA","20","202510-dev-tif/lm/20C/B/30/PA/1106-PA-3.csv",2025-11-06,"6","3","2"
"30-20-202510-dev-seq-B","30","PA","20","202510-dev-tif/lm/20C/B/30/PA/1106-PA-3.csv",2025-11-06,"6","3","2"
"30-20-202510-dev-seq-B","30","PA","20","202510-dev-tif/lm/20C/B/30/PA/1106-PA-3.csv",2025-11-06,"6","3","2"
"30-20-202510-dev-seq-B","30","PA","20","202510-dev-tif/lm/20C/B/30/PA/1106-PA-3.csv",2025-11-06,"6","3","2"
"30-20-202510-dev-seq-B","30","PA","20","202510-dev-tif/lm/20C/B/30/PA/1106-PA-3.csv",2025-11-06,"6","3","2"
"30-20-202510-dev-seq-B","30","PA","20","202510-dev-tif/lm/20C/B/30/PA/1108-PA.csv",2025-11-08,"6","4","3"
"30-20-202510-dev-seq-B","30","PA","20","202510-dev-tif/lm/20C/B/30/PA/1108-PA.csv",2025-11-08,"6","4","3"
"30-20-202510-dev-seq-B","30","PA","20","202510-dev-tif/lm/20C/B/30/PA/1108-PA.csv",2025-11-08,"6","4","3"
"30-20-202510-dev-seq-B","30","PA","20","202510-dev-tif/lm/20C/B/30/PA/1108-PA.csv",2025-11-08,"6","4","3"
"30-20-202510-dev-seq-B","30","PA","20","202510-dev-tif/lm/20C/B/30/PA/1108-PA.csv",2025-11-08,"6","4","3"
"30-20-202510-dev-seq-B","30","PA","20","202510-dev-tif/lm/20C/B/30/PA/1110-PA-3.csv",2025-11-10,"8","4","3"
"30-20-202510-dev-seq-B","30","PA","20","202510-dev-tif/lm/20C/B/30/PA/1110-PA-3.csv",2025-11-10,"8","4","3"
"30-20-202510-dev-seq-B","30","PA","20","202510-dev-tif/lm/20C/B/30/PA/1110-PA-3.csv",2025-11-10,"8","4","3"
"30-20-202510-dev-seq-B","30","PA","20","202510-dev-tif/lm/20C/B/30/PA/1110-PA-3.csv",2025-11-10,"8","4","3"
"30-20-202510-dev-seq-B","30","PA","20","202510-dev-tif/lm/20C/B/30/PA/1110-PA-3.csv",2025-11-10,"8","4","3"
"30-20-202510-dev-seq-B","30","PA","20","202510-dev-tif/lm/20C/B/30/PA/1112-PA-3.csv",2025-11-12,"8","4","3"
"30-20-202510-dev-seq-B","30","PA","20","202510-dev-tif/lm/20C/B/30/PA/1112-PA-3.csv",2025-11-12,"8","4","3"
"30-20-202510-dev-seq-B","30","PA","20","202510-dev-tif/lm/20C/B/30/PA/1112-PA-3.csv",2025-11-12,"8","4","3"
"30-20-202510-dev-seq-B","30","PA","20","202510-dev-tif/lm/20C/B/30/PA/1112-PA-3.csv",2025-11-12,"8","4","3"
"30-20-202510-dev-seq-B","30","PA","20","202510-dev-tif/lm/20C/B/30/PA/1112-PA-3.csv",2025-11-12,"8","4","3"
"30-20-202510-dev-seq-B","30","PA","20","202510-dev-tif/lm/20C/B/30/PA/1114-PA.csv",2025-11-14,NA,NA,NA
"30-20-202510-dev-seq-B","30","PA","20","202510-dev-tif/lm/20C/B/30/PA/1114-PA.csv",2025-11-14,NA,NA,NA
"30-20-202510-dev-seq-B","30","PA","20","202510-dev-tif/lm/20C/B/30/PA/1114-PA.csv",2025-11-14,NA,NA,NA
"30-20-202510-dev-seq-B","30","PA","20","202510-dev-tif/lm/20C/B/30/PA/1114-PA.csv",2025-11-14,NA,NA,NA
"30-20-202510-dev-seq-B","30","PA","20","202510-dev-tif/lm/20C/B/30/PA/1114-PA.csv",2025-11-14,NA,NA,NA
"30-20-202510-dev-seq-B","30","PA","20","202510-dev-tif/lm/20C/B/30/PA/1116-PA-3.csv",2025-11-16,"8","6","4"
"30-20-202510-dev-seq-B","30","PA","20","202510-dev-tif/lm/20C/B/30/PA/1116-PA-3.csv",2025-11-16,"8","6","4"
"30-20-202510-dev-seq-B","30","PA","20","202510-dev-tif/lm/20C/B/30/PA/1116-PA-3.csv",2025-11-16,"8","6","4"
"30-20-202510-dev-seq-B","30","PA","20","202510-dev-tif/lm/20C/B/30/PA/1116-PA-3.csv",2025-11-16,"8","6","4"
"30-20-202510-dev-seq-B","30","PA","20","202510-dev-tif/lm/20C/B/30/PA/1116-PA-3.csv",2025-11-16,"8","6","4"
"30-20-202510-dev-seq-B","30","PA","20","202510-dev-tif/lm/20C/B/30/PA/1118-PA.csv",2025-11-18,"8","6","4"
"30-20-202510-dev-seq-B","30","PA","20","202510-dev-tif/lm/20C/B/30/PA/1118-PA.csv",2025-11-18,"8","6","4"
"30-20-202510-dev-seq-B","30","PA","20","202510-dev-tif/lm/20C/B/30/PA/1118-PA.csv",2025-11-18,"8","6","4"
"30-20-202510-dev-seq-B","30","PA","20","202510-dev-tif/lm/20C/B/30/PA/1118-PA.csv",2025-11-18,"8","6","4"
"30-20-202510-dev-seq-B","30","PA","20","202510-dev-tif/lm/20C/B/30/PA/1118-PA.csv",2025-11-18,"8","6","4"
"30-20-202510-dev-seq-B","30","PA","20","202510-dev-tif/lm/20C/B/30/PA/1120-PA-3.csv",2025-11-20,"8","6","4"
"30-20-202510-dev-seq-B","30","PA","20","202510-dev-tif/lm/20C/B/30/PA/1120-PA-3.csv",2025-11-20,"8","6","4"
"30-20-202510-dev-seq-B","30","PA","20","202510-dev-tif/lm/20C/B/30/PA/1120-PA-3.csv",2025-11-20,"8","6","4"
"30-20-202510-dev-seq-B","30","PA","20","202510-dev-tif/lm/20C/B/30/PA/1120-PA-3.csv",2025-11-20,"8","6","4"
"30-20-202510-dev-seq-B","30","PA","20","202510-dev-tif/lm/20C/B/30/PA/1120-PA-3.csv",2025-11-20,"8","6","4"
"30-20-202510-dev-seq-B","30","PA","20","202510-dev-tif/lm/20C/B/30/PA/1121-PA-3.csv",2025-11-21,"8","6","4"
"30-20-202510-dev-seq-B","30","PA","20","202510-dev-tif/lm/20C/B/30/PA/1121-PA-3.csv",2025-11-21,"8","6","4"
"30-20-202510-dev-seq-B","30","PA","20","202510-dev-tif/lm/20C/B/30/PA/1121-PA-3.csv",2025-11-21,"8","6","4"
"30-20-202510-dev-seq-B","30","PA","20","202510-dev-tif/lm/20C/B/30/PA/1121-PA-3.csv",2025-11-21,"8","6","4"
"30-20-202510-dev-seq-B","30","PA","20","202510-dev-tif/lm/20C/B/30/PA/1121-PA-3.csv",2025-11-21,"8","6","4"
"30-20-202510-dev-seq-B","30","PA","20","202510-dev-tif/lm/20C/B/30/PA/1122-PA-3.csv",2025-11-22,"8","6","4"
"30-20-202510-dev-seq-B","30","PA","20","202510-dev-tif/lm/20C/B/30/PA/1122-PA-3.csv",2025-11-22,"8","6","4"
"30-20-202510-dev-seq-B","30","PA","20","202510-dev-tif/lm/20C/B/30/PA/1122-PA-3.csv",2025-11-22,"8","6","4"
"30-20-202510-dev-seq-B","30","PA","20","202510-dev-tif/lm/20C/B/30/PA/1122-PA-3.csv",2025-11-22,"8","6","4"
"30-20-202510-dev-seq-B","30","PA","20","202510-dev-tif/lm/20C/B/30/PA/1122-PA-3.csv",2025-11-22,"8","6","4"
"30-20-202510-dev-seq-B","30","PA","20","202510-dev-tif/lm/20C/B/30/PA/1124-PA-4.csv",2025-11-24,"8","6","4"
"30-20-202510-dev-seq-B","30","PA","20","202510-dev-tif/lm/20C/B/30/PA/1124-PA-4.csv",2025-11-24,"8","6","4"
"30-20-202510-dev-seq-B","30","PA","20","202510-dev-tif/lm/20C/B/30/PA/1124-PA-4.csv",2025-11-24,"8","6","4"
"30-20-202510-dev-seq-B","30","PA","20","202510-dev-tif/lm/20C/B/30/PA/1124-PA-4.csv",2025-11-24,"8","6","4"
"30-20-202510-dev-seq-B","30","PA","20","202510-dev-tif/lm/20C/B/30/PA/1124-PA-4.csv",2025-11-24,"8","6","4"
"30-20-202510-dev-seq-B","30","TA","20","202510-dev-tif/lm/20C/B/30/TA/1102-TA.csv",2025-11-02,"6","3","2"
"30-20-202510-dev-seq-B","30","TA","20","202510-dev-tif/lm/20C/B/30/TA/1102-TA.csv",2025-11-02,"6","3","2"
"30-20-202510-dev-seq-B","30","TA","20","202510-dev-tif/lm/20C/B/30/TA/1102-TA.csv",2025-11-02,"6","3","2"
"30-20-202510-dev-seq-B","30","TA","20","202510-dev-tif/lm/20C/B/30/TA/1102-TA.csv",2025-11-02,"6","3","2"
"30-20-202510-dev-seq-B","30","TA","20","202510-dev-tif/lm/20C/B/30/TA/1102-TA.csv",2025-11-02,"6","3","2"
"30-20-202510-dev-seq-B","30","TA","20","202510-dev-tif/lm/20C/B/30/TA/1102-TA.csv",2025-11-02,"6","3","2"
"30-20-202510-dev-seq-B","30","TA","20","202510-dev-tif/lm/20C/B/30/TA/1102-TA.csv",2025-11-02,"6","3","2"
"30-20-202510-dev-seq-B","30","TA","20","202510-dev-tif/lm/20C/B/30/TA/1102-TA.csv",2025-11-02,"6","3","2"
"30-20-202510-dev-seq-B","30","TA","20","202510-dev-tif/lm/20C/B/30/TA/1104-TA-2.csv",2025-11-04,NA,NA,NA
"30-20-202510-dev-seq-B","30","TA","20","202510-dev-tif/lm/20C/B/30/TA/1104-TA-2.csv",2025-11-04,NA,NA,NA
"30-20-202510-dev-seq-B","30","TA","20","202510-dev-tif/lm/20C/B/30/TA/1104-TA-2.csv",2025-11-04,NA,NA,NA
"30-20-202510-dev-seq-B","30","TA","20","202510-dev-tif/lm/20C/B/30/TA/1104-TA-2.csv",2025-11-04,NA,NA,NA
"30-20-202510-dev-seq-B","30","TA","20","202510-dev-tif/lm/20C/B/30/TA/1104-TA-2.csv",2025-11-04,NA,NA,NA
"30-20-202510-dev-seq-B","30","TA","20","202510-dev-tif/lm/20C/B/30/TA/1104-TA-2.csv",2025-11-04,NA,NA,NA
"30-20-202510-dev-seq-B","30","TA","20","202510-dev-tif/lm/20C/B/30/TA/1104-TA-2.csv",2025-11-04,NA,NA,NA
"30-20-202510-dev-seq-B","30","TA","20","202510-dev-tif/lm/20C/B/30/TA/1104-TA-2.csv",2025-11-04,NA,NA,NA
"30-20-202510-dev-seq-B","30","TA","20","202510-dev-tif/lm/20C/B/30/TA/1106-TA.csv",2025-11-06,"6","3","2"
"30-20-202510-dev-seq-B","30","TA","20","202510-dev-tif/lm/20C/B/30/TA/1106-TA.csv",2025-11-06,"6","3","2"
"30-20-202510-dev-seq-B","30","TA","20","202510-dev-tif/lm/20C/B/30/TA/1106-TA.csv",2025-11-06,"6","3","2"
"30-20-202510-dev-seq-B","30","TA","20","202510-dev-tif/lm/20C/B/30/TA/1106-TA.csv",2025-11-06,"6","3","2"
"30-20-202510-dev-seq-B","30","TA","20","202510-dev-tif/lm/20C/B/30/TA/1106-TA.csv",2025-11-06,"6","3","2"
"30-20-202510-dev-seq-B","30","TA","20","202510-dev-tif/lm/20C/B/30/TA/1106-TA.csv",2025-11-06,"6","3","2"
"30-20-202510-dev-seq-B","30","TA","20","202510-dev-tif/lm/20C/B/30/TA/1106-TA.csv",2025-11-06,"6","3","2"
"30-20-202510-dev-seq-B","30","TA","20","202510-dev-tif/lm/20C/B/30/TA/1106-TA.csv",2025-11-06,"6","3","2"
"30-20-202510-dev-seq-B","30","TA","20","202510-dev-tif/lm/20C/B/30/TA/1108-TA-4.csv",2025-11-08,"6","4","3"
"30-20-202510-dev-seq-B","30","TA","20","202510-dev-tif/lm/20C/B/30/TA/1108-TA-4.csv",2025-11-08,"6","4","3"
"30-20-202510-dev-seq-B","30","TA","20","202510-dev-tif/lm/20C/B/30/TA/1108-TA-4.csv",2025-11-08,"6","4","3"
"30-20-202510-dev-seq-B","30","TA","20","202510-dev-tif/lm/20C/B/30/TA/1108-TA-4.csv",2025-11-08,"6","4","3"
"30-20-202510-dev-seq-B","30","TA","20","202510-dev-tif/lm/20C/B/30/TA/1108-TA-4.csv",2025-11-08,"6","4","3"
"30-20-202510-dev-seq-B","30","TA","20","202510-dev-tif/lm/20C/B/30/TA/1108-TA-4.csv",2025-11-08,"6","4","3"
"30-20-202510-dev-seq-B","30","TA","20","202510-dev-tif/lm/20C/B/30/TA/1108-TA-4.csv",2025-11-08,"6","4","3"
"30-20-202510-dev-seq-B","30","TA","20","202510-dev-tif/lm/20C/B/30/TA/1108-TA-4.csv",2025-11-08,"6","4","3"
"30-20-202510-dev-seq-B","30","TA","20","202510-dev-tif/lm/20C/B/30/TA/1110-TA-2.csv",2025-11-10,"8","4","3"
"30-20-202510-dev-seq-B","30","TA","20","202510-dev-tif/lm/20C/B/30/TA/1110-TA-2.csv",2025-11-10,"8","4","3"
"30-20-202510-dev-seq-B","30","TA","20","202510-dev-tif/lm/20C/B/30/TA/1110-TA-2.csv",2025-11-10,"8","4","3"
"30-20-202510-dev-seq-B","30","TA","20","202510-dev-tif/lm/20C/B/30/TA/1110-TA-2.csv",2025-11-10,"8","4","3"
"30-20-202510-dev-seq-B","30","TA","20","202510-dev-tif/lm/20C/B/30/TA/1110-TA-2.csv",2025-11-10,"8","4","3"
"30-20-202510-dev-seq-B","30","TA","20","202510-dev-tif/lm/20C/B/30/TA/1110-TA-2.csv",2025-11-10,"8","4","3"
"30-20-202510-dev-seq-B","30","TA","20","202510-dev-tif/lm/20C/B/30/TA/1110-TA-2.csv",2025-11-10,"8","4","3"
"30-20-202510-dev-seq-B","30","TA","20","202510-dev-tif/lm/20C/B/30/TA/1110-TA-2.csv",2025-11-10,"8","4","3"
"30-20-202510-dev-seq-B","30","TA","20","202510-dev-tif/lm/20C/B/30/TA/1112-TA.csv",2025-11-12,"8","4","3"
"30-20-202510-dev-seq-B","30","TA","20","202510-dev-tif/lm/20C/B/30/TA/1112-TA.csv",2025-11-12,"8","4","3"
"30-20-202510-dev-seq-B","30","TA","20","202510-dev-tif/lm/20C/B/30/TA/1112-TA.csv",2025-11-12,"8","4","3"
"30-20-202510-dev-seq-B","30","TA","20","202510-dev-tif/lm/20C/B/30/TA/1112-TA.csv",2025-11-12,"8","4","3"
"30-20-202510-dev-seq-B","30","TA","20","202510-dev-tif/lm/20C/B/30/TA/1112-TA.csv",2025-11-12,"8","4","3"
"30-20-202510-dev-seq-B","30","TA","20","202510-dev-tif/lm/20C/B/30/TA/1112-TA.csv",2025-11-12,"8","4","3"
"30-20-202510-dev-seq-B","30","TA","20","202510-dev-tif/lm/20C/B/30/TA/1112-TA.csv",2025-11-12,"8","4","3"
"30-20-202510-dev-seq-B","30","TA","20","202510-dev-tif/lm/20C/B/30/TA/1112-TA.csv",2025-11-12,"8","4","3"
"30-20-202510-dev-seq-B","30","TA","20","202510-dev-tif/lm/20C/B/30/TA/1114-TA-3.csv",2025-11-14,NA,NA,NA
"30-20-202510-dev-seq-B","30","TA","20","202510-dev-tif/lm/20C/B/30/TA/1114-TA-3.csv",2025-11-14,NA,NA,NA
"30-20-202510-dev-seq-B","30","TA","20","202510-dev-tif/lm/20C/B/30/TA/1114-TA-3.csv",2025-11-14,NA,NA,NA
"30-20-202510-dev-seq-B","30","TA","20","202510-dev-tif/lm/20C/B/30/TA/1114-TA-3.csv",2025-11-14,NA,NA,NA
"30-20-202510-dev-seq-B","30","TA","20","202510-dev-tif/lm/20C/B/30/TA/1114-TA-3.csv",2025-11-14,NA,NA,NA
"30-20-202510-dev-seq-B","30","TA","20","202510-dev-tif/lm/20C/B/30/TA/1114-TA-3.csv",2025-11-14,NA,NA,NA
"30-20-202510-dev-seq-B","30","TA","20","202510-dev-tif/lm/20C/B/30/TA/1114-TA-3.csv",2025-11-14,NA,NA,NA
"30-20-202510-dev-seq-B","30","TA","20","202510-dev-tif/lm/20C/B/30/TA/1114-TA-3.csv",2025-11-14,NA,NA,NA
"30-20-202510-dev-seq-B","30","TA","20","202510-dev-tif/lm/20C/B/30/TA/1116-TA.csv",2025-11-16,"8","6","4"
"30-20-202510-dev-seq-B","30","TA","20","202510-dev-tif/lm/20C/B/30/TA/1116-TA.csv",2025-11-16,"8","6","4"
"30-20-202510-dev-seq-B","30","TA","20","202510-dev-tif/lm/20C/B/30/TA/1116-TA.csv",2025-11-16,"8","6","4"
"30-20-202510-dev-seq-B","30","TA","20","202510-dev-tif/lm/20C/B/30/TA/1116-TA.csv",2025-11-16,"8","6","4"
"30-20-202510-dev-seq-B","30","TA","20","202510-dev-tif/lm/20C/B/30/TA/1116-TA.csv",2025-11-16,"8","6","4"
"30-20-202510-dev-seq-B","30","TA","20","202510-dev-tif/lm/20C/B/30/TA/1116-TA.csv",2025-11-16,"8","6","4"
"30-20-202510-dev-seq-B","30","TA","20","202510-dev-tif/lm/20C/B/30/TA/1116-TA.csv",2025-11-16,"8","6","4"
"30-20-202510-dev-seq-B","30","TA","20","202510-dev-tif/lm/20C/B/30/TA/1116-TA.csv",2025-11-16,"8","6","4"
"30-20-202510-dev-seq-B","30","TA","20","202510-dev-tif/lm/20C/B/30/TA/1118-TA-4.csv",2025-11-18,"8","6","4"
"30-20-202510-dev-seq-B","30","TA","20","202510-dev-tif/lm/20C/B/30/TA/1118-TA-4.csv",2025-11-18,"8","6","4"
"30-20-202510-dev-seq-B","30","TA","20","202510-dev-tif/lm/20C/B/30/TA/1118-TA-4.csv",2025-11-18,"8","6","4"
"30-20-202510-dev-seq-B","30","TA","20","202510-dev-tif/lm/20C/B/30/TA/1118-TA-4.csv",2025-11-18,"8","6","4"
"30-20-202510-dev-seq-B","30","TA","20","202510-dev-tif/lm/20C/B/30/TA/1118-TA-4.csv",2025-11-18,"8","6","4"
"30-20-202510-dev-seq-B","30","TA","20","202510-dev-tif/lm/20C/B/30/TA/1118-TA-4.csv",2025-11-18,"8","6","4"
"30-20-202510-dev-seq-B","30","TA","20","202510-dev-tif/lm/20C/B/30/TA/1118-TA-4.csv",2025-11-18,"8","6","4"
"30-20-202510-dev-seq-B","30","TA","20","202510-dev-tif/lm/20C/B/30/TA/1118-TA-4.csv",2025-11-18,"8","6","4"
"30-20-202510-dev-seq-B","30","TA","20","202510-dev-tif/lm/20C/B/30/TA/1120-TA-3.csv",2025-11-20,"8","6","4"
"30-20-202510-dev-seq-B","30","TA","20","202510-dev-tif/lm/20C/B/30/TA/1120-TA-3.csv",2025-11-20,"8","6","4"
"30-20-202510-dev-seq-B","30","TA","20","202510-dev-tif/lm/20C/B/30/TA/1120-TA-3.csv",2025-11-20,"8","6","4"
"30-20-202510-dev-seq-B","30","TA","20","202510-dev-tif/lm/20C/B/30/TA/1120-TA-3.csv",2025-11-20,"8","6","4"
"30-20-202510-dev-seq-B","30","TA","20","202510-dev-tif/lm/20C/B/30/TA/1120-TA-3.csv",2025-11-20,"8","6","4"
"30-20-202510-dev-seq-B","30","TA","20","202510-dev-tif/lm/20C/B/30/TA/1120-TA-3.csv",2025-11-20,"8","6","4"
"30-20-202510-dev-seq-B","30","TA","20","202510-dev-tif/lm/20C/B/30/TA/1120-TA-3.csv",2025-11-20,"8","6","4"
"30-20-202510-dev-seq-B","30","TA","20","202510-dev-tif/lm/20C/B/30/TA/1120-TA-3.csv",2025-11-20,"8","6","4"
"30-20-202510-dev-seq-B","30","TA","20","202510-dev-tif/lm/20C/B/30/TA/1121-TA.csv",2025-11-21,"8","6","4"
"30-20-202510-dev-seq-B","30","TA","20","202510-dev-tif/lm/20C/B/30/TA/1121-TA.csv",2025-11-21,"8","6","4"
"30-20-202510-dev-seq-B","30","TA","20","202510-dev-tif/lm/20C/B/30/TA/1121-TA.csv",2025-11-21,"8","6","4"
"30-20-202510-dev-seq-B","30","TA","20","202510-dev-tif/lm/20C/B/30/TA/1121-TA.csv",2025-11-21,"8","6","4"
"30-20-202510-dev-seq-B","30","TA","20","202510-dev-tif/lm/20C/B/30/TA/1121-TA.csv",2025-11-21,"8","6","4"
"30-20-202510-dev-seq-B","30","TA","20","202510-dev-tif/lm/20C/B/30/TA/1121-TA.csv",2025-11-21,"8","6","4"
"30-20-202510-dev-seq-B","30","TA","20","202510-dev-tif/lm/20C/B/30/TA/1121-TA.csv",2025-11-21,"8","6","4"
"30-20-202510-dev-seq-B","30","TA","20","202510-dev-tif/lm/20C/B/30/TA/1121-TA.csv",2025-11-21,"8","6","4"
"30-20-202510-dev-seq-B","30","TA","20","202510-dev-tif/lm/20C/B/30/TA/1122-TA.csv",2025-11-22,"8","6","4"
"30-20-202510-dev-seq-B","30","TA","20","202510-dev-tif/lm/20C/B/30/TA/1122-TA.csv",2025-11-22,"8","6","4"
"30-20-202510-dev-seq-B","30","TA","20","202510-dev-tif/lm/20C/B/30/TA/1122-TA.csv",2025-11-22,"8","6","4"
"30-20-202510-dev-seq-B","30","TA","20","202510-dev-tif/lm/20C/B/30/TA/1122-TA.csv",2025-11-22,"8","6","4"
"30-20-202510-dev-seq-B","30","TA","20","202510-dev-tif/lm/20C/B/30/TA/1122-TA.csv",2025-11-22,"8","6","4"
"30-20-202510-dev-seq-B","30","TA","20","202510-dev-tif/lm/20C/B/30/TA/1122-TA.csv",2025-11-22,"8","6","4"
"30-20-202510-dev-seq-B","30","TA","20","202510-dev-tif/lm/20C/B/30/TA/1122-TA.csv",2025-11-22,"8","6","4"
"30-20-202510-dev-seq-B","30","TA","20","202510-dev-tif/lm/20C/B/30/TA/1122-TA.csv",2025-11-22,"8","6","4"
"30-20-202510-dev-seq-B","30","TA","20","202510-dev-tif/lm/20C/B/30/TA/1124-TA-3.csv",2025-11-24,"8","6","4"
"30-20-202510-dev-seq-B","30","TA","20","202510-dev-tif/lm/20C/B/30/TA/1124-TA-3.csv",2025-11-24,"8","6","4"
"30-20-202510-dev-seq-B","30","TA","20","202510-dev-tif/lm/20C/B/30/TA/1124-TA-3.csv",2025-11-24,"8","6","4"
"30-20-202510-dev-seq-B","30","TA","20","202510-dev-tif/lm/20C/B/30/TA/1124-TA-3.csv",2025-11-24,"8","6","4"
"30-20-202510-dev-seq-B","30","TA","20","202510-dev-tif/lm/20C/B/30/TA/1124-TA-3.csv",2025-11-24,"8","6","4"
"30-20-202510-dev-seq-B","30","TA","20","202510-dev-tif/lm/20C/B/30/TA/1124-TA-3.csv",2025-11-24,"8","6","4"
"30-20-202510-dev-seq-B","30","TA","20","202510-dev-tif/lm/20C/B/30/TA/1124-TA-3.csv",2025-11-24,"8","6","4"
"30-20-202510-dev-seq-B","30","TA","20","202510-dev-tif/lm/20C/B/30/TA/1124-TA-3.csv",2025-11-24,"8","6","4"
