"sample_id","ind","temp","biorep","date_obj","exp_day","TBL","PW","ATAC","AEAC","ALO","AW","WAE","ATCL","PABW","PL","BL","TCL","LTM","LL","TABW","AECL","TATB","centroid","shape_TBL","shape_PW","shape_ATAC","shape_AEAC","shape_ALO","shape_AW","shape_WAE","shape_ATCL","shape_PABW","shape_PL","shape_BL","shape_TCL","shape_LTM","shape_LL","shape_TABW","shape_AECL","shape_TATB","stage"
"1-18-202510-dev-seq-A","1","18","202510-dev-seq-A",2025-10-22,1,0.0614831572709144,0.140102260167351,0.0084960913954594,0.0100115024346999,NA,NA,0.00447780001786592,0.0643581596769205,0.297124545530994,0.305160656214477,0.377713876533878,0.105729694433494,NA,NA,0.389005859667949,0.124148730178766,0.080196012400867,0.00727622907976265,2.13415052733119,2.95775984128242,0.154993477451363,0.319121930981178,NA,NA,-0.485480886086538,2.17985098304997,3.70953865166458,3.73622563515483,3.94952422414932,2.6762730402162,NA,NA,3.97898166245906,2.83686753932109,2.39986104848922,"cydippid"
"1-18-202510-dev-seq-A","1","18","202510-dev-seq-A",2025-10-24,3,0.0818444729777154,0.152237522536331,0.0113272785787231,0.0102096569971768,NA,NA,0.0348320571456811,0.0874160569689574,0.354898298313756,0.313469857693687,0.367917259826853,0.102676729252543,NA,NA,0.395775636099546,0.0832037584307344,0.0958796993789613,0.00861294917013829,2.25155398704126,2.87217516118575,0.273947061874041,0.170067248559059,NA,NA,1.39727135683801,2.31741219570616,3.71856447654642,3.59443641948145,3.75459128720068,2.47831871344118,NA,NA,3.82758068692223,2.2680257319917,2.40982748591138,"cydippid"
"1-18-202510-dev-seq-A","1","18","202510-dev-seq-A",2025-10-26,5,0.118260260273686,0.229331592398431,0.0694164942935036,0.0768346189943051,NA,NA,0.00533973033026937,0.0945675135974294,0.358965332392977,0.374429803642819,0.455485917832813,0.105853036536511,NA,NA,0.477666328727491,0.0989092060427138,0.151114263522673,0.0130166983482732,2.20665476970926,2.86893593640965,1.67389148766809,1.77542228520234,NA,NA,-0.891057869793477,1.98308098747792,3.31699279513403,3.35917132364121,3.55513177883671,2.09581866279445,NA,NA,3.60267941013987,2.02796929711077,2.45180324118252,"cydippid"
"1-18-202510-dev-seq-A","1","18","202510-dev-seq-A",2025-10-27,6,0.113981668999888,0.202755122490161,0.052332081517937,0.0790658830343404,NA,NA,0.00596999999999996,0.0906575509265499,0.394115870154958,0.364095829605339,0.46975129189817,0.0934410428024004,NA,NA,0.48261762925115,0.0883703411784746,0.104175692212723,0.0148916848927968,2.03523464092711,2.61119596144129,1.25680660006333,1.66947847108219,NA,NA,-0.914056068886855,1.80628623503063,3.27584195645927,3.19661410484294,3.45140039218081,1.83652768285471,NA,NA,3.47842168596953,1.78073341002633,1.94527582570565,"cydippid"
"1-18-202510-dev-seq-A","1","18","202510-dev-seq-A",2025-10-28,7,0.11651139854967,0.193324787277783,0.0750037309472001,0.110081360820077,NA,NA,0.0559653668977519,0.146161402086871,0.394883798614225,0.407714456756809,0.527162399744614,0.105084059913957,NA,NA,0.519031066014357,0.116205095378817,0.139751850019955,0.0180076003871027,1.86719519734334,2.37357769765544,1.42674394575739,1.81042582370532,NA,NA,1.13393913865842,2.09391759234149,3.08779762839371,3.11977315599273,3.37671474747405,1.76396668797662,NA,NA,3.36116982631598,1.86456278102801,2.04907443751094,"cydippid"
"1-18-202510-dev-seq-A","1","18","202510-dev-seq-A",2025-10-30,9,0.167177211619886,0.246561926152437,0.094584471817524,0.154981016024544,NA,NA,0.0705581311047851,0.11723775416648,0.643268261832496,0.6235872339186,0.687030799960417,0.135759427694728,NA,NA,0.720820084359475,0.146623977848099,0.186110860123745,0.0530938184004512,1.14699389005517,1.53555267647849,0.577432809725217,1.07124212499019,NA,NA,0.284376417570469,0.792143452627907,2.49450133353735,2.46342815822038,2.56031861659821,0.938823898183747,NA,NA,2.60832906272257,1.01581082858428,1.2542820111661,"cydippid"
"1-18-202510-dev-seq-A","1","18","202510-dev-seq-A",2025-11-01,11,0.212483350361858,0.336668494427382,0.166298030670841,0.162157756188226,NA,NA,0.0703535928080435,0.157467936879226,0.746591205329932,0.743868602828483,0.827386934499814,0.216559897474117,NA,NA,0.85251987606155,0.16305699610259,0.222477677891513,0.0877697357926299,0.884146887681152,1.34438200376929,0.639064797725965,0.613852918648858,NA,NA,-0.221182893642232,0.584505115796032,2.14080104040798,2.13714766375898,2.24355571649487,0.903150425501091,NA,NA,2.2734797775387,0.619383062652342,0.930110026115025,"cydippid"
"1-18-202510-dev-seq-A","1","18","202510-dev-seq-A",2025-11-03,13,0.263027407229741,0.498461484365642,0.262044795676235,0.246542371062258,NA,NA,0.0309851939642145,0.307444196985404,1.1412681555971,1.01434860306233,1.18521874066963,0.222907640714714,NA,NA,1.27489730885785,0.368430308951367,0.284167509200119,0.287415485401999,-0.0886706164551421,0.550597470156623,-0.0924133881925538,-0.153394983772111,NA,NA,-2.22741937686881,0.0673647443576801,1.37896648709902,1.26107306186875,1.41675377461431,-0.254171334731833,NA,NA,1.48969205907413,0.248322719649531,-0.0113649677901646,"cydippid"
"1-18-202510-dev-seq-A","1","18","202510-dev-seq-A",2025-11-05,15,0.315369112767881,0.411659783199671,0.263257069895568,0.237724788274172,NA,NA,0.371422317279132,0.378866642976127,1.18245500871788,0.872227748225915,1.05848461462425,0.475011158122628,NA,NA,1.37392010867372,0.547267201579813,0.278229429133584,0.28660212396524,0.0956488131131582,0.362102313010564,-0.0849639194141963,-0.186981273479451,NA,NA,0.259244810446705,0.279089351393743,1.41725314577524,1.11295564269465,1.30649862912421,0.505243368272069,NA,NA,1.56732839975058,0.646842242401303,-0.0296488682874608,"cydippid"
"1-18-202510-dev-seq-A","1","18","202510-dev-seq-A",2025-11-07,17,0.204256096822102,0.494331620194379,0.21350798053937,0.269102508858613,NA,NA,0.244124373563968,0.530499291223843,0.99258077241754,0.747815966362212,0.913550459488281,0.274430140387312,NA,NA,1.29019070150928,0.66586018292131,0.277303311932981,0.194984933939632,0.0464522893659774,0.930284294178774,0.0907519178147312,0.322170087104639,NA,NA,0.224755529416484,1.00089632826922,1.62738609830755,1.34423461969711,1.54441631809674,0.341774437150423,NA,NA,1.88962302332634,1.22815741921639,0.352189602321109,"cydippid"
"1-18-202510-dev-seq-A","1","18","202510-dev-seq-A",2025-11-10,20,0.275488528300182,0.471794708245015,0.205015602474543,0.29848032468657,NA,NA,0.395644828976697,0.472561491882274,1.06581484632651,0.711520130491928,0.845886403609994,0.404669645834723,NA,NA,1.28947603229606,0.526279618827293,0.29246561008946,0.193756300526128,0.351944801612986,0.88994276426352,0.0564848993248726,0.432102830163133,NA,NA,0.713915725729381,0.891566693466642,1.70489371296542,1.30080252361192,1.47378388934863,0.736469858404763,NA,NA,1.89539005177975,0.999231479670717,0.411745900866751,"cydippid"
"1-18-202510-dev-seq-A","1","18","202510-dev-seq-A",2025-11-11,21,0.283200697783391,0.403948498113311,0.229780262366027,0.212211076923426,NA,NA,0.351830220475728,0.48829667833091,0.994003461626266,0.60051179505173,0.741240842723369,0.194544061664704,NA,NA,1.14275149375006,0.439938287477914,0.317020017115639,0.140329114658972,0.702165342991077,1.05729690716749,0.493132988488735,0.413590942460782,NA,NA,0.919158248296627,1.24693268577754,1.95775020642205,1.45379180062845,1.66433511365558,0.326668192774628,NA,NA,2.09720374161499,1.14264397859368,0.814974434609033,"cydippid"
"1-18-202510-dev-seq-A","1","18","202510-dev-seq-A",2025-11-13,23,0.30970892628079,0.683046667714586,0.315774807907471,0.38482330320551,NA,NA,0.303834580285062,0.700686047534129,1.35211156750358,1.1112434180183,1.32851771219807,0.702560895189165,NA,NA,1.83820259590422,0.793427139034833,0.370063024855227,0.550328496919937,-0.574882458150095,0.216047817722895,-0.55548604072169,-0.35773109083686,NA,NA,-0.594031957553532,0.241544555935666,0.898907406480528,0.702719496706773,0.881303730529128,0.244216713933742,NA,NA,1.20602815606137,0.365846346427549,-0.3968420384816,"cydippid"
"1-18-202510-dev-seq-A","1","18","202510-dev-seq-A",2025-11-15,25,0.359546206339324,0.80056101017474,0.472683141620262,0.53084372593542,NA,NA,0.688464552645959,0.971624203406338,2.40243101421581,1.5047862833587,1.77834323741299,0.714852121150242,NA,NA,2.38101219819072,1.15532223135929,0.439554147000117,1.69541836614288,-1.55084211468411,-0.750372068425169,-1.27725953989318,-1.16121713655483,NA,NA,-0.901220981098965,-0.556715705348774,0.348551613224318,-0.11927865035514,0.0477526313149186,-0.863609115304745,NA,NA,0.339596156569665,-0.38355024080593,-1.34992390213969,"cydippid"
"1-18-202510-dev-seq-A","1","18","202510-dev-seq-A",2025-11-17,27,0.443801600219062,0.899602006742983,0.366548216378145,0.353037298427518,NA,NA,0.427578314885122,0.975672555502101,2.139792,1.58888852445452,1.84083198589965,0.614953057217378,0.0797728658959304,0.421280747483196,2.16787741899237,1.43695546056411,0.541427540519505,1.42321064279875,-1.16529299818718,-0.458718163611837,-1.35654054271411,-1.39409690178107,NA,NA,-1.20253315008755,-0.377543580690561,0.407793292629992,0.110119395147103,0.257302300256128,-0.839124679234944,-2.88148719413346,-1.21737114433947,0.42083320550549,0.00961127646213588,-0.966461369434699,"early_transition"
"1-18-202510-dev-seq-A","1","18","202510-dev-seq-A",2025-11-19,29,0.452024907720803,0.856109841200301,0.301880620060315,0.524048393647952,NA,NA,0.34964820550519,1.05895562256876,2.20398880961882,1.72694477579626,1.93297791907331,0.646937891427764,0.0701039273364903,0.395187690521859,2.31706418041128,0.965529241330888,0.579133995397438,1.64521663181938,-1.2918900617136,-0.653228658535801,-1.69559570419401,-1.14404331125794,NA,NA,-1.54869982372816,-0.440588905915425,0.292396747349908,0.0484817550744107,0.16118971040003,-0.933377050413525,-3.15564852836174,-1.42626652768089,0.342428878233242,-0.532950957989664,-1.04409346924945,"early_transition"
"1-18-202510-dev-seq-A","1","18","202510-dev-seq-A",2025-11-23,33,0.482056021894759,1.07592886346635,0.709587469337643,0.766860201972954,NA,NA,0.982349015770872,1.67390943823285,3.49112218397695,2.7982194003716,3.05854601216477,0.775725437724586,0.442156982258564,0.741951533663757,2.99764792030885,2.24813619133406,0.501083770614256,5.33469309400002,-2.4039262998892,-1.60104700866716,-2.01730286311265,-1.93968211643507,NA,NA,-1.6920399767645,-1.15906948462185,-0.424008128983771,-0.645248069746952,-0.556291712584142,-1.92818799497342,-2.49032165268029,-1.9727027126617,-0.576403401606314,-0.864129842671138,-2.36521334126103,"early_transition"
"19-18-202510-dev-seq-A","19","18","202510-dev-seq-A",2025-10-23,2,0.0733274177985288,0.0869093513035279,0.00968589748035766,0.00770407976334615,NA,NA,0.00358199999999999,0.074229934258357,0.283282633495242,0.174064914651115,0.253429644083915,0.0674794886169123,NA,NA,0.331022368724532,0.0726379985682425,0.0865052793995834,0.00396080495355312,2.91848731233796,3.08841836070995,0.894223683904512,0.665302752231019,NA,NA,-0.100525972070373,2.93072021977228,4.26999782849055,3.78298102663888,4.158638970671,2.835376403649,NA,NA,4.42573867661299,2.9090409054546,3.08375816988767,"cydippid"
"19-18-202510-dev-seq-A","19","18","202510-dev-seq-A",2025-10-25,4,0.092392586380077,0.102668160127666,0.006269,0.00645754233435595,NA,NA,0.00445469471456815,0.0553259884412379,0.274544559547262,0.242917419215873,0.324969572182535,0.0836226319844096,NA,NA,0.357698168471688,0.0522229994159661,0.0602703951206561,0.00531888997516967,2.85478211114792,2.96023741059876,0.164352221992884,0.193984171510385,NA,NA,-0.177306098196018,2.34197812156511,3.94384894733909,3.82145691666556,4.11246692359405,2.75504957067119,NA,NA,4.2084248956613,2.28425836939159,2.42757639301749,"cydippid"
"19-18-202510-dev-seq-A","19","18","202510-dev-seq-A",2025-10-27,6,0.121183647560222,0.167228214652911,0.0316128270801584,0.0313410785391952,NA,NA,0.00636800000000005,0.137760903132928,0.461811732930206,0.418585513939505,0.538148985556974,0.156024122237557,NA,NA,0.509066738257372,0.0870701753759575,0.105276830651383,0.0210858425773414,1.74870529602845,2.07075758695457,0.404961111103896,0.396327803093431,NA,NA,-1.19731639884172,1.8769177491171,3.08655545616534,2.98827935605582,3.23953359926846,2.00140877763971,NA,NA,3.18397727699091,1.41811255964967,1.60799151574484,"cydippid"
"19-18-202510-dev-seq-A","19","18","202510-dev-seq-A",2025-10-29,8,0.152652624690832,0.299056685683501,0.0940095342079724,0.128045719686368,NA,NA,0.0307928000025981,0.203536419394663,0.55867720443562,0.523989489433949,0.654892934616988,0.144759344282157,NA,NA,0.651588274543058,0.184578188334917,0.165825379906093,0.0397331746691694,1.34597844047862,2.01844666691806,0.86120973214138,1.17020091246441,NA,NA,-0.254905576227014,1.63365848122508,2.64338538182139,2.57928515305815,2.80228529094485,1.29288619626628,NA,NA,2.79722640896695,1.53588668599261,1.42874883368557,"cydippid"
"19-18-202510-dev-seq-A","19","18","202510-dev-seq-A",2025-10-31,10,0.2153136012355,0.386634556205211,0.143744543287736,0.147877967831587,NA,NA,0.103282012141515,0.248738014151436,0.804796900845176,0.777652889849964,0.961535414235482,0.234511188185127,NA,NA,0.967554781296646,0.277221662072068,0.27490335988125,0.124788881663542,0.545472213054273,1.13085658495485,0.141414356487277,0.169764029231976,NA,NA,-0.189160133990933,0.689776827829756,1.86396658576735,1.82965690488334,2.04190803389653,0.630879934826777,NA,NA,2.04814868206403,0.798194047533431,0.789796254558734,"cydippid"
"19-18-202510-dev-seq-A","19","18","202510-dev-seq-A",2025-11-02,12,0.305416949020515,0.415023881356242,0.235562503206686,0.305368400567249,NA,NA,0.174083577126046,0.325638946756987,1.35020360311362,1.1790845112193,1.33965508589459,0.34911892557408,NA,NA,1.350250432221,0.546400840123805,0.270669976475042,0.407057100142716,-0.287275581773407,0.0193825932186573,-0.546977186152851,-0.287434552362341,NA,NA,-0.849417958588671,-0.22316422847104,1.19905720638882,1.06354010759885,1.19121399043304,-0.153540845679245,NA,NA,1.19909188878428,0.294399375024174,-0.408053191018222,"cydippid"
"19-18-202510-dev-seq-A","19","18","202510-dev-seq-A",2025-11-04,14,0.353959377659358,0.661073133070767,0.37471052185387,0.276876193220002,NA,NA,0.338946867839194,0.436044850725243,1.9136602942709,1.61500579867334,1.81253373239245,0.360866982215054,NA,NA,1.87597627987136,0.646978780370732,0.342244215276168,1.0844937067945,-1.11968637321204,-0.49500405360849,-1.0627147412396,-1.36529807699825,NA,NA,-1.16302516432764,-0.911123420692266,0.567904544167114,0.398225298773552,0.513612470144227,-1.10035910727396,NA,NA,0.548015958107859,-0.516555030377542,-1.15334396540272,"cydippid"
"19-18-202510-dev-seq-A","19","18","202510-dev-seq-A",2025-11-06,16,0.388998106961975,0.763052430368975,0.56099084340834,0.645378492350032,NA,NA,0.31797706064589,0.760446469269863,2.16184980927099,1.97339116928607,2.19334127338206,0.533418235393204,NA,NA,1.99464379595205,1.17180844507326,0.418382209872743,1.57632524189443,-1.39927714370158,-0.725524875882998,-1.0331470374073,-0.893014666351317,NA,NA,-1.60087237704198,-0.728945900527364,0.315867906477282,0.224657126653754,0.33032973484118,-1.08354582263411,NA,NA,0.235369144100811,-0.296548106878056,-1.3264562284644,"cydippid"
"19-18-202510-dev-seq-A","19","18","202510-dev-seq-A",2025-11-08,18,0.41088407432389,0.779643385855353,0.428835631501161,0.513757057582667,NA,NA,0.441104500419118,0.712444342551753,2.38235631628541,2.158214255215,2.43159137645272,0.541799817882952,NA,NA,2.35698004733557,1.32371737667411,0.398981391436994,2.2756316600059,-1.71170182849211,-1.07117632808091,-1.66893924344059,-1.48826244249323,NA,NA,-1.64073113581919,-1.16131115222173,0.0458323801533004,-0.052976520547827,0.0662882638219966,-1.43511635207892,NA,NA,0.0351234920240206,-0.541813693612249,-1.74109816779675,"cydippid"
"19-18-202510-dev-seq-A","19","18","202510-dev-seq-A",2025-11-10,20,0.413428514591096,0.934360502474287,0.559559403309425,0.678257107010313,NA,NA,0.672639884158678,1.1540471236973,2.74098273742977,2.61989142365791,2.88738401817012,0.689431400000029,0.279221864081683,0.598733506211236,2.77101488990099,1.59771083108928,0.359057074328023,3.65509322005281,-2.17939225600328,-1.36401453594895,-1.87672718241012,-1.68435044672454,NA,NA,-1.69266678063143,-1.15284659533376,-0.287805078287699,-0.332988722116566,-0.235770689505198,-1.66800967676313,-2.57187019909073,-1.80906027535295,-0.276907958336869,-0.827549723474634,-2.32039551939387,"early_transition"
"19-18-202510-dev-seq-A","19","18","202510-dev-seq-A",2025-11-12,22,0.427028539442038,1.07440629568148,0.548948566554281,0.741746496752764,NA,NA,0.777673779365745,1.42620009802412,3.16093168091134,2.71180399462447,2.94205264509632,1.0802272993051,0.354110860959178,0.596278006424856,2.89762342034468,1.69884434766226,0.350851788105747,4.49113636529853,-2.35301018865877,-1.4303375318444,-2.10185628532741,-1.80085350054366,NA,NA,-1.75355390723778,-1.14709212442951,-0.351238937897805,-0.504491663674804,-0.422998241431067,-1.42493427646097,-2.54025100609597,-2.01915402471208,-0.438214866988173,-0.972157533368895,-2.54949715857302,"early_transition"
"19-18-202510-dev-seq-A","19","18","202510-dev-seq-A",2025-11-14,24,0.328904765543159,1.23028209741506,0.391571512861955,0.861519379961937,NA,NA,0.882876558255457,1.62651983171064,3.78513886775954,3.05172665897312,3.31991596514675,1.03253842132291,0.334694233875114,0.679513876992222,3.24143976409064,2.27130045066543,0.299909383322697,6.78884062520454,-3.02726721615348,-1.70803668901892,-2.85286729607154,-2.06433790726328,NA,NA,-2.03985006587509,-1.42883751986745,-0.584197604410526,-0.799572631467797,-0.71534070869379,-1.88325992250333,-3.00981807825323,-2.30165780284058,-0.739262576865735,-1.09492762638644,-3.11955508514398,"early_transition"
"19-18-202510-dev-seq-A","19","18","202510-dev-seq-A",2025-11-16,26,0.249539359500661,1.21486401383035,0.368161620080095,0.915303178769745,NA,NA,0.89294266792947,1.62202940004335,4.06589024009958,3.40249221575248,3.70279313952606,1.83653181570481,0.537615528300895,0.985538016811123,4.02630798897514,2.93470032482858,0.266916888796869,10.1027787802434,-3.70094913548624,-2.11817836500824,-3.31204376499001,-2.40131043843436,NA,NA,-2.42604341457694,-1.82913243143723,-0.910177792486554,-1.08830234502505,-1.0037230753344,-1.70493160253867,-2.93342211846564,-2.32737808973144,-0.919960688478114,-1.2362051686731,-3.63362845971682,"early_transition"
"19-18-202510-dev-seq-A","19","18","202510-dev-seq-A",2025-11-18,28,0.194051632902174,1.20298277080597,0.494154096390994,0.84669565753463,0.38376515613849,1.2204223731684,1.03905041627151,1.62140612137552,3.90259747779412,3.18389171407674,3.5496465488094,1.88948892459575,0.510040739083164,0.904053831813681,3.62250451630429,2.46236522096236,0.244772378786905,8.36366358459788,-3.76352756527544,-1.93909244389262,-2.82880443334754,-2.2903105259668,-3.08162104496276,-1.9246995525813,-2.08558932414402,-1.64060280999701,-0.7622542075356,-0.96579230091976,-0.857048524110687,-1.48759017668825,-2.79716123482438,-2.22476293082199,-0.836730916976766,-1.22277419896345,-3.53132312538834,"late_transition"
"19-18-202510-dev-seq-A","19","18","202510-dev-seq-A",2025-11-20,30,0.231498098691977,1.31821300662071,0.440422693432116,1.11860902051253,0.428552346414064,1.14443784142696,0.663664209458367,1.7814412531661,4.49490977460705,3.4093241881627,3.80078896636491,1.94320183108935,0.631585474457931,1.68775193995593,3.7698166848896,2.53443670972033,0.334237125126757,10.734052552062,-3.83660478807661,-2.09714413305013,-3.19344151591719,-2.2613352021114,-3.22076355600574,-2.23850762133761,-2.7834001356599,-1.79599844012384,-0.870475574261259,-1.14690708322882,-1.03821250168408,-1.70908412858186,-2.83294316446686,-1.850023739221,-1.04639479401343,-1.44344976248004,-3.46932575202868,"late_transition"
"19-18-202510-dev-seq-A","19","18","202510-dev-seq-A",2025-11-21,31,0.311024893699846,1.25277362179286,0.60427313877749,1.17402413615096,0.648108769837286,0.713229374526877,0.732793240264264,1.91021470337368,4.57763057052936,3.47497702304062,3.90093257606194,1.87280473370424,0.541884886329421,1.12643239174528,3.70160833302201,3.2074465316351,0.373202860365513,11.0166207398408,-3.56728743472665,-2.17404511814022,-2.90313407551872,-2.23896782867476,-2.83310185080006,-2.73735731567088,-2.71029679896631,-1.75218946288706,-0.878223587192326,-1.15381724185109,-1.0381894621537,-1.77196794397199,-3.0121067957172,-2.28034964588704,-1.0906376989686,-1.23392996119684,-3.38503825437903,"late_transition"
"19-18-202510-dev-seq-A","19","18","202510-dev-seq-A",2025-11-22,32,0.283981468004516,1.31102987094116,0.605910607308537,1.223235306643,1.12701027301662,0.919611909910372,0.642189924013917,1.64113359970631,4.6590086155942,3.33531394955025,3.81167862898494,1.77461659148166,1.30016282733068,2.77044256121093,3.69229420217675,3.16118395170939,0.256621497628316,10.928356116765,-3.65020718630443,-2.12054790047503,-2.89238370633524,-2.18986165047098,-2.27179253946784,-2.47516442484045,-2.83423207709357,-1.895973667462,-0.852558207779432,-1.18679407711609,-1.05329121270423,-1.81777649505325,-2.1288713814322,-1.37235381302146,-1.08511288998662,-1.24041426415851,-3.75151394140486,"late_transition"
"19-18-202510-dev-seq-A","19","18","202510-dev-seq-A",2025-11-24,34,0.278952551049457,1.17930278994328,0.706579592346114,0.877913297706556,1.41497185252888,0.778627562811643,0.872579213977161,1.44439770501202,4.30267981068136,3.47592735903248,3.82487201143443,1.00901043480828,1.39094029434426,2.52303957789191,3.63463310872239,2.96657683202475,0.292234444672423,9.96931374628863,-3.57622532928504,-2.13458834186487,-2.64683117569233,-2.42971918972583,-1.95240211104638,-2.54973419369303,-2.43581358910604,-1.9318193282048,-0.840273709367928,-1.05365044041498,-0.957986744082216,-2.2905416666873,-1.96953176054733,-1.37404739336425,-1.00900357679778,-1.21210304346647,-3.529710655884,"late_transition"
"22-18-202510-dev-seq-A","22","18","202510-dev-seq-A",2025-10-25,4,0.0927468102739928,0.0968261284158364,0.00574003763053871,0.0101937737859931,NA,NA,0.0136949018251319,0.0598219288221301,0.324021868397798,0.290216274272309,0.358218379389584,0.100308634124885,NA,NA,0.377760500211443,0.0691192060139581,0.0752967195035747,0.00730781393390346,2.54092913273199,2.58397270192415,-0.241478411434324,0.332832943187053,NA,NA,0.628079456436987,2.10242811886149,3.79186683098228,3.68168224079525,3.892198621135,2.61930759667552,NA,NA,3.94531621990046,2.24688845977595,2.33249239057997,"cydippid"
"22-18-202510-dev-seq-A","22","18","202510-dev-seq-A",2025-10-27,6,0.106853920470893,0.136726758405222,0.0495825582236334,0.0401802634137707,NA,NA,0.0108267705249535,0.0661267148737937,0.317237708578284,0.299537540666441,0.363703873133763,0.0619270606439544,NA,NA,0.367367515701919,0.0801749061115758,0.0769208243975582,0.00706451304205052,2.71637858408217,2.96290038167916,1.94855503480966,1.73829182684703,NA,NA,0.426937731040172,2.23648873530013,3.80456727383663,3.74715566580154,3.94125591282923,2.17087316290711,NA,NA,3.95127866380399,2.42912648617365,2.38769254989887,"cydippid"
"22-18-202510-dev-seq-A","22","18","202510-dev-seq-A",2025-10-29,8,0.144272545499828,0.231722862583734,0.0793798355314498,0.115836462445984,NA,NA,0.00492201798046286,0.151124745558098,0.43422876155317,0.46179025044115,0.559650926871831,0.1875762111383,NA,NA,0.622425683698865,0.103127229464385,0.10159438162123,0.0252099548561316,1.74446523731619,2.21830314929919,1.14700542495308,1.52494043940856,NA,NA,-1.63352034544266,1.79086667479611,2.84633254509926,2.90787183413139,3.1000742940118,2.00694627174701,NA,NA,3.20638528711031,1.40872451298427,1.39374928412621,"cydippid"
"22-18-202510-dev-seq-A","22","18","202510-dev-seq-A",2025-10-31,10,0.190467725544251,0.356176347811025,0.14194792444062,0.180289868703152,NA,NA,0.0248259242325437,0.181129417964062,0.73491349076541,0.607007872292444,0.735530284840128,0.208233382779995,NA,NA,0.789386429599597,0.141948336608782,0.185269907499842,0.0711172876486156,0.98515230769414,1.61109551441773,0.691129808243965,0.930235484495954,NA,NA,-1.05244201365491,0.934881339335181,2.33542233984254,2.14421130735145,2.33626126224287,1.07432903048509,NA,NA,2.40692551949841,0.691132711897294,0.957483268485354,"cydippid"
"22-18-202510-dev-seq-A","22","18","202510-dev-seq-A",2025-11-02,12,0.221900378341273,0.493753284181483,0.256214752489001,0.282207577396497,NA,NA,0.093525399250685,0.361841809419531,1.10555363610636,1.15056283409816,1.25184818799246,0.304498489725319,NA,NA,1.18695394648192,0.281753901639356,0.167940939172079,0.273787805467324,-0.210124838814139,0.589682593940787,-0.0663374040300825,0.0302895164559748,NA,NA,-1.07412032461475,0.278853752004568,1.39574814287049,1.43565314882563,1.52002291495169,0.106312753527258,NA,NA,1.46679222185171,0.0286806269418209,-0.488741008712196,"cydippid"
"22-18-202510-dev-seq-A","22","18","202510-dev-seq-A",2025-11-04,14,0.399386243309656,0.677055611142837,0.319152821977184,0.280161728324909,NA,NA,0.309465680696584,0.492996073682134,1.33868401592049,1.74461801759153,1.90401886242994,0.498200026655961,0.0880701543089368,NA,1.67500387541641,0.911493984213829,0.311237967916834,0.711563872781594,-0.577536208508111,-0.0497117724768519,-0.801795131677016,-0.932098147923399,NA,NA,-0.832617985808593,-0.366963975628319,0.631977147213746,0.896825724074815,0.98425693653496,-0.356463529173076,-2.08933148057294,NA,0.856105572432237,0.247619808716127,-0.826907395769301,"cydippid"
"22-18-202510-dev-seq-A","22","18","202510-dev-seq-A",2025-11-06,16,0.518611808405863,0.958780922296642,0.654972697605786,0.665078936185022,NA,NA,0.624805929418887,1.05597138496931,2.77631727744255,2.88567723632014,3.09482571984615,0.682819628051948,0.315433739606673,0.643805694607464,2.87077146094861,1.24693542228016,0.539767641534763,4.11104909260292,-2.07027788597189,-1.45577092371052,-1.83683997687139,-1.82152779395173,NA,NA,-1.88399244000578,-1.35921716226116,-0.392552920470682,-0.353918633240678,-0.283946655287479,-1.79520279167148,-2.56748488576323,-1.85403656446253,-0.359097454236071,-1.19298937071759,-2.0302947750919,"early_transition"
"22-18-202510-dev-seq-A","22","18","202510-dev-seq-A",2025-11-08,18,0.49795953954714,1.02093237536871,0.634958637289863,0.947608726851436,0.140157710091168,1.60194972752986,1.09902334731752,1.3251892182647,3.16014976047228,3.35703286062149,3.54907332433249,0.695824871077486,0.539758942247833,0.797164237000131,3.08327869441038,1.76858123040193,0.598818565660752,5.76347174003323,-2.44877647692948,-1.73082372251622,-2.20573544611932,-1.80535362309668,-3.71652701552947,-1.28031855869582,-1.65711810643929,-1.46998477030224,-0.600920606751745,-0.540482519145333,-0.484853491769735,-2.11419729810705,-2.36817266811825,-1.97823457819437,-0.62554648381465,-1.18136236536582,-2.26433664792192,"late_transition"
"22-18-202510-dev-seq-A","22","18","202510-dev-seq-A",2025-11-10,20,0.522436263904029,1.38787712252778,0.939728918440312,0.814162033755566,0.70057730444684,1.34068042250941,1.53287769188869,2.02058518146501,4.33272469440513,4.13691431750481,4.44923685791892,0.830722324858313,1.25876378028693,2.94543996666882,4.16018536794853,3.13092813864148,0.656254603156428,13.3662029940179,-3.2419816418584,-2.26495402658836,-2.6548931862628,-2.79832523043727,-2.94857991951149,-2.29955209323661,-2.16558254311289,-1.88934219306137,-1.1265327525245,-1.17277918031415,-1.09999676744678,-2.77818904205993,-2.36259924372882,-1.51247115591599,-1.16716972343247,-1.45139986580274,-3.0139358070832,"late_transition"
"22-18-202510-dev-seq-A","22","18","202510-dev-seq-A",2025-11-12,22,0.231748194981104,1.17554140141979,0.295689608564453,0.938562925877642,2.10699446421342,0.696352557329978,0.443225034248969,2.09283691429624,5.381881041784,4.03750984372658,4.32128287239947,1.92605582383585,2.44860087847121,5.03748822143784,4.44387465053212,3.69047830794343,0.281042705767291,17.2249250242308,-4.30846132737385,-2.68462865551924,-4.06480245871962,-2.90976283994706,-2.10109495667302,-3.20825666317244,-3.66003512408604,-2.10783694332347,-1.16331951507595,-1.45072933754005,-1.3828051447852,-2.1908831668662,-1.95084067273824,-1.22944987506659,-1.35483079923189,-1.54060139175951,-4.11560610753685,"late_transition"
"22-18-202510-dev-seq-A","22","18","202510-dev-seq-A",2025-11-14,24,0.239442251211018,1.50725495358947,0.514940348407463,0.88440401969801,2.85373417770366,0.748224086188757,0.944161099415243,2.11840334622305,5.81117213691833,3.87758371167535,4.36484694017511,2.47084798522693,2.91626421363017,6.16860731878898,4.80049947362699,3.65572622033502,0.279718811260524,20.2940130510394,-4.43976893245313,-2.60003583406494,-3.67403013231715,-3.1331672038512,-1.96169754449629,-3.30037868436178,-3.06778439019163,-2.25966325259655,-1.25054362370264,-1.65511371403504,-1.53674279553032,-2.10576451337688,-1.94002250067257,-1.19085282470254,-1.44160594944919,-1.71403115319594,-4.28429634485848,"late_transition"
"22-18-202510-dev-seq-A","22","18","202510-dev-seq-A",2025-11-16,26,0.283610129736228,1.17496734592924,0.571955570184433,0.859651718221978,3.13781074047894,0.800869265593955,0.74827870679313,2.11120679512406,5.66892091978323,3.98557199237315,4.38485678152083,2.31486140462469,2.38613317420995,5.04143763925976,4.56499410739422,3.643239043452,0.247919,18.9123189104526,-4.199968270513,-2.77857314743242,-3.49850746906575,-3.09104145451616,-1.79628816360007,-3.16187106316855,-3.22979327168604,-2.1925537791346,-1.20481471828741,-1.55713266564742,-1.46165653965176,-2.1004636866105,-2.070139366985,-1.32212221665058,-1.42139628072049,-1.64694037087223,-4.33446670301385,"late_transition"
"22-18-202510-dev-seq-A","22","18","202510-dev-seq-A",2025-11-18,28,0.22341279858146,1.28323047576809,0.579297890064343,0.88651009465939,3.53619912285847,0.743164697805943,0.454681174567411,2.25734637584776,6.05842924436772,4.55601190058987,4.98324734908157,2.82950427270821,2.72952778267386,6.00392341971789,4.58526570593777,4.54786869108212,0.320720171646561,23.072026472103,-4.63735501247949,-2.88924020080375,-3.68455935157318,-3.25908367490919,-1.87556845225565,-3.43545850134291,-3.92677972935443,-2.32443095504344,-1.33717034258756,-1.62217325081982,-1.53253915181629,-2.09851938081414,-2.13449228761541,-1.34620774965835,-1.61577285331033,-1.62396220479336,-4.27580718392782,"late_transition"
"22-18-202510-dev-seq-A","22","18","202510-dev-seq-A",2025-11-20,30,0.157976704880814,1.5036570383249,0.748855934025365,1.06142889087541,3.64408155294307,0.79432829076774,0.874046263744087,2.45921842554459,6.06276887705626,4.59888224162299,4.99148807620466,2.87436570770561,2.76407436724218,6.33529800825344,4.80070986412322,4.1185833597645,0.410332653686007,24.213371193129,-5.03221270350493,-2.77900484272108,-3.47611366760748,-3.12728899858294,-1.89380065000809,-3.41716344796146,-3.32152698059847,-2.2870614229471,-1.38473840308182,-1.66109172620015,-1.57917093224516,-2.13107298271494,-2.17019919801386,-1.34076815499451,-1.61814121387814,-1.77139574970066,-4.07769210701355,"late_transition"
"22-18-202510-dev-seq-A","22","18","202510-dev-seq-A",2025-11-21,31,0.348170489532068,1.26728220988381,0.68031342230622,1.36078139344422,3.53032831997436,0.899855287443486,1.22828944209946,2.32320747285859,6.61906771912971,4.77900152054101,5.15480874142332,2.16314322666831,3.15349044530331,6.62737598693555,4.85856407640323,4.24786750378705,0.259061297209752,27.6290571667128,-4.37393102154467,-3.08199339961987,-3.7040696866621,-3.01080892605945,-2.05747713970605,-3.42438933513322,-3.11324551083058,-2.47591925255137,-1.42891348271185,-1.75463637705021,-1.67893799960368,-2.54730565336373,-2.1703580975711,-1.42765906770362,-1.73812507809153,-1.87245092162163,-4.66955859133827,"late_transition"
"22-18-202510-dev-seq-A","22","18","202510-dev-seq-A",2025-11-22,32,0.187931208118822,1.48447257559175,0.576447830535426,1.20738333310718,3.90760489596095,0.905778409882351,0.71816582890026,1.93278727251837,6.34298961221702,4.43168681090883,4.83714860601339,1.77319796687369,2.43334027362805,5.99628270944408,5.03193578768102,4.20662641703991,0.338889999999999,25.7316283516174,-4.91940020777818,-2.85266136918554,-3.79859134720303,-3.05926542706951,-1.88479628267259,-3.34668149395915,-3.57877568753128,-2.58875776666147,-1.40037070542768,-1.75894062886204,-1.67139549426773,-2.67493623309935,-2.35845599874337,-1.45658118159881,-1.63191615187944,-1.81105991005934,-4.3298006184352,"late_transition"
"22-18-202510-dev-seq-A","22","18","202510-dev-seq-A",2025-11-24,34,0.16456413253197,1.25040098623442,0.855986703280489,1.2599729180538,4.04673724120667,0.946455336463903,1.43172306405848,2.01266857656918,6.32062789239368,3.80503952457908,4.16379513271162,1.59028147034416,2.64368374651829,5.91064030196196,4.55296993113869,3.65081033437126,0.22987317311074,19.9706917464219,-4.79872070744528,-2.77080149724785,-3.14976622261968,-2.76317555898351,-1.59635484913025,-3.04929728365338,-2.63538712729243,-2.29480429455043,-1.15044723282165,-1.6579394073109,-1.56783883620241,-2.53035476016913,-2.02209248302799,-1.21751161843285,-1.47848603396351,-1.69931663373707,-4.46449332951302,"late_transition"
"25-18-202510-dev-seq-A","25","18","202510-dev-seq-A",2025-10-29,8,0.126097084490483,0.162103629286947,0.0487204673622904,0.0914103854165379,NA,NA,0.0121180137811441,0.103901053825262,0.389929117091812,0.399323335760008,0.483061184702828,0.0991677131580638,NA,NA,0.471788773275711,0.104561955241857,0.117017101933863,0.014810992440899,2.1416824845149,2.39286618010239,1.19072957860372,1.8199894604327,NA,NA,-0.200676549806053,1.94806940316758,3.27059533398437,3.29440181646051,3.4847736844592,1.90144285154235,NA,NA,3.46116173360083,1.95441013127888,2.06695045691684,"cydippid"
"25-18-202510-dev-seq-A","25","18","202510-dev-seq-A",2025-10-31,10,0.168130978600019,0.369566241585997,0.086343814798745,0.093855603839089,NA,NA,0.0268886451871417,0.159061060932586,0.589445290775997,0.648433890308411,0.759426277970745,0.213123453097026,NA,NA,0.735908616779285,0.138944154141151,0.155686519393941,0.0549037187030868,1.11916222800889,1.9067489157346,0.452756090436314,0.53617638968107,NA,NA,-0.713876996669884,1.06370707736059,2.37360082736192,2.46897897392917,2.62698216863378,1.35629050765451,NA,NA,2.59552486687431,0.928491001470141,1.04226341228783,"cydippid"
"25-18-202510-dev-seq-A","25","18","202510-dev-seq-A",2025-11-02,12,0.227455248627065,0.393359160244172,0.202918001236953,0.278689431276107,NA,NA,0.107071757293882,0.16456966442513,0.896613111147724,0.835196758738921,1.00641207481727,0.272869074352518,NA,NA,0.984820548918431,0.373248972269181,0.22137179108685,0.148110816282046,0.428992757462933,0.976762336027025,0.314841210398146,0.63213726001558,NA,NA,-0.324461513641063,0.105373220257432,1.80066370255281,1.72970658405392,1.91618613165741,0.611031346776173,NA,NA,1.89449868848877,0.924284930703819,0.401882848378486,"cydippid"
"25-18-202510-dev-seq-A","25","18","202510-dev-seq-A",2025-11-04,14,0.299215835164184,0.601879908038139,0.315383752252712,0.358483954900356,NA,NA,0.212560248216829,0.408295276921005,1.41321381089204,1.22728577207511,1.4399273460873,0.411993789623096,NA,NA,1.43041405875956,0.529755967158464,0.271851610114783,0.48513093866911,-0.483253661423864,0.215639105961953,-0.430628672670266,-0.302534928305027,NA,NA,-0.825193361937335,-0.172428200547436,1.06920285707908,0.92814148953221,1.08792910605346,-0.163410555632123,NA,NA,1.08130040178441,0.0879976300500895,-0.579162464757404,"cydippid"
"25-18-202510-dev-seq-A","25","18","202510-dev-seq-A",2025-11-06,16,0.364385201188248,0.627330195243302,0.373156874255319,0.427898002636143,NA,NA,0.202330693944344,0.830021672271875,2.02040086214221,1.5068768843746,1.80031261780628,0.573671454075414,NA,NA,1.97197827073551,0.875494711943482,0.377382727306113,1.19546356744161,-1.18807775857554,-0.644816282492606,-1.16429040605017,-1.02740445610512,NA,NA,-1.77638585413822,-0.364837500067711,0.524761905623986,0.231505187764447,0.409426293674875,-0.73423245890016,NA,NA,0.500503204516673,-0.311500200022443,-1.15302944740568,"cydippid"
"25-18-202510-dev-seq-A","25","18","202510-dev-seq-A",2025-11-08,18,0.402516605646277,0.709103988548929,0.428293299327692,0.476334956266072,NA,NA,0.475056925204759,0.728233196884075,1.97350375235645,1.96555503874224,2.30309478718289,0.750384896453813,0.294623985038557,0.311116337449514,2.14147809534863,1.06509277816771,0.416403618765495,1.62222897778951,-1.39382004247069,-0.827554209643615,-1.33174815505382,-1.22543509834977,NA,NA,-1.2281217553519,-0.800935072448655,0.196009401730162,0.191973552140264,0.350452662365508,-0.77097012457988,-1.70585647841838,-1.65138947711149,0.277695173612,-0.420739204742724,-1.35990136744011,"early_transition"
"25-18-202510-dev-seq-A","25","18","202510-dev-seq-A",2025-11-10,20,0.478819321717493,0.751181803136899,0.552498447252117,0.568351134994908,NA,NA,0.47888480920781,1.2805835687256,2.63745402456612,1.98562564131894,2.39904311302324,0.710893951363352,0.455874026861863,0.673765942719725,2.68805326677728,1.48084530248808,0.493154039906397,2.83471610233589,-1.77837374354408,-1.32804936700347,-1.6352464478934,-1.6069576477473,NA,NA,-1.77823698420829,-0.794625904794199,-0.0721277246896882,-0.35600774287333,-0.166871836952036,-1.38317380639994,-1.82748055641141,-1.43681428627092,-0.0531245529218541,-0.649328716834283,-1.74887549146771,"early_transition"
"25-18-202510-dev-seq-A","25","18","202510-dev-seq-A",2025-11-12,22,0.524370713325983,0.959556098787351,0.487716017145224,0.628981000000001,NA,NA,0.483539022951613,1.35225805893476,3.11791173383549,2.60004426842352,3.16548410875635,1.14794246710887,0.460918554463801,0.705049001270834,2.88175796396922,1.63907947545322,0.543500777066601,4.740347784906,-2.20166688197779,-1.59739500391367,-2.27413247995504,-2.0197647347736,NA,NA,-2.28273376339354,-1.25433467395821,-0.418947043707388,-0.600582034159175,-0.403804504505953,-1.41813932447569,-2.33064442839725,-1.90559847859496,-0.497709993275413,-1.06197571656292,-2.16583464803494,"early_transition"
"25-18-202510-dev-seq-A","25","18","202510-dev-seq-A",2025-11-14,24,0.592252,1.10491982926002,0.761458592666075,0.783936595564335,NA,NA,0.881921291951272,1.24049972801045,3.48162934336454,3.20540173672369,3.63754745956809,1.03107172793409,0.773908693789035,1.14674623335113,3.46189659936934,2.4942182113915,0.731507336795059,7.30725131402025,-2.51269024481223,-1.88909440618381,-2.26138666995397,-2.23229432072239,NA,NA,-2.11451965092338,-1.7733528809239,-0.74136679948537,-0.824029756426552,-0.697557506099151,-1.95826841197465,-2.24516856484745,-1.85193861595533,-0.747050596818602,-1.07489184784167,-2.30151521459282,"early_transition"
"25-18-202510-dev-seq-A","25","18","202510-dev-seq-A",2025-11-16,26,0.551318815145102,0.923854147038371,0.730276301036806,0.744457417230161,0.193977397085331,1.26188137737903,0.883115717655392,1.55936584191042,3.64586851393588,2.82551810627029,3.24061058439814,1.2960408299039,1.06149184436587,1.68944948908246,3.40086233701542,2.3429061512073,0.530754087506634,6.69677411648885,-2.49706796058157,-1.9808270046252,-2.21595825717936,-2.19672556026069,-3.54163957187566,-1.66902217133617,-2.02592497169182,-1.4573467082823,-0.608031322793859,-0.862934187067365,-0.725864171275494,-1.64231183331032,-1.84195061629009,-1.37722320553648,-0.677596907301839,-1.05023383154533,-2.53508241234956,"late_transition"
"25-18-202510-dev-seq-A","25","18","202510-dev-seq-A",2025-11-18,28,0.412567961054903,1.07179310079698,0.601350959372312,0.56327709947414,0.545165638070669,0.809824587086611,0.682021741657111,1.6862651766721,3.40579114341793,3.21795301102086,3.63080085516202,1.35702794331804,1.13391101099921,2.15951573261646,3.6462706072309,2.26584051283072,0.479440286260969,7.51481142651823,-2.90223026265046,-1.94754288891185,-2.52545248580759,-2.5908595180796,-2.6235415373738,-2.2278135438654,-2.39956967232927,-1.49435980119544,-0.791398669779139,-0.848130483401688,-0.727422684744868,-1.7115789573235,-1.89120320126441,-1.24699193124787,-0.723171036138121,-1.19893015250349,-2.75201185570387,"late_transition"
"25-18-202510-dev-seq-A","25","18","202510-dev-seq-A",2025-11-20,30,0.498748465229719,1.11291387092443,0.662910048854293,0.867197932899404,0.734757556821296,0.884322398423221,0.0290369821606857,1.57389719867754,3.80821110977215,3.0389365425071,3.5147357958858,1.35275084600121,1.48809287327438,2.82672381208794,3.45792867054441,2.43725110909894,0.389202501831631,7.71397949796546,-2.73868759002937,-1.93605251732803,-2.45415017293322,-2.18552223396173,-2.35124889086114,-2.16596778074713,-5.58221921652511,-1.5894793662996,-0.705874648129877,-0.931526569340341,-0.786069844330413,-1.7408940190788,-1.64553885271482,-1.00391582454103,-0.802364442337503,-1.15216339242416,-2.98668970256505,"late_transition"
"25-18-202510-dev-seq-A","25","18","202510-dev-seq-A",2025-11-21,31,0.36204999831653,1.29065713619846,0.59933241624077,0.65785029865236,0.960686291007632,0.742112064104876,0.0557130084091677,1.5632131617617,4.41076663066569,3.3852113975574,3.79685262401697,1.63052444659655,1.72062652927429,3.33117071535279,3.72422868114151,2.55412757120254,0.412164200000437,10.3949621060456,-3.35729423569841,-2.08616977932608,-2.85326015870894,-2.76009915908921,-2.38142863936486,-2.63957629332894,-5.22886289106714,-1.8945778538749,-0.857272762397577,-1.12190492021454,-1.00714880920079,-1.85241956645362,-1.79863279019694,-1.13799746752182,-1.02646151097613,-1.40361056996807,-3.22765474124095,"late_transition"
"25-18-202510-dev-seq-A","25","18","202510-dev-seq-A",2025-11-22,32,0.283232278296454,1.12658151219519,0.565798588355432,0.677881102713448,1.54835960315587,0.741894999999999,0.43983220451554,1.89813470854337,4.49197837031268,2.96454251002263,3.45424316247586,1.33599532940838,1.86741720760098,3.54984866481742,3.67425511011987,2.55474439755761,0.41222140100315,9.50185982953268,-3.51297549759746,-2.13229971389691,-2.82100466604657,-2.64027092212487,-1.81429150100557,-2.55003510623763,-3.0728495291528,-1.61061587936354,-0.749194329268363,-1.16476482721911,-1.01188417347542,-1.96181097181898,-1.62693124721268,-0.984582578025747,-0.950137129979172,-1.31353537241905,-3.13768224387001,"late_transition"
"25-18-202510-dev-seq-A","25","18","202510-dev-seq-A",2025-11-24,34,0.204241756957288,1.19260502886915,0.628674265422882,0.637420168656437,1.94292292411125,0.637586321266383,0.082940260247964,1.75792917517459,4.71307404025748,3.19396042620103,3.71597841004536,1.9115811765787,2.29853035837168,4.32124961530574,3.70668231887547,2.74754981529453,0.431851050361117,10.8196088507101,-3.96981102585424,-2.20522010775814,-2.84550213961449,-2.83168635761147,-1.7171666210716,-2.83142572739162,-4.87099480856647,-1.81722361089107,-0.831019764571714,-1.22009846251101,-1.06871811124741,-1.73342938145583,-1.54909017810075,-0.917815498953708,-1.07122289931995,-1.37065058391688,-3.22103466320636,"late_transition"
"3-18-202510-dev-seq-A","3","18","202510-dev-seq-A",2025-10-22,1,0.0860612306965221,0.0707186756663331,0.0278294225056863,0.0261864643661568,NA,NA,0.00200262253058339,0.0779912663828458,0.249118177229202,0.224409920397918,0.285590725943613,0.089662282109034,NA,NA,0.357385986322911,0.0558528069124552,0.084276603307205,0.00423775443122945,3.01102551408374,2.81467617804436,1.88206031086659,1.8212091363512,NA,NA,-0.749575926777979,2.91256333729776,4.07389387754837,3.96944086754616,4.21052624407988,3.05201667765382,NA,NA,4.4347828782199,2.57868626863672,2.99007077197434,"cydippid"
"3-18-202510-dev-seq-A","3","18","202510-dev-seq-A",2025-10-24,3,0.080196012400867,0.132453375253332,0.0200239887385106,0.0160191909908085,NA,NA,0.00312965461353165,0.0861287456427875,0.324876703284492,0.284359646128367,0.368649560798938,0.094180389986451,NA,NA,0.390311913701081,0.0609064619642284,0.102149822775177,0.00779099360007547,2.3315053930515,2.83326229872234,0.943962591832313,0.720819040518104,NA,NA,-0.912045748548528,2.40287481926328,3.73047733594236,3.59727139671369,3.85687809316073,2.49224358577215,NA,NA,3.91397779829442,2.05637087697641,2.57347218641784,"cydippid"
"3-18-202510-dev-seq-A","3","18","202510-dev-seq-A",2025-10-26,5,0.187575841941333,0.157100637910863,0.0901133877734046,0.0815074460402238,NA,NA,0.00955200000000002,0.124657259716392,0.509011036587617,0.483460189486684,0.577177690546421,0.109360232278466,NA,NA,0.565822477920416,0.0946353282447945,0.389333722788047,0.0277054801437129,1.91255302123115,1.73525637304459,1.17943850876739,1.07906414578133,NA,NA,-1.06487967609868,1.5039378163301,2.91083946644986,2.85933874056765,3.03651994223684,1.37301708364463,NA,NA,3.01665015300778,1.22840062227078,2.6428066422824,"cydippid"
"3-18-202510-dev-seq-A","3","18","202510-dev-seq-A",2025-10-27,6,0.21993733484336,0.286440418802934,0.141840670560316,0.157973077177727,NA,NA,0.0660494672877835,0.180678082613802,0.662077794844382,0.595657038054828,0.722028227672748,0.146752752049152,NA,NA,0.761891063187514,0.138649313856939,0.212895590677684,0.06070225547449,1.28736180904647,1.5515496971245,0.848723534227657,0.956443765788603,NA,NA,0.0844231105389381,1.09073604356482,2.38940220879363,2.28368420682145,2.47608337951851,0.882768356738846,NA,NA,2.52982272866075,0.82596696819795,1.25482100580814,"cydippid"
"3-18-202510-dev-seq-A","3","18","202510-dev-seq-A",2025-10-28,7,0.246429607849787,0.454316038765967,0.193561620516568,0.286021644303364,NA,NA,0.111013109144821,0.27612852196939,0.801377081192119,0.865043576812752,0.991227397801332,0.278613082553566,NA,NA,1.05208559809219,0.263835692924593,0.271205630983208,0.13928682553476,0.57054108605957,1.18225777638266,0.329060613947692,0.719532187229718,NA,NA,-0.226887005366159,0.684331116531899,1.74979629922157,1.82624458337218,1.96240867086645,0.693288718330793,NA,NA,2.02199445688634,0.638791233995802,0.666342018954122,"cydippid"
"3-18-202510-dev-seq-A","3","18","202510-dev-seq-A",2025-10-30,9,0.246648518375846,0.596494068144856,0.180617872343797,0.285151729729981,NA,NA,0.0219104732262907,0.339491,1.26801230762047,1.05478392030513,1.27154675197818,0.223430565930448,NA,NA,1.28237189430368,0.333469339262248,0.362302045936812,0.344602594124738,-0.334427531324249,0.548677445058415,-0.646008254979987,-0.189370428376166,NA,NA,-2.75542709997751,-0.0149444149212041,1.30281398927969,1.11869935806041,1.30559750134364,-0.43329115318689,NA,NA,1.31407483257766,-0.0328409271115205,0.0500863929686676,"cydippid"
"3-18-202510-dev-seq-A","3","18","202510-dev-seq-A",2025-11-01,11,0.330915827111669,0.437366939697092,0.487368519861511,0.420082421208029,NA,NA,0.0658189999999997,0.399885384491607,1.68290471067437,1.26277325074467,1.44716176559024,0.318780291437535,NA,NA,1.68680148921976,0.429069691040978,0.350619837547735,0.684682663226654,-0.727091421277761,-0.448182943855964,-0.33993491434576,-0.488504532562954,NA,NA,-2.34204691510982,-0.537777498282204,0.899321108296976,0.612110108404846,0.748404048597388,-0.764453341640845,NA,NA,0.901633939179715,-0.467336109845708,-0.66925291296208,"cydippid"
"3-18-202510-dev-seq-A","3","18","202510-dev-seq-A",2025-11-03,13,0.363888447259597,0.637538352251846,0.257400977280585,0.371976926580131,NA,NA,0.13952649056362,0.428303310680644,1.80523131675583,1.62977933925256,1.86674217651247,0.459602378692713,NA,NA,1.82097126440809,0.764573576088005,0.352770187697316,1.02274894688342,-1.03340197002322,-0.472634891499798,-1.37961423522418,-1.0114175000906,NA,NA,-1.9919948473711,-0.870417712709365,0.568194688765508,0.465950582827276,0.601700711822222,-0.799887605585048,NA,NA,0.576875972368863,-0.290931065584302,-1.06443250854746,"cydippid"
"3-18-202510-dev-seq-A","3","18","202510-dev-seq-A",2025-11-05,15,0.418518292222693,0.996612156221265,0.392719668421382,0.439407906886073,NA,NA,0.446498862069098,0.633857835295108,2.15270419349733,2.14459804959164,2.35930982282367,0.34676073732186,NA,NA,2.14244602129645,0.752719341040869,0.491001129425381,1.81354347462616,-1.46631733322078,-0.598676247743562,-1.5299418857735,-1.4176097766874,NA,NA,-1.40160107945404,-1.0512132364673,0.171442164006134,0.167669493124851,0.263086476082442,-1.65440290689421,NA,NA,0.166665524683958,-0.879345493949027,-1.30659150316266,"cydippid"
"3-18-202510-dev-seq-A","3","18","202510-dev-seq-A",2025-11-07,17,0.523662269911629,1.13565327450415,0.636371925340048,0.70375437040206,NA,NA,0.584613445551845,1.090303283628,2.41714700582526,2.46977983890473,2.68795459419542,0.470404932896117,NA,NA,2.60044912963607,1.39814147331663,0.476278508300553,2.81593161908615,-1.68220148053077,-0.908085097400441,-1.48726525329951,-1.38661904439072,NA,NA,-1.57209758199995,-0.948837255606467,-0.152705233526726,-0.131164142385443,-0.0465126245281478,-1.7894545508598,NA,NA,-0.0796089827290374,-0.700149319378355,-1.77704564939008,"cydippid"
"3-18-202510-dev-seq-A","3","18","202510-dev-seq-A",2025-11-10,20,0.487786876245149,1.35451116217328,0.950906543330101,1.18005070000403,NA,NA,0.376917675527428,1.46430130552014,3.31813054344235,2.97378439646186,3.21012248506658,0.70257401336087,0.564145989391044,0.742769287702446,3.27848637616889,1.92733950567538,0.501213540220134,5.82019056737465,-2.47920970227117,-1.45789238142625,-1.811672498006,-1.59577560108279,NA,NA,-2.73706148742344,-1.37995480059774,-0.56193146973298,-0.671497655478441,-0.595023910986888,-2.11433753096903,-2.33377521928347,-2.05870280175882,-0.57395115953698,-1.10519244729194,-2.45205604546477,"early_transition"
"3-18-202510-dev-seq-A","3","18","202510-dev-seq-A",2025-11-11,21,0.553422746580767,1.71561124848259,0.712660241148613,1.0250018611227,NA,1.77253446970856,0.807619318301018,1.31623269907908,3.58328206089808,3.05700371562683,3.27269967709921,0.80444215703368,0.611124243960466,1.08462006414044,3.18269073487592,2.10460415953903,0.437505866486382,6.22057224716325,-2.41949501281863,-1.28809247344367,-2.1666123959387,-1.8031674753527,NA,-1.25545147749165,-2.04152637587015,-1.55308826339069,-0.551582746454279,-0.710426645314181,-0.642246670046165,-2.04546811807995,-2.32031689888247,-1.74663214930189,-0.670134921613282,-1.08373450194466,-2.65452706783353,"early_transition"
"3-18-202510-dev-seq-A","3","18","202510-dev-seq-A",2025-11-13,23,0.351151588109751,1.43313347270239,0.984815081347762,1.14031805147599,0.378330658815804,0.961868623450209,0.529726850414438,1.73019739997551,3.93305522788099,3.15564959716696,3.41697841623444,0.76791559613085,0.424671374578039,1.47079521281006,3.15589700321747,2.46207125298294,0.478114292854752,7.06876999871927,-3.00222376384253,-1.59582320339209,-1.97098788015839,-1.82437927403364,-2.92767319702072,-1.99456389375416,-2.59108027191632,-1.40745098401926,-0.586269954523873,-0.806492120745683,-0.726929833521883,-2.21976194279696,-2.81212613549772,-1.56988327443244,-0.806413722829515,-1.05468352161032,-2.69359195873303,"late_transition"
"3-18-202510-dev-seq-A","3","18","202510-dev-seq-A",2025-11-15,25,0.385898469710622,1.775850475798,1.01422986705874,0.901732256148132,0.784857902635885,0.8095858633184,1.03840071757728,1.83403476004927,5.09393362617221,3.62941839116545,3.85751099305303,0.910314800583842,0.821115689798338,1.94575636019775,4.0043249151249,3.38311146554825,0.585528009137906,13.1141006690892,-3.52586901422543,-1.99940858880092,-2.55955846544166,-2.67712567479338,-2.81594063160693,-2.784920480189,-2.53600628026267,-1.96716971148192,-0.945637691604254,-1.28461562565113,-1.22366588323338,-2.66765284285675,-2.770779304454,-1.90803726265529,-1.18631303247714,-1.35489220028722,-3.10892929737892,"late_transition"
"3-18-202510-dev-seq-A","3","18","202510-dev-seq-A",2025-11-17,27,0.279652168938487,1.49993579877673,0.867872328263208,1.17497071915176,1.14640307620182,0.906270009779646,1.22837504770693,2.35528463506155,5.85895227328982,4.00620302563418,4.30321954589334,1.1270096071587,0.984737970214666,2.85476218369412,4.16174238873251,3.71659588827088,0.52650541784297,17.4878897937408,-4.1357173314334,-2.45608632321588,-3.0032192919871,-2.70026540217778,-2.72487934870614,-2.9599266228927,-2.65581643305467,-2.00484704528262,-1.09353783494295,-1.47366471324517,-1.4021451554496,-2.74194087002937,-2.87688832287885,-1.81252008813476,-1.43557479956449,-1.54870046405042,-3.50300228675356,"late_transition"
"3-18-202510-dev-seq-A","3","18","202510-dev-seq-A",2025-11-19,29,0.239442251211018,1.92002692806325,1.00317381579116,1.13105130095544,1.57510265788234,0.916004108534999,0.884740018361326,2.16250633240275,5.430074846207,4.07596920406316,4.30125788387063,2.1109367153264,1.08920204694825,2.96086145894755,4.08372028432176,4.3307810207989,0.365215343952031,15.896665445901,-4.19555238034623,-2.11377015587392,-2.76294057697895,-2.64296181180794,-2.31178891708687,-2.85384379586605,-2.88857080854315,-1.99484147874987,-1.0741564491655,-1.36100080694729,-1.30720185579487,-2.01897757695986,-2.68066400571902,-1.68062910742602,-1.35910095950799,-1.30036146678084,-3.77337748278943,"late_transition"
"3-18-202510-dev-seq-A","3","18","202510-dev-seq-A",2025-11-23,33,0.32101845072363,1.66095254935835,1.06426810574216,1.56497543651777,2.71623029194157,0.990363371675266,1.24823931620703,2.53574815763277,6.58545245848613,5.00631768813651,5.39442852256682,3.17545370251071,2.15116558007525,5.30583346263073,4.75128533555721,4.46355098869611,0.596287908602883,28.1313726606596,-4.4731420969627,-2.82949415563998,-3.27459808008951,-2.8890152899954,-2.33764042139922,-3.34656877944929,-3.11515140700359,-2.40639669363196,-1.4520223750375,-1.72618476587902,-1.6515187524842,-2.18143489778432,-2.57087559284094,-1.6680785497387,-1.77847023994733,-1.84094078329805,-3.85391707877953,"late_transition"
"5-18-202510-dev-seq-A","5","18","202510-dev-seq-A",2025-10-26,5,0.180542907653555,0.256773831602833,0.0682984699096546,0.0942277082815877,NA,NA,0.0272281785105062,0.108199455825804,0.510568266229894,0.560825924802206,0.661228651012832,0.194148866617861,NA,NA,0.62983924406153,0.134068708832449,0.128730698996005,0.035439203158367,1.62814982381585,1.98037702352595,0.656068722592346,0.977895640207971,NA,NA,-0.263566229537875,1.11615769582397,2.66770571167557,2.7615919216618,2.92628105560903,1.70080657725894,NA,NA,2.87764597742896,1.33053377977986,1.28990397635609,"cydippid"
"5-18-202510-dev-seq-A","5","18","202510-dev-seq-A",2025-10-28,7,0.205590019524295,0.348680245089968,0.151971247994481,0.145433302740466,NA,NA,0.0439028458303103,0.204324067657239,0.654590831099856,0.858459333383358,0.954702107738849,0.127997691041675,NA,NA,0.792084876740492,0.167177756202792,0.279222236566145,0.0825008209605008,0.913075744905484,1.44134705472365,0.610883100695115,0.566909336777293,NA,NA,-0.630829101055633,0.90689905602618,2.07120211076684,2.34233106550351,2.44859111842397,0.439203980692503,NA,NA,2.26186030934652,0.706249410408245,1.21919976725087,"cydippid"
"5-18-202510-dev-seq-A","5","18","202510-dev-seq-A",2025-11-01,11,0.218021027107479,0.409971467890145,0.179365909472787,0.229474750778816,NA,NA,0.0910995510691463,0.233563937507484,0.996671088142924,1.17789179662183,1.40422500106215,0.296511713355476,NA,NA,1.11721538345746,0.283603023150318,0.244060626410734,0.260599883936725,-0.178394706562109,0.453101347443768,-0.373558312988899,-0.127193214266035,NA,NA,-1.05103334295826,-0.109530357392882,1.34143459464937,1.50849528720959,1.68425460959151,0.129100503751011,NA,NA,1.45560838430902,0.0845892351893892,-0.0655695559948427,"cydippid"
"5-18-202510-dev-seq-A","5","18","202510-dev-seq-A",2025-11-03,13,0.315508907085046,0.621412756203154,0.30150532799604,0.263279,NA,NA,0.176851203925786,0.439987002830766,1.62481666858295,1.46555945181772,1.69763426523037,0.331147800974127,NA,NA,1.4273288000093,0.493208906359161,0.329371786945998,0.656177412615313,-0.732244285208988,-0.0544356735245375,-0.777643510800317,-0.91321689204982,NA,NA,-1.311122475202,-0.39968601098504,0.906719070625616,0.803561128487975,0.950559753729587,-0.683866394104509,NA,NA,0.777128805956978,-0.285498369001577,-0.689244034194689,"cydippid"
"5-18-202510-dev-seq-A","5","18","202510-dev-seq-A",2025-11-05,15,0.413361124621076,0.621900669885473,0.370387470691167,0.407771961685695,NA,NA,0.706207058871547,0.534738127117377,1.86472691783542,1.45300918396771,1.71552284690776,0.310163890730368,NA,NA,1.7980639546807,0.743602754123463,0.329973575439004,0.958662260335031,-0.841217229192569,-0.432758448580978,-0.950989158077547,-0.854830733135144,NA,NA,-0.305630354835361,-0.58376168881273,0.665331062753932,0.415853150394133,0.581934346289438,-1.12843799629705,NA,NA,0.62892695044954,-0.254031874239157,-1.06652625702257,"cydippid"
"5-18-202510-dev-seq-A","5","18","202510-dev-seq-A",2025-11-07,17,0.461699852961857,0.749195784379491,0.434609036437348,0.461169961525032,NA,NA,0.36172,0.779176900702915,2.10347627312171,1.7540021707937,2.11744217984459,0.4624213501613,0.109885969700413,0.255517028011833,2.23607646241581,0.962853550050577,0.477497418818155,1.6599101379452,-1.27960373507564,-0.795518402392544,-1.34007188597242,-1.28075209096883,NA,NA,-1.52364831424507,-0.7562806391169,0.236827877135661,0.0551366644386968,0.243445374177529,-1.27804225733094,-2.71507555709401,-1.87122969285545,0.297959283644438,-0.54461742267475,-1.24595999182761,"early_transition"
"5-18-202510-dev-seq-A","5","18","202510-dev-seq-A",2025-11-10,20,0.521307574228496,0.903273293523062,0.487629567473096,0.497070582018289,NA,NA,0.585405512439027,1.45227682580044,2.83517626492322,2.03865633033341,2.52424234510249,0.643606359127223,0.439759345245215,0.559737602904253,2.64945887284064,1.50599321287747,0.489765286194316,3.16021801455884,-1.80205607498133,-1.25237113788798,-1.86884026159333,-1.84966426400345,NA,NA,-1.68609150540263,-0.777508467559333,-0.108536907344936,-0.438350087925979,-0.224700060813626,-1.59130900052256,-1.97216866149001,-1.7309281884748,-0.176285596949355,-0.741188394521908,-1.86447002757302,"early_transition"
"5-18-202510-dev-seq-A","5","18","202510-dev-seq-A",2025-11-11,21,0.607310941390816,1.08317361165974,0.539879286067728,0.59990759599125,NA,NA,0.589397072938947,1.41885079931789,3.32099370409822,2.20055911349923,2.58762910013945,0.679730327887465,0.322457730709778,0.596719978475667,2.90484462043187,1.39392976742912,0.609117031293659,4.16046368345708,-1.92434089022089,-1.34573126901834,-2.04203623916379,-1.93660617273868,NA,NA,-1.95428170529284,-1.07577928273004,-0.225362483823321,-0.63691505985601,-0.47488447931066,-1.81168566653657,-2.55740974933419,-1.9419338538375,-0.359246628500354,-1.09349960140719,-1.92137139055373,"early_transition"
"5-18-202510-dev-seq-A","5","18","202510-dev-seq-A",2025-11-13,23,0.683256855357485,1.23303569139908,0.639517754870027,0.632921348557623,NA,NA,0.976691101319654,1.44291874956319,3.26843951583627,2.84255261434199,3.2649232150396,0.735779787396338,0.793816151476209,0.914263461793153,3.24178517689529,2.77799469477769,0.590880671138429,5.76562518601138,-2.13279801371323,-1.54243442238405,-2.19895448761685,-2.20932270938455,NA,NA,-1.77549844047905,-1.38524562134555,-0.567600934218336,-0.707211136588896,-0.568677348090038,-2.05873799987322,-1.98281698474838,-1.84155009059261,-0.575789434349553,-0.730184258339916,-2.27805478499288,"early_transition"
"5-18-202510-dev-seq-A","5","18","202510-dev-seq-A",2025-11-15,25,0.611633472715483,1.52016610293086,0.823888616261325,0.607136986244455,0.337125417760216,1.21378833733481,0.708638121765968,2.10430707685,4.37442994753876,3.23825526860661,3.58129072614197,0.921792245770162,0.980229912517722,1.44669187081044,3.55083388020518,3.33854237787346,0.586305007466251,9.27128963947101,-2.71854456625978,-1.80810288245381,-2.42064242223525,-2.72592332546631,-3.31422274792365,-2.03317616360326,-2.57133277887333,-1.48293625628643,-0.751146275970884,-1.05188780216672,-0.951199216122678,-2.30835790036899,-2.24689061980851,-1.85764300807392,-0.95974001784949,-1.02138819166351,-2.76083762384216,"late_transition"
"5-18-202510-dev-seq-A","5","18","202510-dev-seq-A",2025-11-17,27,0.46838200903536,1.12252634810591,0.813083931476327,0.822705206088426,0.920982911998371,0.783951592409251,0.805210983666393,2.31867900283976,4.83605646101542,3.94937612925447,4.33283232618492,1.1430643156332,0.821591804820983,2.45661134207632,3.92860845356737,3.29732481424867,0.63303848278363,13.7198935537761,-3.37731792119633,-2.50326505073757,-2.82576780181113,-2.81400420057173,-2.70116066044316,-2.86225486871046,-2.83549780818902,-1.77784923561306,-1.04274725596418,-1.24528923931852,-1.1526254187215,-2.48513421142148,-2.81535845887205,-1.72006396670299,-1.25056158367929,-1.42573538643738,-3.07607092819543,"late_transition"
"5-18-202510-dev-seq-A","5","18","202510-dev-seq-A",2025-11-19,29,0.382786839285259,1.21542775002877,0.679158392078019,0.834997500610032,1.83856287939249,0.757972102880442,0.982162032462058,2.19398025922204,4.98989908952526,3.63908030400639,4.18127757220772,1.50772702313516,1.77722436777866,4.02382583337363,4.10017880351638,3.22327998475621,0.672561275461203,14.2577930835762,-3.6175806404135,-2.46220756781499,-3.04420454633946,-2.83763018770376,-2.04831941764776,-2.93441233789144,-2.6753026220185,-1.8715862760939,-1.04988795326768,-1.36557265429732,-1.22668680116396,-2.24670040622792,-2.0822508369693,-1.26507049039066,-1.2462730569135,-1.48690417037429,-3.05396569601611,"late_transition"
"5-18-202510-dev-seq-A","5","18","202510-dev-seq-A",2025-11-23,33,0.357496294225548,1.46558871410092,0.528414462074043,0.715613841082605,2.79543285316478,0.75455295655441,0.274928604290277,2.22168650681999,5.43624557506162,3.58114164141109,4.14338170013631,2.25057427442731,2.26410187060797,4.84834128444461,4.246432181194,3.31124118087221,0.412164200000437,15.9414181197911,-3.79755091821914,-2.38666362113817,-3.40679497266595,-3.1035352211228,-1.74093367393412,-3.05055045113841,-4.06016447130017,-1.97065404029042,-1.07583196455418,-1.49323899168912,-1.34740834532452,-1.95773521878596,-1.95174248033444,-1.19028399226901,-1.32284149192259,-1.57159753729733,-3.65525410085435,"late_transition"
"5-18-202510-dev-seq-A","5","18","202510-dev-seq-A",2025-10-30,9,NA,NA,NA,NA,NA,NA,0.0433254175398231,0.218196437629032,0.743024274242773,1.10766081714451,1.24443331028475,0.266478682708392,NA,NA,1.06017527608316,0.263904956423709,0.228885218939537,0.163380812442853,NA,NA,NA,NA,NA,NA,-1.32734427567755,0.289311998472107,1.51464496614606,1.91392195011119,2.03035178419383,0.489210501948866,NA,NA,1.87010577961145,0.479505276158826,0.337136901939063,"cydippid"
"1-18-202510-dev-seq-B","1","18","202510-dev-seq-B",2025-10-22,1,0.0735352796146176,0.162787222717264,0.0202628519216817,0.0237902814611344,NA,NA,0.0175931726814693,0.076139067534348,0.288202269873088,0.255251209287047,0.344305544922675,0.107969558543137,NA,NA,0.421813348508555,0.0819348517054861,0.0736224698852192,0.00697606442351748,2.35528036422825,3.14995904436407,1.06630433345177,1.22679223372739,NA,NA,0.925025989373082,2.39007658256761,3.7211776379821,3.59976327310433,3.89904455354446,2.73936440046479,NA,NA,4.10207799249254,2.46343951850558,2.35646535490799,"cydippid"
"1-18-202510-dev-seq-B","1","18","202510-dev-seq-B",2025-10-24,3,0.0827993062772871,0.147060865358531,0.0177991011008984,0.0242486215690707,NA,NA,0.0177500860842983,0.121811409514873,0.437890445202907,0.357037723228233,0.472394983817568,0.104697453646209,NA,NA,0.499598922785068,0.0768459570829852,0.099979628004909,0.0172242765263531,1.57009986841766,2.14452673649688,0.0328281414285254,0.342039958610528,NA,NA,0.0300705510844715,1.95615421042176,3.23564893933761,3.0315216288584,3.31149565111559,1.80475498246036,NA,NA,3.36748580744949,1.49548304605725,1.75864663063864,"cydippid"
"1-18-202510-dev-seq-B","1","18","202510-dev-seq-B",2025-10-26,5,0.10145487627512,0.219202551828212,0.0758918272279697,0.115613933628261,NA,NA,0.0202628519216817,0.0954798665740585,0.527652430826392,0.321538096216063,0.46999350883842,0.0972928591881233,NA,NA,0.57193412757502,0.159338924437816,0.137692797215395,0.0236392974074345,1.4567036593153,2.22708572495962,1.16639852884947,1.58734601049265,NA,NA,-0.154121216560159,1.39600493244818,3.10552732039962,2.61020556028794,2.98980841202811,1.41481512526125,NA,NA,3.18611335156752,1.90812306222305,1.76211462496401,"cydippid"
"1-18-202510-dev-seq-B","1","18","202510-dev-seq-B",2025-10-28,7,0.197396765809372,0.32959737068126,0.121249712387288,0.18186416280565,NA,NA,0.0481235662124078,0.209547,0.876355534828759,0.804879079748318,0.944778906148153,0.318689813106726,NA,NA,1.03632872157053,0.241471556088911,0.234327395173932,0.143006838780699,0.322323290163098,0.834979367943848,-0.165040295006476,0.240367597444481,NA,NA,-1.08912045358245,0.382055605118684,1.81287941751584,1.72779960188527,1.88805848561479,0.801325804259983,NA,NA,1.98054721854641,0.523859233228209,0.493826809412044,"cydippid"
"1-18-202510-dev-seq-B","1","18","202510-dev-seq-B",2025-10-30,9,0.235283295184762,0.529617753554391,0.210593586115532,0.284499564366978,NA,NA,0.114442481662187,0.293167163577369,1.25251029983869,0.779532644609897,0.94883875375034,0.21123547532079,NA,NA,1.15818856400847,0.222331676452097,0.272694432466085,0.229404399405207,0.025303917133876,0.83666914424407,-0.0855562384451188,0.215245339952585,NA,NA,-0.695414029173543,0.245256588095529,1.69741867395996,1.22320818414101,1.41975249003509,-0.0825128743937789,NA,NA,1.61912609841858,-0.0313160774090483,0.17286549092112,"cydippid"
"1-18-202510-dev-seq-B","1","18","202510-dev-seq-B",2025-11-01,11,0.193002517341096,0.489498711156628,0.181892761818606,0.298297448949869,NA,NA,0.237169629643005,0.290779825534717,1.17065806276854,0.787928304926279,1.01434010789774,0.293583764653293,0.0507052196524184,NA,1.1084063186765,0.34890426833302,0.28730274087798,0.219362002154899,-0.128020110990521,0.802658485959333,-0.187306050387334,0.307367796494126,NA,NA,0.078052278979496,0.281843024483986,1.67459797346014,1.27868375909407,1.53127019701255,0.291439654680531,-1.46469448600626,NA,1.61995517066272,0.464074238775367,0.269813163036517,"cydippid"
"1-18-202510-dev-seq-B","1","18","202510-dev-seq-B",2025-11-03,13,0.288193014538868,0.59436468556266,0.20138691791673,0.27279040077686,NA,NA,0.352158658250795,0.422728157549269,1.54179016463882,1.08408084112302,1.31278005942504,0.403990299093926,NA,NA,1.75861471218911,0.50639898607521,0.37324799464833,0.593248561626102,-0.721983025716327,0.00187960898516376,-1.08038544829825,-0.776909733164639,NA,NA,-0.521531663031511,-0.338884151838588,0.955085994116053,0.602874285153911,0.794288879566619,-0.384222605217626,NA,NA,1.08666821201619,-0.158288602139921,-0.463370407018811,"cydippid"
"1-18-202510-dev-seq-B","1","18","202510-dev-seq-B",2025-11-05,15,0.338722800000236,0.56879547527033,0.387379767278829,0.452668471626863,NA,NA,0.333258507627338,0.557173546509524,1.70929604042863,1.37561959434549,1.64853994078556,0.458599282181077,NA,NA,1.74631836218085,0.829769735105469,0.395878356069135,0.820141768605329,-0.884295140090057,-0.36595629026981,-0.750071691200772,-0.594317207021641,NA,NA,-0.9005587258606,-0.386600448833863,0.734359678614578,0.517182308816208,0.698168076923066,-0.581300408674993,NA,NA,0.755787843938924,0.0116710208588391,-0.728370231436945,"cydippid"
"1-18-202510-dev-seq-B","1","18","202510-dev-seq-B",2025-11-07,17,0.423925695906724,0.704144641351478,0.486436698632001,0.502766383723097,NA,NA,0.375957753143887,0.815527487728035,2.19538794608356,1.86161208542495,2.18531656755406,0.784842793591812,0.169992633979387,0.460528751593209,2.44767430676081,1.06448221820611,0.487748338679897,1.95716757624805,-1.52969539850922,-1.02226980136096,-1.39214681558496,-1.35912797654807,NA,NA,-1.64977681446357,-0.875418464793093,0.114860457824135,-0.0500554889580469,0.110262386330176,-0.913770158094135,-2.44349848630238,-1.44687830353582,0.223639997276266,-0.60900981304937,-1.38945401947285,"early_transition"
"1-18-202510-dev-seq-B","1","18","202510-dev-seq-B",2025-11-10,20,0.446584039823413,1.00915920983361,0.568301791495505,0.517561978631545,NA,NA,0.559055468697875,1.11814556878789,2.53939226045544,2.07681170698628,2.5900891651295,0.820230521161581,0.271929362979157,0.489813768365081,2.72021356078029,1.55147709609262,0.497916116494536,2.98192185270985,-1.89869568695161,-1.08345049101437,-1.65767068797206,-1.75119400520677,NA,NA,-1.67407459197443,-0.980896438767077,-0.160643224800255,-0.361734125121541,-0.140875707854639,-1.29073786452825,-2.39478095100671,-1.80629803434579,-0.0918576174459083,-0.653360567295312,-1.78989166658368,"early_transition"
"1-18-202510-dev-seq-B","1","18","202510-dev-seq-B",2025-11-11,21,0.412943804527929,0.877758449930276,0.599749478850128,0.601906563662501,NA,NA,0.642655208836745,1.14857581368232,2.71526636734741,2.43122195351767,2.9654784568213,0.899715094132582,0.347839426589698,0.668226377767295,2.85668997991329,1.58781095666329,0.542605356635925,3.83370838483835,-2.2282763432355,-1.47421641861061,-1.85507582764606,-1.85148563702074,NA,NA,-1.78597950265039,-1.20530982942728,-0.34494252334447,-0.455438588948298,-0.256794193770407,-1.44950970928726,-2.3998469049775,-1.74696085542033,-0.294168976533407,-0.881476270621994,-1.95520558808069,"early_transition"
"1-18-202510-dev-seq-B","1","18","202510-dev-seq-B",2025-11-13,23,0.49893270574798,1.008063392586,0.693803579848072,0.693999919177228,NA,NA,0.516983583001433,1.2117064274225,2.90709483302351,2.57757617231426,3.09357772785835,0.97703121376955,0.516544906937673,0.77333149400823,3.12093631876397,2.28243307262163,0.616729758592043,4.67793182697956,-2.23814014548855,-1.53482503780131,-1.90842247963357,-1.90813952987793,NA,NA,-2.20260025427041,-1.35082645823513,-0.47570185159951,-0.596006605681721,-0.41352783308338,-1.56609277380591,-2.20344914444494,-1.79990357637362,-0.404723035975582,-0.717614083848221,-2.02618043852424,"early_transition"
"1-18-202510-dev-seq-B","1","18","202510-dev-seq-B",2025-11-15,25,0.479259551834912,0.84779662607491,0.76266322484895,0.764969217376099,NA,NA,0.445827580719274,1.53322030544766,3.0662955010403,2.72227202588794,3.36615978166946,0.832409211205643,0.486906884506678,0.886120471029758,3.30536837682338,2.03120686824484,0.596228536105074,5.68613740289803,-2.47354414451842,-1.90314567775671,-2.00896990609498,-2.00595086275061,NA,NA,-2.54585417008426,-1.3106608797899,-0.617561022268935,-0.736564342790111,-0.524258614117692,-1.92146229674473,-2.4577135544874,-1.85893354386486,-0.542483250508032,-1.02940104528574,-2.25516241363552,"early_transition"
"1-18-202510-dev-seq-B","1","18","202510-dev-seq-B",2025-11-17,27,0.482851370859605,1.11541658628514,0.637051377124326,0.64946042642489,NA,NA,0.576297313869326,1.4278836495072,3.36736440831773,2.79733393330373,3.47906733205503,0.897909995144279,0.481893571439275,0.815217643481788,3.30229001643556,2.05000215007497,0.590246304718632,6.44787949628015,-2.59179770996042,-1.75452336136734,-2.31465628832367,-2.29536469050721,NA,NA,-2.41488289803162,-1.50755793382578,-0.649620952786378,-0.835084519582263,-0.616987066651885,-1.97143676031506,-2.59378331194292,-2.06805147066265,-0.669135144308749,-1.14591047452071,-2.39096668005963,"early_transition"
"1-18-202510-dev-seq-B","1","18","202510-dev-seq-B",2025-11-19,29,0.417595163451398,1.14972486626149,0.672638716998212,0.729627568910331,NA,NA,0.464677559511969,1.47912050531152,3.08580492303839,2.70381591528367,3.38509544689529,1.0674280511257,0.426559794435961,0.728872632816599,3.15915707511513,1.87490027475063,0.518205709918369,5.49995777973794,-2.57798324005193,-1.56521774877572,-2.10128733394537,-2.01996147039815,NA,NA,-2.47115195012395,-1.31329275782794,-0.577927877387369,-0.7100763386017,-0.48535831281611,-1.63948835136235,-2.55674313970078,-2.02099669296481,-0.554435172163822,-1.07618494458943,-2.36212340795842,"early_transition"
"1-18-202510-dev-seq-B","1","18","202510-dev-seq-B",2025-11-23,33,0.436409336884535,1.0602815530075,0.708894871842786,0.770014309800799,NA,NA,0.644341705721429,1.49854354590115,3.25997047890146,2.65201552601531,3.27469627336647,0.904051139258173,0.48721167998135,0.929300298610196,3.16035024972945,2.06550812419995,0.520716523606655,5.62300745079574,-2.5560412843742,-1.66833216546714,-2.07091469447775,-1.98821283451644,NA,NA,-2.16639274901554,-1.32237298735344,-0.545148514580313,-0.751546727604504,-0.540641530536524,-1.82773600458035,-2.4459232435509,-1.80018999745703,-0.576183794387564,-1.00149039323439,-2.37941614023447,"early_transition"
"20-18-202510-dev-seq-B","20","18","202510-dev-seq-B",2025-10-23,2,0.0828131751474365,0.142651772733464,0.0182646878976893,0.0227957084118919,NA,NA,0.00955199999999991,0.108817887389896,0.318782347930371,0.260052626851759,0.324812420302088,0.0535173123764637,NA,NA,0.302034802637047,0.065015465390936,0.053397303302695,0.00521233872444721,2.76555852237882,3.30937785824367,1.25394092615701,1.47554364420251,NA,NA,0.605721910157986,3.03864708057351,4.11347992853439,3.90985537500924,4.13221920091048,2.32897655088563,NA,NA,4.05951360476296,2.52359652419407,2.3267315982492,"cydippid"
"20-18-202510-dev-seq-B","20","18","202510-dev-seq-B",2025-10-25,4,0.111451370848456,0.138312873876584,0.055263270985348,0.0702106293947006,NA,NA,0.010193773785993,0.0882950240047535,0.467131974362706,0.309052862307567,0.414633703806745,0.0911341787037114,NA,NA,0.456004494363817,0.0720456957215349,0.12259433722648,0.0147204832974904,2.02434841440527,2.24027837546531,1.32286856491287,1.56225976997677,NA,NA,-0.367462824697363,1.79144380726326,3.45737187262165,3.04427239222334,3.33815554357217,1.8230929662999,NA,NA,3.43326272005512,1.58806063503019,2.11964088794638,"cydippid"
"20-18-202510-dev-seq-B","20","18","202510-dev-seq-B",2025-10-27,6,0.16028088070634,0.22846601264083,0.0862987802984491,0.111930733795504,NA,NA,0.0322610658534402,0.145379000202918,0.594919811894847,0.496599615759517,0.596904255760084,0.16148680082595,NA,NA,0.622071978884277,0.139754116933992,0.138028909323373,0.0368173474422504,1.47095864856253,1.82541832610416,0.851846332726408,1.11191109973362,NA,NA,-0.132108020363497,1.37337499491433,2.78245749454968,2.60181496734231,2.78578759293076,1.47845427870181,NA,NA,2.8270866757338,1.33391543888947,1.32149401907918,"cydippid"
"20-18-202510-dev-seq-B","20","18","202510-dev-seq-B",2025-10-29,8,0.224438723488172,0.349241238487095,0.111504646297811,0.138567800000577,NA,NA,0.0139413175847909,0.243438344993142,0.815318115508909,0.679418898979488,0.832847437381241,0.0768740991817141,NA,NA,0.836114170773346,0.235247555234906,0.21252020153623,0.0946252150425159,0.863678738993879,1.30583892684012,0.1641422765332,0.381435752205264,NA,NA,-1.91506706518767,0.944939722816532,2.15365437853022,1.97131388816989,2.1749264926601,-0.207754976234573,NA,NA,2.1788411873397,0.910714401880145,0.809113065567673,"cydippid"
"20-18-202510-dev-seq-B","20","18","202510-dev-seq-B",2025-10-31,10,0.386887464097766,0.494809591891669,0.309614148827214,0.297230489758369,NA,NA,0.0790635511977548,0.497472314394479,1.50558332291806,1.27968724316842,1.5296127179064,0.549476822166322,NA,NA,1.76702526087263,0.642429350258065,0.411317774584323,0.678231238682664,-0.56135442949959,-0.315315264074735,-0.784161448778942,-0.824980392180086,NA,NA,-2.14923631518125,-0.309948384204757,0.797447402271581,0.634882695986218,0.813281566996845,-0.210521696703608,NA,NA,0.957564478330738,-0.0542314397611637,-0.500122199874418,"cydippid"
"20-18-202510-dev-seq-B","20","18","202510-dev-seq-B",2025-11-02,12,0.350855304605759,0.633198025075884,0.479323091354881,0.564661720581447,NA,NA,0.154802926060847,0.704003033489203,1.82344435019992,1.77322628040431,2.09036454876285,0.425267146519691,NA,NA,2.07758949839568,0.884414276011531,0.451733379197287,1.3198453176499,-1.32489592423316,-0.734486616071183,-1.0128949428624,-0.849042997910653,NA,NA,-2.14311696193648,-0.628487160033033,0.323212666543198,0.29528609853697,0.459823929878605,-1.13255227361826,NA,NA,0.453693780539889,-0.400344234232084,-1.07217768835682,"cydippid"
"20-18-202510-dev-seq-B","20","18","202510-dev-seq-B",2025-11-04,14,0.466836298616549,0.832622666619158,0.67601705021767,0.647386189109715,NA,NA,0.380072986951191,1.13463813502103,2.62041478054086,2.25101973003626,2.57761869814379,0.938737055902769,NA,0.266816694387739,2.96039154727293,1.38535817606928,0.522320780153346,3.33262631315575,-1.96553729683547,-1.38693539646679,-1.59529765681675,-1.63857294634747,NA,NA,-2.17115264955577,-1.07744689944675,-0.240428057348661,-0.392377348879365,-0.256894688270182,-1.26698054042602,NA,-2.52495407000556,-0.118439136703084,-0.877801958689372,-1.85323403424886,"early_transition"
"20-18-202510-dev-seq-B","20","18","202510-dev-seq-B",2025-11-06,16,0.635608175494936,0.9253873520856,0.984098679218705,1.0055644416078,NA,NA,0.397599479739348,1.57779280053402,3.04981829927899,3.06739888646085,3.40613513811714,1.19374662852927,0.168901800754906,0.74313674758082,3.23381041237269,1.87445841723016,0.588849014979223,5.59885403238521,-2.17573492148681,-1.80010480983935,-1.73859104292513,-1.71701292243141,NA,NA,-2.64487205242923,-1.26653503103512,-0.607479924888181,-0.601732005515318,-0.496983681784897,-1.54546515118587,-3.50099973328808,-2.01943714303708,-0.54890080355089,-1.09424216617106,-2.25214740920925,"early_transition"
"20-18-202510-dev-seq-B","20","18","202510-dev-seq-B",2025-11-08,18,0.589208219212869,1.06717038836355,0.707815296924981,0.888631460620768,NA,NA,0.790430076119324,1.63747714970622,3.43095562351497,3.3812810948487,3.66053501650787,1.25730427126014,0.600035530928169,1.02278637419356,3.47669297014505,2.40197708228888,0.728307963807207,7.27737501790336,-2.5137458674289,-1.91975957396356,-2.33034232209517,-2.10284290712434,NA,NA,-2.2199483042242,-1.49161348867014,-0.751931392909397,-0.766515562893402,-0.687160906618322,-1.75580026094229,-2.49553663002787,-1.96223958043941,-0.738688676688561,-1.10847804020528,-2.3018015157507,"early_transition"
"20-18-202510-dev-seq-B","20","18","202510-dev-seq-B",2025-11-10,20,0.510583445005809,1.45676435038478,1.01070949216924,0.850432412850074,0.410206747835771,0.721739264832529,1.2440442881831,2.48979986064141,4.54181174204854,3.45338106321363,3.80932272803506,1.34756436030677,1.05540147565014,2.44325916944887,3.55990054330342,3.070989221879,0.645893776995876,10.26510771882,-3.00095174154126,-1.95253276626052,-2.31809799247957,-2.49076088206458,-3.21984452757981,-2.65484187856515,-2.1103829490956,-1.41654821421848,-0.815424549637856,-1.08939677475061,-0.991299132545685,-2.03045175880097,-2.27482930403338,-1.43541767101045,-1.05901793701286,-1.20675081240509,-2.7658707648271,"late_transition"
"20-18-202510-dev-seq-B","20","18","202510-dev-seq-B",2025-11-12,22,0.677246151252261,1.9304496880986,0.944473522831636,0.983224517308738,0.93756436211121,0.771510825497608,1.27880077659384,2.39674796113275,5.23514312895932,3.55726815456559,3.94651275679206,1.64022508879513,1.78510730313124,3.47929098315117,4.20088381515712,3.57575656816302,0.662137359201246,14.4654347520032,-3.06148247435941,-2.01400901862928,-2.7288896188542,-2.68867977822453,-2.73623186399629,-2.93116656894499,-2.42583924793421,-1.79764919112622,-1.01636780869667,-1.40276911545078,-1.29892965082796,-2.17692851173723,-2.09228346619699,-1.42493346086617,-1.236467058089,-1.39758521220661,-3.08404424674875,"late_transition"
"20-18-202510-dev-seq-B","20","18","202510-dev-seq-B",2025-11-14,24,0.288326731027492,2.15560954071928,0.927037926478739,1.11161530465895,1.53784130279623,0.713441987579929,1.48675837429658,2.5226164315379,5.82510571962518,4.16192388393283,4.51927505103534,2.07787737913117,2.19539568462464,4.49846219481502,4.65292129812508,4.82363687445324,0.522014356861955,20.4148899046215,-4.25992549104114,-2.24819099880702,-3.09202533300546,-2.91045034496356,-2.58588485026815,-3.35391868408649,-2.61966636968217,-2.09096790250929,-1.25408738331112,-1.59028709242491,-1.50791293784836,-2.28491765003442,-2.22990223526515,-1.51252892800387,-1.47876927339259,-1.44273635008013,-3.66632471980081,"late_transition"
"20-18-202510-dev-seq-B","20","18","202510-dev-seq-B",2025-11-16,26,0.523838749793293,1.92474427239361,0.804767276624117,0.988612175031746,2.96114113121074,0.8828403345481,1.16277298744209,2.7252494334699,6.30297503006096,4.70037012663498,5.10321485605187,2.46243115448473,2.2374145416012,5.80319720166961,4.98947857030021,4.8257296508151,0.632400918924064,26.7481254470016,-3.93303576556054,-2.63167128073373,-3.50366653486054,-3.29791755689641,-2.20088968279473,-3.41107531044362,-3.13565673532013,-2.2839044349945,-1.44544264521171,-1.73882313817569,-1.65659368907279,-2.38531525803529,-2.48114341739923,-1.52805538679725,-1.67913298476529,-1.71250244781415,-3.74469611471269,"late_transition"
"20-18-202510-dev-seq-B","20","18","202510-dev-seq-B",2025-11-18,28,0.266442259748711,0.978716578024505,0.617123094969715,1.04934532171492,2.71757063732757,0.874940572163047,1.0473349146634,2.7535887650419,6.2194683357349,4.58842757542085,5.02382241004999,2.66593915419032,1.94116965338234,5.03413226090187,5.12733635568606,4.83205502183336,0.574896654724133,26.7010351134402,-4.60730005315475,-3.3062155128208,-3.7673891023002,-3.2365358663665,-2.28496399977616,-3.41830164540734,-3.23845357192098,-2.27179726657965,-1.45701790642057,-1.76116494372957,-1.67051125272532,-2.30414593433665,-2.62141162743823,-1.66846116305996,-1.65011603752281,-1.70943048541187,-3.83826731820125,"late_transition"
"20-18-202510-dev-seq-B","20","18","202510-dev-seq-B",2025-11-20,30,0.243977186689657,1.50599277388572,0.971102197205835,1.15144243679743,3.35541314522087,0.82692184511597,1.07494466645033,2.62259101713191,6.61182162202974,4.53631666626488,5.03580416732308,2.71061636311633,2.62904441677285,5.62743029458811,4.75912677807442,4.4999619922946,0.630637063948036,26.4098530669762,-4.68441771798973,-2.86428483160659,-3.30306072954569,-3.13272171348178,-2.06316225677809,-3.4637822552723,-3.20146797557074,-2.30957439582338,-1.38487796107569,-1.76162178698061,-1.65716393388233,-2.2765611134608,-2.30711672222038,-1.54608425560217,-1.71367296132617,-1.76966821217227,-3.73476192066782,"late_transition"
"20-18-202510-dev-seq-B","20","18","202510-dev-seq-B",2025-11-21,31,0.275847693891031,1.29947286952825,0.706134034622323,1.1540668825666,3.89706901729312,1.05574307388919,0.807145661169036,2.74791924499193,6.88652609366617,4.9133862494779,5.33516095573119,2.82349045767203,2.87847149085839,6.42521746106114,5.24708747065074,4.96695980253243,0.709857249889018,32.1302997535627,-4.75770590179181,-3.20784080522444,-3.81774971125084,-3.32650737891251,-2.10957476591747,-3.41555464804218,-3.68405063237067,-2.45895551538382,-1.54023274001012,-1.87783613454001,-1.79548044841224,-2.43182563196705,-2.41254008156365,-1.60956902619433,-1.81212634731439,-1.86699155929664,-3.81249088813809,"late_transition"
"20-18-202510-dev-seq-B","20","18","202510-dev-seq-B",2025-11-22,32,0.248645334532945,1.84375408254029,0.806065308225706,1.21038531275334,3.72059160884099,0.816897344006577,0.752281603040378,2.5682652657251,6.19403297103503,4.74540915933824,5.20987847950739,2.7312537678158,3.45303331795485,6.66503115265128,5.03032093284762,5.20716510164571,0.626335520044169,27.0548761186889,-4.6895950094017,-2.68606349685215,-3.51345776439758,-3.10692850300552,-1.98398456193977,-3.50010909416233,-3.58251180521616,-2.35463657509993,-1.47428084761777,-1.74068959429448,-1.64731072119233,-2.29310649283337,-2.05861418486574,-1.40099262452888,-1.68238346639152,-1.64783167090362,-3.76573632916846,"late_transition"
"20-18-202510-dev-seq-B","20","18","202510-dev-seq-B",2025-11-24,34,0.242210663650468,1.47883319593388,0.943008446605331,1.36039558915265,4.02387641806753,1.02327316956519,0.301146750314528,2.82392042502086,6.7937506070803,5.19901637688731,5.65748448611912,3.15957026097727,2.17746677364053,6.3242579763426,5.3439895137035,5.00682547332539,0.570645176287332,34.2331859273184,-4.95114294288456,-3.14194212662211,-3.59187556156167,-3.22541999050738,-2.14094980122652,-3.51018904308969,-4.73335311280688,-2.49506938121131,-1.61719236109051,-1.88472607293274,-1.80021616599431,-2.38275949734728,-2.75503335165653,-1.68880281059828,-1.8572230483602,-1.92239344613201,-4.0941831923692,"late_transition"
"21-18-202510-dev-seq-B","21","18","202510-dev-seq-B",2025-10-23,2,0.0709400809134018,0.0928953708642145,0.0145256369223521,0.0198721204706494,NA,NA,0.0104810888747305,0.050673664570465,0.294849695026127,0.181185631086601,0.243507049945684,0.052835,NA,NA,0.361526375657434,0.074493544216932,0.0909227901518644,0.00432614387946335,2.79715900371835,3.06679722912911,1.21123856563673,1.52464118184835,NA,NA,0.88489598754045,2.46072975294756,4.22178913189457,3.73484550560977,4.0304693084368,2.50249726367726,NA,NA,4.42565841442948,2.84603588060875,3.04533410028569,"cydippid"
"21-18-202510-dev-seq-B","21","18","202510-dev-seq-B",2025-10-25,4,0.103528973026878,0.169068038966565,0.0657555745469539,0.0713564165019516,NA,NA,0.0104810888747305,0.050673664570465,0.294849695026127,0.372076175652917,0.492766293721983,0.112477081505523,NA,NA,0.585352335128169,0.127629608383008,0.147911493995565,0.0141745010758204,1.98840685463705,2.47885657981638,1.53449979992662,1.61624261830827,NA,NA,-0.3018720777652,1.27396168764191,3.03502106658892,3.26765395504911,3.54859036087897,2.07130482941845,NA,NA,3.72076929668167,2.19768773309123,2.34516942981783,"cydippid"
"21-18-202510-dev-seq-B","21","18","202510-dev-seq-B",2025-10-27,6,0.148018430720637,0.323536523663094,0.128597215650262,0.198764244349933,NA,NA,0.0430212963193812,0.196013689848439,0.663782271948415,0.669371839839412,0.775042139572424,0.128715470573665,NA,NA,0.719315635660035,0.242849740804885,0.234669823166508,0.061676428279183,0.875434977605013,1.65741018885228,0.734783340025153,1.17021760034965,NA,NA,-0.360206563969218,1.15628268265505,2.37605237171027,2.38443789982746,2.53101558121515,0.735702493553599,NA,NA,2.45639843366322,1.37054108118395,1.33627769809127,"cydippid"
"21-18-202510-dev-seq-B","21","18","202510-dev-seq-B",2025-10-29,8,0.19834515119357,0.429920255661443,0.0903759376161597,0.102914167858464,NA,NA,0.098248353599437,0.229659999516676,0.800576583181147,0.919792121594059,1.10354081853482,0.183733285566334,NA,NA,0.872260293539148,0.624112547187604,0.203887348332357,0.128435812518076,0.43457943489344,1.20817047348029,-0.351451210904443,-0.221533946997293,NA,NA,-0.267930772707518,0.58117068618468,1.82990293098511,1.96871842366354,2.1508499490171,0.358055904992419,NA,NA,1.91565861507242,1.58090145012964,0.46213836120196,"cydippid"
"21-18-202510-dev-seq-B","21","18","202510-dev-seq-B",2025-10-31,10,0.316151870544838,0.490925350162324,0.200134848851968,0.259993859244791,NA,NA,0.232034783642453,0.426824482374196,1.48604576859429,0.94464632032113,1.13415994673911,0.24025670774611,NA,NA,1.45127701226265,0.938853910156953,0.360275307692603,0.407666999829147,-0.254227963136839,0.185841415645429,-0.711459280653783,-0.449792651813773,NA,NA,-0.563563374339779,0.0459222161600043,1.29342336040385,0.840359928967851,1.0231968565876,-0.528742696941528,NA,NA,1.26974848167864,0.834209222605748,-0.12358218148778,"cydippid"
"21-18-202510-dev-seq-B","21","18","202510-dev-seq-B",2025-11-02,12,0.248607889828541,0.552520269231818,0.268313389149703,0.298943735249628,NA,NA,0.272217831570601,0.493927491460032,1.36493348414236,1.54787827877558,1.73720518271396,0.280577876891604,NA,NA,1.60836892877039,0.663570833042713,0.339296761437535,0.635619230862863,-0.93872277482509,-0.14010957132828,-0.862444030601736,-0.754344311179054,NA,NA,-0.847997093291531,-0.25221096244576,0.76426128642601,0.890040729336457,1.0054331935886,-0.817748368033475,NA,NA,0.928376166298342,0.043035914292683,-0.627724563529907,"cydippid"
"21-18-202510-dev-seq-B","21","18","202510-dev-seq-B",2025-11-04,14,0.31941758311026,0.642801461261563,0.474674657331734,0.515820850475241,NA,NA,0.220508753481579,0.412627477071026,1.68995182849837,1.83589435021769,2.07198166529804,0.404916506682551,NA,NA,1.75761305691128,0.83379807289595,0.356018497683758,1.02572810002775,-1.16665869618506,-0.467322073753507,-0.77052834346148,-0.687398464693856,NA,NA,-1.53722058846179,-0.910612787533038,0.49929732277387,0.582129045180441,0.70310277365595,-0.929477091375873,NA,NA,0.538553968982726,-0.207166726676437,-1.05817529160189,"cydippid"
"21-18-202510-dev-seq-B","21","18","202510-dev-seq-B",2025-11-06,16,0.356214583453569,0.665660957220716,0.570834288497984,0.524062291088569,NA,NA,0.654971462023346,0.787285244805845,2.28542278136235,2.39993943230241,2.66610847101651,0.779081358702029,NA,NA,2.42831765289243,1.53477018146073,0.395358610338766,2.46603146471338,-1.93483213128256,-1.30958497537982,-1.46326648830825,-1.5487548896772,NA,NA,-1.32577377780019,-1.1417748145557,-0.0760591321766753,-0.0271666635793357,0.0780097436575988,-1.1522499627134,NA,NA,-0.0154114704011189,-0.474229513162052,-1.83057221574837,"cydippid"
"21-18-202510-dev-seq-B","21","18","202510-dev-seq-B",2025-11-08,18,0.312571501151336,0.751193802711392,0.572551159971752,0.77464545915793,NA,NA,0.60763492002106,0.884781853573524,2.38227532058954,2.31948772789866,2.56064735752905,0.627000242252744,NA,NA,2.43300064900443,1.17957883767936,0.392864949508098,2.47361838019411,-2.06860404222052,-1.19177361090138,-1.4633351950778,-1.16103183628289,NA,NA,-1.4038630477838,-1.02809616742344,-0.0376259618829934,-0.0643356555710041,0.0345780906314568,-1.37249036190883,NA,NA,-0.0165566793755067,-0.740524552380965,-1.83997137602666,"cydippid"
"21-18-202510-dev-seq-B","21","18","202510-dev-seq-B",2025-11-10,20,0.469353491148196,1.11082065430023,0.740704324899618,0.651793513689726,NA,NA,1.01362490339819,0.882089304901153,2.68503598402777,2.85095705987941,3.11678508861218,0.752324029421499,0.223118855638089,0.505687636378427,2.81029407343164,1.14519048592494,0.538941442964818,3.91974202273137,-2.12242492307401,-1.26092677075486,-1.66617959615336,-1.79405330511845,NA,NA,-1.35249292212977,-1.49148781648771,-0.378331711365485,-0.318371092716209,-0.229223790852253,-1.6506139987597,-2.86607650569292,-2.04786196083403,-0.332736710772308,-1.23045485468646,-1.98417419522344,"early_transition"
"21-18-202510-dev-seq-B","21","18","202510-dev-seq-B",2025-11-12,22,0.461765542028636,0.83831370929265,0.621983665309629,0.769608600394382,NA,NA,0.666502911151182,0.830085196982817,2.63327724891721,3.12260171521862,3.36140769803906,0.715268399448766,0.272597104328439,0.577535212603526,2.69228030788791,1.74944754746177,0.565209385988944,3.97179478752951,-2.15191608157812,-1.55558097386605,-1.85405952822512,-1.64109128462169,NA,NA,-1.78492885163142,-1.56544501656932,-0.410988907378713,-0.240551542660291,-0.166858236090696,-1.71431550295983,-2.67897846227288,-1.92820394431704,-0.388829547457008,-0.8199180291462,-1.94977710189548,"early_transition"
"21-18-202510-dev-seq-B","21","18","202510-dev-seq-B",2025-11-14,24,0.604756430105542,1.22703791224232,0.619222173818089,0.776739510843243,NA,NA,0.614882029257647,1.02444693894462,2.73777936845247,2.88365296681141,3.22860152182508,0.767140012916808,0.514223592899285,0.793078310966199,2.88201126066121,1.23906066786255,0.720963937062042,4.24577833374401,-1.94885465289845,-1.24132209244277,-1.92521630293527,-1.6985753907205,NA,NA,-1.93225000793838,-1.42177226080941,-0.438778013678852,-0.386867274344021,-0.273876077918446,-1.71101110411585,-2.11102225849107,-1.67775846544553,-0.387436751209062,-1.2315715893853,-1.7730913169098,"early_transition"
"21-18-202510-dev-seq-B","21","18","202510-dev-seq-B",2025-11-16,26,0.434332570514807,0.845544963629966,0.431737157455783,0.66671905882463,NA,NA,1.1461886588084,0.874714171871018,2.97096012224685,2.71392641269232,3.0766003182539,0.885023543366502,0.738618112522297,1.02445616046857,2.8364474038769,1.45640853000592,0.587741279840884,4.32107085400954,-2.29744800123511,-1.63127718653922,-2.30344156213381,-1.86888977736983,NA,NA,-1.32706102592511,-1.59736136111931,-0.374618080353934,-0.465106807333086,-0.339678059827827,-1.58564428606475,-1.76647750849914,-1.43934135777776,-0.420950899411614,-1.08752976019722,-1.99497168259335,"early_transition"
"21-18-202510-dev-seq-B","21","18","202510-dev-seq-B",2025-11-18,28,0.390600800695544,1.01724213503374,0.623612989823817,0.676611432138122,NA,NA,0.882697806735691,1.12079012863604,2.58886720499546,2.53281835556742,2.88440488806586,0.79398241699675,0.428254779327973,0.730908791448016,2.58366969599831,1.33355827522497,0.406435158135956,3.21552387024209,-2.10805950068821,-1.15089511378479,-1.64021560169565,-1.55864841638653,NA,NA,-1.2927626617396,-1.05395638148326,-0.216769882610805,-0.238657632795553,-0.108671689343271,-1.3986842528789,-2.01602727176315,-1.48145688937634,-0.218779538934542,-0.880139525417154,-2.06832116535677,"early_transition"
"21-18-202510-dev-seq-B","21","18","202510-dev-seq-B",2025-11-20,30,0.460831027818223,0.935240808010429,0.666720817074884,0.764896447153469,NA,NA,0.630134601728869,1.03859574787691,2.85018040956638,3.0964818702945,3.43867227182971,0.913294808011082,0.578588259162334,0.922068172338683,2.78888069097443,1.58259819703739,0.535409664888486,4.55556053923798,-2.29107242053893,-1.58329981752572,-1.92173246914102,-1.78436340086267,NA,NA,-1.9781704122259,-1.47847902501803,-0.468966289467222,-0.386081996870193,-0.28126315395724,-1.6070451335141,-2.06351276179632,-1.59748470187569,-0.490708254040602,-1.05728065839513,-2.14107167968986,"early_transition"
"21-18-202510-dev-seq-B","21","18","202510-dev-seq-B",2025-11-21,31,0.338711384550327,0.970210181204052,0.698351392831001,0.833240961673153,NA,NA,0.568418160505099,1.07089457939145,2.81197834226101,2.61244840206505,2.96932219601313,0.835146065687315,0.793345681253922,1.07191256371497,2.85674538490377,1.61426173208994,0.581127297600104,3.97548006653048,-2.46275241950162,-1.41038806157134,-1.73917838704076,-1.56257792119826,NA,NA,-1.94504344531772,-1.3116511575881,-0.346257240248104,-0.419857645578052,-0.291811802329629,-1.56029415273094,-1.61164174876829,-1.31070101664483,-0.330462512730649,-0.901267791943065,-1.92293095753677,"early_transition"
"21-18-202510-dev-seq-B","21","18","202510-dev-seq-B",2025-11-22,32,0.46560123948396,1.22381232295316,0.663172347778464,0.608418315494365,NA,NA,0.817868840478105,0.964734847362736,2.98228049975602,3.11187733758502,3.4708255738745,0.815374598740971,0.460045566191274,0.946638570809894,2.65681541902952,1.81322466547778,0.520223029633445,4.58343851941725,-2.28687520531871,-1.32047864345904,-1.93316985604955,-2.01934209955943,NA,NA,-1.72350278182147,-1.55835146984369,-0.429761208648889,-0.387223295275966,-0.278057001668205,-1.7265571258541,-2.29887922233942,-1.57728740052953,-0.545321290199183,-0.927342641594352,-2.17594714109025,"early_transition"
"21-18-202510-dev-seq-B","21","18","202510-dev-seq-B",2025-11-24,34,0.369736398546316,0.825279306942808,0.65643739877996,0.827853714444768,NA,0.0792051742564836,0.984134967192,1.44245054265372,2.58601453175538,NA,NA,NA,NA,NA,NA,NA,NA,NA,NA,NA,NA,NA,NA,NA,NA,NA,NA,NA,NA,NA,NA,NA,NA,NA,NA,"cydippid"
"22-18-202510-dev-seq-B","22","18","202510-dev-seq-B",2025-10-27,6,0.117232038018623,0.169395283346379,0.0480566785473155,0.106634294370995,NA,NA,0.0272273891513675,0.104909055471871,0.589601503994011,0.551420500408264,0.629249559607712,0.166819424483481,NA,NA,0.66935923103368,0.152999814117534,0.151049258667496,0.0413894361112707,1.04112951984364,1.40920925666222,0.149355435500974,0.946379488914891,NA,NA,-0.418802261118207,0.930068154603465,2.65642120986731,2.58947199485477,2.72150225227027,1.39388625500598,NA,NA,2.78329520130203,1.30741102459726,1.29458031808262,"cydippid"
"22-18-202510-dev-seq-B","22","18","202510-dev-seq-B",2025-10-29,8,0.268136690337223,0.530234129976561,0.154854891291815,0.14348446936167,NA,NA,0.0175543162783403,0.20968446617239,0.636486722979357,0.85217915328131,0.98837573615617,0.172994638960287,NA,NA,0.794694665131836,0.233070513973776,0.214723646105873,0.0833221506706754,1.16878246081943,1.85060423543636,0.619774064972383,0.543512373660161,NA,NA,-1.55741456677877,0.922889430495243,2.0332491301225,2.32508235029154,2.47334849696776,0.730546177111062,NA,NA,2.25524354362668,1.02862661462383,0.946637406147876,"cydippid"
"22-18-202510-dev-seq-B","22","18","202510-dev-seq-B",2025-10-31,10,0.268136690337223,0.530234129976561,0.154854891291815,0.14348446936167,NA,NA,0.137427359783269,0.322076894975408,0.848980102405233,0.996434414460505,1.16592997799664,0.254586587580729,NA,NA,1.05583803027264,0.287252266417517,0.225810715558407,0.174187116980306,0.431366782710487,1.11318855732742,-0.117641613136557,-0.193903304448778,NA,NA,-0.237034621320972,0.614660214960024,1.58390564318269,1.74405321524512,1.90114420558442,0.379510898030522,NA,NA,1.80195996573195,0.500230700403381,0.259567000214616,"cydippid"
"22-18-202510-dev-seq-B","22","18","202510-dev-seq-B",2025-11-02,12,0.312085741455773,0.548088840481176,0.443139880392185,0.46191508482404,NA,NA,0.182600844918637,0.359684215840784,1.36355098915295,1.41845456528761,1.60732786612323,0.370928974744492,NA,NA,1.4665721089851,0.55395115087614,0.305367971526157,0.53570787161026,-0.540311034429553,0.0228483946314624,-0.18970351954596,-0.148207921736831,NA,NA,-1.07628640153739,-0.398362528559114,0.934258600528232,0.973734226781688,1.09873937180745,-0.367578395300567,NA,NA,1.00709406117008,0.0334875107025006,-0.562071483408572,"cydippid"
"22-18-202510-dev-seq-B","22","18","202510-dev-seq-B",2025-11-04,14,0.362904067524739,0.596640135978128,0.441152400226952,0.506254443501487,NA,NA,0.139421104761797,0.460743276102864,1.7852637916745,1.73187071256055,1.88960044133409,0.29654994656887,NA,NA,2.00537492173633,0.704375141839204,0.36325607729259,1.12750040795598,-1.13361991065402,-0.636444288863276,-0.938368038706065,-0.800719037531135,NA,NA,-2.09025954918977,-0.894917430130945,0.459563032545436,0.429199006808328,0.516362245802352,-1.33554277509132,NA,NA,0.575827882444039,-0.470447347037351,-1.13265040055921,"cydippid"
"22-18-202510-dev-seq-B","22","18","202510-dev-seq-B",2025-11-06,16,0.37837829913461,0.921078056976715,0.479696317769899,0.441973466680976,NA,NA,0.435429757518937,0.737868965958727,2.36116977474514,2.05975868093255,2.29025522046976,0.497385547759482,NA,0.269883633355193,2.41720833335151,1.19594657095792,0.545861951563763,2.17858209191719,-1.75053504109559,-0.860884742537042,-1.5132762952505,-1.5951796774765,NA,NA,-1.61009603591045,-1.08266327168414,0.0804829148633233,-0.056085417875559,0.0499890127062129,-1.4770640522416,NA,-2.0884386490956,0.103939044385233,-0.599736267218186,-1.38406341980608,"early_transition"
"22-18-202510-dev-seq-B","22","18","202510-dev-seq-B",2025-11-08,18,0.452603486864607,0.8853936769528,0.616903427749433,0.77922018737004,NA,NA,0.31603584810904,0.951364137714366,2.73759149167019,2.25330778258858,2.64203491355418,0.434200616823606,0.0929929171025946,0.328629804202236,2.31498339603549,1.39883752294718,0.473608,2.79064006353956,-1.81900982471387,-1.14799388314499,-1.50931376934888,-1.27573260215072,NA,NA,-2.17817061142347,-1.07612937289644,-0.0191924667782594,-0.213871720742504,-0.0547215621443485,-1.86051958391813,-3.40150293189344,-2.1390943599145,-0.186868467803476,-0.690629432031703,-1.77364628664018,"early_transition"
"22-18-202510-dev-seq-B","22","18","202510-dev-seq-B",2025-11-10,20,0.552918060215979,1.00827249874823,0.961145581152511,0.981369075683559,NA,NA,0.796029209840945,1.51124091248517,3.42931637154463,2.70250043374095,3.04679021016692,0.629874428517304,NA,0.368375062192054,2.95523746600032,1.96960782037567,0.652345867561833,5.14625424117246,-2.2308145798769,-1.63003064905564,-1.67789851048296,-1.65707578446323,NA,NA,-1.86638851626131,-1.22533800854547,-0.405908185504685,-0.644091687202964,-0.524180471871544,-2.10050391750756,NA,-2.63692278732655,-0.554690109856445,-0.960434671250151,-2.06544950421563,"early_transition"
"22-18-202510-dev-seq-B","22","18","202510-dev-seq-B",2025-11-12,22,0.496625197223218,0.723278501425281,0.566345087490834,0.695683624031068,NA,NA,0.682385225737632,1.4763841837872,3.2095190795303,2.92003842878399,3.27412548916001,0.461970749724483,0.302766070095793,0.654775501667557,3.25721018513697,2.07153380168657,0.711460766992811,5.70466066927733,-2.44120316973477,-2.06524443048458,-2.30983519336844,-2.10414378718099,NA,NA,-2.12344443549649,-1.35168752258619,-0.575162395557456,-0.669686725278304,-0.555232694795673,-2.51353720420373,-2.93607831955651,-2.16474634965763,-0.560412444447529,-1.01299420211925,-2.0817185062479,"early_transition"
"22-18-202510-dev-seq-B","22","18","202510-dev-seq-B",2025-11-14,24,0.738254207704908,1.2399020669069,0.623041928785696,0.689903429463863,NA,NA,0.301945966149575,1.92764131182956,3.78844641793044,2.92750247138452,3.21777496628781,0.577206375727088,0.430081559475061,0.689525670931112,3.37033080970711,2.21857011353935,0.545742672900883,6.84759550047565,-2.22736462763111,-1.70886517062607,-2.39703902986084,-2.2951012173077,NA,NA,-3.12140476647307,-1.26760043152488,-0.59194154988076,-0.849747908137549,-0.755207452378788,-2.47345297500838,-2.76767798390558,-2.29564892003789,-0.708886666158754,-1.12703467345629,-2.52950527820816,"early_transition"
"22-18-202510-dev-seq-B","22","18","202510-dev-seq-B",2025-11-16,26,0.699837486813189,1.36796545571882,0.735092294812019,0.886688771468884,NA,NA,0.698517876548625,1.73389093625897,3.90919928768348,3.05268683213497,3.34293850673285,0.776685431804923,0.435436794169085,0.834978275229362,3.30552770174597,1.84059337472783,0.629141158425516,7.19955658658821,-2.33092657151736,-1.66069487171548,-2.28177865540937,-2.09428067488667,NA,NA,-2.33281394677384,-1.42365145974707,-0.610686871662375,-0.857997307531163,-0.767169226296405,-2.22673929918964,-2.80542506609211,-2.15436901108862,-0.778423310672127,-1.36393143303098,-2.43741906917828,"early_transition"
"22-18-202510-dev-seq-B","22","18","202510-dev-seq-B",2025-11-18,28,0.553755917708336,1.12612216222042,0.788186701717936,0.817680150098436,NA,NA,0.253218909019449,2.02778684960057,3.75009498516078,3.13831963062178,3.39082395840613,0.92375840606297,0.512700394820405,0.977030283361268,3.35433149001422,1.93013938538671,0.554669292220149,7.10889729735848,-2.55237841106853,-1.84256712395961,-2.19936742606899,-2.16263117339022,NA,NA,-3.33484805132406,-1.25440216353722,-0.639565970957374,-0.817659632802058,-0.740274192558951,-2.0406518468234,-2.62941077010714,-1.98458477113924,-0.751094647245855,-1.30375491927847,-2.55073035270543,"early_transition"
"22-18-202510-dev-seq-B","22","18","202510-dev-seq-B",2025-11-20,30,0.664806438169788,1.09237167700009,0.704535183968835,0.691489628917166,NA,NA,0.584928520121903,1.71511599765993,3.75508735615365,3.44524715230482,3.7677610396171,0.907598062900643,0.554949520223687,1.23820211222078,3.39841912401987,2.82538826514163,0.583991687975952,8.01362626597661,-2.48940272710195,-1.9927921930197,-2.43136038311707,-2.45005050192546,NA,NA,-2.6174090030267,-1.54166266053497,-0.75803182708388,-0.844147731769204,-0.754662439642631,-2.17809703637336,-2.67002149990931,-1.8674829580034,-0.857833016015584,-1.04249758184236,-2.61901190515817,"early_transition"
"22-18-202510-dev-seq-B","22","18","202510-dev-seq-B",2025-11-21,31,0.553393559747491,1.2038216420251,0.895321553144456,0.923003008775703,0.177107992196851,1.25939894624102,0.761825798923875,1.77771636521156,3.98821104908918,NA,NA,NA,NA,NA,NA,NA,NA,NA,NA,NA,NA,NA,NA,NA,NA,NA,NA,NA,NA,NA,NA,NA,NA,NA,NA,"unclassified"
"22-18-202510-dev-seq-B","22","18","202510-dev-seq-B",2025-11-22,32,0.682114410694423,1.34319280266088,0.90348250008564,1.02715819870797,0.265582106786207,1.20100490938047,0.918811872684501,1.8259919100812,4.07677269105171,3.51454671369303,3.84309653061207,1.10553483333453,0.85845835477005,1.51970911717539,3.80586565656882,2.9205784544107,0.576739314285059,9.93802291879309,-2.67892597694703,-2.00131863094077,-2.39786663751782,-2.26957214063379,-3.62219933203217,-2.11320946852165,-2.3810419856592,-1.69424474759672,-0.891062431045364,-1.03945754010578,-0.950089669531485,-2.19603886941398,-2.44898520847152,-1.87784915308987,-0.959824628905255,-1.22458640186868,-2.84673300891913,"late_transition"
"22-18-202510-dev-seq-B","22","18","202510-dev-seq-B",2025-11-24,34,0.619195383652042,1.25983509116709,0.866621630185285,0.876811591859962,0.363497946097361,1.34764122964905,1.17480764718357,1.78756947161949,4.36228082430579,3.5827386136425,3.83122420055535,1.17527239020961,1.03303261153267,1.65274620069326,3.72012359572851,3.05018476760278,0.569419088219741,10.362327308838,-2.81751126738966,-2.10719602294121,-2.48132966547468,-2.46963999754552,-3.35015848768861,-2.03982102835904,-2.17707242564249,-1.75731999524048,-0.865181809893322,-1.06204937146746,-0.994992468582896,-2.17667691312828,-2.30567809594223,-1.83573858686288,-1.02441996292161,-1.2229746869866,-2.90131543662045,"late_transition"
"3-18-202510-dev-seq-B","3","18","202510-dev-seq-B",2025-10-22,1,0.0635237176021682,0.135927342944678,0.0200239887385106,0.0272796992652046,NA,NA,0.0184613267128883,0.0516893025683265,0.274134183326341,0.252632795196902,0.324214069048522,0.0563884057054285,NA,NA,0.329391365468192,0.0410175284482135,0.0877491984350854,0.00487928302783126,2.56641505316397,3.32712221137875,1.41193270318492,1.72114452036694,NA,NA,1.33067980755133,2.360252557988,4.02861941813861,3.94693874349423,4.19640571601668,2.44726527622749,NA,NA,4.21224831594744,2.12900120992469,2.88948443911655,"cydippid"
"3-18-202510-dev-seq-B","3","18","202510-dev-seq-B",2025-10-24,3,0.0743738373354501,0.154932970513058,0.00955199999999991,0.0139243131248907,NA,NA,0.0199635784367435,0.0654186584087444,0.30069472893285,0.337573836377317,0.419346524466938,0.106453654535671,NA,NA,0.38740470346138,0.103106583941085,0.0910341807674458,0.00814165137299791,2.21211120046457,2.94599954426916,0.159757525835738,0.536643427023945,NA,NA,0.896916504397978,2.08381448372906,3.60910252970426,3.72479123002176,3.94170457467634,2.57071669094247,NA,NA,3.86247686118273,2.53877021792781,2.41424201800659,"cydippid"
"3-18-202510-dev-seq-B","3","18","202510-dev-seq-B",2025-10-26,5,0.113838149901516,0.171288750477082,0.0709651968925613,0.13433693946938,NA,NA,0.0108952140869281,0.155248889622438,0.503299680677427,0.544209870037516,0.674752085314488,0.271057839584101,NA,NA,0.755981849455395,0.142212617952838,0.150751857633662,0.0427888888150616,0.978499240146739,1.38707226994373,0.505911110490491,1.14407265584421,NA,NA,-1.36795484353939,1.28875110683834,2.46490731756513,2.5430565012088,2.7580668806335,1.84605376654709,NA,NA,2.87173890547518,1.20104478551882,1.25935669638347,"cydippid"
"3-18-202510-dev-seq-B","3","18","202510-dev-seq-B",2025-10-28,7,0.205551876984862,0.363874950970797,0.11696477873702,0.200567824438518,NA,NA,0.0781910479914421,0.254309387011176,0.892063641723504,0.815549845915319,1.03756741895768,0.340007377374374,NA,NA,1.10074737517062,0.301315006531371,0.212790904103065,0.169804256661023,0.191052102588624,0.762163925085817,-0.372773489196613,0.166506123807285,NA,NA,-0.775491177052429,0.40390524264744,1.6588911350205,1.56921620108849,1.80998788988341,0.694320973296651,NA,NA,1.86909831781226,0.573509908603375,0.225663670439293,"cydippid"
"3-18-202510-dev-seq-B","3","18","202510-dev-seq-B",2025-10-30,9,0.218338623310216,0.532490678547522,0.203284482892817,0.198989453132572,NA,NA,0.140236993443242,0.381251238619627,1.26797062770594,1.12290760670547,1.32954531454479,0.291074459972015,NA,NA,1.36039929717896,0.47725454242888,0.225357759591277,0.382232389752278,-0.559981598198118,0.331536618581791,-0.631422382206553,-0.652776949787329,NA,NA,-1.00269497204376,-0.00257019701878642,1.19914419668562,1.07764790394312,1.24656352022854,-0.272449663140243,NA,NA,1.26950476273118,0.222021206710334,-0.528339591720552,"cydippid"
"3-18-202510-dev-seq-B","3","18","202510-dev-seq-B",2025-11-01,11,0.183634674557939,0.34251982649184,0.152582364016947,0.151516162161005,NA,NA,0.112488872325222,0.257476028222046,0.935865233997396,0.922697598943039,1.13979487188145,0.239730801079044,NA,NA,1.09259933806176,0.306438358866836,0.214723479559176,0.19424493155427,-0.0561715769198775,0.567209647071639,-0.241415354357911,-0.248427596332492,NA,NA,-0.546265592435037,0.281806724964297,1.57235158881672,1.55818165585088,1.76948369172921,0.210396735114897,NA,NA,1.72719495360113,0.455896725632059,0.100231162229864,"cydippid"
"3-18-202510-dev-seq-B","3","18","202510-dev-seq-B",2025-11-03,13,0.336469466032209,0.532342073009451,0.313882327129133,0.434399038235584,NA,NA,0.502258159652982,0.599710404488701,1.71748351674681,1.36162827255358,1.69082113262351,0.398848448969029,0.0591976947376333,NA,1.77852962498633,0.782386156258532,0.40547327451387,0.860795718357829,-0.939349810275357,-0.480570938280467,-1.00883905406399,-0.683893660757673,NA,NA,-0.538742965607316,-0.361410335855255,0.690758211445779,0.458579306448925,0.675112351840523,-0.769275697776492,-2.67697461447938,NA,0.7256850331691,-0.0955087907479898,-0.752802251472364,"cydippid"
"3-18-202510-dev-seq-B","3","18","202510-dev-seq-B",2025-11-05,15,0.384733953990286,0.621453248523169,0.326376963820978,0.443088725116087,NA,0.0884263071376386,0.485086628420121,0.573981289775198,1.85753369136605,1.36752213764842,1.79565028691071,0.56191922386852,0.0846477041773724,NA,2.04914845897412,1.13583383577088,0.429835974949748,1.13914925969259,-1.08548493254701,-0.60597631486167,-1.24998395529738,-0.944266966947446,NA,-2.55586748194122,-0.853709509080936,-0.685440199789981,0.488967915076317,0.182718723205632,0.455085512778626,-0.706678889575563,-2.59953901251061,NA,0.587142600601738,-0.00291468211386816,-0.974633317057387,"cydippid"
"3-18-202510-dev-seq-B","3","18","202510-dev-seq-B",2025-11-07,17,0.404896567446552,0.684985404954003,0.432444225018672,0.482519419621636,NA,NA,0.486470047642195,0.864776059616014,2.33337670660376,2.00941782389832,2.47068520209278,0.785567480724604,NA,NA,2.72335097102907,1.41199290608877,0.498468129548921,2.61670422924021,-1.86603923166061,-1.34027334573021,-1.80021751856741,-1.69064970923936,NA,NA,-1.68249554442352,-1.10720029433237,-0.114599149387915,-0.264070557881144,-0.0574200762237446,-1.20326451513513,NA,NA,0.0399474985460713,-0.616913483104846,-1.65813122247111,"cydippid"
"3-18-202510-dev-seq-B","3","18","202510-dev-seq-B",2025-11-10,20,0.576159676318987,1.05677561490791,0.722789124003675,0.770935750102432,NA,NA,0.476817587789083,1.24664175351422,2.95527165022676,2.80661092492338,3.23488136101423,0.790766693811772,0.231294800545213,0.465091051082473,3.23899172835776,1.79020625063036,0.703011633423657,5.16076821119981,-2.1924558874236,-1.58586304705457,-1.9657232139632,-1.90123568864341,NA,NA,-2.3817067233215,-1.42063210780519,-0.557494870908123,-0.609107767641423,-0.467093192837275,-1.87583775220607,-3.10514763581755,-2.40660753033503,-0.465823360129987,-1.05875460952097,-1.99346728560455,"early_transition"
"3-18-202510-dev-seq-B","3","18","202510-dev-seq-B",2025-11-11,21,0.491323055669078,0.97557383719942,0.704528535646357,0.782294749403957,NA,NA,0.807971599112865,1.50356449039108,2.93374493104581,2.63261173503087,3.06618005376205,0.817228895681619,0.290521536217628,0.634429605130466,2.85849090052251,1.66555714719159,0.628649855414762,4.28554016765045,-2.16590001725858,-1.47997603437202,-1.80547304787605,-1.70077029628927,NA,NA,-1.66847497492489,-1.04740798819754,-0.378966863858826,-0.487270195651868,-0.334814099558183,-1.65708266152164,-2.69132417467089,-1.91027554763674,-0.404952775821521,-0.94508691383676,-1.91942745016949,"early_transition"
"3-18-202510-dev-seq-B","3","18","202510-dev-seq-B",2025-11-13,23,0.532350361296956,1.12470270567115,0.606112268367008,0.770223458964994,NA,NA,1.04655568332746,1.53945935724721,2.97553190429762,3.08056382807636,3.58216770704507,1.02465436547794,0.0938406115415919,0.451797198066788,2.99565311381825,2.54277342959533,0.61476558323722,5.32170501168445,-2.30224717546408,-1.55427500381796,-2.17248379166533,-1.93286834271355,NA,NA,-1.62628927233296,-1.24036245486084,-0.581370928548574,-0.546681101629834,-0.395825620995681,-1.64743839161303,-4.03795130072946,-2.46631561960431,-0.57463146707857,-0.738538356170276,-2.15830799223101,"early_transition"
"3-18-202510-dev-seq-B","3","18","202510-dev-seq-B",2025-11-15,25,0.548343839438358,0.926610883812618,0.681867641206855,0.657974140794302,NA,NA,0.914888685034414,1.71033294931367,3.14520228369019,3.02070008308554,3.52579713706404,0.948984267539247,0.206160614560589,0.599590799333179,3.07207127641222,1.77975638038918,0.578770872198144,5.67787648093899,-2.33743004840512,-1.81279886394276,-2.11949701829107,-2.15516695197453,NA,NA,-1.82553018064812,-1.19988924507819,-0.590699096618358,-0.631088683727816,-0.476470754967705,-1.78894036228584,-3.31567703549472,-2.24808516138666,-0.614225286867384,-1.16010081385352,-2.28342591379949,"early_transition"
"3-18-202510-dev-seq-B","3","18","202510-dev-seq-B",2025-11-17,27,0.517737238144022,0.889993927035459,0.599138,0.684313259969438,NA,NA,1.02465337749797,1.61163690687853,2.92585318177382,2.48198599657376,2.94097369749208,0.83680657125766,0.300209721695101,0.885463953157326,3.05106561539833,1.73882130648926,0.586821544956387,4.3756640136439,-2.13434571053408,-1.59259892267506,-1.98832160626787,-1.85539776663023,NA,NA,-1.45170389573625,-0.998807907998816,-0.402472158611936,-0.566999238066508,-0.397317566697593,-1.6542206157011,-2.67933225908633,-1.59770181332487,-0.360567371142742,-0.92285080922324,-2.00909280021456,"early_transition"
"3-18-202510-dev-seq-B","3","18","202510-dev-seq-B",2025-11-19,29,0.516544740285873,1.04287930144193,0.534936781949045,0.547358732329174,NA,NA,0.621669831373535,1.44056198259325,2.99221643740455,2.43239465566841,2.91939906556576,0.933934440465711,0.2315435152995,0.72121270534635,2.92268196234417,2.43510300441131,0.580672494933245,4.25516865271053,-2.10872776972917,-1.40614895076823,-2.07374110124888,-2.05078527132778,NA,NA,-1.92348054250354,-1.08310109445572,-0.352120001398897,-0.559258170481528,-0.376756601962745,-1.51648343303729,-2.91112184966358,-1.7749555684549,-0.375632722609384,-0.558145340353386,-1.99170277068924,"early_transition"
"3-18-202510-dev-seq-B","3","18","202510-dev-seq-B",2025-11-23,33,0.449197675541626,1.13147175372609,0.719362525023371,0.78839716968353,NA,NA,0.829480465304035,1.43044783058209,3.06983044411153,3.25828415994339,3.81606107866803,1.14825862544681,0.478588117946948,0.98242037431336,3.26197426201158,2.13568109442421,0.587194455717184,6.36882016008977,-2.65170646502649,-1.72789501201803,-2.18080407529889,-2.08916752789267,NA,NA,-2.03836995382673,-1.49342667074869,-0.729791904090015,-0.670213508720831,-0.51219547483459,-1.71316767821768,-2.58832916473721,-1.86915021671162,-0.66908162031293,-1.09262862464445,-2.38381347785773,"early_transition"
"5-18-202510-dev-seq-B","5","18","202510-dev-seq-B",2025-10-26,5,0.134957126266085,0.175721847395251,0.0606891767368779,0.0744355055333141,NA,NA,0.0363925245620578,0.108081734738114,0.454569144878972,0.466329202236199,0.621346570187082,0.158024670811237,NA,NA,0.595185279367694,0.14370569746882,0.116539617920259,0.0280178489636284,1.57211537471531,1.83606056227322,0.772923604633135,0.977091282844883,NA,NA,0.261521614308616,1.35004597395511,2.78650826592476,2.8120500572108,3.09904724023096,1.72990939514392,NA,NA,3.05603098089919,1.63492567058674,1.42538951311209,"cydippid"
"5-18-202510-dev-seq-B","5","18","202510-dev-seq-B",2025-10-28,7,0.157057527326773,0.371044025042851,0.143012024407041,0.217913995704728,NA,NA,0.0891867700110279,0.243177674304201,0.885744864402837,0.877313285838787,1.05236263492783,0.209423091575404,NA,NA,1.00734157743339,0.300785789188918,0.23752329716893,0.156494677628163,0.0035901536922555,0.863298720814728,-0.0900932871488279,0.331078469195434,NA,NA,-0.562289290312461,0.440770345505978,1.73340694507154,1.72384215239215,1.90577104327009,0.291334566674611,NA,NA,1.86204803757837,0.653376346935609,0.417243711370558,"cydippid"
"5-18-202510-dev-seq-B","5","18","202510-dev-seq-B",2025-10-30,9,0.277676529123367,0.493622424907944,0.169213891108266,0.215699560630058,NA,NA,0.0765801978124895,0.311315691536742,1.39390559756427,1.21120563085929,1.39455442622949,0.333445227215805,NA,NA,1.47342213263172,0.670909461152547,0.306105159871571,0.477358620048089,-0.541811160490749,0.0335028704857707,-1.03710448985962,-0.794381515966601,NA,NA,-1.82992950328171,-0.427460549754786,1.07159683607476,0.931103499254088,1.07206220310272,-0.358789416777473,NA,NA,1.12707492319397,0.340366164238947,-0.444339329784514,"cydippid"
"5-18-202510-dev-seq-B","5","18","202510-dev-seq-B",2025-11-01,11,0.262113301379385,0.61346694175644,0.384322732655772,0.502892241396703,NA,NA,0.378076468065655,0.554112133967485,1.72326717982935,1.59533648117411,1.75817147885467,0.53957000316919,NA,NA,1.90394410531848,1.10300589753274,0.330898031189368,0.961428056434123,-1.29964287963255,-0.449293359896316,-0.916937088695764,-0.648043822594745,NA,NA,-0.93332326629747,-0.551052663778754,0.583557553223477,0.506420215025914,0.603609877570955,-0.577647206004604,NA,NA,0.683263120542153,0.137374628122522,-1.06660947288392,"cydippid"
"5-18-202510-dev-seq-B","5","18","202510-dev-seq-B",2025-11-03,13,0.416062874264215,0.511578888012396,0.467870225478177,0.512887631116212,NA,NA,0.542209265913079,0.857045535726078,2.29593323010862,1.91884633579203,2.19019836013647,0.55527281089749,0.213118801841837,0.442220613214716,2.20668534770365,1.15511903223867,0.459311655398597,1.84940430501069,-1.49178248002963,-1.2851170666657,-1.37442790745139,-1.28256209040962,NA,NA,-1.22696684253554,-0.769127817872962,0.216275807124863,0.0368605487254666,0.169128525185034,-1.20315932478721,-2.16076910358075,-1.43080998645213,0.176627957025252,-0.470660193067531,-1.39288990147946,"early_transition"
"5-18-202510-dev-seq-B","5","18","202510-dev-seq-B",2025-11-05,15,0.317348227803466,0.956895993951276,0.774620815390989,0.960078775023175,NA,NA,0.625180318952061,1.42338923396413,3.18351846648908,2.61529065222443,2.94274414045233,1.14372874766004,0.544197153533992,0.836652998364914,3.2836894629319,2.09142029513391,0.617246592438548,5.12708722508637,-2.78229330315162,-1.67859827823868,-1.8899193453706,-1.67527764611768,NA,NA,-2.10425286608025,-1.28149689329765,-0.476550684400963,-0.673162466128143,-0.555195178419173,-1.5002439493926,-2.24298138874467,-1.81288357782022,-0.445570079045241,-0.89669430332141,-2.11702437687198,"early_transition"
"5-18-202510-dev-seq-B","5","18","202510-dev-seq-B",2025-11-07,17,0.403648229859862,1.02592539857048,0.786435328632305,0.746455393146168,NA,NA,0.848079875158584,1.68450835199265,3.16959982046251,2.66692065640792,2.95750767762085,1.17085603453969,0.182955008371594,0.406186872328489,3.01162538924913,2.19011205915542,0.465867378614343,4.70522085951644,-2.45588421186929,-1.52307768022433,-1.78891750003565,-1.84109213183285,NA,NA,-1.71345316860646,-1.02719897138876,-0.395067373065823,-0.567748218755323,-0.464325800533977,-1.39093757864991,-3.24718772564555,-2.44961466198846,-0.446192783940929,-0.764720002300929,-2.31252699399399,"early_transition"
"5-18-202510-dev-seq-B","5","18","202510-dev-seq-B",2025-11-10,20,0.455065262308606,1.27606248765646,1.00376880085456,0.810595684820738,NA,NA,1.10104148592367,1.99487179187034,3.68403044102217,3.47839862785927,3.95453764576635,1.53749904037433,0.48980859700627,0.934378816798626,3.59671784223853,2.96129068518476,0.672251021349912,8.73321281276549,-2.95444775861022,-1.92335416669756,-2.16337160522053,-2.37711921017931,NA,NA,-2.07087678468672,-1.47655353838858,-0.863125940544443,-0.920561298468704,-0.792269631278178,-1.73697622538713,-2.88087390448194,-2.23500665948203,-0.887111602826722,-1.0815081063494,-2.56425678647229,"early_transition"
"5-18-202510-dev-seq-B","5","18","202510-dev-seq-B",2025-11-11,21,0.500450829378871,1.34530879615053,0.800025057670071,0.809766918480249,NA,NA,1.46095851317038,2.25718516167925,3.78502969716817,3.40227761405154,3.85709859215049,1.29792768344812,0.635447992673083,1.01081335682608,3.56643297863089,2.72911250359105,0.70486847606628,8.6778641702909,-2.85302136311545,-1.8641518601447,-2.38388766478032,-2.37178426275088,NA,NA,-1.78168269888507,-1.34665690174507,-0.829721702189166,-0.936330341229104,-0.810860194289137,-1.90000653216376,-2.61420046362837,-2.15002012450492,-0.889209504419978,-1.15679896897928,-2.51051948740852,"early_transition"
"5-18-202510-dev-seq-B","5","18","202510-dev-seq-B",2025-11-13,23,0.497462368985835,1.31941852475096,0.941932824662671,0.806362307959642,0.6273301553863,1.71247781522944,1.0054004296125,1.79946000453608,4.20370617914728,3.9982303021068,4.42022866986811,1.80566632760679,0.77436319360104,1.80018140000001,3.91808767076644,3.32459660473944,0.678319871166988,12.1338882067753,-3.19423758173041,-2.21881108826432,-2.55582353460357,-2.71122434013549,-2.96228452957725,-1.95806087979679,-2.49061631667528,-1.90851559384266,-1.06003565646758,-1.11015037750857,-1.00981078624091,-1.90507253602439,-2.75171648933016,-1.90811477865441,-1.1303985205766,-1.29465387139173,-2.88413853217253,"late_transition"
"5-18-202510-dev-seq-B","5","18","202510-dev-seq-B",2025-11-15,25,0.440961176966862,1.14724248406864,0.853778193060704,1.00914597716535,0.795501481835202,1.37413637715185,0.925377636179414,2.04180729034965,4.81775238292256,4.2461443309691,4.67298992463123,2.04101064013885,1.28585726331852,2.95890581275325,4.27439008734825,3.97937587602893,0.560791755763225,16.0384436703799,-3.59378701119893,-2.63762734668685,-2.93307241572335,-2.76588416370308,-3.0037711381336,-2.45716312525599,-2.85254193915381,-2.06115322740294,-1.20268106099073,-1.32897721477562,-1.23318946206518,-2.0615434726867,-2.52356294279826,-1.69016902755763,-1.32234714711536,-1.39386357776819,-3.35339421391965,"late_transition"
"5-18-202510-dev-seq-B","5","18","202510-dev-seq-B",2025-11-17,27,0.178655288332028,1.71295697889819,0.881167924315225,0.929365075480028,2.27032571095206,0.720768025798175,0.793759266897716,2.8638031801304,5.76281359690776,4.82578427642352,5.26120249438477,2.77881000389771,2.06495197641119,4.74751751802687,4.82735769130008,4.66868609876505,0.501754818118371,24.3937078916828,-4.91662231906863,-2.65610412120441,-3.3208322904743,-3.26757886628057,-2.3744019195512,-3.52176315874985,-3.42530027976405,-2.14217470103701,-1.44289939862271,-1.6203519598339,-1.53396561403058,-2.17230244584398,-2.46921825558507,-1.6367033721072,-1.62002596962351,-1.65344754295861,-3.88396891447668,"late_transition"
"5-18-202510-dev-seq-B","5","18","202510-dev-seq-B",2025-11-19,29,0.250299873663571,1.66043309786935,0.788092716482649,1.13085827691051,3.14838235744167,0.823333624345563,1.08680434833368,2.74481177109488,6.47352380544167,4.79811221296629,5.22819852108843,2.87829351254003,2.79949052493418,6.05633415677446,5.1211086658293,4.92486936740996,0.501250680568117,28.8872074479492,-4.74849443354513,-2.85632037759028,-3.60153838379531,-3.2404219667497,-2.21651006464858,-3.55779263283271,-3.28015724865538,-2.35368634720035,-1.49567825038278,-1.79517629667047,-1.70933208055534,-2.30620126009626,-2.33396140301595,-1.56229415584475,-1.73002789635497,-1.76910109837206,-4.05404779088097,"late_transition"
"5-18-202510-dev-seq-B","5","18","202510-dev-seq-B",2025-11-23,33,0.302951890375354,1.4531820697435,0.83371949197317,1.3556221247088,3.79892698807887,0.843297850283042,0.862714540325478,2.84416816479265,6.14040676559566,4.94647319037241,5.37626025460571,3.11359022359783,2.87135597635002,6.41354722434333,4.88779866083966,4.66306990340409,0.495974986195877,26.8930143214719,-4.4860478259491,-2.91811087940637,-3.47372483598905,-2.98760608064178,-1.95714790693094,-3.46230162380777,-3.43953798083227,-2.2465959223639,-1.47697557379767,-1.69319172638293,-1.6098735497267,-2.15609008912917,-2.23708217840876,-1.43345405522833,-1.70512453170904,-1.75219255343734,-3.99309634681633,"late_transition"
"11-20-202509-dev-seq-A","11","20","202509-dev-seq-A",2025-09-05,1,0.0600613291076536,0.103374379771106,0.0154887987378433,0.0077443993689216,NA,NA,0.00335635655414916,0.0589507685950957,0.284561846270025,0.203343016761778,0.281089754725476,0.0706677846947849,NA,NA,0.321616668186545,0.0427189106149214,0.0583759987814499,0.00428754789661212,2.63965120832374,3.18264216987888,1.28440211695332,0.591254936393369,NA,NA,-0.244858956902664,2.62098768133198,4.19523563212525,3.85917930713272,4.18295904651593,2.80227482338022,NA,NA,4.31764538124885,2.2989267100886,2.61118984193801,"cydippid"
"11-20-202509-dev-seq-A","11","20","202509-dev-seq-A",2025-09-07,3,0.072259364524942,0.107194415241789,0.0208979142896885,0.0296861908303685,NA,NA,0.00250376422438288,0.0572994743330623,0.306407250953127,0.193794964222968,0.273380733705892,0.0537369016147529,NA,NA,0.316518800283488,0.0587435867216328,0.045960002029368,0.00441891048163763,2.79436876305841,3.18875098231744,1.55375619090211,1.90478881413993,NA,NA,-0.568097879124028,2.56239828139846,4.23902193423996,3.78090754638037,4.12497228421545,2.49820677808492,NA,NA,4.27148947206274,2.58728881654358,2.34187832879856,"cydippid"
"11-20-202509-dev-seq-A","11","20","202509-dev-seq-A",2025-09-09,5,0.0425216604405011,0.0707421003982374,0.0222738119085545,0.0307633159262887,NA,NA,0.00197969649153652,0.0566267656448582,0.253570291512427,0.217072920514392,0.298637745517029,0.0467855370866772,NA,NA,0.295926773599825,0.0819393496770923,0.0551538026171256,0.00373487504966072,2.43229923940361,2.94132651102177,1.78569727037666,2.10860857465273,NA,NA,-0.634770818265081,2.71876740056413,4.21792670454872,4.06251897220966,4.38151692129262,2.5278597544334,NA,NA,4.37239767311281,3.08826497139373,2.69241132964997,"cydippid"
"11-20-202509-dev-seq-A","11","20","202509-dev-seq-A",2025-09-15,11,0.430089485940642,0.776807960922944,0.415961339602206,0.510218330214157,1.1868563620164,0.763761546367977,0.415961339602206,0.45711230525155,0.631604547049706,1.864592400958,2.19378571694609,0.522131598792905,NA,0.313020677830672,1.95091332964592,0.976712687916319,0.477031261499274,0.450532555100512,-0.0464370449364188,0.544762826469102,-0.0798380165173822,0.124408393757997,0.968633039222713,0.527825289554103,-0.0798380165173822,0.0144987664253902,0.337833142799462,1.42036741761535,1.58295362949912,0.147489322265269,NA,-0.364161087096657,1.46562257727074,0.773762194154785,0.0571516876636606,"late_transition"
"11-20-202509-dev-seq-A","11","20","202509-dev-seq-A",2025-09-17,13,0.467815958466327,1.25700099589286,0.817735246514872,0.75693582147088,NA,NA,0.520794156839507,1.10241744123864,2.82326836946694,2.96432625027448,3.26094429864546,1.22747197859309,0.432047661207548,0.779312833122241,3.04973830356064,1.95679890988152,0.617025828669847,4.67957990163155,-2.30288865284015,-1.31447961940649,-1.74442499557754,-1.82168515052186,NA,NA,-2.19560874902875,-1.44570289898711,-0.505313131194605,-0.456558568972541,-0.361191525696011,-1.33825158889592,-2.38242771124609,-1.79255107206069,-0.428152556464984,-0.871898412433647,-2.02605273554322,"early_transition"
"11-20-202509-dev-seq-A","11","20","202509-dev-seq-A",2025-09-19,15,0.504463127938326,1.4886827839659,0.859966791569254,0.742989811873625,NA,NA,1.19418267678692,1.79119123779268,3.61404256077571,3.58336295773663,3.99339566167322,1.07266155280275,0.513516133472119,0.794904691443259,3.4341992360608,2.54091347766072,0.780833444974262,8.26056668370696,-2.79575371916092,-1.71360149959639,-2.26235469588978,-2.40856613746222,NA,NA,-1.93403119205357,-1.5286122964733,-0.826666222214932,-0.835191457808551,-0.72685127895942,-2.04135019849518,-2.77796702242143,-2.34102624744689,-0.87770941150815,-1.17896953770437,-2.35888660151632,"early_transition"
"11-20-202509-dev-seq-A","11","20","202509-dev-seq-A",2025-09-21,17,0.373637869193704,0.810710218353096,0.678276221175469,0.724963953137108,0.298960849717187,0.636822139273117,0.996464947961059,1.6788671142344,4.2130855567702,3.08744824169289,3.53867431470415,1.27735971844298,0.761248578671737,1.59685322099458,3.75888789760703,2.16387201115074,0.610895358292804,9.34004558397812,-3.21877934756656,-2.44415573545025,-2.62251180088587,-2.55594447791484,-3.44175378430563,-2.68557601135024,-2.23785244784034,-1.71619190355779,-0.796115842147651,-1.106966194751,-0.97055896310435,-1.98951590511217,-2.50710645979807,-1.76627617693961,-0.910187991000779,-1.46241191807519,-2.72714073024138,"late_transition"
"11-20-202509-dev-seq-A","11","20","202509-dev-seq-A",2025-09-23,19,0.592315835144693,1.49382249146246,0.687893851219633,0.861027170260057,0.194131775754932,1.33824381282404,1.17869556483996,1.93939267029803,3.9556678996052,3.29517973559321,3.76293046862944,1.29889374937065,0.754279156620889,1.2955174358527,3.76320628474523,2.79077447809199,0.640071281394664,9.33582691798559,-2.75757463665729,-1.83252109023828,-2.60798009457785,-2.38348857402819,-3.87307744964812,-1.94250118866054,-2.06945098212007,-1.57148448809238,-0.85870989390374,-1.04139864116126,-0.908661321810173,-1.97234641543657,-2.51585210085653,-1.97494917589584,-0.908588026273578,-1.2075402075817,-2.68003508725901,"late_transition"
"11-20-202509-dev-seq-A","11","20","202509-dev-seq-A",2025-09-25,21,0.665167870416379,1.53788078213717,0.861636297104187,0.868584292000547,0.193071340855744,1.53519088364654,0.911525860343195,1.92993346315325,4.33200085527619,3.6973241815953,4.25704447041356,1.4325173775488,0.948477670187487,1.6480034431487,3.91624317047383,2.67912627937747,0.687827525822842,12.0369129793763,-2.89569384341027,-2.05757265672984,-2.63690003641261,-2.62886865326141,-4.13267352658188,-2.05932328246861,-2.58061332401558,-1.83049248267117,-1.02194848337266,-1.18036864608786,-1.03940287673126,-2.12854470948627,-2.54087504206551,-1.9884134891692,-1.12284519055515,-1.50248728373295,-2.86219517163113,"late_transition"
"11-20-202509-dev-seq-A","11","20","202509-dev-seq-A",2025-09-27,23,0.575992871419465,1.56846263195712,0.910824879078035,0.972828813867865,0.150286575583529,1.25441232394235,0.792548050634184,2.07089067119821,3.97920403857037,3.3487666126197,3.96827202841647,1.60114906388941,1.14673653386557,1.65813391020051,3.60620736592481,2.6871519098295,0.62089552238806,9.49067475054136,-2.80196970568113,-1.80021378700867,-2.34371434084359,-2.27785686000053,-4.14552101499753,-2.02364251617329,-2.4828118546641,-1.52233092063413,-0.869227902323759,-1.04171760860403,-0.871978968689116,-1.77958817489084,-2.11338959975271,-1.74461689175468,-0.967653082379919,-1.26182784816924,-2.72690216343417,"late_transition"
"11-20-202509-dev-seq-A","11","20","202509-dev-seq-A",2025-09-29,25,0.48753863279474,1.46870525341468,0.736514159807092,0.680240807544363,0.211076651100462,1.1196320561638,0.622729781989506,2.10567832794135,4.15692536788258,3.45042905116348,4.00970308979915,1.52012708898766,1.13939012032356,1.98164641692704,3.9291181046099,2.6375251838735,0.593854320424867,10.9151139912821,-3.10853417841696,-2.00576720080529,-2.69597525094825,-2.77545684825037,-3.94568236960826,-2.27714832344157,-2.86379102455147,-1.64551077221418,-0.965372726741951,-1.15164984752435,-1.00143123735821,-1.97135449095225,-2.25965529641125,-1.70622041060865,-1.0217334336544,-1.42030738634665,-2.91126967499993,"late_transition"
"11-20-202509-dev-seq-A","11","20","202509-dev-seq-A",2025-10-01,27,0.43836346863126,1.84271884514672,0.920912116737688,0.794732491269788,0.60325101273166,1.34899059645207,1.14952770527699,2.06204495712696,4.37268273354701,3.8127787855153,4.50273271645055,2.01117164997378,1.91935702458843,3.15912048465681,4.68480590538492,3.25736945721506,0.740529573953502,15.3732074461647,-3.55733309370066,-2.12138410380118,-2.81501688687402,-2.96237592794998,-3.238048113714,-2.4332696115815,-2.59327505107324,-2.00892802999075,-1.25724949944208,-1.39426795469855,-1.22794173524362,-2.03390875534883,-2.08063597110125,-1.58233255680999,-1.18830173214271,-1.55170626334544,-3.033015926283,"late_transition"
"11-20-202509-dev-seq-A","11","20","202509-dev-seq-A",2025-10-03,29,0.326885162643846,1.71550137761807,0.932126727506925,1.01075596613556,1.76304885884686,0.642385840311319,0.755352003762406,2.30280288694245,4.91590543686526,3.48272216937651,4.24536511647163,1.89746033264663,1.88941123238936,3.55825703663798,4.28149202741779,3.59682481921485,0.419646713055308,14.8923233220263,-3.81899222123664,-2.16114048053886,-2.77113236671688,-2.69014733469356,-2.13380125039532,-3.14341202534573,-2.98141727513236,-1.86671883941172,-1.10836991116603,-1.45303164631523,-1.25501803988466,-2.06032954188855,-2.06458060361096,-1.43157503837416,-1.24654431351449,-1.42079440528325,-3.56918794796654,"late_transition"
"11-20-202509-dev-seq-A","11","20","202509-dev-seq-A",2025-10-05,31,0.269671053630913,1.84704647040754,0.965201620370656,1.05620292777383,1.99770650408251,0.751842586957194,1.20103972184733,2.23500572988272,5.09997420266998,3.97310207775915,4.72302556219286,2.24572733101465,2.01211656077185,4.24221649635663,4.52541409031205,4.01308867715068,0.380990957959348,18.1675075666754,-4.21018708262798,-2.286046839164,-2.93505296644373,-2.84495436672875,-2.20763492542105,-3.18486300280251,-2.716447083475,-2.09539090823554,-1.27039921858622,-1.52008753063466,-1.34718509682555,-2.09060525309884,-2.20044751665506,-1.45454880877582,-1.38992561536758,-1.51007351149218,-3.86461433653092,"late_transition"
"11-20-202509-dev-seq-A","11","20","202509-dev-seq-A",2025-10-07,33,0.136119402985075,1.76955385018155,0.874669042842246,0.900875235169934,2.16599582008517,0.709106975117886,0.0611641718202539,2.2143276338715,5.15400602680127,3.68255540979081,4.42930559464921,2.23305929123553,1.92996615185173,4.2578990632774,4.46289961054898,3.38135761599455,0.39546730114836,16.9803420531238,-4.82627914045639,-2.26132887238323,-2.96596602607747,-2.9364448298431,-2.05917610635997,-3.17580520729363,-5.6262500138189,-2.03710751903514,-1.19228204357773,-1.52844940912385,-1.34381350402481,-2.02868380036871,-2.17455386028932,-1.38328046415689,-1.33625763347274,-1.61377903476429,-3.75974349759219,"late_transition"
"11-20-202509-dev-seq-A","11","20","202509-dev-seq-A",2025-10-09,35,0.17613458067664,1.82719185459903,0.865229326010996,1.12214414625005,2.42478330370958,0.863938151132334,0.103323260431206,2.35632647327408,5.6342421264529,4.1049496824864,4.86063323056719,2.65636408866149,1.47438102972278,4.28930623833709,4.66787915806114,3.81129540238506,0.50001202926051,21.3057443853454,-4.79548363902284,-2.45619644319849,-3.20373741622033,-2.94373545436632,-2.1732345647069,-3.20523082288649,-5.32886948042907,-2.2018728986201,-1.33011408133658,-1.64678324059527,-1.47780800202833,-2.08201842201483,-2.67073846495655,-1.60285172195141,-1.51827189902414,-1.72100759383106,-3.75209984813688,"late_transition"
"11-20-202509-dev-seq-A","11","20","202509-dev-seq-A",2025-10-11,37,0.206646520862414,1.80423876547246,1.06068568969486,0.961412786824492,2.76030830489473,0.775411847395217,0.00955223880597077,2.1747450156904,6.23820435576755,3.88671893689949,4.58619334921676,2.58669970636459,1.72215554963401,4.36495507322441,4.35049687721261,3.53943640556766,0.38029428990843,20.7443374564086,-4.60901888982796,-2.44213454951879,-2.97335773970759,-3.07162473916542,-2.01693093760484,-3.28663429055384,-7.68325303778672,-2.25536189226455,-1.20158093829671,-1.67470797500167,-1.50922297146666,-2.08189049724286,-2.48869658304353,-1.5586654190318,-1.56198325254337,-1.76830580876333,-3.9990831946311,"late_transition"
"11-20-202509-dev-seq-A","11","20","202509-dev-seq-A",2025-10-13,39,0.271945377346613,1.72920918395411,0.920777497930048,1.22809927133864,3.31557343789856,0.887280681770076,0.753840512265509,2.14489774164661,6.47594591684742,4.42528791038222,5.18275860596018,2.48249804125572,1.92714494432688,5.00978272210482,4.51150934295503,4.20923280549687,0.505547219005105,25.2368301777121,-4.53045849396391,-2.68064025763516,-3.31084130192713,-3.02283677622249,-2.02967385107953,-3.34789834983623,-3.51087889807483,-2.46521256418082,-1.36020975807254,-1.74096910169595,-1.58296697860195,-2.31903911461637,-2.57226483832281,-1.61691189721743,-1.72167267916224,-1.7910240429177,-3.91041827692173,"late_transition"
"11-20-202509-dev-seq-A","11","20","202509-dev-seq-A",2025-10-16,42,0.35690109501649,2.11937305003034,0.797483232085657,0.944174904790089,3.82724286217134,0.922509966344001,0.164342930474844,2.25861469557355,6.86439858411399,4.72332379355061,5.50228136326107,2.90001313552767,2.53346925649437,6.1778693696746,4.72043962294881,4.6967203261672,0.57321392482111,29.7150513031493,-4.42195027568215,-2.64053338149483,-3.61794816546602,-3.4490975448249,-2.04950903069755,-3.4723107948248,-5.19745369018128,-2.57690203654091,-1.46530526604301,-1.83914095000554,-1.68649089576827,-2.32693842884945,-2.46206408425971,-1.57068024548705,-1.83975175960851,-1.84478923312885,-3.94814998551887,"late_transition"
"2-20-202509-dev-seq-A","2","20","202509-dev-seq-A",2025-09-05,1,0.0647534178529254,0.0626837241714947,0.0231838660763554,0.0266993191343259,NA,NA,0.00177175681508783,0.0584124548482679,0.239427219975683,0.204005677318813,0.273930944622403,0.0762072136830967,NA,NA,0.291836572307202,0.0581585017555672,0.059552716781749,0.0031900910850338,3.01053701486867,2.97805236165844,1.98340713931567,2.12458859480276,NA,NA,-0.588077864461378,2.90747966535435,4.31820001778657,4.1580983537599,4.45282657800716,3.17340665627782,NA,NA,4.5161444920161,2.90312260246574,2.92681244692918,"cydippid"
"2-20-202509-dev-seq-A","2","20","202509-dev-seq-A",2025-09-07,3,0.101818367081826,0.135997993153709,0.0104995557055194,0.0199223030182289,NA,NA,0.0115302733825839,0.1194656551952,0.331751798727619,0.301649213021749,0.396418865760403,0.112316581499971,NA,NA,0.426716600627463,0.0502060800994118,0.0872295808612721,0.00935310670587368,2.38748195492308,2.67693157328476,0.115624386388484,0.75613130271896,NA,NA,0.209267488425192,2.54732036971911,3.56867853901499,3.47355623985186,3.74676283793928,2.48561294833114,NA,NA,3.82041153799869,1.68042758076203,2.2328349473302,"cydippid"
"2-20-202509-dev-seq-A","2","20","202509-dev-seq-A",2025-09-09,5,0.114963944984588,0.145446456806008,0.0543773047672325,0.05916622135638,NA,NA,0.0164106119788434,0.14083268239181,0.405998243101677,0.397695289406153,0.505705091463545,0.149440870587325,NA,NA,0.508678469008895,0.0876807693382426,0.102556331716177,0.0174065854136086,1.88776995066737,2.12295941776006,1.1390982683699,1.22350218718352,NA,NA,-0.0589204092143716,2.09072392938397,3.14950022559212,3.128837500888,3.36910506952095,2.15005219346374,NA,NA,3.3749675187503,1.61685399088363,1.77356361867026,"cydippid"
"2-20-202509-dev-seq-A","2","20","202509-dev-seq-A",2025-09-11,7,0.205907842620149,0.382329215880903,0.109488370499663,0.15428995740381,NA,NA,0.0299497885812789,0.209463855656243,0.657715154430722,0.606273046105177,0.73061710302445,0.10609629699825,NA,NA,0.751451206460739,0.168305144022258,0.212385205712574,0.0601834692205549,1.23003098582925,1.84888434218853,0.598420621193089,0.941435955435414,NA,NA,-0.697875451459984,1.24715348083651,2.39137422465612,2.30993273878255,2.49649180670633,0.566949427016894,NA,NA,2.52460856194841,1.0283809483894,1.26100391704719,"cydippid"
"2-20-202509-dev-seq-A","2","20","202509-dev-seq-A",2025-09-13,9,0.430223718786781,0.559540275288835,0.26518486345687,0.350207143615773,NA,NA,0.107522408230251,0.45235463447005,1.38033564533433,1.61553077183956,1.86107086451682,0.574724163113698,NA,NA,1.85584046141427,0.576193329105888,0.404466045987636,0.794578852217691,-0.613506879012238,-0.350696719059742,-1.09738504792309,-0.819287410333316,NA,NA,-2.0001129541526,-0.563345766913144,0.552269741183103,0.709606604305182,0.851095105996019,-0.323922019278753,NA,NA,0.848280722710381,-0.321368983461464,-0.675244436374142,"cydippid"
"2-20-202509-dev-seq-A","2","20","202509-dev-seq-A",2025-09-15,11,0.352758533849127,0.703965409547346,0.46963639404893,0.571070912478939,NA,NA,0.335915210636422,0.887796456065494,2.04179104477612,2.32615402748617,2.60512030730811,0.57808804474795,0.0743756967278683,NA,2.28985415122024,1.07760780583818,0.5197254103046,2.02999818720421,-1.75000639624891,-1.05906095824736,-1.46383141341748,-1.26827678710688,NA,NA,-1.79893140021118,-0.827047678456907,0.00579248574704094,0.136181371753058,0.249443957316158,-1.25606399540717,-3.30666094744101,NA,0.12045322606397,-0.633291310237546,-1.3624895640349,"cydippid"
"2-20-202509-dev-seq-A","2","20","202509-dev-seq-A",2025-09-17,13,0.415429737483339,1.17222182797476,0.485732383639679,0.633163778220833,NA,NA,0.450973551475135,0.920546884267618,2.42964449599553,2.25291548871603,2.52672063569191,0.736328156650085,NA,NA,2.20982571022716,1.00082163358219,0.483456096249885,2.26103211769117,-1.6942631807934,-0.656920452016333,-1.53791885597,-1.2728475552147,NA,NA,-1.61216798365568,-0.898608744404137,0.0719235504283596,-0.00359624808729247,0.111100872253297,-1.12190079288511,NA,NA,-0.0229077500081658,-0.81500010205119,-1.54261617052234,"cydippid"
"2-20-202509-dev-seq-A","2","20","202509-dev-seq-A",2025-09-19,15,0.439021573593647,1.0818859304043,0.488439944990052,0.600392831972817,NA,NA,0.423656867590854,1.08520170066238,2.51996881246016,2.30415464444752,2.59654028944593,0.893737524779468,NA,NA,2.44705632370201,1.28316827762081,0.496865649224588,2.66859671373233,-1.80475948339994,-0.902847008766122,-1.69809151150894,-1.49172387691476,NA,NA,-1.84038418480733,-0.899786889924555,-0.0573062334289783,-0.146838898300754,-0.0273728578572209,-1.0938959022279,NA,NA,-0.0866669572214563,-0.732220522348796,-1.68098837178912,"cydippid"
"2-20-202509-dev-seq-A","2","20","202509-dev-seq-A",2025-09-21,17,0.387177854104342,1.27344492061301,0.612836322562335,0.680678325130933,NA,NA,0.662521964228597,1.06809290555163,2.88683923458125,2.93911072303871,3.23813851021866,1.38959632486936,0.333234885588297,0.695954513125317,3.14165568538844,1.43605608276443,0.508808049802451,4.89469185989266,-2.53702244422405,-1.34642555993017,-2.07780871323166,-1.97281676509428,NA,NA,-1.99985289214891,-1.52227659705873,-0.527989110878,-0.510044263591333,-0.413152693216913,-1.25913803282888,-2.68705899955581,-1.95062229951862,-0.443401374737403,-1.22625079931689,-2.26383576995895,"early_transition"
"2-20-202509-dev-seq-A","2","20","202509-dev-seq-A",2025-09-23,19,0.512727040050137,1.52178062215738,0.95713540083951,0.967588629913919,NA,NA,0.818160545704546,1.86080578602726,3.57803232917619,4.10545950806148,4.50732153579528,1.41231070210111,0.501100770927557,1.01271752831607,4.1321576283077,2.25566365715164,0.812586222441508,11.1067866641283,-3.07556799375678,-1.98767522148766,-2.45136674552176,-2.44050458379306,NA,NA,-2.60825302815994,-1.78654672045797,-1.13274331207571,-0.995238657399195,-0.901853250078116,-2.06232917381947,-3.09850439121251,-2.3949189929609,-0.98875663394882,-1.59411209828629,-2.61508958314591,"early_transition"
"2-20-202509-dev-seq-A","2","20","202509-dev-seq-A",2025-09-25,21,0.595704831216355,1.60260336209544,1.01224221238686,1.08103200927507,0.181382527539183,0.867427966146788,0.189139755688751,2.10507428822984,4.15429119743493,3.89042127266063,4.2853091739071,1.61203758689272,1.05590085738586,1.8608241741933,4.03824779101691,2.68896476761913,0.685784888535559,11.981765340152,-3.00139592333646,-2.01175653084589,-2.4712180565749,-2.40546979008715,-4.19053300511691,-2.62560874585692,-4.14865502819698,-1.73903518127387,-1.05924411561921,-1.12486849102556,-1.02819323705545,-2.00588697836251,-2.42899164328075,-1.86236644511773,-1.08757505630944,-1.49422966431533,-2.86057721310013,"late_transition"
"2-20-202509-dev-seq-A","2","20","202509-dev-seq-A",2025-09-27,23,0.491621400767935,1.11522132378498,0.978376139731176,0.882445416510824,0.291547096402856,0.924205922346578,0.85327016835816,2.14119440994934,4.45156806278119,4.00500324207552,4.40439853861661,1.66540756479378,1.17350721353484,2.11210346925171,3.99325856506639,3.10381990736831,0.848860334348949,13.0489572787901,-3.27875459791734,-2.45965534668558,-2.59056931050313,-2.69376657163472,-3.80126194910539,-2.64752860105549,-2.72738728293959,-1.80734441974352,-1.07545182080012,-1.18116383854096,-1.08610451911149,-2.05863835143024,-2.40871134525204,-1.82102387280099,-1.18410064799623,-1.43607464746358,-2.73256884083854,"late_transition"
"2-20-202509-dev-seq-A","2","20","202509-dev-seq-A",2025-09-29,25,0.45429030770114,1.63326873575628,0.980155242499131,0.905102980692404,0.549484701598831,0.78123685999197,0.779349421094539,2.20879902634524,4.67023708793921,4.1321452935625,4.54244054390353,1.58403800040375,1.32216931582548,2.45885857169684,3.92519874761609,2.87980593885924,0.905650980195058,13.878373817615,-3.41935062912321,-2.13974842197128,-2.65037609725045,-2.73003833903624,-3.22910613421117,-2.87720868538393,-2.87962757095353,-1.83788284727408,-1.08912194941321,-1.21153507445024,-1.11686735574712,-2.17035450484232,-2.3510579793612,-1.7306345410807,-1.26291480181297,-1.57260887856366,-2.72943306683337,"late_transition"
"2-20-202509-dev-seq-A","2","20","202509-dev-seq-A",2025-10-01,27,0.559030443497057,2.21690413280796,1.03942338831381,1.09536995157282,0.660869365389967,0.999894313862759,0.679502655123833,2.32287390843226,4.45707529220587,4.50075650184321,4.84718362856019,1.939574974168,1.64868003799298,3.15549357070499,4.17410430082793,3.19259557698051,0.887086234297167,15.0297407580775,-3.29158230198912,-1.91391926747345,-2.6713648302338,-2.61893879379204,-3.1242300457653,-2.71013664704031,-3.09642509324946,-1.86722578262732,-1.21553816847263,-1.20578546115006,-1.13163311417945,-2.0475620917258,-2.21005596453169,-1.56088603076633,-1.28113115875565,-1.54919670886793,-2.82984403653884,"late_transition"
"2-20-202509-dev-seq-A","2","20","202509-dev-seq-A",2025-10-03,29,0.447071309328681,1.29576832386043,0.961092420697793,0.950735724771074,0.975295101310486,0.873267753550906,0.604683878572204,2.3254907716494,4.75719294757704,3.73725172806817,4.43406686760712,1.71209058664453,1.42454942206807,2.86980796008705,4.34080680264951,3.93443254001079,0.705088528430953,15.2606211573102,-3.53031289835543,-2.46617191046623,-2.76496043321736,-2.77579487695257,-2.75029091573128,-2.86078879503155,-3.22832520222941,-1.88134462861853,-1.16561795256668,-1.40692522072534,-1.23595853823148,-2.18756054088365,-2.37142016128256,-1.67103061529191,-1.25721549989983,-1.35550906687622,-3.07470764177394,"late_transition"
"2-20-202509-dev-seq-A","2","20","202509-dev-seq-A",2025-10-05,31,0.413417209683683,1.79778988772026,0.825288004030588,0.741404269134668,1.010887137436,0.658197515722842,0.409926290175617,2.42961809000216,4.67521835338367,3.61048931013342,4.44188260216984,1.97918146672701,1.60539189500758,3.32013134927389,4.24274275877943,3.21296549138494,0.705476650586088,14.6846779267129,-3.57010263526685,-2.10024656194954,-2.87882749005549,-2.98601386235802,-2.67597633305978,-3.10505484911293,-3.57858254778856,-1.79907055189029,-1.14452876402687,-1.40296132615001,-1.19572633620771,-2.00412127369301,-2.21343673416164,-1.48680028710282,-1.24159469510323,-1.51961029251658,-3.03568623678341,"late_transition"
"2-20-202509-dev-seq-A","2","20","202509-dev-seq-A",2025-10-07,33,0.473583006805608,1.75093070019302,0.96548518350277,1.11614139763489,2.02757730456742,0.741231958443118,0.143283582089552,2.30363730716218,5.22679280871843,3.68075539236302,4.47049368518317,2.069024627532,1.62871974316705,3.53243030922164,4.50647303556965,3.26689709332886,0.646524991389334,17.5499667134243,-3.61248013019549,-2.3049045779927,-2.9001765764023,-2.75517449691611,-2.15821041893513,-3.16449372157398,-4.80798157415627,-2.0305627415635,-1.21125419295505,-1.56193405245933,-1.36755320659955,-2.13797475143779,-2.37725778067488,-1.6030659463153,-1.35953723769554,-1.68121141994428,-3.30119547831511,"late_transition"
"2-20-202509-dev-seq-A","2","20","202509-dev-seq-A",2025-10-09,35,0.318360306882831,2.02680635490475,0.866548825595028,0.896906102147049,2.0922353775395,0.802581710817995,0.0365302890526049,2.2964854063662,5.11589610533387,3.83137155272758,4.66118002683795,1.98075121153465,1.57797200031288,3.63666289296988,4.49594210246618,4.36156730144299,0.378889585351948,17.8684570454866,-4.02760847925383,-2.17657565210574,-3.02627380551073,-2.99184108444128,-2.14480392912022,-3.10295859098531,-6.19265050761839,-2.05165711212285,-1.25068440644001,-1.53981413530891,-1.34376834143302,-2.19956080964043,-2.42689650367314,-1.59197050866177,-1.37986174721484,-1.41020551658386,-3.85354743002814,"late_transition"
"2-20-202509-dev-seq-A","2","20","202509-dev-seq-A",2025-10-11,37,0.222999260273265,1.70914685753428,0.897097122913349,1.04283589566124,2.73209059183712,0.670164611066264,0.143283582089552,2.15017293776235,5.55368069866643,3.76611182879274,4.57510989634128,2.13261085263719,1.26745045374824,3.4833598005534,3.95519211476965,3.09588708109495,0.433181128343813,16.7493813350264,-4.31894814705441,-2.28236699007359,-2.92695246988562,-2.77641749749864,-1.81329422167745,-3.21859323098156,-4.76129084328382,-2.05281304729336,-1.10390042547201,-1.4923181982569,-1.29773060286946,-2.06101434085466,-2.58135395639245,-1.57036403440781,-1.44333214716377,-1.68828683981886,-3.6549606505508,"late_transition"
"2-20-202509-dev-seq-A","2","20","202509-dev-seq-A",2025-10-13,39,0.2300483740426,1.62877367656716,0.830410795710218,0.980495579337363,2.96928552655424,0.816047557134121,0.0160195914805955,2.4305579666828,5.7987646344169,4.43379355451149,5.22010248024024,2.49956738515743,1.96736284186992,4.85010163340012,4.4120409577918,3.86177829640746,0.530235302953421,22.2588537346841,-4.57220552037193,-2.61491246412246,-3.28857461616337,-3.12243699205862,-2.01441848969795,-3.30602249503745,-7.23668268837689,-2.21461900320918,-1.34509494932291,-1.61348429966269,-1.45022281619101,-2.18662217915983,-2.42604586312648,-1.52374019005271,-1.61840246550358,-1.75161207418388,-3.73717425324666,"late_transition"
"2-20-202509-dev-seq-A","2","20","202509-dev-seq-A",2025-10-16,42,0.345072561063898,1.52679397564415,0.801050769050052,1.0035421338615,4.12507470246999,1.13624096415572,0.0286567164179105,2.54021425049246,6.79776410242063,4.50692929531609,5.27198410004056,2.82392679271797,2.01142559517562,5.25196822518572,4.42033398632721,4.23152589039757,0.617432362457498,26.402437024861,-4.33745687958058,-2.85028622129845,-3.49528726927696,-3.26992044215944,-1.85637218812723,-3.14573090329985,-6.82582375079086,-2.34120788937887,-1.35686256779444,-1.76784026160294,-1.61104953616947,-2.23532792140311,-2.57461259543731,-1.61485341105814,-1.78724106168721,-1.8308936588386,-3.75564206840072,"late_transition"
"3-20-202509-dev-seq-A","3","20","202509-dev-seq-A",2025-09-05,1,0.0563627077197944,0.0898150018272561,0.00796892120729149,0.0039844606036458,NA,NA,0,0.0636042360464956,0.262055802193428,0.248342070947995,0.29212019164748,0.109852027661466,NA,NA,0.310670130461926,0.0576524203351944,0.0666198423693432,0.00396372582441416,2.65462328148427,3.12056757188383,0.698364679282852,0.00521749872292122,NA,NA,-Inf,2.77549562495111,4.19137301887238,4.13762266643632,4.29998088512744,3.32194980943531,NA,NA,4.36154722782925,2.6772477814166,2.82181801896497,"cydippid"
"3-20-202509-dev-seq-A","3","20","202509-dev-seq-A",2025-09-07,3,0.0580146220881005,0.0738825865622219,0.0115104936972481,0.0213240784407472,NA,NA,0.00285797135696293,0.105338316632395,0.267597329557134,0.198008859019832,0.2821625214351,0.028909956640661,NA,NA,0.32070466502314,0.0515461464927136,0.085708244715438,0.00403585105148255,2.6654778869147,2.90725996820937,1.04804191788538,1.66461968064727,NA,NA,-0.345105139424756,3.2619600367751,4.194266152145,3.89309457539217,4.24726602525106,1.96896885939709,NA,NA,4.37530345614457,2.54726025803433,3.05573182853138,"cydippid"
"3-20-202509-dev-seq-A","3","20","202509-dev-seq-A",2025-09-09,5,0.0621696864562464,0.131339001204002,0.00801801008735798,0.0131630074546714,NA,NA,0.00239436283525186,0.0659846405485773,0.263129473059954,0.262787770715309,0.366978465898238,0.0246015083810857,NA,NA,0.305396226886994,0.0567926416666353,0.0921010949785363,0.00491498835937046,2.53757813973188,3.28549239086645,0.489400887100759,0.985121044570584,NA,NA,-0.719172229300546,2.5971326107744,3.98035681883714,3.97905736575104,4.31301378509865,1.61051837215504,NA,NA,4.12932065284092,2.44711738400459,2.93059744700054,"cydippid"
"3-20-202509-dev-seq-A","3","20","202509-dev-seq-A",2025-09-11,7,0.0831459838020473,0.125608875735842,0.00984622238953464,0.0365302890526048,NA,NA,0.0378654802445426,0.104245247151717,0.353368252100045,0.379093756315433,0.466455216837817,0.138692619421914,NA,NA,0.449285874147009,0.0832326702332893,0.099167742599536,0.0123426665665742,1.9075358174082,2.32011083179658,-0.225974218556424,1.08507966709432,NA,NA,1.12097779913053,2.13368418234141,3.35444863382582,3.4247214662031,3.63209993104786,2.4191980269463,NA,NA,3.59459728946388,1.90857785539786,2.08375069957455,"cydippid"
"3-20-202509-dev-seq-A","3","20","202509-dev-seq-A",2025-09-13,9,0.128733917343938,0.303519710640281,0.0408071820671882,0.0674177634077282,NA,NA,0.0479994059516221,0.114751176374772,0.559952898760667,0.477561237980414,0.578072052463326,0.124660376225797,NA,NA,0.703120372314664,0.145847703733516,0.14863633499315,0.037932538013873,1.22193835134601,2.07963728627782,0.0730488304150402,0.575099268676006,NA,NA,0.235379368261473,1.10695683395815,2.69204340427389,2.53288313221527,2.72388925258227,1.18978378282957,NA,NA,2.91971883721224,1.34675368559983,1.36569335126437,"cydippid"
"3-20-202509-dev-seq-A","3","20","202509-dev-seq-A",2025-09-15,11,0.184870373568592,0.520939227521145,0.151787449142168,0.155938652822109,NA,NA,0.0329387802367371,0.339148620208664,1.00135831117771,1.01655146294223,1.18515447680158,0.442558429940934,NA,NA,1.37399583616835,0.388373696158895,0.321502376545344,0.271768197769698,-0.385294592801183,0.650683900243839,-0.582468307552681,-0.555486810107438,NA,NA,-2.11029879465938,0.221488930129909,1.30416317961659,1.31922177050077,1.47267891637005,0.48762301192192,NA,NA,1.62052895345941,0.357018521663907,0.16805544683116,"cydippid"
"3-20-202509-dev-seq-A","3","20","202509-dev-seq-A",2025-09-17,13,0.355692654442213,0.783880369667244,0.457218337020433,0.421957377603646,NA,NA,0.378791738438655,0.845303142393036,2.16624263947735,2.04387434924,2.30890277994937,0.636739654722198,NA,0.255283050011207,2.22274340965935,1.16860572233172,0.553763488954787,1.85289507761502,-1.65043757395121,-0.860248182703314,-1.3993435633654,-1.47960029370473,NA,NA,-1.58751805045053,-0.7848092902841,0.156244841505734,0.0980978747589127,0.220023101938281,-1.06814373497386,NA,-1.98213167209275,0.181992880347153,-0.46093797485107,-1.20776692135162,"early_transition"
"3-20-202509-dev-seq-A","3","20","202509-dev-seq-A",2025-09-19,15,0.538267809134668,1.22078793818585,0.643541105775614,0.670836532196468,NA,NA,0.709137132985836,1.16023334391892,2.86917596679732,2.51978072431732,2.96750966486197,0.772506862303265,0.0537595282627893,0.334464790925595,2.63503749281671,1.43355404884508,0.660832689917248,3.73925320918221,-1.93828497097843,-1.11938941355396,-1.75965529034606,-1.71811570467642,NA,NA,-1.66259226848246,-1.17026477135975,-0.264861045837154,-0.394714031221561,-0.231162810398983,-1.57700030180837,-4.2421202724786,-2.41410957857045,-0.349988504134104,-0.958729205056273,-1.73314050258437,"early_transition"
"3-20-202509-dev-seq-A","3","20","202509-dev-seq-A",2025-09-21,17,0.414092582061253,1.16092618635216,0.637714788507683,0.683802871209307,NA,NA,0.955271640597075,1.72589983181231,3.62430684257096,3.00259372542694,3.5463499664029,1.09455486170794,0.269672375337279,0.513214463956337,3.1714008266673,2.14473820841244,0.712090412535417,6.79370108906424,-2.79766157445029,-1.76677774941181,-2.36586000800581,-2.29608147534328,NA,NA,-1.96175541099083,-1.37024731635375,-0.628332818279634,-0.816519382179082,-0.650076976388516,-1.82564811083066,-3.22654335391602,-2.58305733523871,-0.761822481023193,-1.15297837488827,-2.25554626419357,"early_transition"
"3-20-202509-dev-seq-A","3","20","202509-dev-seq-A",2025-09-23,19,0.560985671069651,1.92869199088991,0.884446531558836,0.828377947862173,NA,NA,1.08110392393776,2.0635139002065,4.02638788002553,3.88599184131638,4.60604416612838,1.66672197131083,0.459067599396131,0.986242636352215,4.22947419299482,2.68511483132188,0.855245499974193,13.073107640829,-3.14861718392445,-1.91371522014356,-2.6933504860535,-2.75884303834524,NA,NA,-2.49257459748457,-1.84614696195767,-1.17768760202479,-1.21317901692729,-1.04318787819588,-2.05969846237154,-3.3491150727662,-2.58441014153296,-1.12847958729826,-1.58283377360953,-2.72692398516134,"early_transition"
"3-20-202509-dev-seq-A","3","20","202509-dev-seq-A",2025-09-25,21,0.388513167887192,1.25660509309452,0.887137662567504,0.827978560304763,NA,NA,1.1718075365225,2.48308261337993,3.98617812437013,3.21948361760908,4.00673166021113,1.26827747023016,0.712066025210047,1.15365744461643,3.55518794889057,2.44727633208408,0.761138146005243,9.46364136651489,-3.19288544703802,-2.01904351741084,-2.36721233999073,-2.43622524974857,NA,NA,-2.08890977177936,-1.33795645389333,-0.864624323173793,-1.07823625197074,-0.859481369806799,-2.00979757428576,-2.58704187129765,-2.10451994919857,-0.979049300720787,-1.35248152649638,-2.52039763685877,"early_transition"
"3-20-202509-dev-seq-A","3","20","202509-dev-seq-A",2025-09-27,23,0.430804911141433,1.53336865275828,0.828574303232049,0.788189948531108,NA,NA,0.865519286644483,2.07813340513628,4.2342177395996,3.77639509065255,4.49403062037177,1.34067478241661,0.84792360387381,1.44638241541212,3.6826540884149,2.74545501449396,0.914885873058798,11.6793558712672,-3.29992276158656,-2.0303557789022,-2.64587158996239,-2.6958389946085,NA,NA,-2.60224844866758,-1.72635273844067,-1.01462423002862,-1.12905295300332,-0.955072840519627,-2.16464977168929,-2.62278756489144,-2.08875727477564,-1.15418911596656,-1.44787600544682,-2.54677877825483,"early_transition"
"3-20-202509-dev-seq-A","3","20","202509-dev-seq-A",2025-09-29,25,0.466815281473468,1.73285615836472,0.846721245687924,0.965449742665937,0.240192986936527,0.956740586930145,0.384803792295998,2.40967057384379,3.83878350078148,3.40880194129599,4.1373415174253,1.59671036292426,1.5279943596751,1.98438996160403,4.00057024226676,2.79234749707875,0.872972200791565,10.5897483681319,-3.12170804050356,-1.81011539229123,-2.52627014436364,-2.39504762969599,-3.78619896458889,-2.40410939137278,-3.3149081030593,-1.48039635125091,-1.01473087832175,-1.13352550536041,-0.939832962035214,-1.89194090850305,-1.93593039863382,-1.67457485528277,-0.973449486533445,-1.3330037591994,-2.49573796501741,"late_transition"
"3-20-202509-dev-seq-A","3","20","202509-dev-seq-A",2025-10-01,27,0.365302890526051,1.80783848096781,0.926037700702941,1.02737925372613,0.982814956883681,0.87741128785493,1.13297767188501,2.20056818439015,4.87000265078653,4.18625503399202,4.58406269927889,1.97998809656849,1.78314516599263,3.05301268151708,4.14267723207377,2.98709519674432,0.841085339842103,15.4137955383343,-3.74229135506146,-2.14313100036366,-2.81210325425771,-2.70825177673398,-2.75259734240163,-2.86604234780941,-2.61041364781753,-1.94654732994375,-1.15216844119138,-1.30345637496322,-1.21267726542302,-2.0521720897408,-2.15688417031896,-1.61913405506221,-1.3139206693477,-1.64096151351599,-2.90832507250499,"late_transition"
"3-20-202509-dev-seq-A","3","20","202509-dev-seq-A",2025-10-03,29,0.342418117328906,1.63830294321568,0.957751878709592,0.932582413341746,2.1235108393168,0.685054791115301,0.644262924567585,2.45760002970223,5.52305293294894,4.53710808647662,5.00262044052897,2.30090016961942,2.56234382568822,4.69252212218877,4.79321596779014,3.51257281603187,0.52753963067163,22.072549825674,-4.1660574705101,-2.60067383180697,-3.13750128097205,-3.16413249960597,-2.34126397193911,-3.47259120404444,-3.53398311538976,-2.19514947109829,-1.38540397218866,-1.58204492342106,-1.48437288390169,-2.2610343226933,-2.15341235062103,-1.54836454331635,-1.52713316899235,-1.83798598216751,-3.73386603437403,"late_transition"
"3-20-202509-dev-seq-A","3","20","202509-dev-seq-A",2025-10-05,31,0.277014925373134,1.89537035469742,1.10171109751718,1.43780233776624,3.14919844331464,0.991181432764762,0.200824320397647,2.61184306855277,6.51771450443541,4.58746284195887,5.12206978101752,2.82437911727236,3.10902376662929,6.18957065885565,4.87050381792376,4.22347315465168,0.417081567960154,27.0996362615498,-4.58320419774545,-2.66010604843859,-3.2026557913149,-2.93640451221339,-2.15237234769586,-3.30837798663272,-4.90484508669308,-2.33946417705552,-1.42499652735567,-1.77619319221014,-1.66596169424482,-2.26123174676614,-2.16521153020413,-1.47665458186494,-1.71632292059654,-1.85886249373256,-4.17399377540528,"late_transition"
"3-20-202509-dev-seq-A","3","20","202509-dev-seq-A",2025-10-07,33,0.468449426540484,2.04196001744736,0.524591005334772,1.18453779336763,3.42762402550748,0.926242441945336,0.0514403802472551,2.67729078424762,6.60532305913396,4.72899739385426,5.3129278311079,2.8502990662751,2.90292600177781,6.34372226753494,5.02143486552501,4.45544107073294,0.630809484650949,29.370041711583,-4.1383022961695,-2.6660650259636,-4.0251115228755,-3.2106225147124,-2.14810784820609,-3.45659442766826,-6.34730697244619,-2.39516978360285,-1.49209931734225,-1.82626195285715,-1.70983210149768,-2.3325512411097,-2.31425597096154,-1.53250946080764,-1.76625944277209,-1.88584910362182,-3.84072655351804,"late_transition"
"3-20-202509-dev-seq-A","3","20","202509-dev-seq-A",2025-10-09,35,0.345072561063898,1.15740362831326,0.97507726558948,1.56055636073987,3.37924919261871,1.01354075876673,0.034441086810402,2.4121058019174,6.11462674908993,4.5447982255669,5.20607531045368,3.08760512585925,2.33438424180159,5.67222846926404,4.92685365355934,4.20369329175621,0.613206117089587,26.1395923236941,-4.32745167433535,-3.11727186715895,-3.28868967656006,-2.81840871301446,-2.0457975597358,-3.25000121024035,-6.63195615548298,-2.38295096948324,-1.45276738349706,-1.74946778036515,-1.6136248396387,-2.13605536195861,-2.41570296385845,-1.52786904358111,-1.66875053202489,-1.82748761813124,-3.75250526854433,"late_transition"
"3-20-202509-dev-seq-A","3","20","202509-dev-seq-A",2025-10-11,37,0.355344546456531,1.54462859499146,0.920351876765006,1.07138461305235,3.24172500219422,1.02263956280569,0.457152914931929,2.83400966466947,5.65983019176022,4.9207745100348,5.57217040799587,3.09239973171928,2.27292738091533,5.11726517324883,4.72219343360859,5.38582319551759,0.472558440292853,24.821059385672,-4.24635986839867,-2.77690897174848,-3.2946916689275,-3.14274061878073,-2.03558686539823,-3.18930537024603,-3.99442979968627,-2.16999991008813,-1.47829857129896,-1.61822652275455,-1.49390782324446,-2.08274505989888,-2.39062386581159,-1.57907231111334,-1.65941905944494,-1.52792229443462,-3.9612863181452,"late_transition"
"3-20-202509-dev-seq-A","3","20","202509-dev-seq-A",2025-10-13,39,0.250190458318542,1.96025667129138,0.945604582377777,0.9340790889814,3.54282039381825,0.991888198029727,0.0160820305600339,3.12278720815715,7.23191766352659,5.32072241981724,5.99040002849777,3.35867688598946,3.15296703703195,6.65368627650254,4.95649005151958,4.92181742393134,0.549224207639521,35.787576238204,-4.96313361861794,-2.90452538131546,-3.63353158706642,-3.64579496735253,-2.31267766937532,-3.58574568237241,-7.70765354531927,-2.43887486174244,-1.5990965627207,-1.90599171339134,-1.78744260810624,-2.36605368823441,-2.42925687469394,-1.6824297723458,-1.97690296139412,-1.98392294332192,-4.17684932878079,"late_transition"
"3-20-202509-dev-seq-A","3","20","202509-dev-seq-A",2025-10-16,42,0.241884764877234,1.88464961697092,0.846172271005352,0.864416414807343,3.75741863548928,1.06886371643448,0.0239736756989787,2.90043176418028,7.35629416432097,5.366682807645,5.97758016503736,3.34292470492028,3.48948770548485,7.43132130788708,5.05816293653963,5.28645370518128,0.942625905436296,37.0702966358534,-5.03210986360438,-2.97907409514565,-3.77984832925257,-3.75851668387853,-2.28908383066137,-3.54621988222603,-7.34361491566259,-2.54795640906648,-1.61725972352241,-1.93260602822335,-1.82480018778513,-2.40596993519915,-2.36306108299646,-1.60711234208726,-1.9918126578181,-1.94766837520222,-3.67190180108891,"late_transition"
"7-20-202509-dev-seq-A","7","20","202509-dev-seq-A",2025-09-05,1,0.0614329357423275,0.142517576538077,0.0111726717194972,0.0137414340311499,NA,NA,0.000796019900497527,0.0712382220794599,0.277331551193502,0.242487582604008,0.355217720865807,0.0762602021062526,NA,NA,0.338342169815775,0.0468029917487414,0.0815599985624739,0.00555518829386486,2.40321378527427,3.24473301742687,0.698738452741321,0.905683331625022,NA,NA,-1.94286341162766,2.55129718253416,3.91048140734505,3.77621818450738,4.15799858089604,2.61941888584971,NA,NA,4.10932540134638,2.13121480833313,2.68660660927844,"cydippid"
"7-20-202509-dev-seq-A","7","20","202509-dev-seq-A",2025-09-07,3,0.0850399780481455,0.137520341912215,0.0488693563978768,0.0700682833935182,NA,NA,0.00645770377695044,0.0751480309375979,0.326616820694685,0.384591348356172,0.492828919602729,0.11739254502628,NA,NA,0.388644509909342,0.0672728120526071,0.0704993416843133,0.0104264392814937,2.0987766571677,2.57942702861384,1.54480572278785,1.90512542490074,NA,NA,-0.479071016608471,1.97511509536355,3.44444286291305,3.60783651899758,3.85581727602592,2.42117858601949,NA,NA,3.61832025079272,1.86441135491019,1.91125855323315,"cydippid"
"7-20-202509-dev-seq-A","7","20","202509-dev-seq-A",2025-09-09,5,0.116624386360117,0.151045955986189,0.0561250454102173,0.0611691624434958,NA,NA,0.00238805970149247,0.0621010322337712,0.329660375942046,0.428648896024698,0.579508204826781,0.139557226537243,NA,NA,0.541888271360558,0.119126939385954,0.103092779692485,0.0172538031808751,1.91092580407396,2.16955154136088,1.1795495617227,1.26561058745492,NA,NA,-1.97755139758729,1.28073001749309,2.95003036726571,3.21260556622113,3.5141472277081,2.09044214978502,NA,NA,3.44702724535828,1.93215704867157,1.78759676305979,"cydippid"
"7-20-202509-dev-seq-A","7","20","202509-dev-seq-A",2025-09-11,7,0.126747266958477,0.306771575096433,0.0990685063292731,0.194197860670204,NA,NA,0.0668834436493312,0.195991742938648,0.728761908493558,0.514033664416314,0.615805774624266,0.0980268692622032,NA,NA,0.795679131039823,0.25481839133792,0.205164767605906,0.0595135886455542,0.755990412706792,1.63989874850611,0.509606926874376,1.18267287260594,NA,NA,0.116746790348685,1.19186786340482,2.50514241144295,2.15608409120958,2.33672694580684,0.499036950161837,NA,NA,2.59299133579403,1.45434643352412,1.23760873365363,"cydippid"
"7-20-202509-dev-seq-A","7","20","202509-dev-seq-A",2025-09-13,9,0.180563213809824,0.299586110869306,0.105777836849433,0.115247078323712,NA,NA,0.0139246612414215,0.202661726655781,0.621817914166405,0.660148460725512,0.824673666531728,0.199756590574216,NA,NA,0.812235240547941,0.201745115324113,0.192116397479343,0.0694186133795005,0.955925895606866,1.46224685578628,0.421185980037534,0.506923294917049,NA,NA,-1.60649357771705,1.07138318207929,2.19249227151601,2.25230971435037,2.47483271649478,1.05694454234783,NA,NA,2.45963496744558,1.06685005946041,1.01794638934404,"cydippid"
"7-20-202509-dev-seq-A","7","20","202509-dev-seq-A",2025-09-15,11,0.232906227395565,0.498427020053535,0.20559515940328,0.241241313526921,NA,NA,0.0765670187074933,0.236020147492089,0.864846956639986,0.821358566826706,0.969373283241966,0.248461516975341,NA,NA,0.926247059646921,0.38838103802485,0.269019986570564,0.12942134219412,0.587562614612772,1.3483838791789,0.462835689130089,0.622724433049436,NA,NA,-0.524906881564981,0.600843871695531,1.89947926212284,1.84788645769542,2.01357646251909,0.652214671862808,NA,NA,1.9680677017196,1.09891361407069,0.731712375945193,"cydippid"
"7-20-202509-dev-seq-A","7","20","202509-dev-seq-A",2025-09-17,13,0.309896180489712,0.71635621624908,0.295143717056283,0.495810420074986,NA,NA,0.243500132539326,0.462975740160143,1.65162083118844,1.89474893139747,2.17563772487818,0.577140229308296,0.106930689801734,0.331243766149726,1.74388540010682,0.884304666223349,0.369524750020484,1.04439221026282,-1.21495303847975,-0.377012826248799,-1.2637279640509,-0.744996742150363,NA,NA,-1.45607289138893,-0.813515722569641,0.458322028443783,0.595651240490453,0.733886729165829,-0.593105109509953,-2.27900951250758,-1.14833582026806,0.512680513141167,-0.166388729910557,-1.03897265761165,"early_transition"
"7-20-202509-dev-seq-A","7","20","202509-dev-seq-A",2025-09-19,15,0.288510821455072,0.849721509028034,0.457436560331109,0.886674700749873,NA,NA,0.401552789131572,0.990261873823309,2.55882853570956,2.79984030659087,3.0671745863994,0.97109910187009,NA,NA,2.46260295952279,1.80617117562916,0.361610487408579,3.22123811407394,-2.41278847748975,-1.33261241274856,-1.95188286295314,-1.29004289804809,NA,NA,-2.08218206758691,-1.17955164494768,-0.230216242607936,-0.140203410934348,-0.0490089854564216,-1.19909254736921,NA,NA,-0.268546888964864,-0.578556560992364,-2.18695344122411,"cydippid"
"7-20-202509-dev-seq-A","7","20","202509-dev-seq-A",2025-09-21,17,0.347706740980563,1.22595179675836,0.711305139243232,0.911788589379132,NA,NA,0.663536902336156,1.45713524686124,3.43888888788922,3.09382339419615,3.44421972277826,1.3874441902844,0.194361140825637,0.713610419414725,3.39213436352533,2.31410747986788,0.461680562573166,6.69623658302278,-2.95794151736489,-1.6978281453037,-2.24219943668282,-1.99389279022684,NA,NA,-2.31171647362389,-1.52507331607668,-0.666397243051973,-0.772137994125661,-0.664848281309126,-1.57408232194464,-3.53958296436494,-2.23896376118083,-0.680086335522172,-1.06252158921034,-2.67442771460099,"early_transition"
"7-20-202509-dev-seq-A","7","20","202509-dev-seq-A",2025-09-23,19,0.46581245479113,1.21144552800368,0.793195386905941,0.935546580757585,NA,NA,0.538670260331044,1.67482850159678,3.49877478475406,3.51909085360878,3.84933746452803,1.44292497343077,0.279054508136557,0.669776658043052,3.69402262885733,2.41647016654517,0.655607796599929,8.29182782557187,-2.87924261383156,-1.92345613261415,-2.34695612859284,-2.18189477257999,NA,NA,-2.73392208762236,-1.59955965750882,-0.86285758472684,-0.857067754412394,-0.767369384082112,-1.74859814546198,-3.3916185770154,-2.51608139881126,-0.808554422838071,-1.23296256394004,-2.53746297030844,"early_transition"
"7-20-202509-dev-seq-A","7","20","202509-dev-seq-A",2025-09-25,21,0.489429908268837,1.22216406746264,0.867533150367157,0.921803418059405,NA,NA,1.39379652238881,1.51984569687301,4.06821162467284,3.85730266788676,4.22816473839695,1.47420478580868,0.378204125356431,0.871560004341238,4.3231057374013,2.75031499441442,0.743680287349898,12.3936733038318,-3.2317001426992,-2.31656301180966,-2.65928767918439,-2.59860941564834,NA,NA,-2.18515479001123,-2.09857731048282,-1.11398262634199,-1.16721797646706,-1.07541809405389,-2.12906740882828,-3.48950733992015,-2.65465668956793,-1.05321206032179,-1.50547067643056,-2.81333018278247,"early_transition"
"7-20-202509-dev-seq-A","7","20","202509-dev-seq-A",2025-09-27,23,0.453001770082555,1.12335810732427,1.14551218819903,0.968174891090001,NA,NA,1.12637462860509,1.95835878697115,3.79255459416787,3.95414095003031,4.27604220711232,1.93863386686877,0.678848237700055,1.15806861744023,4.11076021747861,2.888573165818,0.799939405145575,11.1107843662379,-3.19977544722061,-2.29159369173005,-2.27206433825708,-2.44025873659214,NA,NA,-2.28891201933369,-1.73580943230095,-1.07487637374589,-1.03315282961453,-0.954888337367009,-1.74593266850122,-2.79527388612798,-2.26116256865586,-0.994308222020817,-1.34715353522338,-2.63113549893182,"early_transition"
"7-20-202509-dev-seq-A","7","20","202509-dev-seq-A",2025-09-29,25,0.600467627972784,1.29896838619916,0.867441114871843,1.19033697593759,0.231142715174732,1.54034941487088,1.22897635921631,2.35196604221996,4.74157778143829,4.37881800688806,4.83101710913496,2.13306005526714,1.13891453092615,1.77334940149975,4.55412439539017,3.12673536578843,0.789086621728989,17.3866172437683,-3.36574733374177,-2.59413038600839,-2.99790843494686,-2.68146434627726,-4.32042073099156,-2.42369150290901,-2.64951919176088,-2.00044919427107,-1.29933084076961,-1.37892195984345,-1.28064375927484,-2.09814319197298,-2.72562514341729,-2.28283071073108,-1.33966750347064,-1.71571134026237,-3.0925799638052,"late_transition"
"7-20-202509-dev-seq-A","7","20","202509-dev-seq-A",2025-10-01,27,0.858639476699481,1.86563303599861,1.08909151397708,1.28014870253408,1.04748476176532,1.30446654594166,1.3909909668665,2.86165688919573,5.59830467925782,5.3666460992131,5.66390026254041,2.26208632214783,1.24640503320325,3.33395029858735,5.75247844345116,4.00385824171907,0.978346994937838,30.4001605497111,-3.56685403590054,-2.79084746464623,-3.32910401434529,-3.16747164460011,-3.36805606417113,-3.14865370949239,-3.08443147070377,-2.36304710066828,-1.69198407357819,-1.73424473876853,-1.68033514241711,-2.59816035080388,-3.19418445531994,-2.21029001286355,-1.6648170940541,-2.02718943297856,-3.43633876096294,"late_transition"
"7-20-202509-dev-seq-A","7","20","202509-dev-seq-A",2025-10-03,29,0.376435782595592,2.37987133467644,1.21733905238279,1.06304873922356,3.24625821236954,0.944152254467912,1.47627679766941,3.49820670094289,7.34529898323007,6.0851688642903,6.47207362110522,2.61574416404668,3.36967166083053,6.83323660985577,5.62299172238429,5.83555261436243,0.813960612022358,44.5521965277527,-4.77366926792201,-2.92961503231526,-3.59999408540906,-3.73552050853463,-2.61915844368341,-3.85412929680626,-3.40713821658433,-2.54441099144774,-1.80260094299816,-1.99080698051205,-1.9291649024602,-2.83511282528266,-2.58184614787993,-1.87486301475615,-2.06979760026753,-2.03269248939125,-4.00250475980624,"late_transition"
"7-20-202509-dev-seq-A","7","20","202509-dev-seq-A",2025-10-05,31,0.360260919034402,2.16269907222252,0.827774991550065,1.16976702485965,4.65866644890378,1.04640700532979,1.71026596118767,3.33601471691999,8.219583698118,6.71503910751294,7.13116933744797,3.50462013470484,4.62340917226032,9.40072601597018,5.76442034528772,6.52518357206255,0.783319447143072,56.3138167742588,-5.05186665339289,-3.2595829063278,-4.21995382929693,-3.87413531350358,-2.4922106810138,-3.98557752203955,-3.49429102715497,-2.82616302240031,-1.92442035564606,-2.12659026457196,-2.06646469500745,-2.77685778193621,-2.49980756939273,-1.7901529963989,-2.27923531698612,-2.15527083197139,-4.27515460615441,"late_transition"
"7-20-202509-dev-seq-A","7","20","202509-dev-seq-A",2025-10-07,33,0.250062790845325,2.29387490451644,1.23345085675867,1.54086126503375,5.12465076306761,1.24530784782162,1.02308907472314,3.55387607336532,8.71994793239717,7.38108764046744,7.75783860294056,4.15106115801913,4.46838723912514,9.44007735776297,5.85766730387897,7.00564787739371,0.937674173767187,66.0431961983365,-5.57635224507107,-3.36006653017298,-3.98049320009011,-3.75796749269104,-2.55624663688535,-3.9709262491185,-4.16748246055167,-2.9222701562932,-2.02469574894855,-2.19138801128564,-2.14160525094685,-2.76694501351199,-2.69328146888982,-1.94534484099412,-2.42255756246903,-2.24359235243337,-4.2546617688381,"late_transition"
"7-20-202509-dev-seq-A","7","20","202509-dev-seq-A",2025-10-09,35,0.390723110695822,2.40947367681368,1.28756717939156,1.50913288825194,5.07714753560776,1.31172651750763,1.40388338342672,3.48406881112604,8.4774388501976,6.70742373922184,7.31710606271313,4.16377957736655,4.94851180376177,10.4841464112562,5.48640069442578,6.58833946062512,0.598093962137988,56.7205310621784,-4.97789237169984,-3.15872791276535,-3.7853817146907,-3.62660100535985,-2.41338664990674,-3.76679202328125,-3.69889400313687,-2.78993543564798,-1.90072786324992,-2.13492131127908,-2.04792134187418,-2.61171303101245,-2.4390493593805,-1.68827199448029,-2.3358638157547,-2.1528349069518,-4.55214365510709,"late_transition"
"7-20-202509-dev-seq-A","7","20","202509-dev-seq-A",2025-10-11,37,0.318768762535947,1.59536661239245,1.09473369191738,1.41082586330253,5.56598589785115,1.28065773439473,1.36780272490123,3.37613070470936,8.59764332157755,7.31606818615197,7.81996636853698,4.48314145598788,4.01700223945606,9.46575926405447,5.67762240401216,6.74782957744596,0.906319094592012,63.6208643400581,-5.29623079359285,-3.68583791135402,-4.06243034224765,-3.80876622063074,-2.43626734273197,-3.90556767125974,-3.83973587035088,-2.93621118037467,-2.00145333887785,-2.16286842158263,-2.0962612183595,-2.65261745366591,-2.76240555933722,-1.90526047269257,-2.41640891795235,-2.2437205631129,-4.25130530562,"late_transition"
"7-20-202509-dev-seq-A","7","20","202509-dev-seq-A",2025-10-13,39,0.345753267976047,1.87098905034098,1.21253266020352,1.51509078385424,6.09038538776791,1.67552230369803,0.595361028580908,3.6907018299951,9.02261395903557,7.30560559089892,7.76502519413377,4.40333188622794,4.16446299809482,10.304163589492,5.7065405972981,7.10288671619038,0.948945799206261,66.6341567468771,-5.26124716677883,-3.57275011517197,-4.00650603042669,-3.78374194964161,-2.39250594836046,-3.68309237037013,-4.71780459686696,-2.89340067234597,-1.99948322214998,-2.2105753675012,-2.14958760897221,-2.71685580891629,-2.77262997486744,-1.86666926459837,-2.45760431993724,-2.23871602898249,-4.25162090573365,"late_transition"
"7-20-202509-dev-seq-A","7","20","202509-dev-seq-A",2025-10-16,42,0.360403372061739,2.49459941985178,1.06713356234654,1.49014669874336,6.8120899985236,1.89722715039139,1.39163005914686,4.47369601217756,9.37858037458702,7.82196428886658,8.35439441368906,4.83591291051548,4.3262690265093,10.6778762328259,5.92676588062882,7.73282420739806,1.12854661949246,77.396015148469,-5.36946669225004,-3.43480713225261,-4.28395915533211,-3.95006072475704,-2.43023632092514,-3.70854186971231,-4.01845953091635,-2.85072038006388,-2.11050688982911,-2.29199958455099,-2.22614761788438,-2.77286537138831,-2.88422978152086,-1.9807613362469,-2.56945661385932,-2.30346114281376,-4.22800466795259,"late_transition"
"17-20-202510-dev-seq-A","17","20","202510-dev-seq-A",2025-10-26,5,0.180384910854539,0.20824948288051,0.141114028448627,0.122522023301936,NA,NA,0.00964613005303178,0.143380358606052,0.5762683524904,0.479299366086843,0.63206331694479,0.120144916301107,NA,NA,0.694058140112196,0.226913409502392,0.144572644009854,0.0421337347921711,1.45424424012262,1.5978880765826,1.20871955465365,1.06744207458809,NA,NA,-1.47429191715181,1.22465222821552,2.61572472064879,2.43147666228908,2.70814085287344,1.04784992872452,NA,NA,2.80170701108119,1.68371976747752,1.23293338664509,"cydippid"
"17-20-202510-dev-seq-A","17","20","202510-dev-seq-A",2025-10-28,7,0.269452089938082,0.373813703724195,0.259283540441734,0.244955931138644,NA,NA,0.149550585314802,0.357950122845348,1.13224949398973,1.14984796138294,1.37071449615976,0.159065758408276,NA,NA,1.24762659188717,0.458788797135458,0.303033269006887,0.322717497634744,-0.180386719532533,0.146980234734584,-0.218855106556049,-0.275698998731105,NA,NA,-0.769142621284765,0.103616334840232,1.25518431533612,1.27060768493075,1.446310092723,-0.707459628576741,NA,NA,1.35222097874668,0.351812647011996,-0.0629347220087364,"cydippid"
"17-20-202510-dev-seq-A","17","20","202510-dev-seq-A",2025-10-30,9,0.360075820866939,0.682368263939641,0.419380859283063,0.347526409154757,NA,NA,0.0646945537274968,0.64087789106038,1.52180850492826,1.6332233185644,1.87062431717128,0.451195887287329,0.101166323084809,NA,1.68246986186648,0.815654526846385,0.393944081336425,0.798256797844377,-0.79611572469919,-0.156860858932983,-0.643650868399532,-0.831589687807882,NA,NA,-2.5127533268474,-0.219591406284713,0.645224364963409,0.715880489688403,0.85159716608714,-0.570528762405079,-2.06566442186332,NA,0.745587801156366,0.0215605438605756,-0.706221373809224,"cydippid"
"17-20-202510-dev-seq-A","17","20","202510-dev-seq-A",2025-11-01,11,0.387153234327185,0.748202274452571,0.441952711525792,0.464666100147192,NA,NA,0.502784293220263,0.838585847371633,2.11913871828934,2.04757120547369,2.2870086303145,0.746755244692664,0.110690888789457,0.270295800990322,2.3243967748872,1.21911913166269,0.356256297406797,1.87752705437255,-1.57889022432576,-0.920037431511506,-1.4465079044642,-1.39639170986393,NA,NA,-1.31754955571514,-0.80599383522046,0.121054226840117,0.0866987985905373,0.197289174335464,-0.921973312890459,-2.83096926241776,-1.93819387478538,0.213505039376512,-0.431826939604422,-1.66206038496213,"early_transition"
"17-20-202510-dev-seq-A","17","20","202510-dev-seq-A",2025-11-03,13,0.388924674348388,0.763795238707339,0.496187439367423,0.581417702819582,NA,NA,0.66259655337543,0.963660259517325,2.32699785123837,2.35288604909465,2.73813349545785,0.919209867712483,0.277483187528993,0.509509381110888,2.57088795333169,1.15779064335008,0.452897225915549,2.73012479413682,-1.94871691361154,-1.27380285819059,-1.70514884198385,-1.54663316300495,NA,NA,-1.41593631108702,-1.04136379466562,-0.159768359374625,-0.148704639641648,0.00292916194631393,-1.08858813768603,-2.28634225340226,-1.67865433439256,-0.0600959739238937,-0.857833749064333,-1.79643737388773,"early_transition"
"17-20-202510-dev-seq-A","17","20","202510-dev-seq-A",2025-11-05,15,0.520281817258685,1.053118,0.57609146536379,0.609700000000001,NA,NA,0.67494238210754,1.30200798909262,2.77029849320971,2.88314319585036,3.27265246833868,1.02202837066933,0.385581870012388,0.629265826793415,2.87939396568653,1.60166176123082,0.64949956916075,4.35087187638877,-2.12376091431587,-1.41862096871843,-2.02186509322898,-1.96516450243902,NA,NA,-1.8635042079643,-1.20646857658727,-0.451421182695535,-0.411495169905063,-0.284775447870651,-1.44858700502402,-2.42337799132449,-1.93357774981669,-0.412796412947064,-0.999334565328283,-1.90192936258223,"early_transition"
"17-20-202510-dev-seq-A","17","20","202510-dev-seq-A",2025-11-07,17,0.507129871592081,1.28733256826354,0.717335175393623,0.686681370707696,NA,NA,0.581694423177668,1.44819708569552,3.14788940205291,3.00867404589671,3.45220190673699,1.08188070090791,0.534966951824597,0.954330719340523,2.97061976191653,1.88543586145936,0.571353154322263,5.38036165659973,-2.36174374553788,-1.43018329329854,-2.01496767277463,-2.05864048677458,NA,NA,-2.22456560955282,-1.31243620072338,-0.536023397158602,-0.58125612893909,-0.443743333035195,-1.60405467792617,-2.30830590061527,-1.7295005959639,-0.593984989239499,-1.04859657392098,-2.24250337091226,"early_transition"
"17-20-202510-dev-seq-A","17","20","202510-dev-seq-A",2025-11-10,20,0.514659699262533,1.05148602769224,0.776117130073161,0.729232671090647,NA,NA,0.923941052234936,1.23074467341118,3.19502662531785,2.80420991991528,3.26967360926213,1.16561754469981,0.826862193631593,1.19962256589729,3.03058004814078,2.12809768391444,0.655680280619296,5.27659052096259,-2.32752952933506,-1.61307572638019,-1.91673198384898,-1.97904258763788,NA,NA,-1.74238716013363,-1.4556607427498,-0.501684733247977,-0.632158323656329,-0.478589988229431,-1.51002912661398,-1.85339738637997,-1.48127317557498,-0.554526118245678,-0.908051679954602,-2.08536214042517,"early_transition"
"17-20-202510-dev-seq-A","17","20","202510-dev-seq-A",2025-11-11,21,0.418955438638765,1.13001759806474,0.625321050554034,0.689659809808431,NA,NA,0.923453215965486,1.28758273454485,3.2715141934783,3.07379500203775,3.5665068279813,1.13719447622735,0.696755997610534,1.08974602757248,3.14785435349477,2.31313519826771,0.414345634036368,6.1214632736561,-2.68179188136093,-1.68956795883613,-2.28129124519588,-2.1833579971806,NA,NA,-1.89143630505894,-1.55903455361589,-0.626548231106393,-0.68888820974609,-0.540214527736867,-1.68323692150975,-2.17312116962419,-1.725856498083,-0.66508010182415,-0.973197331929042,-2.6928559535882,"early_transition"
"17-20-202510-dev-seq-A","17","20","202510-dev-seq-A",2025-11-13,23,0.447632,1.13814315141286,0.598346275015563,0.596968577217428,NA,NA,0.494497562374174,1.09499965810634,3.09417727571143,3.01289942548357,3.46406744553859,1.30061120912323,0.896984182015631,1.3428086362118,2.99448147632474,2.27297113333628,0.523566214820055,5.34936105940488,-2.48076093832308,-1.54757900573152,-2.1905627630365,-2.19286792707863,NA,NA,-2.38119018303459,-1.58622307459042,-0.547455078507671,-0.574074246227466,-0.434533664695473,-1.41414281078666,-1.78569417702527,-1.38221370802889,-0.580206038823174,-0.855889280645484,-2.3240688974452,"early_transition"
"17-20-202510-dev-seq-A","17","20","202510-dev-seq-A",2025-11-15,25,0.477319367619836,1.13722681619104,0.729771710142974,0.70286262159543,0.358992019524111,0.934794796391701,0.848011753176217,1.69719241181429,3.71261351838755,3.02284848098978,3.5062173810185,1.46493111049769,1.03467969952843,1.86511243380178,3.25587906875824,2.32165856175731,0.545264821891161,7.06375447396781,-2.69454618366913,-1.82638402392252,-2.27000022491195,-2.30757052896041,-2.97943182581058,-2.02240494821189,-2.11983748874045,-1.4260013419984,-0.643240624326994,-0.848777112858168,-0.700438918182515,-1.57316848751946,-1.92088479556453,-1.33165536783235,-0.774514398926002,-1.11269487776174,-2.56146039594065,"late_transition"
"17-20-202510-dev-seq-A","17","20","202510-dev-seq-A",2025-11-17,27,0.324842498315722,1.32792110284459,0.844141220595227,0.832828992774027,1.05516485130334,0.810871749144709,0.564705365853735,1.58615652930882,4.48426143460849,3.05690669425242,3.51783958937304,1.50941817972158,1.86754759910055,3.40921866659694,3.75770783082293,2.65935335444277,0.501944180484244,9.87958531169527,-3.41488537306433,-2.00685589959765,-2.45990601378141,-2.47339748705624,-2.23677352649771,-2.50011591490619,-2.86192169859528,-1.82915672564178,-0.789896730985762,-1.17306701793344,-1.03262349021093,-1.87874627324579,-1.66584441253889,-1.06398740336752,-0.966661386332108,-1.31238754497192,-2.97973689810587,"late_transition"
"17-20-202510-dev-seq-A","17","20","202510-dev-seq-A",2025-11-19,29,0.262055240979837,1.5146615593168,0.905506044335983,0.965976586163971,1.6373924300619,0.68744922704226,0.463223462419597,1.83299381652121,5.14387671285306,3.69487753119752,4.12954132929896,2.24352595283785,1.91424361379769,3.94291834567507,3.99192874453252,3.46912221628195,0.500598619264975,14.1326595840492,-3.98768835550449,-2.23329638067847,-2.74774972803817,-2.68310408448245,-2.15538340668936,-3.02325570523706,-3.41803410260771,-2.04253780606168,-1.01068138202025,-1.34154099210888,-1.2303220589692,-1.84043968711329,-1.99916583662614,-1.27656725549245,-1.26421389276968,-1.40458680314302,-3.34043905964212,"late_transition"
"17-20-202510-dev-seq-A","17","20","202510-dev-seq-A",2025-11-23,33,0.377439833459585,1.3671551124653,0.734698962528191,0.934150574790274,2.65215114482282,0.770095506389954,0.11072126076775,1.79602787319824,5.95581148553596,4.23105111877725,4.6719863925212,2.4195144315389,3.09295199476249,6.07049641468678,4.25424070685299,3.48828667577953,0.54742868703147,19.7293746806382,-3.95645273025707,-2.66937660514234,-3.29040306415695,-3.05022626446556,-2.00673756222903,-3.24334936325076,-5.18284802588305,-2.39653113633969,-1.19774116256259,-1.5396581720714,-1.44052429273539,-2.09854175378576,-1.85298265272194,-1.17866824230819,-1.53419232686877,-1.73269793387104,-3.58463170346973,"late_transition"
"2-20-202510-dev-seq-A","2","20","202510-dev-seq-A",2025-10-22,1,0.0740891148955094,0.0845382355387194,0.00968672953065168,0.00964483016957795,NA,NA,0.00675428397389388,0.0788401735157908,0.296775659514051,0.212209436883118,0.276437208631997,0.0432361562236978,NA,NA,0.268037044068539,0.0611451585164353,0.0895101911516225,0.00366495247401183,3.00645325628798,3.1383885558751,0.97194149146971,0.967606670344751,NA,NA,0.611361598643203,3.06860731541488,4.39416113047963,4.05875832910921,4.32316833389051,2.4678617270986,NA,NA,4.29230982736805,2.81443531737857,3.19553711868721,"cydippid"
"2-20-202510-dev-seq-A","2","20","202510-dev-seq-A",2025-10-24,3,0.0578135243866,0.0768413843966908,0.00849482648439634,0.0172250784903872,NA,NA,0.00315057724869578,0.0678400841759501,0.293894212710969,0.19229143954555,0.273083336149425,0.0522229994159662,NA,NA,0.28482816541206,0.0497054040120388,0.0799583882028645,0.00380993806828385,2.71960980027234,3.0041304203901,0.801844395336906,1.50875343969785,NA,NA,-0.190027244360009,2.87954029832114,4.3456069479138,3.92139920149719,4.27216407526014,2.61791006572765,NA,NA,4.31427313609262,2.56850072586533,3.04389341792318,"cydippid"
"2-20-202510-dev-seq-A","2","20","202510-dev-seq-A",2025-10-26,5,0.0977112290988094,0.15484706480912,0.0487204673622903,0.0690148525753697,NA,NA,0.000795999999999992,0.100409649894818,0.473983746033553,0.415936057872181,0.515986843205571,0.104729677613368,NA,NA,0.460027062025703,0.153566308196166,0.154138525972581,0.0187514219820334,1.65074689834287,2.11116836259804,0.954829627595117,1.30305214756622,NA,NA,-3.15942568172033,1.67798872854658,3.22990344145611,3.09926195282653,3.3148116789103,1.72011294293334,NA,NA,3.20001572966079,2.10286286038958,2.1065821288085,"cydippid"
"2-20-202510-dev-seq-A","2","20","202510-dev-seq-A",2025-10-28,7,0.183225378154883,0.380144643718677,0.117839089647706,0.158024670811237,NA,NA,0.0391661120868537,0.183503466779241,0.744370665569245,0.754637670648968,0.98660986218591,0.154335758293404,NA,NA,0.817661695143535,0.196297323084142,0.211779386532306,0.100082260247272,0.604724519383525,1.334559371351,0.163327596490738,0.456758714903798,NA,NA,-0.938180564977555,0.606241109537262,2.00654666687093,2.02024527732305,2.28828223457496,0.433138027470118,NA,NA,2.10045622512879,0.673638014019383,0.749552652967719,"cydippid"
"2-20-202510-dev-seq-A","2","20","202510-dev-seq-A",2025-10-30,9,0.279291740638709,0.452307596969142,0.224261025265203,0.21272498561523,NA,NA,0.0924934054135754,0.359394106290017,0.965663271697231,1.07468050593583,1.26288913830174,0.137796072113831,NA,NA,1.13625436585388,0.453413240212502,0.303814299079224,0.23094855868863,0.190061904802709,0.672167476585447,-0.0293843312705941,-0.082194811948974,NA,NA,-0.915057646912444,0.442224579403973,1.43062019735765,1.53758369654419,1.69896234595157,-0.516420142143622,NA,NA,1.5932974917568,0.674608943640587,0.274221660401096,"cydippid"
"2-20-202510-dev-seq-A","2","20","202510-dev-seq-A",2025-11-01,11,0.346280379865796,0.545015963964359,0.363063579673038,0.473289343788765,NA,NA,0.324415126481488,0.557379682949603,1.83624616058142,1.44911422040336,1.75960440555065,0.297011492804572,0.0625063721011707,NA,1.64109570753323,0.818610350953981,0.306267043778791,0.883748318626472,-0.936923521327411,-0.483357228752694,-0.889594345122467,-0.624465392713797,NA,NA,-1.00214836440605,-0.460925649958911,0.731306321919349,0.494535451604786,0.688671978529566,-1.09040148029896,-2.6489038095005,NA,0.618947097414075,-0.0765641059831816,-1.05971490119908,"cydippid"
"2-20-202510-dev-seq-A","2","20","202510-dev-seq-A",2025-11-03,13,0.29402815948987,0.612737001206879,0.379878457470281,0.430954111316971,NA,NA,0.45096820185574,0.637609880529623,1.97671110771832,1.70697697372709,2.19814519509119,0.474608829656592,NA,NA,1.99628532390588,0.899578740505244,0.324349517923181,1.44567590254571,-1.59265670048136,-0.858396435488624,-1.33648089101568,-1.21033062963803,NA,NA,-1.16493541265725,-0.818605620016046,0.312857442085219,0.166146989570144,0.419036946791968,-1.11384129556496,NA,NA,0.32271115069281,-0.474405656169274,-1.49451055043907,"cydippid"
"2-20-202510-dev-seq-A","2","20","202510-dev-seq-A",2025-11-05,15,0.350727816714044,0.782199804448966,0.342453042252511,0.411809110021864,NA,NA,0.400414579539757,0.951855096443255,2.0619063143499,2.05011067924295,2.61775558160039,0.591674658565837,0.211012163156536,0.4388,2.19961026999285,1.24275505651959,0.400038824500822,1.97875721419086,-1.73021378532987,-0.928114044700918,-1.75408971163054,-1.56966434022938,NA,NA,-1.59772379780587,-0.731811443433101,0.0411619721638639,0.0354248035286858,0.279848324357247,-1.20726733643558,-2.2383084799147,-1.5061805286199,0.105811216629263,-0.465138243239678,-1.59866265337108,"early_transition"
"2-20-202510-dev-seq-A","2","20","202510-dev-seq-A",2025-11-07,17,0.528685654373182,0.977835482090929,0.568831341648823,0.618290673926916,NA,NA,0.61848537309786,1.04998689536299,2.59212417767456,2.16171916511864,2.71430797230054,0.641428037464064,0.432908524044341,0.588001811263367,2.50380326588892,1.15641329657696,0.454365540314184,2.93605290141224,-1.71442737866594,-1.09947997060073,-1.6412374294416,-1.55786271472459,NA,NA,-1.55754786520431,-1.02828844529726,-0.124588443386194,-0.306162313877124,-0.0785290983833685,-1.52112440854499,-1.91429496294806,-1.6080913794905,-0.15925524656663,-0.931742899437601,-1.86591937880916,"early_transition"
"2-20-202510-dev-seq-A","2","20","202510-dev-seq-A",2025-11-10,20,0.55888078971906,1.30718647042111,0.828518287907394,0.840199226380268,NA,NA,1.11935845528856,1.80534135678796,3.62555650010491,2.94249436054685,3.47781936594815,0.915950200201954,1.32125177045558,1.54412608925081,3.3544216328804,2.53327636117756,0.67387608446138,7.04933417374695,-2.5347522538099,-1.68505607389898,-2.14104953776784,-2.12704940992789,NA,NA,-1.84017745551208,-1.3621834776855,-0.664925375129577,-0.873675525325132,-0.706527690525726,-2.04072645130164,-1.67435357073725,-1.51847505663316,-0.742653802964574,-1.02341969956153,-2.34764220484396,"early_transition"
"2-20-202510-dev-seq-A","2","20","202510-dev-seq-A",2025-11-11,21,0.557520701601294,1.34879041608991,0.723173743960606,0.574023959020876,0.16368644125278,0.832880872814954,0.744622130647486,1.92740142119383,3.58105803076926,3.28801987882742,3.83684396698162,0.993122092410093,0.979686688689935,1.77254502859702,3.45090784790626,2.3810986312358,0.633638531268419,7.90255648373096,-2.65144195607972,-1.76797810992802,-2.391292088587,-2.62227045573875,-3.87698893749531,-2.25005096952772,-2.3620647091198,-1.41101363086158,-0.791528016589075,-0.87690078961182,-0.722536167589962,-2.07408798207297,-2.08770877651219,-1.49476992955413,-0.828548971912034,-1.19962432172225,-2.52346293975124,"late_transition"
"2-20-202510-dev-seq-A","2","20","202510-dev-seq-A",2025-11-13,23,0.399307441976731,1.40475868725415,0.840253628358723,0.903824173548152,0.78436718371245,0.902395154756495,0.363828936529243,1.95227089624186,4.29642518541229,3.50622039325689,4.05265788611702,1.21805237948333,1.50397824547781,2.80500848278236,3.78775458269527,3.0937482034621,0.532647354373416,10.9920268114148,-3.3151938021814,-2.05730463946183,-2.57122166884906,-2.49829061044696,-2.64004819635206,-2.49987294219087,-3.40824165105097,-1.72817691747787,-0.939386849947407,-1.14263152839,-0.99779724060661,-2.19991700178736,-1.98905641367222,-1.36576361151739,-1.06539678952255,-1.26778680801673,-3.02706587250328,"late_transition"
"2-20-202510-dev-seq-A","2","20","202510-dev-seq-A",2025-11-15,25,0.235358511061317,1.18273205653013,0.848471942779489,0.973540617063818,2.7350016426368,0.768164241823323,0.817215887640469,2.24403384828527,5.34907099683599,3.56131904434091,4.25502182177756,1.6883522273418,2.43241096572542,4.68292210588239,4.37010981017663,3.62566779079841,0.496879195992346,16.5775846181227,-4.25469680701082,-2.64022439420401,-2.9723697203463,-2.83486719096821,-1.80191942217151,-3.07180317080147,-3.00990343331429,-1.99977638719096,-1.13112855826516,-1.53792046433138,-1.35995156812919,-2.28429841875074,-1.91916852619842,-1.26412916196047,-1.33326332166508,-1.5200129691519,-3.50745980748847,"late_transition"
"2-20-202510-dev-seq-A","2","20","202510-dev-seq-A",2025-11-17,27,0.199713103448422,1.12453371992128,1.09603853656703,0.918792898778065,3.05905789408504,0.761363951056917,0.00967878323964307,2.1919984724267,5.077303428624,3.6180132527497,4.26812897495126,1.8792125055033,2.78299199603637,5.3381999528474,4.0796457678084,3.45635875391574,0.56041517487395,14.7347189940759,-4.30107997041222,-2.57283806680646,-2.59850419635585,-2.77490108236244,-1.57209955455463,-2.96285032712368,-7.32802562934318,-1.90539287316495,-1.06542624584688,-1.40428149539411,-1.23903099332118,-2.05935373632918,-1.66667993884522,-1.01531803670126,-1.28419638233358,-1.44999089370064,-3.26928393160344,"late_transition"
"2-20-202510-dev-seq-A","2","20","202510-dev-seq-A",2025-11-19,29,0.27905865585751,1.21288894260274,0.68191744742674,1.02927251485892,3.46385053336789,0.767485470888537,0.0137739999999999,1.9609875998458,5.84493189246513,3.75948685926803,4.44978636697988,1.98683854112658,2.97730026207116,5.74694950684796,4.3224072923931,3.95191145634325,0.458926747428171,18.7366978309747,-4.20681733483255,-2.73747898182794,-3.31333072491772,-2.90163179518034,-1.68810321042029,-3.19511978176205,-7.21545657348334,-2.25703582781255,-1.16490910904041,-1.60620157713419,-1.43762796401819,-2.24393934896678,-1.83946711405433,-1.18181485813844,-1.46667156096073,-1.55628467676051,-3.70934872494115,"late_transition"
"2-20-202510-dev-seq-A","2","20","202510-dev-seq-A",2025-11-23,33,0.243322602209495,1.30441991616963,0.712368061555963,1.09969108991253,4.05511140496941,0.911790810789405,0.154972776928724,2.4051491720278,6.28678341785408,4.32373230002159,4.95880883765325,2.37535696081663,3.82581076464911,7.31767195279489,4.46685912372139,4.13840913184535,0.465181421461563,23.2090236465406,-4.55790828832182,-2.87878272006352,-3.48370171408286,-3.04951184031994,-1.74456299266067,-3.23688584268513,-5.00904696353866,-2.26692922590724,-1.30609159372915,-1.68042216573547,-1.54337559513625,-2.27939342784862,-1.80277074390131,-1.15424891518029,-1.6478556485718,-1.72422970701535,-3.90986894913679,"late_transition"
"24-20-202510-dev-seq-A","24","20","202510-dev-seq-A",2025-10-25,4,0.075682816015262,0.128805738039887,0.0186338822578657,0.0175119999999999,NA,NA,0.00355982022017968,0.0944124456202677,0.293139901616958,0.26146150246738,0.332059422634715,0.0746035049042603,NA,NA,0.345203459356942,0.102545068803917,0.10421217894277,0.00560034310716202,2.60372326855506,3.13547749767675,1.20215368533595,1.14005849522026,NA,NA,-0.453117821361055,2.82484503865888,3.95782210998086,3.84345918956906,4.08248607173999,2.5893596237366,NA,NA,4.12130611547087,2.90747453258832,2.92360113793783,"cydippid"
"24-20-202510-dev-seq-A","24","20","202510-dev-seq-A",2025-10-27,6,0.123644194558418,0.179239687747999,0.0403062206613321,0.0459478890918832,NA,NA,0.000795999999999935,0.0867430020462746,0.420933500515224,0.421543842370518,0.537339227364334,0.0702106293947006,NA,NA,0.503567995996568,0.0927468102739927,0.146775147760103,0.0189831774780253,1.87385485118751,2.24517075674902,0.752952624803948,0.883954717427035,NA,NA,-3.17170928421641,1.51939655644008,3.09892167410659,3.10037059606806,3.34307641230005,1.30794652436989,NA,NA,3.27816555862853,1.5863201192407,2.04534861758282,"cydippid"
"24-20-202510-dev-seq-A","24","20","202510-dev-seq-A",2025-10-29,8,0.194872837001466,0.230394706336756,0.1200926923089,0.141647,NA,NA,0.0197174059652886,0.133105656356144,0.643573990851091,0.800793075859176,0.943635137165314,0.225861357431943,NA,NA,0.863717566500184,0.252145214767205,0.232400295199898,0.0874224735513232,0.801594843838567,0.969041568526254,0.317511496451874,0.482585663027426,NA,NA,-1.48925058688305,0.420390837476404,1.99628461826126,2.21485019737154,2.3789872001296,0.949168964273951,NA,NA,2.29049344067629,1.0592527865573,0.977708911137673,"cydippid"
"24-20-202510-dev-seq-A","24","20","202510-dev-seq-A",2025-10-30,9,0.28416750920012,0.432013055367543,0.222884156731698,0.28696893872334,NA,NA,0.13893631284873,0.272980589289788,1.14084035033172,1.11350727311432,1.29382175616833,0.258174239942718,NA,NA,1.16765304719596,0.484841286996064,0.233702586485473,0.287251225160474,-0.0107932964440459,0.408098626689354,-0.253705021910357,-0.000983199398520996,NA,NA,-0.72634153466698,-0.0509564907017994,1.37916323738483,1.35491283657938,1.50499853732429,-0.106722476264771,NA,NA,1.40239388877057,0.523464412218304,-0.206307872826869,"cydippid"
"24-20-202510-dev-seq-A","24","20","202510-dev-seq-A",2025-10-31,10,0.21343508994774,0.506333777028552,0.256066039757325,0.281636893550898,NA,NA,0.304220640417444,0.374826531504908,1.39078268158401,1.13515872374406,1.36097691576538,0.367254932902201,0.0547381198366367,NA,1.50995603966341,0.42796750607143,0.259030909447116,0.47634661813772,-0.80281302050027,0.061050311622893,-0.620710399581499,-0.525527148862664,NA,NA,-0.448392549600867,-0.239682442302671,1.07147616933565,0.868381986251427,1.04981226268205,-0.260089531630817,-2.16358542272929,NA,1.15369003798435,-0.107098506289298,-0.609198382521577,"cydippid"
"24-20-202510-dev-seq-A","24","20","202510-dev-seq-A",2025-11-02,12,0.328040656260775,0.846761349861931,0.558966128276124,0.685050314695935,NA,NA,0.122428177965695,1.01558562207083,2.42065362423623,2.19874073873121,2.44684020336357,0.823838906437417,0.49205299935703,0.66518808140405,2.49772028535223,1.40524405456205,0.392037616676002,2.46564647894715,-2.01707176263907,-1.06879041971887,-1.48412043746086,-1.28071702768075,NA,NA,-3.00268475963484,-0.886988622704785,-0.0184164400144805,-0.114569231374309,-0.00765655712589081,-1.09623430645621,-1.61162288239529,-1.31013948551011,0.0129243936199877,-0.562243044358729,-1.83885151926168,"early_transition"
"24-20-202510-dev-seq-A","24","20","202510-dev-seq-A",2025-11-04,14,0.363929612157351,1.15654585962339,0.791066450688563,0.850110511049005,NA,NA,0.752873775769883,1.10827659719494,2.95752172411328,2.8791854800909,3.20215147881175,0.712275989072354,0.426546103733524,0.684632205010836,3.1145363095005,1.95328201472317,0.444379595364143,4.91600101375705,-2.6032902011581,-1.44705754221325,-1.82686870420677,-1.75488432286951,NA,NA,-1.87635309161272,-1.48968920429098,-0.508143735644804,-0.534987963185583,-0.428672476902602,-1.93178521549534,-2.44453021796099,-1.97136890982791,-0.456415114063744,-0.922984355669937,-2.40357153521257,"early_transition"
"24-20-202510-dev-seq-A","24","20","202510-dev-seq-A",2025-11-06,16,0.374345989422886,1.4977838722713,0.644068134737312,0.723940916354367,0.320128530365539,1.03739411816773,0.88330416753517,1.82350241311603,4.02864428618623,3.08130917552868,3.35324761125632,1.2580101725332,1.40749171187089,1.95900228018882,3.81712067853978,2.95442462697308,0.397040109331539,8.59427381895163,-3.13367095029237,-1.74710954932374,-2.59104690567986,-2.47414164365909,-3.29012885292606,-2.11438423335058,-2.27518181358706,-1.5503370918785,-0.757666232538513,-1.02574158282308,-0.941166834054168,-1.92156490196731,-1.80928695401933,-1.47866084357004,-0.811599757153795,-1.06779222627222,-3.0748141188237,"late_transition"
"24-20-202510-dev-seq-A","24","20","202510-dev-seq-A",2025-11-08,18,0.218592735194929,1.74511667773247,0.907827040159633,1.10821830717102,1.6731050596412,0.732824503145193,0.666206672380275,2.31673264536955,5.07618816720283,3.86235218278506,4.30226229650524,1.52995302499423,1.6536944838792,3.48718603242012,4.48720137612677,3.57635473592218,0.321886320504615,16.3327346652005,-4.31371629273776,-2.23634993817062,-2.88987275855077,-2.69041775856949,-2.27849013843122,-3.10402038410289,-3.19932669331117,-1.9530135051011,-1.1686107364778,-1.44189498395734,-1.33403035580415,-2.36793432330492,-2.29015948957496,-1.54407623907113,-1.29194214972956,-1.51882730414503,-3.92672819330261,"late_transition"
"24-20-202510-dev-seq-A","24","20","202510-dev-seq-A",2025-11-10,20,0.221136825574123,1.41031543585965,0.893758805688649,1.08397552280713,3.07110725020472,0.651827864432015,0.380327012905999,2.23800172068589,5.81312126597287,3.31880440411574,3.80854070108447,2.00646571207808,3.58277710875642,6.35927879383511,4.71085915722897,3.49000079917885,0.323492226541845,17.3826847391698,-4.36444822961254,-2.51166118807158,-2.96779391332088,-2.7748392584909,-1.73343641642396,-3.28344934433721,-3.82219841686965,-2.04989120207793,-1.095356931147,-1.65586998198954,-1.51822848313681,-2.15909975866194,-1.57933635242367,-1.00555960709084,-1.30560427812251,-1.6055726156118,-3.98405477538403,"late_transition"
"24-20-202510-dev-seq-A","24","20","202510-dev-seq-A",2025-11-12,22,0.199713103448421,1.48764764336183,0.602335478553273,0.851830808839409,3.52584385317473,0.873873405514208,0.0826400000000003,2.53802698521076,5.9883290766106,4.11413432439073,4.51921465811539,2.88571245057525,3.45061256679521,6.65183685348829,4.8020490193659,3.90029529243941,0.340175618461994,21.6592775788188,-4.68630731328556,-2.67823777868452,-3.58237460378632,-3.23580124128526,-1.81531408965184,-3.21025364700524,-5.56869534240893,-2.14404688653176,-1.28562146717703,-1.66100544698362,-1.56709565769457,-2.01566206882581,-1.83688211736323,-1.18054085314208,-1.50639118237671,-1.71438162195879,-4.15372715807496,"late_transition"
"24-20-202510-dev-seq-A","24","20","202510-dev-seq-A",2025-11-14,24,0.256462383450283,1.67472930208198,0.834851961244028,0.956435148155901,3.95996935237686,1.03556585651903,0.0886562638790972,2.50188240305575,6.75097414097862,4.42927555726919,4.93059694313724,2.81594354524234,3.52287791916016,6.85581806070384,4.94361828454989,4.41126251755776,0.523899793465315,27.4258202980414,-4.67225819464923,-2.79583337478873,-3.49198577808069,-3.35602720990458,-1.93524863037035,-3.27653691771388,-5.73447350673148,-2.39444150654465,-1.40179810465428,-1.82324887671412,-1.71602485178281,-2.27618752606746,-2.0522066700727,-1.38638727260155,-1.71338740695088,-1.82732398266055,-3.95793976310145,"late_transition"
"24-20-202510-dev-seq-A","24","20","202510-dev-seq-A",2025-11-16,26,0.265967805243415,1.56469229514943,0.950929838499665,0.998590949080253,3.71371850088964,0.928918496804213,0.597616233342101,2.58166452063199,6.22558979691563,4.04202844338573,4.54003317104691,2.59272092975333,3.6292209380169,6.99927418627682,4.91792960045231,4.43084450276976,0.349285555305398,23.1670419389029,-4.46711067301801,-2.69504147443038,-3.19304565828272,-3.1441407071385,-1.83069699656733,-3.2164649387706,-3.65753714387839,-2.19429630863202,-1.31406247821792,-1.74598400665796,-1.62979634414844,-2.19002278627684,-1.8537126549561,-1.19692420656837,-1.54984303355158,-1.65414046400465,-4.19459614385995,"late_transition"
"24-20-202510-dev-seq-A","24","20","202510-dev-seq-A",2025-11-18,28,0.228715609587539,1.33680726762986,0.548644019732285,1.02034778819038,4.03998255070601,0.863560086204197,0.190033753057187,2.4611335475638,6.82500110997214,4.56215192480054,5.12845296005055,2.94070519997585,3.40725275428948,6.90983438282141,4.76460572835245,4.5386215062511,0.520344872988097,27.7948811196833,-4.80012779808636,-3.03456773648512,-3.92515733492988,-3.30470833336303,-1.9286114985251,-3.47154367068632,-4.98540544628637,-2.42422983585167,-1.40425936765236,-1.80705744581298,-1.69004782489612,-2.24620245483145,-2.09894554867006,-1.39190620161808,-1.76363708093676,-1.81222853839356,-3.9781153413099,"late_transition"
"24-20-202510-dev-seq-A","24","20","202510-dev-seq-A",2025-11-20,30,0.301840279207398,1.52504067238221,0.903384645637173,1.18908527096966,4.2745662297859,1.15509416752099,0.554577532859022,3.04785339322383,6.46480749806868,4.79484876130593,5.39309114998143,3.13641311856219,3.0887590864543,6.8601990678817,5.00916911264852,4.67514298177681,0.74283863133254,29.107694058057,-4.56885981815891,-2.94898145973199,-3.47260939195164,-3.19781820817011,-1.9183199093264,-3.22682066887874,-3.96055119700319,-2.2565650025187,-1.5046293040839,-1.80346037292869,-1.68588382210243,-2.22792271180292,-2.24323311974378,-1.44526607989187,-1.75973248428618,-1.82874279324003,-3.66827898298875,"late_transition"
"24-20-202510-dev-seq-A","24","20","202510-dev-seq-A",2025-11-21,31,0.231047511791406,1.34959860017118,0.896746547578523,1.05979954241922,4.25642491843718,1.18039357758885,0.341343826610354,2.60544391128575,6.98036683414282,4.70915243810396,5.29097781274544,3.13795448102008,3.04770367348673,7.03679017262189,5.15815767995454,5.226102317602,0.44545911942624,31.7510104074618,-4.92305645954804,-3.15811733365788,-3.56690656119293,-3.39984476937441,-2.00949496177536,-3.2920766254945,-4.5327895691902,-2.5003214805984,-1.5148230782613,-1.90841660630106,-1.7919214781715,-2.3143534002135,-2.34353613557584,-1.50677242388126,-1.81734507171794,-1.80425880321356,-4.26657434832418,"late_transition"
"24-20-202510-dev-seq-A","24","20","202510-dev-seq-A",2025-11-22,32,0.204516452602229,1.17761533586651,1.18311472911168,1.22768289318415,3.54243131954552,1.02508494324519,0.751098698473776,2.88298140130127,6.67546041510022,4.61020134230656,5.1563149649369,2.94429599975546,3.07316583043126,6.74957103941947,4.9663673637968,5.38608957343897,0.626057986021263,28.4910367882358,-4.93669639306393,-3.18609804725899,-3.18143897735967,-3.14446097307944,-2.08477623432292,-3.32481405853569,-3.63580775226963,-2.29076457167723,-1.45115136119858,-1.82131800797558,-1.70936736886916,-2.26971979994346,-2.22688129376491,-1.4401105860017,-1.74690087900647,-1.66576991410927,-3.81790182189608,"late_transition"
"24-20-202510-dev-seq-A","24","20","202510-dev-seq-A",2025-11-24,34,0.239388252203402,1.29627880170433,0.947422575743792,1.32739248426568,3.84826834348711,0.979730954818211,0.90685481506358,2.38093290150269,6.71541422097252,4.41378297787445,5.00789780286751,2.84018197233716,3.29216809992765,7.17187650919012,4.56673952520931,5.08474550592466,0.484508482825637,25.596657333388,-4.67213032894,-2.98296407047968,-3.29647182966452,-2.95924529032857,-1.89483850384012,-3.26293905095478,-3.34023468332016,-2.37496938374322,-1.33805625604996,-1.75772963019041,-1.63144554323168,-2.19859364515858,-2.05091542537296,-1.27229443291301,-1.7236622715815,-1.6162167897966,-3.96708210943814,"late_transition"
"25-20-202510-dev-seq-A","25","20","202510-dev-seq-A",2025-10-25,4,0.13106714688281,0.171153883157818,0.0128351143352914,0.0119466314917638,NA,NA,0.0571570126581158,0.0944124456202677,0.317782501217421,0.413445117371702,0.498334721638479,0.0972065605193394,NA,NA,0.500871259099581,0.107519683425873,0.122284487994185,0.0132198335872844,2.29399151711264,2.56084480694871,-0.0295335240230372,-0.101268891286576,NA,NA,1.46408384249873,1.96595465726613,3.17964894394506,3.44280653222831,3.62955373665635,1.99511995785058,NA,NA,3.6346308538048,2.09595568604963,2.22463195255816,"cydippid"
"25-20-202510-dev-seq-A","25","20","202510-dev-seq-A",2025-10-27,6,0.192837605152626,0.376842716442815,0.117230815820756,0.185050740933399,NA,NA,0.0684231083845213,0.192067685821952,0.6549087278942,0.745909103537757,0.901857867716693,0.252046869268396,NA,NA,0.859681863540228,0.231731071988631,0.224246411913323,0.0846263073410513,0.82360323087746,1.49358272288057,0.325899596454296,0.782384883035572,NA,NA,-0.212534570300072,0.819602660474407,2.04625069944736,2.17635856790456,2.36621175330115,1.09136987962606,NA,NA,2.31831721494017,1.00733234709165,0.974500320672555,"cydippid"
"25-20-202510-dev-seq-A","25","20","202510-dev-seq-A",2025-10-29,8,0.32431269242199,0.471584512150261,0.160867633649532,0.212520636216815,NA,NA,0.203256322238695,0.35453327869186,0.977611142182821,1.03947047625702,1.15964567335544,0.241624220451924,NA,NA,1.12824350334713,0.381894960731351,0.251052661077313,0.21317832512469,0.419579127845386,0.793969304446384,-0.281547147017532,-0.0030899273471757,NA,NA,-0.0476611689355809,0.508673193973335,1.52298296323374,1.58433768242042,1.69374076083074,0.125254688645697,NA,NA,1.66628825791752,0.583016576282247,0.163533699609506,"cydippid"
"25-20-202510-dev-seq-A","25","20","202510-dev-seq-A",2025-10-30,9,0.262751630482096,0.502724182975118,0.402375763497257,0.487180504450866,NA,NA,0.221033796069741,0.414906673878597,1.27201645689079,1.0618482160688,1.24660955330308,0.227953319642421,NA,NA,1.22663609546515,0.44700081438852,0.191127286932034,0.324181084445162,-0.210093047084741,0.438739413445383,0.216084124821082,0.407332437827144,NA,NA,-0.382986649054305,0.246751350447688,1.36705641935064,1.18646400659209,1.34688052555957,-0.352161392690725,NA,NA,1.3307285577362,0.321258154237201,-0.528362632460092,"cydippid"
"25-20-202510-dev-seq-A","25","20","202510-dev-seq-A",2025-10-31,10,0.269841984553923,0.46419559563615,0.416957688812666,0.526881011115413,NA,NA,0.22557266838427,0.591239996125093,1.46063075301049,1.38727092299684,1.5686268892686,0.373104830021001,NA,NA,1.48744456326749,0.763612660443107,0.243110822650906,0.568001697912435,-0.744287862714817,-0.201818402277599,-0.309139657025389,-0.075149670310877,NA,NA,-0.923482046493529,0.0400976117908667,0.944499236018271,0.892969323448035,1.01583151484122,-0.42026498220854,NA,NA,0.962690460334554,0.295936263656216,-0.848607008330685,"cydippid"
"25-20-202510-dev-seq-A","25","20","202510-dev-seq-A",2025-11-02,12,0.286521576962364,0.388098772170178,0.462999172233601,0.662311980713772,NA,NA,0.404913563631795,0.35176672975425,1.81697373228811,1.23683379130848,1.52565038318826,0.319854412483243,NA,NA,1.22841890647816,0.551722916852291,0.267194874396946,0.567543184760303,-0.683502997375763,-0.380056968278901,-0.203591576702051,0.154419871930285,NA,NA,-0.337643221757081,-0.4783485866004,1.16361076869903,0.778993156068118,0.98885923594933,-0.57345091167654,NA,NA,0.772166336635385,-0.0282708849265206,-0.753338584121951,"cydippid"
"25-20-202510-dev-seq-A","25","20","202510-dev-seq-A",2025-11-04,14,0.264532919028994,0.636369479698704,0.386865395088524,0.615397591404127,NA,NA,0.438342921066373,0.574171398121676,1.6558504336141,1.45713164420558,1.79416033732196,0.521470884648415,NA,NA,1.86940307127703,0.874141672927793,0.292602602233815,0.925622833376854,-1.25250114317491,-0.374687506724995,-0.872390028086657,-0.40819829529576,NA,NA,-0.74746531544583,-0.477538889559595,0.581603168694824,0.453758310728812,0.661825568523502,-0.573813401435949,NA,NA,0.702907601362814,-0.0572243846149981,-1.15165146227376,"cydippid"
"25-20-202510-dev-seq-A","25","20","202510-dev-seq-A",2025-11-06,16,0.327010648176783,0.676044694418942,0.383905912229807,0.681124133788401,NA,NA,0.463517540687513,0.734192811014246,1.93371444255919,1.60748740424964,1.95653079193639,0.352954050670905,0.201667647782806,0.444981655172435,1.82235196634596,1.09395501114123,0.329414211527069,1.1491058549468,-1.25674666789744,-0.530480211634529,-1.09634189916579,-0.522994830330436,NA,NA,-0.90789517322043,-0.447967722071995,0.520458612405101,0.335688218970266,0.532188778306036,-1.18040152110667,-1.74011836710667,-0.948706344511392,0.461143833488634,-0.0491845426312119,-1.24942344100681,"early_transition"
"25-20-202510-dev-seq-A","25","20","202510-dev-seq-A",2025-11-08,18,0.33585575532511,0.908730513912678,0.423272700074077,0.817265741439099,NA,NA,0.38939299103348,0.862533097680315,2.52311413053671,2.41894207390261,2.84149784867968,0.8669026753477,0.200665224020631,0.519730941103183,2.60993943867688,1.28647180541044,0.397173519682519,3.11862680268269,-2.22846628841368,-1.23309947069302,-1.99713140421884,-1.33918374968159,NA,NA,-2.08055896319807,-1.28527453428242,-0.211898872912743,-0.254062492549503,-0.0930614529441522,-1.28022134059516,-2.74351008922486,-1.79183679986213,-0.178065760098311,-0.885489340824387,-2.06077479409109,"early_transition"
"25-20-202510-dev-seq-A","25","20","202510-dev-seq-A",2025-11-10,20,0.426973,0.974315025098148,0.679968050125887,0.716742522447916,NA,NA,0.716711423670643,1.09546560534596,2.4017374504071,2.73197292301223,3.15546320497578,0.789356210792694,0.434241982788399,0.642527933906378,2.48153598652206,1.56195104061971,0.341913027215987,3.13442568622487,-1.99348046271898,-1.16846655635702,-1.52815543014094,-1.47548456996973,NA,NA,-1.47552795996124,-1.05126647986237,-0.266253550009084,-0.137421932506401,0.00668933825774487,-1.37898355191472,-1.97659929935037,-1.5847909493769,-0.233568245252874,-0.69651025622335,-2.21564484376302,"early_transition"
"25-20-202510-dev-seq-A","25","20","202510-dev-seq-A",2025-11-12,22,0.432246444571844,0.927672720885982,0.472599048184611,0.505475304952675,NA,NA,0.965877979165588,1.18811051551487,2.75175850675673,2.36682986805437,2.79942576486665,0.96304810828795,0.389110237230081,0.470011167872636,2.81191367134768,1.39398909035975,0.384686387366384,3.61018955994825,-2.12251966049743,-1.35883656050537,-2.03326820887638,-1.96601637507689,NA,NA,-1.31847804895883,-1.11139603750574,-0.271520116331746,-0.422208829312685,-0.254345968474791,-1.32141219239366,-2.22765286996155,-2.03875910377635,-0.249895007259727,-0.951590794480235,-2.2390871355598,"early_transition"
"25-20-202510-dev-seq-A","25","20","202510-dev-seq-A",2025-11-14,24,0.510582833558866,1.11714416661414,0.637934059489694,0.785735273395563,NA,NA,1.33765779512101,1.47967777865487,2.91934108693058,3.40568537999989,3.87720273077344,1.08542852589473,0.341857101982685,0.718987856687441,3.4531174779774,2.15291280495542,0.506157548600235,6.51423546814395,-2.54619224908708,-1.76321427654955,-2.32351021022244,-2.11512519979105,NA,NA,-1.58306968372199,-1.48216550726464,-0.80263191855629,-0.648543648522085,-0.518875906259839,-1.79201499045175,-2.94735231390675,-2.20390066478454,-0.634712414379341,-1.10716813597366,-2.55489715149914,"early_transition"
"25-20-202510-dev-seq-A","25","20","202510-dev-seq-A",2025-11-16,26,0.450301836364232,0.850973283552425,0.811047417260544,0.862463872132044,NA,NA,0.882378056021908,1.4390866054762,3.30605826060613,2.7498532375576,3.077116546292,0.966176037625132,0.49470815427381,0.837197147150538,3.03795413024769,1.7123621668984,0.52717490436856,5.15091531687805,-2.43701160390816,-1.80054897539795,-1.84860318924625,-1.78713644865298,NA,NA,-1.7643091101835,-1.27516581973511,-0.443417808384483,-0.62762688822244,-0.515181458095327,-1.67358365812167,-2.34296170792995,-1.81687012634007,-0.527990124923967,-1.10130062888357,-2.27939732897159,"early_transition"
"25-20-202510-dev-seq-A","25","20","202510-dev-seq-A",2025-11-18,28,0.398660035684542,1.00250165423305,0.598817414224069,0.746530747129011,NA,NA,0.973225988545826,1.50655225030531,3.23547229462423,3.07507856345728,3.60665168260348,1.30199561266119,0.745180746000928,0.91164188750737,3.2670310461018,2.28658569797526,0.32976892147381,6.35395153934831,-2.76872317520013,-1.84657837871882,-2.36187545401284,-2.14139538349046,NA,NA,-1.87621587323426,-1.43925314679424,-0.674901996480176,-0.725746458999922,-0.566297078828404,-1.58517873493499,-2.14320538697018,-1.94158494225242,-0.665195273511023,-1.02201716562978,-2.9584400167847,"early_transition"
"25-20-202510-dev-seq-A","25","20","202510-dev-seq-A",2025-11-20,30,0.65830716743022,1.31647062956224,0.825609453291931,0.885526240347512,0.117869545218432,1.3230955450507,1.19996642419069,1.72891801577056,3.85431595124025,3.40016640841963,3.86087632053362,0.973457095318535,1.08519391389062,1.62187533697661,3.9002033916919,2.86161573068101,0.573207335738998,9.67317861875417,-2.68744060151438,-1.99440257451407,-2.460990398846,-2.390930153564,-4.40753377981675,-1.98938286372741,-2.08706338817243,-1.72186117629368,-0.920163418018771,-1.04553259065661,-0.91846278097865,-2.29625849248048,-2.18759827123056,-1.78577386959198,-0.908328261242237,-1.21797055862352,-2.82586474997402,"late_transition"
"25-20-202510-dev-seq-A","25","20","202510-dev-seq-A",2025-11-21,31,0.507275279618473,1.1138827617052,0.392982238841655,0.828432504068376,0.364190218930987,1.31999084460954,1.135530341186,1.68273295207647,3.9876673759653,3.35637750644389,3.81443184537101,0.549036488210028,1.32520716137761,2.07261389859134,3.81173170993513,2.75637555428882,0.538142653007546,9.66317532905701,-2.94702376813543,-2.16047040809582,-3.20231316514485,-2.45654221628796,-3.27840127158534,-1.99069750255121,-2.14122250046578,-1.74790307435626,-0.885115860829826,-1.05746003392338,-0.929530576086056,-2.8679126798628,-1.98675350779697,-1.53951173960557,-0.930238700303201,-1.25440569147159,-2.88795390290199,"late_transition"
"25-20-202510-dev-seq-A","25","20","202510-dev-seq-A",2025-11-22,32,0.380654846941425,1.12652763267307,0.75836693192214,0.881532855911792,0.283312011670878,1.36692982647099,1.11760242340915,1.67261843890829,3.72815496978573,3.12630316578231,3.50111641409744,1.21619345096617,1.00056991518059,1.93269626811561,3.26570421170947,2.30961029105994,0.411763703949244,7.10437870876286,-2.92657354148065,-1.84157130323884,-2.23729924491327,-2.08680431860648,-3.22191778742183,-1.64814409103797,-1.84952561613498,-1.44632098749429,-0.644797848390086,-0.820860104185061,-0.707629420408065,-1.76498545464156,-1.96014156065738,-1.30179525540814,-0.777235888969771,-1.12363250836546,-2.84801694176797,"late_transition"
"25-20-202510-dev-seq-A","25","20","202510-dev-seq-A",2025-11-24,34,0.296659891812156,1.09692572699158,0.835146427604166,0.925643327223288,0.980496222379262,0.780592047283342,0.201711046524478,1.80394562229714,4.52091687153701,3.11717242926298,3.58569610647853,1.53262835495661,1.84524026842475,3.07148197482144,3.75154248722869,2.67907480588299,0.422913918835737,10.1358137143147,-3.5312440060037,-2.22356359079798,-2.49622327133592,-2.39334135855064,-2.33577155033315,-2.56377767647187,-3.91699413265026,-1.72609878589533,-0.807360243272136,-1.17914874599474,-1.03912243706746,-1.88909092363621,-1.70346556842844,-1.19391489115233,-0.99390797889364,-1.33060355099605,-3.17666168644612,"late_transition"
"26-20-202510-dev-seq-A","26","20","202510-dev-seq-A",2025-10-25,4,0.0966804180379874,0.130807045957013,0.0181515927675783,0.026110741391236,NA,NA,0.00557199999999989,0.0552059141759285,0.297231132474376,0.249181575014085,0.283776267697812,0.0688907994147259,NA,NA,0.324838227701113,0.0415142809163306,0.0862659835624679,0.00456652932160156,3.05265741160845,3.35496983759315,1.38000484449799,1.74359330907112,NA,NA,0.19900058776555,2.49231662026016,4.17575659181102,3.99942837948728,4.12943266974333,2.71376916560593,NA,NA,4.264573829334,2.20728401835528,2.93868188725676,"cydippid"
"26-20-202510-dev-seq-A","26","20","202510-dev-seq-A",2025-10-27,6,0.109353714011002,0.154650397193153,0.0563588236924796,0.0909314642629272,NA,NA,0.00566363928936159,0.110302383600718,0.393082680577509,0.441477119231847,0.511140474249741,0.0971282332846633,NA,NA,0.482591285499438,0.119354623881943,0.125484083811454,0.0161604111373585,1.91202321654378,2.25860257302618,1.24917432105646,1.7275415883591,NA,NA,-1.04849782486194,1.92066104174906,3.19145547845317,3.30756169919408,3.45407995867232,1.79346760362836,NA,NA,3.39660560119176,1.99953459979997,2.04961443387219,"cydippid"
"26-20-202510-dev-seq-A","26","20","202510-dev-seq-A",2025-10-29,8,0.136047703435229,0.308915921091808,0.124129621162719,0.172714969545202,NA,NA,0.0281913269286852,0.176080889826239,0.67383560191192,0.774276620599027,0.908164247788499,0.238624342915806,NA,NA,0.80348316457845,0.21853305662302,0.157315415980126,0.0819490427416934,0.50690796066984,1.32697151572804,0.415228727466183,0.745545036753163,NA,NA,-1.06708324919854,0.764845866622015,2.1068885429659,2.24583157657834,2.40532762776038,1.06879290429806,NA,NA,2.28285860823152,0.98083966786791,0.65215518483294,"cydippid"
"26-20-202510-dev-seq-A","26","20","202510-dev-seq-A",2025-10-30,9,0.225126193522655,0.449238041488029,0.151637482239715,0.227138531068597,NA,NA,0.139278426631694,0.264633322353781,0.91465747048007,0.945398550757431,1.18067575070688,0.323848074567381,NA,NA,1.0663570459363,0.238135614795435,0.207956278743874,0.191928965262701,0.159535774100928,0.850427575492668,-0.23563264400721,0.168434769386704,NA,NA,-0.32065033202584,0.321219847592337,1.56142431500632,1.59448125443586,1.8167168926564,0.523149169184523,NA,NA,1.71487815756773,0.215714990475277,0.0802025282788518,"cydippid"
"26-20-202510-dev-seq-A","26","20","202510-dev-seq-A",2025-10-31,10,0.289079364087097,0.446514382478325,0.231305204653938,0.303039502434914,NA,NA,NA,NA,NA,0.933638024357674,1.12269237188577,0.343653683876661,NA,NA,1.16751463351686,0.335669562045771,0.245469768550019,NA,NA,NA,NA,NA,NA,NA,NA,NA,NA,NA,NA,NA,NA,NA,NA,NA,NA,"cydippid"
"26-20-202510-dev-seq-A","26","20","202510-dev-seq-A",2025-11-02,12,0.310706467296707,0.471720495997365,0.165252131741167,0.26553729648394,NA,NA,0.181531417716053,0.333283989721979,1.42031733658538,1.14596118625032,1.46927650671385,0.454244278661823,NA,NA,1.4126976799036,0.50057332195993,0.284823405500671,0.491345410818029,-0.458298733392184,-0.0407607241329859,-1.0896749860734,-0.615392057604698,NA,NA,-0.995718625731136,-0.38815241629751,1.06148823727691,0.846851662989778,1.09537802149291,-0.0785122527536914,NA,NA,1.05610903878285,0.0186067206281858,-0.545278006423279,"cydippid"
"26-20-202510-dev-seq-A","26","20","202510-dev-seq-A",2025-11-04,14,0.363722475920859,0.51999150845759,0.123056144263503,0.274213451810811,NA,NA,0.277752190531416,0.341458925157916,1.73220430229145,1.24313554852578,1.5935720872237,0.531259325268743,0.0519532597485469,NA,1.7368232748904,0.435658180569355,0.284168923320267,0.79905230207339,-0.787035254988663,-0.429613921487019,-1.87078569438564,-1.06951957872402,NA,NA,-1.0566970878495,-0.85019900898507,0.773723636569138,0.441965732023153,0.690306968089649,-0.408176129508297,-2.73308193965675,NA,0.776386616453724,-0.606568456691205,-1.03385754127889,"cydippid"
"26-20-202510-dev-seq-A","26","20","202510-dev-seq-A",2025-11-06,16,0.383851478862594,0.826824948365734,0.411931463682978,0.490850510217724,NA,NA,0.182822416404553,0.622074304459684,2.03605243032885,2.07421268184033,2.50636956655423,0.598197978613268,0.0714582291009925,NA,2.25179252569681,0.981126279983367,0.391030666298693,1.91518701566681,-1.60731485118201,-0.83997755319796,-1.53671356993039,-1.36143093356262,NA,NA,-2.34905527562263,-1.12451100900768,0.0611975738157032,0.079766375066325,0.269020042112094,-1.16364878808323,-3.28845748455211,NA,0.161911300948261,-0.668869378104169,-1.58878456781684,"cydippid"
"26-20-202510-dev-seq-A","26","20","202510-dev-seq-A",2025-11-08,18,0.398552144549493,0.886581989702025,0.503961016178831,0.484685117725931,NA,NA,0.548412302791431,0.810693901805731,2.4720886835138,2.22767135195803,2.67174221892429,0.55758882883806,0.289640046845218,0.446397045227676,2.14366102182714,1.14773790588357,0.548277392758447,2.35973623088293,-1.7784667834594,-0.978931516987152,-1.54380620897001,-1.58280568691172,NA,NA,-1.45927774378759,-1.0684145753672,0.0465135679436524,-0.0575930431293258,0.124180929850768,-1.44268330031768,-2.09766619094166,-1.66509633326671,-0.096034720998646,-0.720756879363785,-1.45952377515674,"early_transition"
"26-20-202510-dev-seq-A","26","20","202510-dev-seq-A",2025-11-10,20,0.35537444061159,0.963221760007529,0.495573115651969,0.559746382691304,NA,NA,0.920548528967377,0.802128792996487,2.61211309542925,2.11697031315085,2.59732677391082,0.805767030889202,0.705335593993384,0.867280963006799,2.53182482950006,1.47678176721444,0.39948535201181,2.8628656854678,-2.08640639419419,-1.08929472441555,-1.75386348786266,-1.63209459699169,NA,NA,-1.13460867057612,-1.27230920534033,-0.0916636022226633,-0.301837142123037,-0.0973403588788125,-1.26778373292117,-1.40090468068534,-1.19421540235657,-0.122882791875941,-0.661957872556569,-1.96940129135348,"early_transition"
"26-20-202510-dev-seq-A","26","20","202510-dev-seq-A",2025-11-12,22,0.580733698097501,0.960215497448359,0.485746413941473,0.602274509013955,NA,NA,0.588323880988185,1.1667738691816,2.46592155110458,2.4831309862762,3.15447962603866,0.52455243675442,0.406476852044493,0.78607333597127,2.58400328283557,1.52901335311959,0.544747009615472,3.35003075127872,-1.7524325034371,-1.24956706848366,-1.93103809855171,-1.7160114678487,NA,NA,-1.73944719000198,-1.05472696180526,-0.30640393324904,-0.299449266913942,-0.0601459791706827,-1.85417940667768,-2.10919782143669,-1.44967471342396,-0.259629668914278,-0.784346865135098,-1.81640331991569,"early_transition"
"26-20-202510-dev-seq-A","26","20","202510-dev-seq-A",2025-11-14,24,0.48197554647513,1.00620035161989,0.349647417666712,0.499490869795435,NA,NA,0.478114292854752,1.29955002684814,2.81407835066847,2.72264749789336,3.35533387361973,0.932346458027809,0.662325073106854,0.860170184571634,2.98076557380499,1.87488853336138,0.574942297648208,4.69081707844248,-2.27546868410867,-1.53942557590775,-2.59643679477618,-2.23977274418446,NA,NA,-2.28351225311742,-1.28358871308023,-0.510971982965705,-0.54400203270732,-0.335055503726845,-1.615657581728,-1.9576055810161,-1.69623180471131,-0.45342661295151,-0.917057575654766,-2.0990923795726,"early_transition"
"26-20-202510-dev-seq-A","26","20","202510-dev-seq-A",2025-11-16,26,0.479325237791628,1.1469216844894,0.560648960751735,0.519747700505736,NA,NA,0.56218007953413,1.4898106252306,2.88925173583265,2.72214653127954,3.39071859454928,0.966931226006275,0.613943237650069,0.9264521887858,2.85120607612603,1.93967144700591,0.555219460819774,4.65537305173838,-2.27339796620718,-1.40094049027208,-2.11668235525212,-2.19243382401143,NA,NA,-2.11395510172289,-1.13937303280707,-0.477024493862953,-0.536601312534423,-0.316980173804062,-1.57164995457057,-2.02587484945869,-1.61441488623128,-0.490279958157404,-0.875503446007001,-2.12641386602127,"early_transition"
"26-20-202510-dev-seq-A","26","20","202510-dev-seq-A",2025-11-18,28,0.404966421354906,0.952451150885964,0.429693182139303,0.491863991974408,NA,NA,0.795549651524027,1.40577107198932,2.841459039198,2.4796443369492,3.08576543503638,0.989474941985395,0.594975137158898,0.828346568562941,2.8094916301655,1.75848654885643,0.397402046951196,4.10563939708887,-2.3163126168802,-1.46107794978806,-2.25704534621931,-2.12191453111512,NA,NA,-1.64108350899244,-1.07177553339926,-0.36804382488536,-0.504246353960708,-0.285561749665937,-1.42294232950845,-1.9315971519297,-1.60068514243533,-0.379357938885761,-0.847907967644339,-2.33516828935167,"early_transition"
"26-20-202510-dev-seq-A","26","20","202510-dev-seq-A",2025-11-20,30,0.319549928649656,1.0399225695214,0.546159310392124,0.531414435630986,NA,NA,0.499697866996649,1.39248284405374,2.8295749963392,2.43631977616532,3.02324110288962,0.998849008363626,0.743000942914105,0.945505038710001,2.83797732851075,1.9032713878483,0.504421226234582,4.04624023181108,-2.53862985829128,-1.3586418541233,-2.00263268064259,-2.03000119286474,NA,NA,-2.09153974133053,-1.06669973962685,-0.357661589716303,-0.507299499885401,-0.291458643338693,-1.39893976665755,-1.69484607732338,-1.45382417387082,-0.354696521960139,-0.754213923440395,-2.08213170575212,"early_transition"
"26-20-202510-dev-seq-A","26","20","202510-dev-seq-A",2025-11-21,31,0.445140366573286,0.957262763429143,0.527370688006074,0.589418269622685,NA,NA,1.07305688818674,1.512906831873,2.93789601614165,2.42131535566931,3.00069599470689,1.03893850030933,0.744794181242711,1.00031681332766,3.05107303694569,1.92441283563065,0.488500989318343,4.48290744548946,-2.30963743534831,-1.54394917457664,-2.14012340420109,-2.02889103147084,NA,NA,-1.42976033917188,-1.0862389647914,-0.422578134907084,-0.615960891389164,-0.401427559300127,-1.46207230016382,-1.79491918485602,-1.49995505614353,-0.384778475157612,-0.845650918536501,-2.21668560158112,"early_transition"
"26-20-202510-dev-seq-A","26","20","202510-dev-seq-A",2025-11-22,32,0.428235322467682,0.798570056758955,0.370919774265272,0.28875249080311,NA,NA,0.233659987250706,0.940104253257053,2.20545183581052,2.00827065304636,2.40295232603422,0.629778598087455,0.503438912307392,0.664594728583518,2.45875531349746,1.21345591214391,0.376064820647983,2.17173481452583,-1.62360871750363,-1.00045888158095,-1.76729578348894,-2.0177116928834,NA,NA,-2.22941456811459,-0.837290804005638,0.0154061002485321,-0.0782523217378478,0.101171815346297,-1.23791325482835,-1.46181920214464,-1.18410415666415,0.124128949917199,-0.582053887488076,-1.75352005696824,"early_transition"
"26-20-202510-dev-seq-A","26","20","202510-dev-seq-A",2025-11-24,34,0.364992096381552,0.993766907354034,0.479963203657322,0.499743543872255,NA,NA,0.801397630775135,1.09067871824337,2.72909695491897,2.4996259184919,2.9361211284122,0.973348873923425,0.395683187189575,0.743324803160772,2.66508781888946,1.26822439299439,0.381544917425197,3.5592066732207,-2.27741725481273,-1.2757902748982,-2.00358351249537,-1.96319789982939,NA,NA,-1.49093571257138,-1.18273749568398,-0.265566906698235,-0.353396587354622,-0.192448309257028,-1.29655038158516,-2.19667909570335,-1.56615985425986,-0.289300665675611,-1.03191986898717,-2.23306437162644,"early_transition"
"1-20-202510-dev-seq-B","1","20","202510-dev-seq-B",2025-10-22,1,0.063787891805577,0.0456616413196021,0.013901415323628,0.00886499774393657,NA,NA,0.0041552419905464,0.0505507005688348,0.262151342741173,0.260895512039782,0.335484013423144,0.0694164942935034,NA,NA,0.336131676983887,0.0567244255325693,0.0801404403531701,0.00492699484898928,2.56083415063258,2.22652934891308,1.03726141870157,0.587381446939726,NA,NA,-0.170358570678458,2.3282475662036,3.97419274294394,3.96939075205878,4.22084506717557,2.64539527111361,NA,NA,4.22277374088215,2.44347566528385,2.7890513618963,"cydippid"
"1-20-202510-dev-seq-B","1","20","202510-dev-seq-B",2025-10-24,3,0.0961522202551767,0.145283629497614,0.01194,0.0124657259716392,NA,NA,0.00811763906563975,0.114704124773262,0.347082471467517,0.253741278112667,0.380687251860697,0.0821499983262325,NA,NA,0.443067439716574,0.114051821506717,0.140177319142577,0.0097570740333175,2.28793999953548,2.70069533350614,0.201901544154249,0.244990392274775,NA,NA,-0.18395320737727,2.46436342108447,3.57156985783284,3.25832259398528,3.6639856129674,2.13055426029854,NA,NA,3.81572942877168,2.45866035591687,2.66491562268601,"cydippid"
"1-20-202510-dev-seq-B","1","20","202510-dev-seq-B",2025-10-26,5,0.113315850404963,0.183639746209801,0.0681581490725797,0.0575765797612188,NA,NA,0.00888273071752152,0.10513548744834,0.510876775297136,0.528348208677289,0.622748783912502,0.141073747189192,NA,NA,0.561078058826934,0.110579276042123,0.125317960632146,0.0297509668078524,1.33731742670341,1.82011430817506,0.828969097320504,0.66025425444283,NA,NA,-1.20875260624056,1.26238824580716,2.84326678768461,2.87689392326554,3.04128157216388,1.55642115414985,NA,NA,2.93699840893077,1.31287106476667,1.43799256346181,"cydippid"
"1-20-202510-dev-seq-B","1","20","202510-dev-seq-B",2025-10-28,7,0.256157181505809,0.42226101238452,0.125391740976031,0.161994044643623,NA,NA,0.0649606231497206,0.216243458465221,0.746470618588569,0.802716834142184,0.977291942268148,0.208619103710566,NA,NA,0.952572571421201,0.261191423113394,0.246010364562146,0.115820079372807,0.793753299212569,1.2935856884862,0.0794048174855396,0.335521625988384,NA,NA,-0.578256658479696,0.624366948373483,1.86331831020544,1.93596406970604,2.13274747531076,0.588472171851831,NA,NA,2.1071283474578,0.813215613281529,0.753335720302105,"cydippid"
"1-20-202510-dev-seq-B","1","20","202510-dev-seq-B",2025-10-30,9,0.263926494344543,0.530511934542476,0.240050604969036,0.232097797818075,NA,NA,0.494419156595898,0.626284809335976,1.73782503748939,1.65333739864584,1.87588409979401,0.480390206587312,NA,NA,1.88622240337056,0.896641590784746,0.369079643932038,1.02483441420618,-1.3566156975422,-0.658443876824166,-1.4514365762534,-1.48512750624485,NA,NA,-0.72890267885363,-0.492481096782072,0.528103300473066,0.478264858499764,0.604549015757633,-0.757687627363221,NA,NA,0.610045048148734,-0.133630113537289,-1.02127387344123,"cydippid"
"1-20-202510-dev-seq-B","1","20","202510-dev-seq-B",2025-11-01,11,0.451451253299844,0.575498344716994,0.466305391756304,0.487509837136647,NA,NA,0.313883165908909,0.925352485640472,2.27523459217725,1.93409929576644,2.28095273508884,0.634726969457735,0.161282221869771,0.406885289939314,2.28648164047954,1.15345435731198,0.431566010117803,1.97769327278302,-1.47721902987161,-1.23445007888075,-1.44484566419055,-1.40037596181043,NA,NA,-1.84066559721107,-0.759511700303931,0.140152012722781,-0.0222894139163117,0.142662070147142,-1.13649149371512,-2.5065306695242,-1.58115512797011,0.145083082749239,-0.539169922822585,-1.52226595370629,"early_transition"
"1-20-202510-dev-seq-B","1","20","202510-dev-seq-B",2025-11-03,13,0.397658122458224,0.880903379820964,0.663507094986934,0.671285513761468,NA,0.103296067921292,0.500211665623664,1.09428907584651,2.72594089544876,2.4906362103957,2.93132371881225,0.969272753957832,0.0621419549921792,0.242174754299452,2.826867238522,1.53633050354961,0.518495330347343,3.76473472212333,-2.24784003147654,-1.45248472993021,-1.73589313183172,-1.72423812748949,NA,-3.59583336807266,-2.01840133873013,-1.23557249322326,-0.32286374858579,-0.413139215814641,-0.250223297666942,-1.35688662670487,-4.1040113142595,-2.74377308806618,-0.286508284195459,-0.89628061667695,-1.98250165727157,"early_transition"
"1-20-202510-dev-seq-B","1","20","202510-dev-seq-B",2025-11-05,15,0.473953747671647,0.966981372232164,0.711556910629782,0.729105189558407,NA,NA,0.860624065427525,1.58779417853102,3.44831700828346,2.84973812879293,3.33374683257386,1.03171137237359,0.242199228779222,0.647508999869499,3.56850075896363,2.06037836782713,0.631494570720921,6.83713796309997,-2.66901475842229,-1.95594526479878,-2.26266909544299,-2.23830648205796,NA,NA,-2.07246671304511,-1.46002347369437,-0.684482929289682,-0.875142112197463,-0.718272371217755,-1.89115026761267,-3.34036384972165,-2.356991803715,-0.650223665509133,-1.19947957798428,-2.38203515228408,"early_transition"
"1-20-202510-dev-seq-B","1","20","202510-dev-seq-B",2025-11-07,17,0.500753734673043,1.37588368375383,0.855451229311175,1.06930311850897,0.247152670835255,1.10716053033198,0.892039,2.100177102239,4.25711306046739,3.31786445872801,3.87277050404907,1.16397412187127,0.792805940395567,1.33662787986522,3.84110728982803,2.76601739046033,0.797906779505602,10.5546086265371,-3.04820344748049,-2.03746639739285,-2.51268879685331,-2.2895554559968,-3.75431163392735,-2.25476394411228,-2.47080802656013,-1.61454092560236,-0.907971355962833,-1.1572412605344,-1.0025924577433,-2.20472248418256,-2.58873940423891,-2.06641266650315,-1.01080191941644,-1.33915408072896,-2.58232610719351,"late_transition"
"1-20-202510-dev-seq-B","1","20","202510-dev-seq-B",2025-11-10,20,0.307980350744978,1.20828879017725,0.810377356569148,0.92375840606297,2.1351333989353,0.758826025160577,0.744268924648208,2.50409878630576,5.19170456322565,3.684969105386,4.3274472060438,1.89440599369407,2.06587645018555,4.1133794042399,4.46017742548096,3.55534949747897,0.481081374036659,16.7010060702832,-3.99318825566383,-2.62626382568019,-3.02572422883054,-2.89477366816594,-2.05693983467208,-3.09145170506036,-3.11082181293637,-1.89754005747793,-1.16840688586118,-1.51120681961591,-1.35049115298711,-2.17656363173411,-2.08991439388747,-1.40122403120878,-1.32028041459898,-1.54701559138758,-3.54718780773143,"late_transition"
"1-20-202510-dev-seq-B","1","20","202510-dev-seq-B",2025-11-11,21,0.271807476006456,1.31816902316812,0.876214697321382,1.04825946162818,NA,NA,NA,NA,NA,3.89660922571551,4.51290163615176,2.12862728571537,2.22401500385232,4.50208768189714,4.56001369623491,3.81654889313631,0.510252480081185,NA,NA,NA,NA,NA,NA,NA,NA,NA,NA,NA,NA,NA,NA,NA,NA,NA,NA,"early_transition"
"1-20-202510-dev-seq-B","1","20","202510-dev-seq-B",2025-11-13,23,0.259225466860415,1.47396491150095,0.817679588619528,1.01129378793949,3.07546550012856,0.719912002906606,1.18322207863444,2.51441412065117,5.7325900473041,4.05187880846701,4.70365261858824,2.46110348625104,2.29610050199136,4.79976980627665,4.50270518329704,4.23148033927466,0.542061191863981,20.2352412847892,-4.35748276994177,-2.61946971385572,-3.20871042245603,-2.99619521312912,-1.88396943043067,-3.33605199501421,-2.83918441004382,-2.0853858799894,-1.2612582585528,-1.6082450255139,-1.45908634260747,-2.10681588137481,-2.17621345224401,-1.43885774264949,-1.50274733438698,-1.56487380854842,-3.61980208618484,"late_transition"
"1-20-202510-dev-seq-B","1","20","202510-dev-seq-B",2025-11-15,25,0.302541792195723,1.45763274716507,0.379580565572053,0.839032442677874,3.16493411422766,0.750095074779857,1.08908724976331,2.3372807083902,5.78770025005891,4.26301912552433,4.83577327838747,2.65951158439083,1.71808995779157,4.55277847392029,4.7269877170547,4.20719077322208,0.606094555122383,22.0498269319301,-4.28884060800498,-2.71649103920246,-4.06199316365012,-3.26881065796331,-1.94117251458021,-3.38086006708281,-3.00796479307032,-2.24431658978258,-1.33756973371408,-1.64332712879672,-1.51726370337032,-2.11516226192633,-2.5520915688512,-1.57756705277133,-1.54001659962754,-1.6565096027717,-3.59402402649939,"late_transition"
"2-20-202510-dev-seq-B","2","20","202510-dev-seq-B",2025-10-22,1,0.0628442869081988,0.0637931502592559,0.0147689643509625,0.010443234843668,NA,NA,0.00337714198694688,0.0734537830543805,0.227173993229859,0.241190021611592,0.310001021812832,0.055737216094814,NA,NA,0.279677137401326,0.0581042815634098,0.0850722000009404,0.00328267171300177,2.95200239299828,2.96698818439952,1.50387033818678,1.15729674790681,NA,NA,0.0283721483304572,3.10799876897884,4.23705857639749,4.29692745674791,4.54791795616434,2.831990438849,NA,NA,4.4449782196708,2.87358171666471,3.25484267024021,"cydippid"
"2-20-202510-dev-seq-B","2","20","202510-dev-seq-B",2025-10-24,3,0.0791694933291859,0.276440551880508,0.0170385225298439,0.0304996309813742,NA,NA,0.014377663927078,0.0593797460166343,0.244278072747023,0.212279368371611,0.297851506654323,0.043692940676956,NA,NA,0.285414865942543,0.065044514918631,0.0882221428270704,0.00346106396413205,3.13001499349559,4.38041974972127,1.59390076576256,2.17613853868449,NA,NA,1.42409984029635,2.84237714618773,4.25673117291524,4.11632713662156,4.45501901661073,2.53561050259502,NA,NA,4.41236774589766,2.93349583451404,3.23828193808112,"cydippid"
"2-20-202510-dev-seq-B","2","20","202510-dev-seq-B",2025-10-26,5,0.0899391942592327,0.132850836835904,0.0239230778120208,0.0451859274221522,NA,NA,0.00844285496736732,0.0736902132172245,0.260951151635704,0.214771850558913,0.293637464047931,0.0559526286781953,NA,NA,0.310021818341871,0.0722412008275057,0.0898916283532565,0.00395923874954534,3.12308205083123,3.51317519946593,1.79879182005254,2.4347339263203,NA,NA,0.757268745860894,2.92381822638613,4.18828145949888,3.99352453268387,4.30629411911938,2.64845364446154,NA,NA,4.3605909049269,2.90395875989762,3.12255304355211,"cydippid"
"2-20-202510-dev-seq-B","2","20","202510-dev-seq-B",2025-10-28,7,0.103465182844279,0.135847590850924,0.0331376882869039,0.0406227769114815,NA,NA,0.0219038773736523,0.0873753339678882,0.387645723362196,0.326606503095851,0.415828701982559,0.0802737486355283,NA,NA,0.474245016167803,0.0951761059510211,0.162634020758266,0.0127409257516019,2.09441584600627,2.36671428935927,0.955851941122848,1.15950960450872,NA,NA,0.541844357711394,1.92539371031792,3.41527252592504,3.24393677937303,3.4854540889137,1.84062333891859,NA,NA,3.61690478742369,2.01090960992019,2.5466830925189,"cydippid"
"2-20-202510-dev-seq-B","2","20","202510-dev-seq-B",2025-10-30,9,0.164686524527662,0.186195089129655,0.139049042805048,0.220515482315868,NA,NA,0.133266286393071,0.116709351690428,0.74524744096508,0.802941860228061,0.952266556241738,0.43440140936811,NA,NA,0.955138149180525,0.271104607400907,0.171150496478976,0.112972819238317,0.376896563481952,0.499647738261253,0.207679444773362,0.668820654941915,NA,NA,0.165202027850916,0.0325394184683928,1.88656904669387,1.96113505605812,2.13169773958754,1.3468217609517,NA,NA,2.13470873678193,0.875357499503777,0.41539601374872,"cydippid"
"2-20-202510-dev-seq-B","2","20","202510-dev-seq-B",2025-11-01,11,0.247028608822946,0.645679564877192,0.35384001193336,0.391591941394355,NA,0.101645391927033,0.432705380443784,0.460229131107539,1.58678074382884,1.54370587831296,1.80211468917297,0.706355868743936,NA,NA,1.78426994082061,0.725662877960558,0.280748199246229,0.850371422422098,-1.23616906648238,-0.275369870479899,-0.876828354311882,-0.77545288981874,NA,-2.12418301528993,-0.675616139861368,-0.613948745026921,0.623789331746729,0.596267997520694,0.75104286003574,-0.185554047724599,NA,NA,0.741091392215358,-0.158587670045052,-1.10821504208216,"cydippid"
"2-20-202510-dev-seq-B","2","20","202510-dev-seq-B",2025-11-03,13,0.335438858823781,0.910207391859679,0.629838827734525,0.664153532255908,NA,NA,0.672584878874035,0.893706788338323,2.65312907659541,2.22468178012418,2.46813596541975,0.904946490250667,0.209311222863228,0.429785057591583,2.50410027001816,1.49563774619926,0.431568739303486,2.73292632779655,-2.09768852820331,-1.09945575234476,-1.46766427136925,-1.41461488300677,NA,NA,-1.40199991158142,-1.11775048490517,-0.0296332230077081,-0.205759064829114,-0.101909754187366,-1.10525241387516,-2.56930598007546,-1.84984301138536,-0.0874434536769732,-0.602820248082917,-1.8457014280594,"early_transition"
"2-20-202510-dev-seq-B","2","20","202510-dev-seq-B",2025-11-05,15,0.323490810036391,1.0251239241321,0.69842992586515,0.823577954042603,NA,NA,0.655019646070253,1.11520116990837,3.11148173974684,2.748505535381,3.1026068683238,0.944401184417406,0.236262262083897,0.65982106175614,2.84537507484848,1.43443871407635,0.303903495512967,4.57806841591028,-2.64986173928566,-1.49646365904171,-1.88019759211421,-1.71537423789988,NA,NA,-1.94436721571268,-1.41224235583579,-0.386178109539961,-0.510219843635472,-0.38903448253908,-1.5784813855399,-2.96408997687094,-1.93706376518861,-0.475582270525638,-1.16050353323647,-2.71232224286038,"early_transition"
"2-20-202510-dev-seq-B","2","20","202510-dev-seq-B",2025-11-07,17,0.342437531688628,1.22522062149313,0.366534213063392,0.645954471371628,NA,NA,0.73435044893021,1.3661475724423,3.68817065022824,3.03060819359188,3.43157544742255,0.975413103580734,0.699586553914703,1.24801362737952,3.31249976658973,2.18267063545213,0.460209855029203,6.9872963827452,-3.01575972498636,-1.74097277088244,-2.94775710906674,-2.38111995327738,NA,NA,-2.2528626112937,-1.63209890999314,-0.638963121463574,-0.835330374504641,-0.711074227998509,-1.96898789957912,-2.30135945353962,-1.72254050857904,-0.746390576992418,-1.16354450868261,-2.72016638478564,"early_transition"
"2-20-202510-dev-seq-B","2","20","202510-dev-seq-B",2025-11-10,20,0.316887168616844,1.31549553546487,0.842454730430663,1.14358425829713,1.21634421054445,0.904781331224291,1.1128879082931,2.25974498794975,5.49858407729454,3.41225465955594,3.80106439182122,1.18590132077884,2.26337420564922,4.3751923640263,4.2399947677601,3.49783502663605,0.306944422154891,14.7696487540445,-3.84178381864825,-2.41836088752176,-2.86400966584664,-2.55840689889232,-2.4967245038511,-2.7926363026552,-2.58561595932614,-1.87732234549365,-0.988083696617841,-1.46520105192996,-1.35729318459924,-2.52207122149745,-1.8757176040208,-1.2166238274576,-1.24801227999661,-1.4404301019333,-3.87366289833077,"late_transition"
"2-20-202510-dev-seq-B","2","20","202510-dev-seq-B",2025-11-11,21,0.243479690169427,1.49433991507287,0.869028940794263,0.998827972908248,2.4197533074826,0.769480421142084,1.01877948248284,2.18567262689018,5.15239332066381,4.25486811787827,4.66025862145364,2.08102229916597,2.56514322577922,4.97585556610901,4.39664048089675,3.87096207459851,0.339137518981608,17.5949781147657,-4.28033527480675,-2.46592894597925,-3.00799237765077,-2.86878624139282,-1.98394793102451,-3.12965329657712,-2.84900820192555,-2.08568990737148,-1.2281521977556,-1.4195497600184,-1.32854258217659,-2.13475426398497,-1.92559921136596,-1.26301619802808,-1.38677280472015,-1.51411045270642,-3.94896312008724,"late_transition"
"2-20-202510-dev-seq-B","2","20","202510-dev-seq-B",2025-11-13,23,0.351286496975047,0.933276358566958,0.849182565569973,1.21552811952048,3.18586851399881,0.827279147494968,0.824073503600862,2.22267284157161,5.71870710772304,4.40169717389602,4.80898672887348,2.73726550194788,2.77804800330974,5.6543550219888,4.59163731752901,4.2828999247002,0.422640123562588,21.0459124351376,-4.09285951542165,-3.11576027541118,-3.21018743744908,-2.8515277090439,-1.88798141696349,-3.23631945626587,-3.24020190732034,-2.24799590330022,-1.3029636079437,-1.56471616977553,-1.47621995502037,-2.03974692758382,-2.02495783367642,-1.31428030907207,-1.52246968314467,-1.59207602500971,-3.90794059143556,"late_transition"
"2-20-202510-dev-seq-B","2","20","202510-dev-seq-B",2025-11-15,25,0.615960701489957,1.28636425777616,0.868701254703825,1.18578407090035,3.82541357653391,0.87386098454388,0.998160749683637,2.08057879130207,6.73057926437428,4.23329666157243,4.68296488637991,2.73586410289053,2.43508911207706,5.70316091297536,4.77671503629859,4.08502125017055,0.49660339382348,25.0929330353664,-3.70715836788481,-2.97076641975096,-3.36334224748937,-3.05218203512704,-1.8809196681011,-3.35742022668198,-3.22442719793264,-2.48994013406483,-1.31592504219353,-1.77960521198036,-1.67865482204909,-2.21613892558803,-2.33260290191812,-1.48156568684594,-1.6588331747665,-1.81525932382002,-3.92254982593104,"late_transition"
"2-20-202510-dev-seq-B","2","20","202510-dev-seq-B",2025-11-17,27,0.24830133635766,1.19149873693932,0.72391729685096,0.699671814978994,3.51378967812489,0.678289155323155,0.24830166917683,2.13322157357364,5.77160386852779,4.15053624918434,4.66644834621795,2.74707457111015,2.17218105809996,5.32314139686417,4.53360781865569,4.2368094225785,0.419677842356492,20.3505277834211,-4.4062190513096,-2.83789488935876,-3.33618497084564,-3.37025073647641,-1.75641171143597,-3.4012884460377,-4.40621771092638,-2.25547353391765,-1.26015683814524,-1.58986930428976,-1.47270858995604,-2.0025702937293,-2.23737508817526,-1.34104322963914,-1.50158879638174,-1.56929635555279,-3.88137475089585,"late_transition"
"2-20-202510-dev-seq-B","2","20","202510-dev-seq-B",2025-11-19,29,0.28568316041552,1.3505028312225,0.711842370251308,1.01533828131564,3.64568616392155,0.730405060569134,0.459706629330055,2.07912452696345,5.6058854675853,4.03799947820551,4.52830192149165,2.57432626824573,1.95571308722548,5.00938433102482,4.42605862325681,3.86570621377673,0.282865553456054,18.7260210603198,-4.18278597014796,-2.62943706649894,-3.26981283934972,-2.91469221812069,-1.63636946143904,-3.24407007840801,-3.70708081245455,-2.19796715256127,-1.20609703496606,-1.53416466650306,-1.41956703972007,-1.9843262006913,-2.25915917974168,-1.31860103764625,-1.44240457043117,-1.5777696715719,-4.19269762752301,"late_transition"
"20-20-202510-dev-seq-B","20","20","202510-dev-seq-B",2025-10-23,2,0.0685692899773652,0.112268318487452,0.021492,0.0165875781234031,NA,NA,0.00465847056446655,0.0385053430058739,0.260379009922075,0.293665472414617,0.36019142811358,0.0825243186703169,NA,NA,0.346502832092322,0.0776926175643477,0.103058178714744,0.00541620236792076,2.53844986678798,3.03149680721766,1.37828587312437,1.11925920968066,NA,NA,-0.150707710525806,1.96140211129592,3.87274340028521,3.99304637082504,4.19724073514175,2.72369812192319,NA,NA,4.15849609228097,2.66336534107561,2.94589877091501,"cydippid"
"20-20-202510-dev-seq-B","20","20","202510-dev-seq-B",2025-10-25,4,0.13251905921791,0.192593347361741,0.0638588488464988,0.0780729525508034,NA,NA,0.00819532159222565,0.120648499236418,0.448871309718053,0.522076509481608,0.630997354378368,0.102939759004964,NA,NA,0.513219418182906,0.193701329515313,0.12290404972986,0.0242270879369711,1.69925513482449,2.07310961413977,0.969203817506987,1.17017233528073,NA,NA,-1.08390788949311,1.60541000959694,2.91926488792156,3.07034280361907,3.25983032637676,1.44667260968908,NA,NA,3.05323212607122,2.07884609076382,1.6239326240405,"cydippid"
"20-20-202510-dev-seq-B","20","20","202510-dev-seq-B",2025-10-27,6,0.225552257049226,0.293956808147047,0.192563735838293,0.197271208657016,NA,NA,0.0557477359629967,0.282914089831171,0.874372459530262,0.893790102866579,1.02376565645183,0.341492349548273,NA,NA,0.987534458408921,0.265067,0.238154367215888,0.147332322392907,0.425861138873551,0.690742113682286,0.267736462392316,0.29188874385507,NA,NA,-0.971853932813053,0.652452550256084,1.78081570814676,1.80278023154236,1.93855219648834,0.840634544466386,NA,NA,1.90252065895834,0.587291892419293,0.480228333368254,"cydippid"
"20-20-202510-dev-seq-B","20","20","202510-dev-seq-B",2025-10-29,8,0.25155414169717,0.705155868500009,0.301404906265641,0.40505784975729,NA,NA,0.087870162603696,0.689930206586144,1.46738201859536,1.60072175141668,1.86885746228344,0.582221943548163,NA,NA,1.63903995571218,0.584297364690275,0.361841809419531,0.749130815666851,-1.09125538051856,-0.0604947535814479,-0.910459057714317,-0.614883726214919,NA,NA,-2.14305332201883,-0.0823231794276843,0.672321530255316,0.75929627912286,0.914168918358648,-0.252061900687741,NA,NA,0.78295233452268,-0.248503582677392,-0.727706496264051,"cydippid"
"20-20-202510-dev-seq-B","20","20","202510-dev-seq-B",2025-10-30,9,0.387803644340793,0.628692684306092,0.488008419681464,0.487072684572847,NA,NA,0.291028657051157,0.757291396698127,2.03519911724455,1.97400297962294,2.26899904692273,0.622786146985464,0.286179651347278,0.461894200000389,2.37010561759281,0.999538396005876,0.530755891942803,1.82413790660541,-1.54836363422843,-1.06522021537029,-1.31853011531787,-1.32044941288559,NA,NA,-1.8354410343059,-0.879114658906244,0.109486164934079,0.0789559549586041,0.218231290269086,-1.07465957787437,-1.85224300928865,-1.37352691393972,0.261827023053569,-0.601569206051706,-1.23456057278203,"early_transition"
"20-20-202510-dev-seq-B","20","20","202510-dev-seq-B",2025-10-31,10,0.48399658667598,0.943499505140304,0.565044659831415,0.601174357171861,NA,NA,0.283113710501629,0.810222188001538,2.32498806796702,2.11690473193794,2.4202448012745,0.72650760247089,0.358827076236242,0.510363536158296,2.22632446999443,1.14586451851211,0.545678285455817,2.08793624651278,-1.46185356088765,-0.794335574942178,-1.30702664328502,-1.24504641102931,NA,NA,-1.99808279442271,-0.946622899030899,0.107538770694029,0.0137788534187945,0.147692556329037,-1.05568246778546,-1.76109082460792,-1.40880812747469,0.0641758696551398,-0.60001674616467,-1.34190183394783,"early_transition"
"20-20-202510-dev-seq-B","20","20","202510-dev-seq-B",2025-11-02,12,0.543248077541928,0.955882604147602,0.7579610197431,0.730452107889353,NA,NA,0.531075358329682,1.03769615197947,2.7670879883887,2.54528858428666,2.95964915042645,0.795233410468272,0.337331357264633,0.526030464582613,2.95485272076494,1.66851062570216,0.577143049498996,4.03318170831677,-2.00474476890965,-1.43967574272858,-1.67167889005175,-1.70864718091564,NA,NA,-2.02740692029986,-1.35755255284703,-0.376760070748604,-0.460311534027595,-0.309484839199271,-1.62367517959463,-2.4812451459798,-2.03695172071278,-0.311106761321348,-0.88262418264359,-1.94422069404061,"early_transition"
"20-20-202510-dev-seq-B","20","20","202510-dev-seq-B",2025-11-04,14,0.407600769383474,1.11125966807583,1.19538777702049,0.86624543874932,NA,NA,1.01642941265688,1.42740203617516,3.36168699387227,2.9677642211347,3.41022965124246,1.01767657079251,0.156143303193734,0.521346765537103,3.34565559776331,2.06730418682326,0.635537111744862,6.39250214298464,-2.75259285345831,-1.7496315554285,-1.67665513107374,-1.99871275742229,NA,NA,-1.83882985329969,-1.4992697293712,-0.64268283393338,-0.767316881586263,-0.62834612798418,-1.8376036061896,-3.71210684659786,-2.50646564519751,-0.647463095689086,-1.12888033010869,-2.30841055576481,"early_transition"
"20-20-202510-dev-seq-B","20","20","202510-dev-seq-B",2025-11-06,16,0.485212970173923,1.57030608090015,1.05725460219192,0.860356590713409,0.935109484940133,1.55321243492447,1.16636237382428,2.14474998733186,4.26414242410593,3.85749913616192,4.23275848868666,1.56944132230676,0.766077359709841,1.47444837820284,3.84543047607846,3.2408110610969,0.736449872535124,11.5677502813598,-3.17138844883024,-1.9969505218179,-2.39254552781942,-2.59862941347374,-2.51531273852004,-2.0078957533173,-2.29433125479319,-1.68519808859967,-0.997979990332516,-1.09820199684615,-1.00536717266191,-1.99750136779638,-2.71469320071659,-2.05993713919995,-1.10133552410556,-1.27239745218744,-2.75413518529077,"late_transition"
"20-20-202510-dev-seq-B","20","20","202510-dev-seq-B",2025-11-08,18,0.469213126428705,1.36246582964858,0.905191213097542,0.937129074066641,0.328506154468984,1.27954918722885,1.54845417602233,2.22659450215885,4.41464499712321,3.94304907552296,4.25805584443399,1.57170274363602,0.8428153959928,1.4931149641903,3.8724308818139,3.52462310353575,0.74142784646923,12.132200054252,-3.25256126589363,-2.18656691140648,-2.59547215189938,-2.56079733324856,-3.60906278565782,-2.24935526107229,-2.05860595199145,-1.69538979034509,-1.01093565701987,-1.12390877843256,-1.04705039792554,-2.04370349774295,-2.66687040903858,-2.09499856176087,-1.14198063480704,-1.23608956992524,-2.79504050915541,"late_transition"
"20-20-202510-dev-seq-B","20","20","202510-dev-seq-B",2025-11-10,20,0.572917109680799,1.17770620352616,0.955502956412486,1.13770682958485,2.30447516244242,0.834505776860173,1.15879721704964,3.08755368526881,5.98983536359606,4.76539536689289,5.14901979073389,2.48667103810094,2.17632962919826,4.57220592562682,4.58267186667189,4.39431133869791,0.731737452222449,23.5562935549177,-3.71640725998125,-2.99582437566242,-3.20491044821328,-3.03037834348593,-2.32454007173725,-3.34030864037017,-3.01201044167597,-2.03201393726237,-1.36932910046632,-1.59801252022754,-1.52058666234272,-2.24844814351116,-2.38175322547891,-1.63939724148756,-1.63711082197614,-1.67908220013832,-3.47172652819282,"late_transition"
"20-20-202510-dev-seq-B","20","20","202510-dev-seq-B",2025-11-12,22,0.386448653989117,2.05037222418662,0.93544216897572,1.33617652060684,3.41484330978392,0.972870393878342,1.09468649549038,3.29006090159711,6.85419125567656,5.43162508095057,5.85509660307123,3.22314304253364,2.76438027209649,6.06370204222371,5.05934481625951,5.25972847588172,0.699936388031085,33.8402305005755,-4.47240661464719,-2.80362899675561,-3.58838629968132,-3.23183815360827,-2.29351873716042,-3.54915475445757,-3.43118232941057,-2.33074427046786,-1.59679001889217,-1.82941197876674,-1.75433785004039,-2.3512933625515,-2.50483386940215,-1.71932983458187,-1.90041335423448,-1.86157094133513,-3.8784161685069,"late_transition"
"20-20-202510-dev-seq-B","20","20","202510-dev-seq-B",2025-11-14,24,0.452952758888826,2.48020447146924,0.76713351653542,1.03153599553336,4.24636169013851,0.967109878372153,1.77946847125652,3.77460148667856,7.05082867765293,5.64056027680345,6.04536570638907,3.32504134046992,3.09103901509072,6.69271821906585,4.72786344219215,5.76635166374485,0.820130369912613,33.587402131195,-4.30611850404208,-2.60581005513998,-3.77924547653833,-3.48310211087107,-2.06808851670322,-3.54759422197588,-2.93783635203428,-2.1858562494056,-1.56100590724525,-1.78416765965643,-1.71485908051959,-2.31266895283673,-2.38564377486286,-1.61313095770085,-1.96067766318969,-1.76211147353178,-3.71244302375402,"late_transition"
"20-20-202510-dev-seq-B","20","20","202510-dev-seq-B",2025-11-16,26,0.47810672885978,1.97255505932179,1.22750972784088,1.69690665119151,4.6971235016348,1.15930417933949,0.974233183804062,3.60003530165594,7.87585246899159,5.88403880002138,6.25825221404547,3.51904456457218,3.50139549451986,7.08585703982306,5.51565986961823,6.02344308663782,0.847078898540743,45.3102919602381,-4.55145549155522,-3.13420451545478,-3.6085466966978,-3.28472722567214,-2.26658390184823,-3.66571422253217,-3.83963879784439,-2.5325905508447,-1.74973277339046,-2.0412908053995,-1.97963325517979,-2.55534468002742,-2.56037260052369,-1.85543337105238,-2.10594290675014,-2.01787516514762,-3.97949564036316,"late_transition"
"20-20-202510-dev-seq-B","20","20","202510-dev-seq-B",2025-11-18,28,0.358363418347911,1.95940571946088,0.610718718286087,1.1184666950683,5.11034486513983,1.27349573042551,1.36901963284863,3.26745219761361,7.58357538834164,5.92975498229227,6.30493734584453,3.61749702118868,3.77233698707114,7.8929317640449,4.89381733376226,5.68407249298256,0.71388281843171,38.9988039721902,-4.68973865071221,-2.99088975536966,-4.15664976696028,-3.55157225320024,-2.03226408805559,-3.42176531547805,-3.34943609106183,-2.47952044152196,-1.63754620271846,-1.88354808445547,-1.82219794612951,-2.37774862220122,-2.33583627840267,-1.59756333271366,-2.07555833848328,-1.92586301425868,-4.00056742823489,"late_transition"
"20-20-202510-dev-seq-B","20","20","202510-dev-seq-B",2025-11-20,30,0.365538223276308,1.73485272931739,0.728747011185637,1.20493406840374,5.08295594857648,1.08282224996211,1.6088628522183,4.0770709193719,7.12093381549695,5.95861150445532,6.31343812220784,3.66460702318816,3.41180393315256,7.48169457710143,4.80746226679368,5.77870301862113,0.645958356596616,36.0219742497102,-4.59051357527849,-3.03320662050733,-3.90055779068049,-3.39770429763758,-1.95823617606052,-3.50455832097598,-3.10860152158872,-2.17875032939038,-1.62109027737973,-1.799291663181,-1.74144875108697,-2.28540804270837,-2.35688798399337,-1.57166983399648,-2.01395979843651,-1.82994988180285,-4.02114938881576,"late_transition"
"20-20-202510-dev-seq-B","20","20","202510-dev-seq-B",2025-11-21,31,0.312913900650003,1.85783052348808,0.766722383562656,1.31947879932229,5.20443739802757,1.32000700892268,0.596607332493491,3.76999997269019,7.29922401664862,5.58494728466968,5.96070759729625,3.69641508280888,2.94342234968433,7.10381841702341,4.97998355992678,5.63997870951744,0.458090602693397,36.1119690279052,-4.74845156648548,-2.96721494066014,-3.85225485656863,-3.30938755278052,-1.93711275493773,-3.30898731603305,-4.10312047891569,-2.25954936819121,-1.59885631899218,-1.86654936866469,-1.8014351639985,-2.27926090897876,-2.50705139353585,-1.6259919177107,-1.98119777259555,-1.85674407181256,-4.36731265436472,"late_transition"
"20-20-202510-dev-seq-B","20","20","202510-dev-seq-B",2025-11-22,32,0.257211954317835,1.80465009513202,0.62185797291745,1.34629806729119,5.32508937612619,1.46209130439005,0.0459754062189778,3.74206055505279,7.94232726334322,6.01486842888691,6.34161423778997,3.88470239397936,3.32202321033892,7.40602110992306,5.29514312982992,6.03067643689462,0.605629214741989,44.4502340225598,-5.15222503580911,-3.2040035069151,-4.26941377847291,-3.4970115733642,-2.12194073109186,-3.4145024157148,-6.874018899677,-2.47473381653776,-1.72216388826922,-2.0001357514424,-1.94723687911565,-2.43732384977647,-2.59379622877186,-1.792076893927,-2.12758021697816,-1.99751104375851,-4.29585756383057,"late_transition"
"20-20-202510-dev-seq-B","20","20","202510-dev-seq-B",2025-11-24,34,0.349797182893172,1.65859964460264,0.830658476336093,1.34154224611527,5.4303417136753,1.2617098860265,0.0459744575389416,3.58333449049904,7.89907025585803,6.13732804776486,6.51204299870757,3.6800385332681,3.81480147182737,8.4366205259215,5.2556230307172,6.0815322685417,0.84411483927544,45.0574067707806,-4.85833915267482,-3.30196372400669,-3.99347393050616,-3.51411750067864,-2.11593532010506,-3.57546952936416,-6.88760669037171,-2.53164359393065,-1.74119231935095,-1.99354790669541,-1.93428415109205,-2.50501415964334,-2.46904875822325,-1.67535556596507,-2.14863882586119,-2.00268070068696,-3.97740411091614,"late_transition"
"24-20-202510-dev-seq-B","24","20","202510-dev-seq-B",2025-10-29,8,0.23844642643789,0.364191901420117,0.160153619303467,0.166353945171132,NA,NA,0.0950593987988563,0.154088098790919,0.74058102951669,0.680969579441145,0.816196749758445,0.1599260401717,NA,NA,0.903568999848932,0.199518730273626,0.229722009485378,0.0910285272235073,0.962971714638153,1.38650798705537,0.564960531896485,0.602944774907625,NA,NA,0.0433290033641579,0.52635156555183,2.09626210976912,2.0123446913646,2.19348249743764,0.563538516073982,NA,NA,2.29517953325957,0.784735174643238,0.925696980136969,"cydippid"
"24-20-202510-dev-seq-B","24","20","202510-dev-seq-B",2025-10-31,10,0.420752945607039,0.652398044491244,0.260183264344577,0.323489824824522,NA,NA,0.408743220745005,0.508881892046671,1.61467303871248,1.60049898156309,1.85017238934498,0.325428617944089,NA,NA,1.77900967887193,0.523977854440433,0.333491918043002,0.885775879202716,-0.744418126700341,-0.305809087260619,-1.2250777150152,-1.00729630055083,NA,NA,-0.773376823854724,-0.554248010171105,0.600423801755483,0.591606762490172,0.736570136565453,-1.00132082270734,NA,NA,0.697348167680736,-0.525014539685628,-0.97684532928741,"cydippid"
"24-20-202510-dev-seq-B","24","20","202510-dev-seq-B",2025-11-02,12,0.364645318720808,0.774616450586998,0.582808822536173,0.724868474900792,NA,NA,0.387401497717807,0.711713988735644,2.67541810977369,1.96568820080055,2.19776307395736,0.624101902276383,NA,NA,2.31282910093353,0.896178137141272,0.361015477785925,2.26654751301422,-1.82708788171127,-1.0736450289462,-1.35815382093169,-1.14002280885927,NA,NA,-1.76655141628518,-1.15833690383206,0.165847916508735,-0.142415340924115,-0.0308176958210328,-1.28969937335978,NA,NA,0.0202137398516086,-0.927873826338677,-1.83709220115947,"cydippid"
"24-20-202510-dev-seq-B","24","20","202510-dev-seq-B",2025-11-04,14,0.44037627629676,0.713173017689257,0.54332928789271,0.831473384466996,NA,NA,0.281413583389288,1.21510897376202,3.04076112248249,2.60553672026499,2.88506107699928,0.798208033998656,NA,NA,2.89265207184169,1.51659545409084,0.525260627635463,4.22943412537407,-2.26219395172254,-1.78009943405163,-2.0521079270754,-1.62662419752299,NA,NA,-2.709998072318,-1.24723444449231,-0.329960354283353,-0.484429518968223,-0.382522137329016,-1.66745422887526,NA,NA,-0.379894454363574,-1.02560021775629,-2.08592891358354,"cydippid"
"24-20-202510-dev-seq-B","24","20","202510-dev-seq-B",2025-11-06,16,0.477902814231095,1.11530772622088,0.912128824871246,1.05165993659785,NA,NA,0.426929795419575,1.36371906502549,3.26468351008547,3.00335692948982,3.34507166610919,0.804451147230831,0.211952840052923,0.608137205535888,3.25379423197365,1.91692139591716,0.497789943339558,5.9222310488607,-2.51706112893189,-1.66958288978468,-1.87068728780335,-1.72834343638816,NA,NA,-2.62984893706942,-1.46849767011103,-0.595550420355148,-0.678982604684078,-0.57122512606475,-1.99630828304151,-3.33010472589815,-2.27606799973635,-0.598891472874504,-1.12799278473315,-2.47629033572455,"early_transition"
"24-20-202510-dev-seq-B","24","20","202510-dev-seq-B",2025-11-08,18,0.46829961555611,1.17897779800639,0.798039353888015,0.73680757995626,NA,NA,0.668313485838794,1.29964387885682,3.275777191847,3.13992059785889,3.51482022448297,0.892086399367796,0.290375151565179,0.705001111446642,3.17868195508767,1.88560249013677,0.433104610395688,6.09976772294021,-2.56689767597579,-1.6436029020773,-2.03384805934691,-2.11367919867034,NA,NA,-2.2112486175976,-1.5461604046494,-0.621695540826581,-0.664053179953404,-0.551262313532638,-1.92244298306273,-3.04483225817586,-2.1578065918988,-0.651784060908225,-1.17400329900172,-2.64502667795932,"early_transition"
"24-20-202510-dev-seq-B","24","20","202510-dev-seq-B",2025-11-10,20,0.469102105521815,1.14190715320817,0.891974032315403,1.04254378310026,NA,NA,1.30033762223701,1.7596771607329,3.88278230332116,3.51868718772677,4.02104263009316,1.34214094521626,0.685994026853368,1.39212533000804,3.62288649503086,2.45632350880946,0.56233957368302,9.4272537371236,-3.00053965328018,-2.11090502204154,-2.35792308663081,-2.20194115606427,NA,NA,-1.98098088788897,-1.67847446722819,-0.887052842915976,-0.9855168660392,-0.852063598328449,-1.94933876877465,-2.62049118655589,-1.91277323426634,-0.956333745629306,-1.3449391046126,-2.81925421597368,"early_transition"
"24-20-202510-dev-seq-B","24","20","202510-dev-seq-B",2025-11-12,22,0.47001039131066,1.20402301588799,1.22750799344444,1.33879241160756,0.370747380496478,1.48636944332995,0.91684076414228,1.59559051174072,4.21527011170862,3.72326523469689,4.28873147989618,1.63566890918975,0.962470865240346,2.17139058605977,3.96917505560803,3.04289951178707,0.515513088728114,11.9592313617702,-3.23650395439755,-2.29583501615678,-2.27651738641036,-2.18973545676306,-3.47373784245324,-2.08516694768198,-2.56832494955089,-2.01425958453026,-1.04278980620403,-1.16690244449744,-1.02551248216429,-1.98945163959329,-2.51975496220523,-1.70613569366477,-1.10294520049708,-1.36869263142212,-3.14409606453897,"late_transition"
"24-20-202510-dev-seq-B","24","20","202510-dev-seq-B",2025-11-14,24,0.389568318858195,1.10881484301753,1.07892091934349,1.21158068057311,0.591221285112436,1.25272110856527,0.666441162150118,1.32091290157565,4.36076602422671,3.32207287090669,3.91734149698252,1.69313872997165,1.65728529708564,3.12747857184809,3.73337421120814,2.79303492285238,0.468202248223992,10.6292957556718,-3.30632996713609,-2.2603222035931,-2.28765254661858,-2.17168808485672,-2.88917884627824,-2.13829586733556,-2.76941736162155,-2.0852908498554,-0.890966203958229,-1.1630249927124,-0.998200705334295,-1.83702989644382,-1.85843303901587,-1.22338682770876,-1.04630150051309,-1.33648514892542,-3.12246886160834,"late_transition"
"24-20-202510-dev-seq-B","24","20","202510-dev-seq-B",2025-11-16,26,0.203476488373964,1.09823094102652,1.14053746877952,1.02294325760181,0.749885068964571,0.838289559697603,0.0283948583021649,1.49599587218314,4.44052290954444,3.65865340700954,4.32251380485552,1.82615024122141,2.05054976561763,3.92634358926521,3.88635992555618,3.02271596135793,0.467930986181723,12.4326089233664,-4.11252758976825,-2.42662212297297,-2.38882315760413,-2.4976387539818,-2.80815809832307,-2.69671447430016,-6.08186996865221,-2.11753065243545,-1.02955063081863,-1.22322761461663,-1.05648564045766,-1.91811271508738,-1.80221483720107,-1.15261416435399,-1.16284980499177,-1.41416702055872,-3.27975723211031,"late_transition"
"24-20-202510-dev-seq-B","24","20","202510-dev-seq-B",2025-11-18,28,0.206713757573123,1.12941029268375,0.96710209121116,0.964942638902956,2.06309668804397,0.852409551591839,0.484573776864782,1.65147539811073,5.02702604499181,3.25250898923189,3.89253182404643,2.15830535963056,2.18592317736357,4.57462460480442,4.05579984096084,2.52134549041281,0.370146737200263,13.2272198090201,-4.15869706945483,-2.46058118148879,-2.61572802702153,-2.61796343407374,-1.85806871243192,-2.74196498640526,-3.30676239812568,-2.08060774406825,-0.967448247394667,-1.40285011792032,-1.22321701268547,-1.81295345506796,-1.8002385669933,-1.06175217134629,-1.18212889691688,-1.65748412930933,-3.57613257804851,"late_transition"
"24-20-202510-dev-seq-B","24","20","202510-dev-seq-B",2025-11-20,30,0.189976459081118,1.31244958447782,0.859316041489393,0.987579773551485,1.93381314401185,0.767306782029197,0.263098570170954,1.85024841564423,4.94785121518342,3.55103048839326,4.25260035534313,2.37187044034745,1.8988692598993,4.05272166585617,3.89958200040594,2.99009217139271,0.354319060882984,13.6753361221177,-4.27644904139079,-2.34369862440042,-2.7672124340675,-2.62809192944627,-1.95610015128951,-2.88046250833407,-3.95082045281652,-2.00027401851762,-1.01664054292982,-1.34835608753456,-1.1680632831704,-1.75191506810304,-1.97433534467427,-1.21620525564248,-1.2547245593115,-1.52028971383968,-3.65315139716761,"late_transition"
"24-20-202510-dev-seq-B","24","20","202510-dev-seq-B",2025-11-21,31,0.194295972907315,1.36007566609803,0.971091013749484,1.06002570167426,2.16402514991139,0.756622392280323,0.463423252948101,1.66627622845824,5.16199550301431,3.75024806839348,4.39984590695311,2.6502417578738,2.38231639865111,4.89555163107622,4.20890266698922,3.01170829795583,0.311547659034697,15.9320888894887,-4.40670789358141,-2.46079490957185,-2.79767032771549,-2.71004208991639,-1.99636526173687,-3.0472262159005,-3.53744973385278,-2.25774391121183,-1.12701201448407,-1.44651325524293,-1.28676572544498,-1.7936843793856,-1.90026195350809,-1.18000828221253,-1.33113328006074,-1.66582778598942,-3.93453819856038,"late_transition"
"24-20-202510-dev-seq-B","24","20","202510-dev-seq-B",2025-11-22,32,0.215047129532109,1.04192132890732,0.834166441910726,1.00293279452065,2.08686642411368,0.770110355253064,0.257110440492019,1.93664512631225,5.39535171044344,3.69090497447388,4.35915707259615,2.50476961781957,3.06162192321978,5.41637184033316,4.07530901477728,3.34951324583513,0.335907613859823,15.9746581607271,-4.30790166939587,-2.72993716125315,-2.95232592754371,-2.76807509937616,-2.03533997937716,-3.03222505753816,-4.12925315849839,-2.11004644189735,-1.08546581313342,-1.46513192312674,-1.29872489494856,-1.85280684027198,-1.65205878583464,-1.08157741249576,-1.36605702598018,-1.56218856611587,-3.86192271722265,"late_transition"
"24-20-202510-dev-seq-B","24","20","202510-dev-seq-B",2025-11-24,34,0.264563873894378,1.30977734216622,0.845684381935719,0.879513641645768,1.87284993452546,0.800658951805324,0.0204805938390469,1.69704966829053,5.14955547876766,3.71600039995211,4.42365871162788,2.51357818202279,1.75343369511859,4.5184658286923,4.09903597716695,2.92126793422035,0.399030420785183,15.5625885155931,-4.07454242959161,-2.47501270700285,-2.91247892193988,-2.87325606619944,-2.11740856208706,-2.9671900625615,-6.6331473451417,-2.21597860784251,-1.10595946580979,-1.43222193337638,-1.25790274546305,-1.82316255344799,-2.18329388495244,-1.23669734415994,-1.33411804341451,-1.67285211587743,-3.66358748438691,"late_transition"
"3-20-202510-dev-seq-B","3","20","202510-dev-seq-B",2025-10-22,1,0.0555562952328537,0.119895396041716,0.0272273891513673,0.0306976447956516,NA,NA,0.020886469687336,0.050119563366015,0.275987101524691,0.292202464179377,0.372329983104369,0.109984187317996,NA,NA,0.382546121925187,0.0822474487142307,0.0653217310548334,0.00655162979560375,2.13768299273675,2.90690582052664,1.42450957830618,1.54447209244429,NA,NA,1.15938772349465,2.03469757576651,3.74064028856695,3.79773309002339,4.04006666997947,2.82062276135261,NA,NA,4.06713538374199,2.53001852804046,2.2996109264448,"cydippid"
"3-20-202510-dev-seq-B","3","20","202510-dev-seq-B",2025-10-24,3,0.09065755092655,0.185813059110494,0.0302296654959991,0.0341492349548273,NA,NA,0.0194369117917431,0.0899233417528508,0.320312615499296,0.334746345403501,0.41672346289236,0.0288868275862892,NA,NA,0.351424621362818,0.0647466923093373,0.128014460628477,0.00781813080288477,2.45064373310056,3.16829561153602,1.35237824520931,1.47429468505035,NA,NA,0.910728429742089,2.44251205085496,3.7128519441285,3.75692756889967,3.97597734505897,1.30694020012985,NA,NA,3.80554974156199,2.1140371170277,2.79569773297712,"cydippid"
"3-20-202510-dev-seq-B","3","20","202510-dev-seq-B",2025-10-26,5,0.0770106860117478,0.111997228287132,0.033733875199864,0.0248678349680868,NA,NA,0.0205948503514836,0.0789818343228366,0.329970550216228,0.354664480539707,0.450045462526288,0.0402747682799045,NA,NA,0.400285915415469,0.137512311826978,0.136587662341809,0.00990719308267978,2.05068312427657,2.42521305623106,1.22524146397183,0.920314132747299,NA,NA,0.731779994285408,2.07595681342351,3.50574234138774,3.57791115000119,3.8160875381761,1.40246410827756,NA,NA,3.6989180129855,2.63045238633645,2.62370555613005,"cydippid"
"3-20-202510-dev-seq-B","3","20","202510-dev-seq-B",2025-10-28,7,0.157535619743599,0.392230866816981,0.0683819133982078,0.126181308223524,NA,NA,0.0167159999999999,0.0793800761967385,0.619983444992687,0.64372757845264,0.72334087912028,0.111905257356391,NA,NA,0.69451809680094,0.158761596363856,0.205492136903094,0.0519105247071494,1.11013003199344,2.02232905458674,0.275586807854704,0.888198268999192,NA,NA,-1.13315521321914,0.424725849448103,2.48017121825314,2.51775406397845,2.6343590319707,0.768131039040267,NA,NA,2.59369666135888,1.11788212526143,1.37588621215415,"cydippid"
"3-20-202510-dev-seq-B","3","20","202510-dev-seq-B",2025-10-30,9,0.217138537807088,0.513357181015324,0.196508024080443,0.240283896755484,NA,NA,0.181626900617722,0.314035358915202,0.943125224080557,0.942771341238823,1.11175088707824,0.257336450469031,NA,NA,1.1012516280669,0.311939158845118,0.206202990582096,0.192447448731498,0.120712450053587,0.981148739328158,0.020880142634872,0.221998004555458,NA,NA,-0.0578685365039782,0.489682464722952,1.58937594426009,1.5890006502462,1.75386830444641,0.29056125164923,NA,NA,1.74437953277444,0.48298504223655,0.0690379519299279,"cydippid"
"3-20-202510-dev-seq-B","3","20","202510-dev-seq-B",2025-11-01,11,0.226321508911548,0.306232626165142,0.137795837473416,0.193548657058115,NA,NA,0.129045156135362,0.192848737392808,1.00350235035151,1.01824730382285,1.18633961263396,0.294111773531765,NA,NA,1.14212148157103,0.260069484042246,0.227333967732497,0.226614907411428,-0.00129553964019345,0.301092895589522,-0.497478982661909,-0.157723195246489,NA,NA,-0.563089743100562,-0.161345996232614,1.48799937661679,1.50258596490037,1.65537575608953,0.260707743397794,NA,NA,1.61739062694435,0.137696707857097,0.00316802601278963,"cydippid"
"3-20-202510-dev-seq-B","3","20","202510-dev-seq-B",2025-11-03,13,0.229474750778816,0.39018674159433,0.137795200591312,0.176155521207824,NA,NA,0.165332363740437,0.245074177368812,1.06081701996621,0.851786083681372,1.03877646663238,0.248661116608528,NA,NA,1.02234204997838,0.299518159669827,0.234895638148093,0.187761936157432,0.200618141691735,0.731450585761178,-0.309406334190764,-0.0638076152818558,NA,NA,-0.127217089796984,0.266386066127943,1.73161980040232,1.5121605564498,1.71062396179077,0.280916128654478,NA,NA,1.69467653827235,0.467000185642177,0.223966459155388,"cydippid"
"3-20-202510-dev-seq-B","3","20","202510-dev-seq-B",2025-11-05,15,0.215550800000836,0.487736801818358,0.286291732547414,0.339741794727996,NA,NA,0.323788771096219,0.368798643720391,1.37044175832248,1.19483149214868,1.36726448446789,0.314149380394105,NA,NA,1.37647141018802,0.412809791992632,0.253177325345301,0.429862006238421,-0.690267628832541,0.126311678362035,-0.406452906657845,-0.235278339629895,NA,NA,-0.28337287933324,-0.153213427330605,1.15942417671765,1.02229620220988,1.1571030545816,-0.313595634936513,NA,NA,1.16381431297601,-0.040477306660135,-0.529374107547299,"cydippid"
"3-20-202510-dev-seq-B","3","20","202510-dev-seq-B",2025-11-07,17,0.290813805373817,0.49374500656513,0.349528783657369,0.380461448934054,NA,NA,0.370259418540569,0.524512591411303,1.35224212286484,0.94797952446084,1.21154936345367,0.283971655289749,0.0667874689818386,NA,1.34338954509703,0.610317168918752,0.297189266838491,0.366814325101378,-0.232172575568785,0.297163409001913,-0.0482698789202807,0.0365290614304922,NA,NA,0.00934809727488433,0.357613640175648,1.30466353165184,0.9494771094753,1.1947994912815,-0.255981366013927,-1.70334032102333,NA,1.29809541650606,0.509122977211355,-0.210486595956564,"cydippid"
"3-20-202510-dev-seq-B","3","20","202510-dev-seq-B",2025-11-10,20,0.439332949150186,0.792713410268805,0.629801515880202,0.693317393317809,NA,NA,0.203775167103354,1.1435864523616,2.73933256809994,2.43619882152694,2.74507833711048,0.466488132813686,0.142335249816234,0.767952589568523,2.73577566243086,1.51963521236184,0.394113852042783,3.42869405793777,-2.05467717460817,-1.46447296962814,-1.69453001094649,-1.5984468331777,NA,NA,-2.82291746251494,-1.09801011263906,-0.224465145108689,-0.341740483002044,-0.222369834887774,-1.99470214534007,-3.18174953731274,-1.49620672762417,-0.22576444587854,-0.813709133363214,-2.16329489440236,"early_transition"
"3-20-202510-dev-seq-B","3","20","202510-dev-seq-B",2025-11-11,21,0.364472027284674,0.960567422435302,0.803087407089042,0.793552496151326,NA,NA,0.669798329628403,1.11399079801989,3.10086293125269,2.43880668185416,2.7652721601196,0.576979612542766,0.107868015521284,0.620205460428236,2.71551645299085,1.34004468966859,0.48498977087151,3.88080337025684,-2.36534765957385,-1.39627329048595,-1.57533390668023,-1.58727776987569,NA,NA,-1.75682079885384,-1.24809330522666,-0.224361748717334,-0.464533331532291,-0.338903125838988,-1.90599053303868,-3.58288906410375,-1.83374665444466,-0.357060029000283,-1.06333922248667,-2.07966966564598,"early_transition"
"3-20-202510-dev-seq-B","3","20","202510-dev-seq-B",2025-11-13,23,0.377476024650573,1.00196027126429,1.05640235330389,1.23042338597777,NA,NA,1.2890776944176,1.95820451662486,3.95303298280928,3.15265487922961,3.46914747996712,1.09603348390503,0.846261659736662,1.1259516606338,3.20909778561654,2.37224873835481,0.580283874879356,7.33474300026226,-2.96687059669476,-1.99066402108562,-1.93775324442337,-1.7852640471278,NA,NA,-1.73869537642934,-1.32059438307155,-0.618139245504376,-0.844377456857133,-0.748713492758233,-1.900924634458,-2.15954905025288,-1.87399377489479,-0.826632539560125,-1.12878403348864,-2.53686022925632,"early_transition"
"3-20-202510-dev-seq-B","3","20","202510-dev-seq-B",2025-11-15,25,0.42048002348982,1.95858927779971,1.03541831176824,0.991092949185394,0.826080394836362,1.05197510068062,1.78286096265889,2.29439250537588,4.77708311261977,3.94400586468837,4.2955663833815,1.37601353952641,1.2874088815525,2.46201061249723,4.0785612793647,3.65984125218035,0.463587528171327,13.948868296704,-3.50175668655385,-1.96317392142328,-2.60059286826828,-2.64434533501735,-2.82646155917928,-2.58472893381133,-2.05717902289152,-1.80493027435978,-1.07156824653881,-1.26320145556297,-1.17781496214698,-2.31620780005736,-2.38276679985059,-1.73442004102045,-1.22965408067056,-1.33797860654081,-3.40415844930321,"late_transition"
"3-20-202510-dev-seq-B","3","20","202510-dev-seq-B",2025-11-17,27,0.255291632585167,1.32204999869748,0.934714816838804,0.988153465207202,2.03734263591203,0.704342811666308,1.14639869127717,2.06820231829021,5.235421650162,3.96828318540792,4.32473793792147,1.84954646382782,2.17023007524162,4.46773286403854,4.41824201691057,3.83720377021771,0.496942451361321,16.6728449604617,-4.17913007580103,-2.53459778448469,-2.88129515064297,-2.82569860983585,-2.10213501645436,-3.16427143865169,-2.67715588975871,-2.08710156100656,-1.15833396017382,-1.43544779152994,-1.3494297995364,-2.1988408913491,-2.03894815830731,-1.31690025498797,-1.32803946245442,-1.46903742919121,-3.5130623973158,"late_transition"
"3-20-202510-dev-seq-B","3","20","202510-dev-seq-B",2025-11-19,29,0.229738562607587,1.66519941653845,1.09918283796873,1.08447149207575,2.6350486235842,0.758721591123515,0.666898079319472,2.26807416967016,5.53043645594993,4.15589580486076,4.53515170928121,2.4530391813528,2.10761049898463,4.70373351096722,4.34644008430543,3.77270623003965,0.53894180075125,18.169110791578,-4.37053624382684,-2.38977805698412,-2.80515591377507,-2.81863017869643,-1.93082130814127,-3.17584332192921,-3.30484099229828,-2.08079185493025,-1.18945620539109,-1.47519494102999,-1.38786440694618,-2.00239520495836,-2.15416810210864,-1.35136638552601,-1.43036580430962,-1.5719303660946,-3.51787063318324,"late_transition"
"3-20-202510-dev-seq-B","3","20","202510-dev-seq-B",2025-11-23,33,0.265616999999999,0.802420922184859,0.949578572185051,1.00783607717227,2.64140155142871,0.753968710598126,1.28375979106451,1.94645393158379,5.7246394664611,4.16961185066707,4.6236837781357,2.79157387123035,2.78545510019516,5.58723212067594,4.32038506643852,3.76603600975269,0.415407985029176,19.0593230140897,-4.27325623632616,-3.16767834708889,-2.99929337995915,-2.93975084435019,-1.97624671194379,-3.22996078863781,-2.69776326976591,-2.28154715844241,-1.20277680675546,-1.51973342881853,-1.41636463697191,-1.92095083058784,-1.92314510769187,-1.22707236274003,-1.48421184488878,-1.62153338692916,-3.82605052414053,"late_transition"
"30-20-202510-dev-seq-B","30","20","202510-dev-seq-B",2025-11-02,12,0.386129035098372,0.553609482523556,0.477618996235493,0.502318944043523,NA,NA,0.383022676678548,0.816865115559479,2.25435961825637,1.72599749534146,1.96058692904268,0.582807942829368,NA,NA,2.33954722134904,0.821093654079728,0.367269349115878,1.7234149833784,-1.49589145542569,-1.13560352385574,-1.28324972119857,-1.2328277922037,NA,NA,-1.50396886138251,-0.746589072852877,0.268558171722681,0.0014973636591831,0.128936104142077,-1.08420535388075,NA,NA,0.30564963763075,-0.741425880723114,-1.54596755668571,"cydippid"
"30-20-202510-dev-seq-B","30","20","202510-dev-seq-B",2025-11-04,14,0.374134,0.739779492605736,0.636274459862252,0.652334743643937,NA,NA,NA,NA,NA,1.77704818616505,2.07304937030513,0.747916465336872,NA,0.220723235287995,2.55029532485259,1.1028254406283,0.459831019297306,NA,NA,NA,NA,NA,NA,NA,NA,NA,NA,NA,NA,NA,NA,NA,NA,NA,NA,"early_transition"
"30-20-202510-dev-seq-B","30","20","202510-dev-seq-B",2025-11-06,16,0.477305339272462,1.04983673039192,0.649310298419023,0.666495796545635,NA,NA,0.655602178899674,1.13188987663156,3.02506304660333,2.29701418659817,2.55353320811856,0.929973091183288,0.0585303975405085,0.365552,3.10717578987688,1.26015312428689,0.527534556954329,4.0002811386663,-2.12596351194163,-1.3377299861026,-1.81820920210765,-1.79208608945811,NA,NA,-1.80856575191466,-1.26247595039544,-0.279432710198659,-0.554754543486728,-0.448886671353946,-1.45896427078157,-4.22457368693756,-2.39271138236663,-0.25265043585257,-1.15513140252525,-2.02590554828038,"early_transition"
"30-20-202510-dev-seq-B","30","20","202510-dev-seq-B",2025-11-08,18,0.538689949052328,1.23694402901667,0.763619041942381,0.749706062763935,NA,NA,0.782062649605516,1.37263230377731,3.06285745817545,2.72246146661275,3.03677297825854,1.13893782729217,0.358472187367793,0.705169705549664,3.43097205630081,1.74684766270359,0.666036851882086,5.31869446292382,-2.28984297878423,-1.45858402650412,-1.94091412190864,-1.95930193711738,NA,NA,-1.91704829859235,-1.35449758558108,-0.55187958143522,-0.669691449484358,-0.560432440234856,-1.54113177390126,-2.6971320740476,-2.02054465957744,-0.438384252165025,-1.11341504355004,-2.07763814834786,"early_transition"
"30-20-202510-dev-seq-B","30","20","202510-dev-seq-B",2025-11-10,20,0.528595115419164,1.14641948206928,1.04706301644934,0.944528417894348,0.187793713142905,0.920376818941567,1.02050532006943,1.74675531001454,4.2148325446333,3.2130859383584,3.64324643845191,1.26144262544319,0.938756729322618,1.6585249461208,3.72586929450108,2.32338633133988,0.644718170307771,9.53553882910782,-2.89255826556604,-2.11838215659577,-2.20903663040412,-2.31209525283989,-3.92743693722269,-2.33799785510238,-2.23472783165899,-1.69726578972659,-0.816415885885518,-1.08779392125899,-0.962150585255268,-2.02276974126558,-2.31822465565522,-1.74909712744495,-0.939725555855189,-1.41200000107423,-2.69396775104605,"late_transition"
"30-20-202510-dev-seq-B","30","20","202510-dev-seq-B",2025-11-12,22,0.543172102973818,1.21930205086025,0.845958692078993,0.831483154514269,0.331137132374187,0.796355700755007,1.05228360646025,2.00806976604026,4.09222261599598,2.99909767422557,3.52259837437853,1.49394246554344,1.17067008192755,1.98689088253709,3.95639083058903,2.29766621368118,0.62147942839164,9.50539826096063,-2.8621889360956,-2.05358126963554,-2.41914462311408,-2.43640411492366,-3.35708256741576,-2.47956920792135,-2.20089720934307,-1.5546859299464,-0.842771625870604,-1.15354840704826,-0.992660983383737,-1.85044129959295,-2.09428357075169,-1.56528882883792,-0.876527671950154,-1.41996595713111,-2.72751234372846,"late_transition"
"30-20-202510-dev-seq-B","30","20","202510-dev-seq-B",2025-11-14,24,0.374990411980093,1.11345797130561,0.970333852140077,0,0.675900170558494,1.04094208202474,1.22825389574998,1.98038794217825,4.26599959091044,3.10050374186196,3.72409335269942,1.5466627921024,1.136923550688,2.06206548353562,3.98156162597642,2.85570963247631,0.508401189054471,10.5424987973179,-3.33626941395085,-2.24794413023014,-2.38552968179536,-Inf,-2.74712448309224,-2.31528844133797,-2.14982102870846,-1.67212183665152,-0.904738068405363,-1.22384999689451,-1.04059116560155,-1.91931502009846,-2.22708861779275,-1.63170645017688,-0.973740481883363,-1.30609422255151,-3.03189899341192,"late_transition"
"30-20-202510-dev-seq-B","30","20","202510-dev-seq-B",2025-11-16,26,0.307980708515973,1.0109436971721,0.790286362390874,0.853945,0.819599302528376,0.841339272353312,1.0845986368814,1.85428683385338,4.0108459410749,3.26498651036249,3.82234953997944,1.63015854548262,1.04328389820317,2.13562768694593,4.06233193730214,2.74662843948358,0.553531926227385,10.3798370754036,-3.51758331426194,-2.32898093335108,-2.5752250967668,-2.49775367168116,-2.53880489521137,-2.51262546656037,-2.25865518297315,-1.72236501560988,-0.950863004659309,-1.15660955047231,-0.998999885236631,-1.85118790434757,-2.29749184875585,-1.58110457956235,-0.938108004082692,-1.32949104411067,-2.93130102947264,"late_transition"
"30-20-202510-dev-seq-B","30","20","202510-dev-seq-B",2025-11-18,28,0.352110677469457,0.760719246053365,0.804229106367085,0.846419629069411,0.900143959314286,0.769014698003232,0.169311944557968,1.88490388425856,3.86458334595102,3.09316001293184,3.67844954783269,1.63119054522517,0.922259103540052,1.91895530639877,3.63990538924324,2.51619008215298,0.497181815085789,8.62395192333558,-3.1983531675747,-2.42803435624629,-2.37241453162676,-2.32128346630117,-2.25974401305431,-2.41718863591974,-3.93055587911403,-1.52066660958204,-0.802689564994182,-1.0253502131407,-0.852052094521208,-1.66523329534563,-2.23547251094163,-1.50276251269193,-0.862585750054025,-1.23179755406887,-2.85334293405963,"late_transition"
"30-20-202510-dev-seq-B","30","20","202510-dev-seq-B",2025-11-20,30,0.306917652867997,0.925268757075478,0.788841322428028,0.764015130020343,0.876078189324446,0.860149414411241,0.00973898172295277,1.85880151977047,4.00088220182812,2.91209371158218,3.53425971635568,1.6517046175833,1.08103239012182,2.09951434978687,3.61199363816453,2.36721554653986,0.454988667464367,8.51235939818306,-3.32269495331468,-2.2191901897198,-2.37870924485941,-2.41068684055901,-2.27381908904809,-2.29216832137659,-6.77313786692992,-1.52158721840211,-0.755004266979604,-1.07264684324701,-0.879015292278874,-1.63971129804289,-2.06360265292074,-1.3998130982609,-0.857259279991162,-1.27980476467604,-2.92900192125193,"late_transition"
"30-20-202510-dev-seq-B","30","20","202510-dev-seq-B",2025-11-21,31,0.352480397175503,0.975014143661518,0.764957625438821,0.871388964723562,0.781907236318989,0.921286795615784,0.0289642497745065,1.66340523713285,4.08694328503895,3.11299192053742,3.72184747805902,1.64654244967599,1.21816890753345,2.44552355574527,3.78770286548457,2.63799310234674,0.480573967542979,9.60244514335838,-3.30477803760159,-2.2873210702458,-2.52995260674881,-2.39968459770197,-2.50803693758197,-2.34400166378508,-5.80371074434935,-1.75315091957763,-0.854220440907252,-1.12643347241403,-0.947797589585703,-1.76334016420891,-2.0646689326669,-1.36775853524306,-0.930258037230584,-1.29199932891239,-2.99479189219987,"late_transition"
"30-20-202510-dev-seq-B","30","20","202510-dev-seq-B",2025-11-22,32,0.320866276359795,1.00788663580186,0.762939946206122,0.778827828501267,0.810578466454667,0.875854657429531,0.0137390000000005,1.7663997652321,4.02713963863087,2.95890415270198,3.39726490214378,1.67131266285217,0.888213851756997,2.0227550615816,3.66716647757707,2.31555848099438,0.4523903629787,8.36190976573071,-3.26041766908134,-2.11583114304255,-2.39426280014261,-2.37365211546847,-2.33369397197176,-2.25624195987254,-6.41120361692514,-1.55474339769177,-0.730630485019277,-1.0388678607785,-0.900716174544602,-1.61007749855259,-2.2422295828176,-1.41922636785533,-0.824267554977757,-1.28403593895141,-2.91689667884417,"late_transition"
"30-20-202510-dev-seq-B","30","20","202510-dev-seq-B",2025-11-24,34,0.390614013912711,0.96464358851754,0.68162061568368,0.761291850324171,0.571030730810524,0.674052374656451,0.0204801466059202,1.61277332701313,3.85079833191521,2.8780201458444,3.42495348157814,1.54572240115746,0.809817518731997,2.00605265147777,3.42911778057068,2.25375866440509,0.508521441705265,7.53766104286677,-2.95994731064996,-2.05590851156867,-2.40319398528917,-2.29265041305337,-2.58022417887098,-2.41435939126299,-5.90821124772378,-1.54195666693169,-0.671631441636711,-0.962809318992914,-0.788824037778555,-1.58442055274357,-2.23085826959183,-1.32374299118634,-0.787608906115734,-1.20731258741222,-2.69615982518334,"late_transition"
